experiment_id,run_id,param_tag,iter,evals_cost,normalized_evals,time_sec,temp,best_cost,current_cost
exp_kp_001,SA_KP[base]_n100_inst0_run0,base,0,1,1.0,1.4542005374096334e-05,100.0,-2768.0,-2768.0
exp_kp_001,SA_KP[base]_n100_inst0_run0,base,200,201,201.0,0.0033285420067841187,100.0,-3933.0,-3658.0
exp_kp_001,SA_KP[base]_n100_inst0_run0,base,400,401,401.0,0.005900707998080179,100.0,-3958.0,-3280.0
exp_kp_001,SA_KP[base]_n100_inst0_run0,base,600,601,601.0,0.008495582995237783,100.0,-3958.0,-3108.0
exp_kp_001,SA_KP[base]_n100_inst0_run0,base,800,801,801.0,0.011621375000686385,100.0,-3958.0,-3444.0
exp_kp_001,SA_KP[base]_n100_inst0_run0,base,1000,1001,1001.0,0.014180250000208616,100.0,-3958.0,-3456.0
exp_kp_001,SA_KP[base]_n100_inst0_run0,base,1200,1201,1201.0,0.01655862500774674,100.0,-3958.0,-3389.0
exp_kp_001,SA_KP[base]_n100_inst0_run0,base,1400,1401,1401.0,0.01899625000078231,100.0,-3958.0,-3263.0
exp_kp_001,SA_KP[base]_n100_inst0_run0,base,1600,1601,1601.0,0.021448250001412816,100.0,-3958.0,-3254.0
exp_kp_001,SA_KP[base]_n100_inst0_run0,base,1800,1801,1801.0,0.02388129199971445,100.0,-3958.0,-3154.0
exp_kp_001,SA_KP[base]_n100_inst0_run0,base,2000,2001,2001.0,0.026313666996429674,100.0,-3958.0,-3409.0
exp_kp_001,SA_KP[base]_n100_inst0_run0,base,2200,2201,2201.0,0.02890595799544826,99.0,-3958.0,-3569.0
exp_kp_001,SA_KP[base]_n100_inst0_run0,base,2400,2401,2401.0,0.031236541995895095,99.0,-3958.0,-3273.0
exp_kp_001,SA_KP[base]_n100_inst0_run0,base,2600,2601,2601.0,0.033713416996761225,99.0,-3958.0,-3556.0
exp_kp_001,SA_KP[base]_n100_inst0_run0,base,2800,2801,2801.0,0.036137417002464645,99.0,-3958.0,-3632.0
exp_kp_001,SA_KP[base]_n100_inst0_run0,base,3000,3001,3001.0,0.03845812499639578,99.0,-3958.0,-3379.0
exp_kp_001,SA_KP[base]_n100_inst0_run0,base,3200,3201,3201.0,0.04088450000563171,99.0,-3958.0,-3610.0
exp_kp_001,SA_KP[base]_n100_inst0_run0,base,3400,3401,3401.0,0.043304082995746285,99.0,-3958.0,-3231.0
exp_kp_001,SA_KP[base]_n100_inst0_run0,base,3600,3601,3601.0,0.04565312500926666,99.0,-3958.0,-3319.0
exp_kp_001,SA_KP[base]_n100_inst0_run0,base,3800,3801,3801.0,0.04818216699641198,99.0,-3958.0,-3781.0
exp_kp_001,SA_KP[base]_n100_inst0_run0,base,4000,4001,4001.0,0.050521416997071356,99.0,-3958.0,-3207.0
exp_kp_001,SA_KP[base]_n100_inst0_run0,base,4200,4201,4201.0,0.052854000008665025,98.01,-3958.0,-3273.0
exp_kp_001,SA_KP[base]_n100_inst0_run0,base,4400,4401,4401.0,0.055185292003443465,98.01,-3958.0,-3226.0
exp_kp_001,SA_KP[base]_n100_inst0_run0,base,4600,4601,4601.0,0.057679833000293,98.01,-3958.0,-3519.0
exp_kp_001,SA_KP[base]_n100_inst0_run0,base,4800,4801,4801.0,0.059929458002443425,98.01,-3958.0,-3342.0
exp_kp_001,SA_KP[base]_n100_inst0_run0,base,5000,5001,5001.0,0.062277375007397495,98.01,-3958.0,-3517.0
exp_kp_001,SA_KP[base]_n100_inst0_run0,base,5200,5201,5201.0,0.06464912500814535,98.01,-3958.0,-3488.0
exp_kp_001,SA_KP[base]_n100_inst0_run0,base,5400,5401,5401.0,0.06711762500344776,98.01,-3958.0,-3349.0
exp_kp_001,SA_KP[base]_n100_inst0_run0,base,5600,5601,5601.0,0.0695589170063613,98.01,-3958.0,-3613.0
exp_kp_001,SA_KP[base]_n100_inst0_run0,base,5800,5801,5801.0,0.07207437499891967,98.01,-3958.0,-3611.0
exp_kp_001,SA_KP[base]_n100_inst0_run0,base,6000,6001,6001.0,0.07450141699519008,98.01,-4077.0,-3617.0
exp_kp_001,SA_KP[base]_n100_inst0_run0,base,6200,6201,6201.0,0.07674633299757261,97.0299,-4077.0,-3286.0
exp_kp_001,SA_KP[base]_n100_inst0_run0,base,6400,6401,6401.0,0.0792987080058083,97.0299,-4077.0,-3475.0
exp_kp_001,SA_KP[base]_n100_inst0_run0,base,6600,6601,6601.0,0.08178604200656991,97.0299,-4077.0,-3311.0
exp_kp_001,SA_KP[base]_n100_inst0_run0,base,6800,6801,6801.0,0.08425816700037103,97.0299,-4077.0,-3495.0
exp_kp_001,SA_KP[base]_n100_inst0_run0,base,7000,7001,7001.0,0.0867939580057282,97.0299,-4077.0,-3809.0
exp_kp_001,SA_KP[base]_n100_inst0_run0,base,7200,7201,7201.0,0.08907012500276323,97.0299,-4077.0,-3419.0
exp_kp_001,SA_KP[base]_n100_inst0_run0,base,7400,7401,7401.0,0.09147758300241549,97.0299,-4077.0,-3755.0
exp_kp_001,SA_KP[base]_n100_inst0_run0,base,7600,7601,7601.0,0.09417079199920408,97.0299,-4077.0,-3463.0
exp_kp_001,SA_KP[base]_n100_inst0_run0,base,7800,7801,7801.0,0.09671233300468884,97.0299,-4077.0,-3348.0
exp_kp_001,SA_KP[base]_n100_inst0_run0,base,8000,8001,8001.0,0.09920016700925771,97.0299,-4077.0,-3888.0
exp_kp_001,SA_KP[base]_n100_inst0_run0,base,8200,8201,8201.0,0.10166291700443253,96.059601,-4077.0,-3528.0
exp_kp_001,SA_KP[base]_n100_inst0_run0,base,8400,8401,8401.0,0.10421437500917818,96.059601,-4077.0,-3432.0
exp_kp_001,SA_KP[base]_n100_inst0_run0,base,8600,8601,8601.0,0.10654320800676942,96.059601,-4077.0,-3180.0
exp_kp_001,SA_KP[base]_n100_inst0_run0,base,8800,8801,8801.0,0.10883579200890381,96.059601,-4077.0,-3270.0
exp_kp_001,SA_KP[base]_n100_inst0_run0,base,9000,9001,9001.0,0.11114654199627694,96.059601,-4077.0,-3111.0
exp_kp_001,SA_KP[base]_n100_inst0_run0,base,9200,9201,9201.0,0.11341037500824314,96.059601,-4077.0,-3563.0
exp_kp_001,SA_KP[base]_n100_inst0_run0,base,9400,9401,9401.0,0.11583183299808297,96.059601,-4077.0,-3794.0
exp_kp_001,SA_KP[base]_n100_inst0_run0,base,9600,9601,9601.0,0.11824900000647176,96.059601,-4077.0,-3529.0
exp_kp_001,SA_KP[base]_n100_inst0_run0,base,9800,9801,9801.0,0.12068395799724385,96.059601,-4077.0,-3638.0
exp_kp_001,SA_KP[base]_n100_inst0_run0,base,10000,10001,10001.0,0.12313079199520871,96.059601,-4077.0,-3721.0
exp_kp_001,SA_KP[base]_n100_inst0_run0,base,10200,10201,10201.0,0.1254886670067208,95.09900499,-4077.0,-3360.0
exp_kp_001,SA_KP[base]_n100_inst0_run0,base,10400,10401,10401.0,0.12802316699526273,95.09900499,-4077.0,-3809.0
exp_kp_001,SA_KP[base]_n100_inst0_run0,base,10600,10601,10601.0,0.13034429200342856,95.09900499,-4077.0,-3372.0
exp_kp_001,SA_KP[base]_n100_inst0_run0,base,10800,10801,10801.0,0.1327644999983022,95.09900499,-4077.0,-3689.0
exp_kp_001,SA_KP[base]_n100_inst0_run0,base,11000,11001,11001.0,0.13517904200125486,95.09900499,-4077.0,-3572.0
exp_kp_001,SA_KP[base]_n100_inst0_run0,base,11200,11201,11201.0,0.13750462500320282,95.09900499,-4077.0,-3715.0
exp_kp_001,SA_KP[base]_n100_inst0_run0,base,11400,11401,11401.0,0.13989866699557751,95.09900499,-4077.0,-3995.0
exp_kp_001,SA_KP[base]_n100_inst0_run0,base,11600,11601,11601.0,0.14241529200808145,95.09900499,-4077.0,-3564.0
exp_kp_001,SA_KP[base]_n100_inst0_run0,base,11800,11801,11801.0,0.14498862500477117,95.09900499,-4077.0,-3686.0
exp_kp_001,SA_KP[base]_n100_inst0_run0,base,12000,12001,12001.0,0.1474305000010645,95.09900499,-4077.0,-3584.0
exp_kp_001,SA_KP[base]_n100_inst0_run0,base,12200,12201,12201.0,0.15007454200531356,94.1480149401,-4083.0,-3918.0
exp_kp_001,SA_KP[base]_n100_inst0_run0,base,12400,12401,12401.0,0.1526271250040736,94.1480149401,-4100.0,-3834.0
exp_kp_001,SA_KP[base]_n100_inst0_run0,base,12600,12601,12601.0,0.15505666700482834,94.1480149401,-4100.0,-3624.0
exp_kp_001,SA_KP[base]_n100_inst0_run0,base,12800,12801,12801.0,0.15759375000197906,94.1480149401,-4100.0,-3742.0
exp_kp_001,SA_KP[base]_n100_inst0_run0,base,13000,13001,13001.0,0.15996029200323392,94.1480149401,-4100.0,-3780.0
exp_kp_001,SA_KP[base]_n100_inst0_run0,base,13200,13201,13201.0,0.16236612500506453,94.1480149401,-4100.0,-3399.0
exp_kp_001,SA_KP[base]_n100_inst0_run0,base,13400,13401,13401.0,0.16483666699787136,94.1480149401,-4105.0,-4068.0
exp_kp_001,SA_KP[base]_n100_inst0_run0,base,13600,13601,13601.0,0.16713187500135973,94.1480149401,-4105.0,-3191.0
exp_kp_001,SA_KP[base]_n100_inst0_run0,base,13800,13801,13801.0,0.16947500000242144,94.1480149401,-4105.0,-3085.0
exp_kp_001,SA_KP[base]_n100_inst0_run0,base,14000,14001,14001.0,0.17190958300489,94.1480149401,-4105.0,-3680.0
exp_kp_001,SA_KP[base]_n100_inst0_run0,base,14200,14201,14201.0,0.17434662500454579,93.206534790699,-4105.0,-3215.0
exp_kp_001,SA_KP[base]_n100_inst0_run0,base,14400,14401,14401.0,0.17671954199613538,93.206534790699,-4105.0,-3315.0
exp_kp_001,SA_KP[base]_n100_inst0_run0,base,14600,14601,14601.0,0.1790089169953717,93.206534790699,-4105.0,-3417.0
exp_kp_001,SA_KP[base]_n100_inst0_run0,base,14800,14801,14801.0,0.18147962499642745,93.206534790699,-4105.0,-3379.0
exp_kp_001,SA_KP[base]_n100_inst0_run0,base,15000,15001,15001.0,0.18399095800123177,93.206534790699,-4105.0,-3649.0
exp_kp_001,SA_KP[base]_n100_inst0_run0,base,15200,15201,15201.0,0.18656395800644532,93.206534790699,-4105.0,-3446.0
exp_kp_001,SA_KP[base]_n100_inst0_run0,base,15400,15401,15401.0,0.18902358300692867,93.206534790699,-4105.0,-3740.0
exp_kp_001,SA_KP[base]_n100_inst0_run0,base,15600,15601,15601.0,0.19144275000144262,93.206534790699,-4105.0,-3241.0
exp_kp_001,SA_KP[base]_n100_inst0_run0,base,15800,15801,15801.0,0.1937673329957761,93.206534790699,-4105.0,-3265.0
exp_kp_001,SA_KP[base]_n100_inst0_run0,base,16000,16001,16001.0,0.19637016700289678,93.206534790699,-4105.0,-3821.0
exp_kp_001,SA_KP[base]_n100_inst0_run0,base,16200,16201,16201.0,0.19890266700531356,92.27446944279201,-4105.0,-3880.0
exp_kp_001,SA_KP[base]_n100_inst0_run0,base,16400,16401,16401.0,0.20134724999661557,92.27446944279201,-4154.0,-3666.0
exp_kp_001,SA_KP[base]_n100_inst0_run0,base,16600,16601,16601.0,0.20393950000288896,92.27446944279201,-4154.0,-3596.0
exp_kp_001,SA_KP[base]_n100_inst0_run0,base,16800,16801,16801.0,0.20625425000616815,92.27446944279201,-4154.0,-3729.0
exp_kp_001,SA_KP[base]_n100_inst0_run0,base,17000,17001,17001.0,0.2084774999966612,92.27446944279201,-4154.0,-3590.0
exp_kp_001,SA_KP[base]_n100_inst0_run0,base,17200,17201,17201.0,0.2109355830034474,92.27446944279201,-4154.0,-3827.0
exp_kp_001,SA_KP[base]_n100_inst0_run0,base,17400,17401,17401.0,0.2134041670069564,92.27446944279201,-4154.0,-3910.0
exp_kp_001,SA_KP[base]_n100_inst0_run0,base,17600,17601,17601.0,0.21587104200443719,92.27446944279201,-4154.0,-3689.0
exp_kp_001,SA_KP[base]_n100_inst0_run0,base,17800,17801,17801.0,0.21836549999716226,92.27446944279201,-4154.0,-3653.0
exp_kp_001,SA_KP[base]_n100_inst0_run0,base,18000,18001,18001.0,0.22081287500623148,92.27446944279201,-4154.0,-3501.0
exp_kp_001,SA_KP[base]_n100_inst0_run0,base,18200,18201,18201.0,0.22321858300711028,91.35172474836409,-4154.0,-3794.0
exp_kp_001,SA_KP[base]_n100_inst0_run0,base,18400,18401,18401.0,0.2257836250064429,91.35172474836409,-4154.0,-3537.0
exp_kp_001,SA_KP[base]_n100_inst0_run0,base,18600,18601,18601.0,0.2280682499986142,91.35172474836409,-4154.0,-3126.0
exp_kp_001,SA_KP[base]_n100_inst0_run0,base,18800,18801,18801.0,0.2302572080079699,91.35172474836409,-4154.0,-3263.0
exp_kp_001,SA_KP[base]_n100_inst0_run0,base,19000,19001,19001.0,0.23268545800237916,91.35172474836409,-4154.0,-3670.0
exp_kp_001,SA_KP[base]_n100_inst0_run0,base,19200,19201,19201.0,0.23498200000904035,91.35172474836409,-4154.0,-3348.0
exp_kp_001,SA_KP[base]_n100_inst0_run0,base,19400,19401,19401.0,0.23747545800870284,91.35172474836409,-4154.0,-3602.0
exp_kp_001,SA_KP[base]_n100_inst0_run0,base,19600,19601,19601.0,0.24010062500019558,91.35172474836409,-4154.0,-3608.0
exp_kp_001,SA_KP[base]_n100_inst0_run0,base,19800,19801,19801.0,0.24249179199978244,91.35172474836409,-4154.0,-3291.0
exp_kp_001,SA_KP[base]_n100_inst0_run0,base,20000,20001,20001.0,0.24486070800048765,91.35172474836409,-4154.0,-3642.0
exp_kp_001,SA_KP[base]_n100_inst0_run0,base,20200,20201,20201.0,0.24722354199911933,90.43820750088045,-4154.0,-3047.0
exp_kp_001,SA_KP[base]_n100_inst0_run0,base,20400,20401,20401.0,0.2496820420055883,90.43820750088045,-4154.0,-3713.0
exp_kp_001,SA_KP[base]_n100_inst0_run0,base,20600,20601,20601.0,0.2522370829974534,90.43820750088045,-4154.0,-3569.0
exp_kp_001,SA_KP[base]_n100_inst0_run0,base,20800,20801,20801.0,0.25454137500491925,90.43820750088045,-4154.0,-3243.0
exp_kp_001,SA_KP[base]_n100_inst0_run0,base,21000,21001,21001.0,0.2570250830031,90.43820750088045,-4154.0,-3425.0
exp_kp_001,SA_KP[base]_n100_inst0_run0,base,21200,21201,21201.0,0.25954012500005774,90.43820750088045,-4154.0,-3703.0
exp_kp_001,SA_KP[base]_n100_inst0_run0,base,21400,21401,21401.0,0.26198091699916404,90.43820750088045,-4154.0,-3695.0
exp_kp_001,SA_KP[base]_n100_inst0_run0,base,21600,21601,21601.0,0.2643652920087334,90.43820750088045,-4154.0,-3746.0
exp_kp_001,SA_KP[base]_n100_inst0_run0,base,21800,21801,21801.0,0.26682854200771544,90.43820750088045,-4154.0,-3163.0
exp_kp_001,SA_KP[base]_n100_inst0_run0,base,22000,22001,22001.0,0.2693681250093505,90.43820750088045,-4154.0,-3797.0
exp_kp_001,SA_KP[base]_n100_inst0_run0,base,22200,22201,22201.0,0.272408250006265,89.53382542587164,-4154.0,-3773.0
exp_kp_001,SA_KP[base]_n100_inst0_run0,base,22400,22401,22401.0,0.2749359580047894,89.53382542587164,-4154.0,-3456.0
exp_kp_001,SA_KP[base]_n100_inst0_run0,base,22600,22601,22601.0,0.2774072500033071,89.53382542587164,-4154.0,-3524.0
exp_kp_001,SA_KP[base]_n100_inst0_run0,base,22800,22801,22801.0,0.2798612500046147,89.53382542587164,-4154.0,-3245.0
exp_kp_001,SA_KP[base]_n100_inst0_run0,base,23000,23001,23001.0,0.28239475000009406,89.53382542587164,-4154.0,-3703.0
exp_kp_001,SA_KP[base]_n100_inst0_run0,base,23200,23201,23201.0,0.2848164169990923,89.53382542587164,-4154.0,-3732.0
exp_kp_001,SA_KP[base]_n100_inst0_run0,base,23400,23401,23401.0,0.28736804200161714,89.53382542587164,-4154.0,-3426.0
exp_kp_001,SA_KP[base]_n100_inst0_run0,base,23600,23601,23601.0,0.2897697500011418,89.53382542587164,-4154.0,-3704.0
exp_kp_001,SA_KP[base]_n100_inst0_run0,base,23800,23801,23801.0,0.29233325000677723,89.53382542587164,-4154.0,-3562.0
exp_kp_001,SA_KP[base]_n100_inst0_run0,base,24000,24001,24001.0,0.29472495800291654,89.53382542587164,-4154.0,-3575.0
exp_kp_001,SA_KP[base]_n100_inst0_run0,base,24200,24201,24201.0,0.2971932500076946,88.63848717161292,-4154.0,-3644.0
exp_kp_001,SA_KP[base]_n100_inst0_run0,base,24400,24401,24401.0,0.29967833300179336,88.63848717161292,-4154.0,-3023.0
exp_kp_001,SA_KP[base]_n100_inst0_run0,base,24600,24601,24601.0,0.30199249999714084,88.63848717161292,-4154.0,-3457.0
exp_kp_001,SA_KP[base]_n100_inst0_run0,base,24800,24801,24801.0,0.3045275420008693,88.63848717161292,-4154.0,-3662.0
exp_kp_001,SA_KP[base]_n100_inst0_run0,base,25000,25001,25001.0,0.30695329200534616,88.63848717161292,-4154.0,-3654.0
exp_kp_001,SA_KP[base]_n100_inst0_run0,base,25200,25201,25201.0,0.309414375005872,88.63848717161292,-4154.0,-3797.0
exp_kp_001,SA_KP[base]_n100_inst0_run0,base,25400,25401,25401.0,0.3118760000070324,88.63848717161292,-4154.0,-3744.0
exp_kp_001,SA_KP[base]_n100_inst0_run0,base,25600,25601,25601.0,0.3143431250064168,88.63848717161292,-4154.0,-3714.0
exp_kp_001,SA_KP[base]_n100_inst0_run0,base,25800,25801,25801.0,0.3168295420036884,88.63848717161292,-4154.0,-3496.0
exp_kp_001,SA_KP[base]_n100_inst0_run0,base,26000,26001,26001.0,0.3192737500066869,88.63848717161292,-4154.0,-3708.0
exp_kp_001,SA_KP[base]_n100_inst0_run0,base,26200,26201,26201.0,0.3216593329998432,87.75210229989679,-4154.0,-3254.0
exp_kp_001,SA_KP[base]_n100_inst0_run0,base,26400,26401,26401.0,0.3240082920092391,87.75210229989679,-4154.0,-3613.0
exp_kp_001,SA_KP[base]_n100_inst0_run0,base,26600,26601,26601.0,0.3266992080025375,87.75210229989679,-4154.0,-3515.0
exp_kp_001,SA_KP[base]_n100_inst0_run0,base,26800,26801,26801.0,0.32912479199876543,87.75210229989679,-4154.0,-3738.0
exp_kp_001,SA_KP[base]_n100_inst0_run0,base,27000,27001,27001.0,0.3313971669995226,87.75210229989679,-4154.0,-3413.0
exp_kp_001,SA_KP[base]_n100_inst0_run0,base,27200,27201,27201.0,0.33389054199506063,87.75210229989679,-4154.0,-3682.0
exp_kp_001,SA_KP[base]_n100_inst0_run0,base,27400,27401,27401.0,0.3363262500060955,87.75210229989679,-4154.0,-4036.0
exp_kp_001,SA_KP[base]_n100_inst0_run0,base,27600,27601,27601.0,0.3386458750028396,87.75210229989679,-4154.0,-3609.0
exp_kp_001,SA_KP[base]_n100_inst0_run0,base,27800,27801,27801.0,0.34098641699529253,87.75210229989679,-4154.0,-3581.0
exp_kp_001,SA_KP[base]_n100_inst0_run0,base,28000,28001,28001.0,0.3434441249992233,87.75210229989679,-4154.0,-3541.0
exp_kp_001,SA_KP[base]_n100_inst0_run0,base,28200,28201,28201.0,0.34590445800859015,86.87458127689783,-4154.0,-4039.0
exp_kp_001,SA_KP[base]_n100_inst0_run0,base,28400,28401,28401.0,0.3484959580091527,86.87458127689783,-4154.0,-3351.0
exp_kp_001,SA_KP[base]_n100_inst0_run0,base,28600,28601,28601.0,0.3509872080030618,86.87458127689783,-4154.0,-3454.0
exp_kp_001,SA_KP[base]_n100_inst0_run0,base,28800,28801,28801.0,0.35345458300434984,86.87458127689783,-4154.0,-3450.0
exp_kp_001,SA_KP[base]_n100_inst0_run0,base,29000,29001,29001.0,0.356070958005148,86.87458127689783,-4154.0,-3301.0
exp_kp_001,SA_KP[base]_n100_inst0_run0,base,29200,29201,29201.0,0.35857450000185054,86.87458127689783,-4154.0,-3989.0
exp_kp_001,SA_KP[base]_n100_inst0_run0,base,29400,29401,29401.0,0.3610860830085585,86.87458127689783,-4154.0,-3524.0
exp_kp_001,SA_KP[base]_n100_inst0_run0,base,29600,29601,29601.0,0.3634028750093421,86.87458127689783,-4154.0,-3168.0
exp_kp_001,SA_KP[base]_n100_inst0_run0,base,29800,29801,29801.0,0.36572116700699553,86.87458127689783,-4154.0,-3580.0
exp_kp_001,SA_KP[base]_n100_inst0_run0,base,30000,30001,30001.0,0.3682094999967376,86.87458127689783,-4154.0,-3468.0
exp_kp_001,SA_KP[base]_n100_inst0_run0,base,30200,30201,30201.0,0.3707219170028111,86.00583546412885,-4154.0,-3650.0
exp_kp_001,SA_KP[base]_n100_inst0_run0,base,30400,30401,30401.0,0.37316133300191723,86.00583546412885,-4154.0,-3314.0
exp_kp_001,SA_KP[base]_n100_inst0_run0,base,30600,30601,30601.0,0.3756303330010269,86.00583546412885,-4154.0,-3557.0
exp_kp_001,SA_KP[base]_n100_inst0_run0,base,30800,30801,30801.0,0.37818912499642465,86.00583546412885,-4154.0,-3638.0
exp_kp_001,SA_KP[base]_n100_inst0_run0,base,31000,31001,31001.0,0.38076366699533537,86.00583546412885,-4154.0,-3542.0
exp_kp_001,SA_KP[base]_n100_inst0_run0,base,31200,31201,31201.0,0.38322129199514166,86.00583546412885,-4163.0,-3430.0
exp_kp_001,SA_KP[base]_n100_inst0_run0,base,31400,31401,31401.0,0.3857874170062132,86.00583546412885,-4163.0,-4029.0
exp_kp_001,SA_KP[base]_n100_inst0_run0,base,31600,31601,31601.0,0.3883540420065401,86.00583546412885,-4163.0,-3618.0
exp_kp_001,SA_KP[base]_n100_inst0_run0,base,31800,31801,31801.0,0.3908967500028666,86.00583546412885,-4163.0,-3842.0
exp_kp_001,SA_KP[base]_n100_inst0_run0,base,32000,32001,32001.0,0.3932758750015637,86.00583546412885,-4163.0,-3794.0
exp_kp_001,SA_KP[base]_n100_inst0_run0,base,32200,32201,32201.0,0.3957731670088833,85.14577710948755,-4163.0,-3613.0
exp_kp_001,SA_KP[base]_n100_inst0_run0,base,32400,32401,32401.0,0.39827379200141877,85.14577710948755,-4163.0,-3512.0
exp_kp_001,SA_KP[base]_n100_inst0_run0,base,32600,32601,32601.0,0.4007298750075279,85.14577710948755,-4163.0,-3570.0
exp_kp_001,SA_KP[base]_n100_inst0_run0,base,32800,32801,32801.0,0.40334316699591,85.14577710948755,-4163.0,-3575.0
exp_kp_001,SA_KP[base]_n100_inst0_run0,base,33000,33001,33001.0,0.4060420419991715,85.14577710948755,-4163.0,-3892.0
exp_kp_001,SA_KP[base]_n100_inst0_run0,base,33200,33201,33201.0,0.40857387500000186,85.14577710948755,-4163.0,-3746.0
exp_kp_001,SA_KP[base]_n100_inst0_run0,base,33400,33401,33401.0,0.41103670799930114,85.14577710948755,-4163.0,-3613.0
exp_kp_001,SA_KP[base]_n100_inst0_run0,base,33600,33601,33601.0,0.41345216700574383,85.14577710948755,-4163.0,-3587.0
exp_kp_001,SA_KP[base]_n100_inst0_run0,base,33800,33801,33801.0,0.415979375000461,85.14577710948755,-4163.0,-3539.0
exp_kp_001,SA_KP[base]_n100_inst0_run0,base,34000,34001,34001.0,0.41833000000042375,85.14577710948755,-4163.0,-3274.0
exp_kp_001,SA_KP[base]_n100_inst0_run0,base,34200,34201,34201.0,0.4208054580085445,84.29431933839268,-4163.0,-3782.0
exp_kp_001,SA_KP[base]_n100_inst0_run0,base,34400,34401,34401.0,0.42332108299888205,84.29431933839268,-4163.0,-3711.0
exp_kp_001,SA_KP[base]_n100_inst0_run0,base,34600,34601,34601.0,0.42581779199826997,84.29431933839268,-4163.0,-3605.0
exp_kp_001,SA_KP[base]_n100_inst0_run0,base,34800,34801,34801.0,0.4282213749975199,84.29431933839268,-4163.0,-3599.0
exp_kp_001,SA_KP[base]_n100_inst0_run0,base,35000,35001,35001.0,0.4307240830094088,84.29431933839268,-4163.0,-3507.0
exp_kp_001,SA_KP[base]_n100_inst0_run0,base,35200,35201,35201.0,0.43320562499866355,84.29431933839268,-4163.0,-3382.0
exp_kp_001,SA_KP[base]_n100_inst0_run0,base,35400,35401,35401.0,0.43563216700567864,84.29431933839268,-4163.0,-3454.0
exp_kp_001,SA_KP[base]_n100_inst0_run0,base,35600,35601,35601.0,0.437999583009514,84.29431933839268,-4163.0,-3468.0
exp_kp_001,SA_KP[base]_n100_inst0_run0,base,35800,35801,35801.0,0.44043104200682137,84.29431933839268,-4163.0,-3486.0
exp_kp_001,SA_KP[base]_n100_inst0_run0,base,36000,36001,36001.0,0.443098582996754,84.29431933839268,-4163.0,-3439.0
exp_kp_001,SA_KP[base]_n100_inst0_run0,base,36200,36201,36201.0,0.4454908330080798,83.45137614500875,-4163.0,-3767.0
exp_kp_001,SA_KP[base]_n100_inst0_run0,base,36400,36401,36401.0,0.4479229169955943,83.45137614500875,-4163.0,-3511.0
exp_kp_001,SA_KP[base]_n100_inst0_run0,base,36600,36601,36601.0,0.45039850000466686,83.45137614500875,-4163.0,-3777.0
exp_kp_001,SA_KP[base]_n100_inst0_run0,base,36800,36801,36801.0,0.4527814169996418,83.45137614500875,-4163.0,-3518.0
exp_kp_001,SA_KP[base]_n100_inst0_run0,base,37000,37001,37001.0,0.45517000000108965,83.45137614500875,-4163.0,-3062.0
exp_kp_001,SA_KP[base]_n100_inst0_run0,base,37200,37201,37201.0,0.45741645799716935,83.45137614500875,-4163.0,-3392.0
exp_kp_001,SA_KP[base]_n100_inst0_run0,base,37400,37401,37401.0,0.4598992499959422,83.45137614500875,-4163.0,-3442.0
exp_kp_001,SA_KP[base]_n100_inst0_run0,base,37600,37601,37601.0,0.4622955000086222,83.45137614500875,-4163.0,-3248.0
exp_kp_001,SA_KP[base]_n100_inst0_run0,base,37800,37801,37801.0,0.464880917003029,83.45137614500875,-4163.0,-3688.0
exp_kp_001,SA_KP[base]_n100_inst0_run0,base,38000,38001,38001.0,0.4672995830042055,83.45137614500875,-4163.0,-3470.0
exp_kp_001,SA_KP[base]_n100_inst0_run0,base,38200,38201,38201.0,0.4700453749974258,82.61686238355867,-4163.0,-3693.0
exp_kp_001,SA_KP[base]_n100_inst0_run0,base,38400,38401,38401.0,0.4728994170000078,82.61686238355867,-4163.0,-3630.0
exp_kp_001,SA_KP[base]_n100_inst0_run0,base,38600,38601,38601.0,0.47560141699796077,82.61686238355867,-4163.0,-3461.0
exp_kp_001,SA_KP[base]_n100_inst0_run0,base,38800,38801,38801.0,0.4783477080054581,82.61686238355867,-4163.0,-3622.0
exp_kp_001,SA_KP[base]_n100_inst0_run0,base,39000,39001,39001.0,0.4810418330016546,82.61686238355867,-4163.0,-3100.0
exp_kp_001,SA_KP[base]_n100_inst0_run0,base,39200,39201,39201.0,0.4839680419972865,82.61686238355867,-4163.0,-3631.0
exp_kp_001,SA_KP[base]_n100_inst0_run0,base,39400,39401,39401.0,0.48674158300855197,82.61686238355867,-4163.0,-3469.0
exp_kp_001,SA_KP[base]_n100_inst0_run0,base,39600,39601,39601.0,0.49380774999735877,82.61686238355867,-4163.0,-3724.0
exp_kp_001,SA_KP[base]_n100_inst0_run0,base,39800,39801,39801.0,0.4986249170033261,82.61686238355867,-4163.0,-3781.0
exp_kp_001,SA_KP[base]_n100_inst0_run0,base,40000,40001,40001.0,0.5040137080068234,82.61686238355867,-4163.0,-3241.0
exp_kp_001,SA_KP[base]_n100_inst0_run0,base,40200,40201,40201.0,0.5074440419994062,81.79069375972308,-4163.0,-3450.0
exp_kp_001,SA_KP[base]_n100_inst0_run0,base,40400,40401,40401.0,0.5110790830076439,81.79069375972308,-4163.0,-3701.0
exp_kp_001,SA_KP[base]_n100_inst0_run0,base,40600,40601,40601.0,0.5158232499961741,81.79069375972308,-4163.0,-3789.0
exp_kp_001,SA_KP[base]_n100_inst0_run0,base,40800,40801,40801.0,0.5198559170094086,81.79069375972308,-4163.0,-3297.0
exp_kp_001,SA_KP[base]_n100_inst0_run0,base,41000,41001,41001.0,0.5234918750065845,81.79069375972308,-4163.0,-3604.0
exp_kp_001,SA_KP[base]_n100_inst0_run0,base,41200,41201,41201.0,0.5263850830087904,81.79069375972308,-4163.0,-3898.0
exp_kp_001,SA_KP[base]_n100_inst0_run0,base,41400,41401,41401.0,0.5303204579977319,81.79069375972308,-4163.0,-3357.0
exp_kp_001,SA_KP[base]_n100_inst0_run0,base,41600,41601,41601.0,0.5335694999957923,81.79069375972308,-4163.0,-3690.0
exp_kp_001,SA_KP[base]_n100_inst0_run0,base,41800,41801,41801.0,0.5368939170002704,81.79069375972308,-4163.0,-3560.0
exp_kp_001,SA_KP[base]_n100_inst0_run0,base,42000,42001,42001.0,0.5399245419976069,81.79069375972308,-4163.0,-3512.0
exp_kp_001,SA_KP[base]_n100_inst0_run0,base,42200,42201,42201.0,0.5428793330065673,80.97278682212585,-4163.0,-3681.0
exp_kp_001,SA_KP[base]_n100_inst0_run0,base,42400,42401,42401.0,0.5458409999992,80.97278682212585,-4163.0,-3640.0
exp_kp_001,SA_KP[base]_n100_inst0_run0,base,42600,42601,42601.0,0.5487317079969216,80.97278682212585,-4163.0,-3665.0
exp_kp_001,SA_KP[base]_n100_inst0_run0,base,42800,42801,42801.0,0.5515500000037719,80.97278682212585,-4163.0,-3567.0
exp_kp_001,SA_KP[base]_n100_inst0_run0,base,43000,43001,43001.0,0.5542452500085346,80.97278682212585,-4163.0,-3436.0
exp_kp_001,SA_KP[base]_n100_inst0_run0,base,43200,43201,43201.0,0.5569036250089994,80.97278682212585,-4163.0,-3439.0
exp_kp_001,SA_KP[base]_n100_inst0_run0,base,43400,43401,43401.0,0.5597456249961397,80.97278682212585,-4163.0,-3559.0
exp_kp_001,SA_KP[base]_n100_inst0_run0,base,43600,43601,43601.0,0.5624223750055535,80.97278682212585,-4163.0,-3621.0
exp_kp_001,SA_KP[base]_n100_inst0_run0,base,43800,43801,43801.0,0.5651042079989566,80.97278682212585,-4163.0,-3618.0
exp_kp_001,SA_KP[base]_n100_inst0_run0,base,44000,44001,44001.0,0.5677095419960096,80.97278682212585,-4163.0,-3930.0
exp_kp_001,SA_KP[base]_n100_inst0_run0,base,44200,44201,44201.0,0.5703779580071568,80.1630589539046,-4163.0,-3371.0
exp_kp_001,SA_KP[base]_n100_inst0_run0,base,44400,44401,44401.0,0.5729413750086678,80.1630589539046,-4163.0,-3590.0
exp_kp_001,SA_KP[base]_n100_inst0_run0,base,44600,44601,44601.0,0.5754300830012653,80.1630589539046,-4163.0,-3857.0
exp_kp_001,SA_KP[base]_n100_inst0_run0,base,44800,44801,44801.0,0.578146875006496,80.1630589539046,-4163.0,-3559.0
exp_kp_001,SA_KP[base]_n100_inst0_run0,base,45000,45001,45001.0,0.580531792002148,80.1630589539046,-4163.0,-3419.0
exp_kp_001,SA_KP[base]_n100_inst0_run0,base,45200,45201,45201.0,0.5829645000048913,80.1630589539046,-4163.0,-3233.0
exp_kp_001,SA_KP[base]_n100_inst0_run0,base,45400,45401,45401.0,0.5855257079965668,80.1630589539046,-4163.0,-3692.0
exp_kp_001,SA_KP[base]_n100_inst0_run0,base,45600,45601,45601.0,0.5880026250088122,80.1630589539046,-4163.0,-3798.0
exp_kp_001,SA_KP[base]_n100_inst0_run0,base,45800,45801,45801.0,0.590686708004796,80.1630589539046,-4163.0,-3651.0
exp_kp_001,SA_KP[base]_n100_inst0_run0,base,46000,46001,46001.0,0.5932252500060713,80.1630589539046,-4163.0,-3890.0
exp_kp_001,SA_KP[base]_n100_inst0_run0,base,46200,46201,46201.0,0.5957487499981653,79.36142836436555,-4163.0,-3439.0
exp_kp_001,SA_KP[base]_n100_inst0_run0,base,46400,46401,46401.0,0.5997749999951338,79.36142836436555,-4163.0,-3500.0
exp_kp_001,SA_KP[base]_n100_inst0_run0,base,46600,46601,46601.0,0.6028927080042195,79.36142836436555,-4163.0,-3685.0
exp_kp_001,SA_KP[base]_n100_inst0_run0,base,46800,46801,46801.0,0.6073389170051087,79.36142836436555,-4163.0,-3772.0
exp_kp_001,SA_KP[base]_n100_inst0_run0,base,47000,47001,47001.0,0.6103422500018496,79.36142836436555,-4163.0,-3844.0
exp_kp_001,SA_KP[base]_n100_inst0_run0,base,47200,47201,47201.0,0.6131486670055892,79.36142836436555,-4163.0,-3724.0
exp_kp_001,SA_KP[base]_n100_inst0_run0,base,47400,47401,47401.0,0.6158209999994142,79.36142836436555,-4163.0,-3732.0
exp_kp_001,SA_KP[base]_n100_inst0_run0,base,47600,47601,47601.0,0.6183319580013631,79.36142836436555,-4163.0,-3622.0
exp_kp_001,SA_KP[base]_n100_inst0_run0,base,47800,47801,47801.0,0.6209294169966597,79.36142836436555,-4163.0,-3960.0
exp_kp_001,SA_KP[base]_n100_inst0_run0,base,48000,48001,48001.0,0.6233833330043126,79.36142836436555,-4163.0,-3600.0
exp_kp_001,SA_KP[base]_n100_inst0_run0,base,48200,48201,48201.0,0.6259512920078123,78.56781408072189,-4163.0,-3538.0
exp_kp_001,SA_KP[base]_n100_inst0_run0,base,48400,48401,48401.0,0.6286471670027822,78.56781408072189,-4163.0,-3902.0
exp_kp_001,SA_KP[base]_n100_inst0_run0,base,48600,48601,48601.0,0.6313894580089254,78.56781408072189,-4163.0,-3816.0
exp_kp_001,SA_KP[base]_n100_inst0_run0,base,48800,48801,48801.0,0.6347209170053247,78.56781408072189,-4163.0,-4002.0
exp_kp_001,SA_KP[base]_n100_inst0_run0,base,49000,49001,49001.0,0.6372125420020893,78.56781408072189,-4163.0,-3837.0
exp_kp_001,SA_KP[base]_n100_inst0_run0,base,49200,49201,49201.0,0.6396571670047706,78.56781408072189,-4163.0,-3531.0
exp_kp_001,SA_KP[base]_n100_inst0_run0,base,49400,49401,49401.0,0.6422892080008751,78.56781408072189,-4163.0,-3375.0
exp_kp_001,SA_KP[base]_n100_inst0_run0,base,49600,49601,49601.0,0.6450356669956818,78.56781408072189,-4163.0,-3705.0
exp_kp_001,SA_KP[base]_n100_inst0_run0,base,49800,49801,49801.0,0.6476203750062268,78.56781408072189,-4163.0,-3816.0
exp_kp_001,SA_KP[base]_n100_inst0_run0,base,49999,50000,50000.0,0.6502800000016578,0.00099,-4163.0,-3577.0
exp_kp_001,SA_KP[base]_n100_inst0_run1,base,0,1,1.0,1.1500000255182385e-05,100.0,-3144.0,-3144.0
exp_kp_001,SA_KP[base]_n100_inst0_run1,base,200,201,201.0,0.0024461249995511025,100.0,-3749.0,-3531.0
exp_kp_001,SA_KP[base]_n100_inst0_run1,base,400,401,401.0,0.005228333990089595,100.0,-4056.0,-3870.0
exp_kp_001,SA_KP[base]_n100_inst0_run1,base,600,601,601.0,0.007999499997822568,100.0,-4056.0,-3762.0
exp_kp_001,SA_KP[base]_n100_inst0_run1,base,800,801,801.0,0.010555666987784207,100.0,-4056.0,-3560.0
exp_kp_001,SA_KP[base]_n100_inst0_run1,base,1000,1001,1001.0,0.01297037499898579,100.0,-4056.0,-3578.0
exp_kp_001,SA_KP[base]_n100_inst0_run1,base,1200,1201,1201.0,0.015324666994274594,100.0,-4056.0,-3275.0
exp_kp_001,SA_KP[base]_n100_inst0_run1,base,1400,1401,1401.0,0.017801999987568706,100.0,-4056.0,-3840.0
exp_kp_001,SA_KP[base]_n100_inst0_run1,base,1600,1601,1601.0,0.020186666995869018,100.0,-4056.0,-3503.0
exp_kp_001,SA_KP[base]_n100_inst0_run1,base,1800,1801,1801.0,0.022701874986523762,100.0,-4056.0,-3377.0
exp_kp_001,SA_KP[base]_n100_inst0_run1,base,2000,2001,2001.0,0.02509270899463445,100.0,-4056.0,-3386.0
exp_kp_001,SA_KP[base]_n100_inst0_run1,base,2200,2201,2201.0,0.027592624988756143,99.0,-4056.0,-3496.0
exp_kp_001,SA_KP[base]_n100_inst0_run1,base,2400,2401,2401.0,0.030074374997639097,99.0,-4056.0,-3740.0
exp_kp_001,SA_KP[base]_n100_inst0_run1,base,2600,2601,2601.0,0.032632709000608884,99.0,-4063.0,-3384.0
exp_kp_001,SA_KP[base]_n100_inst0_run1,base,2800,2801,2801.0,0.03512420899642166,99.0,-4063.0,-3576.0
exp_kp_001,SA_KP[base]_n100_inst0_run1,base,3000,3001,3001.0,0.03752279198670294,99.0,-4063.0,-3573.0
exp_kp_001,SA_KP[base]_n100_inst0_run1,base,3200,3201,3201.0,0.03998249999131076,99.0,-4063.0,-3408.0
exp_kp_001,SA_KP[base]_n100_inst0_run1,base,3400,3401,3401.0,0.04242541699204594,99.0,-4063.0,-3073.0
exp_kp_001,SA_KP[base]_n100_inst0_run1,base,3600,3601,3601.0,0.04509204199712258,99.0,-4063.0,-3366.0
exp_kp_001,SA_KP[base]_n100_inst0_run1,base,3800,3801,3801.0,0.04770258399366867,99.0,-4063.0,-3656.0
exp_kp_001,SA_KP[base]_n100_inst0_run1,base,4000,4001,4001.0,0.05030916699615773,99.0,-4083.0,-3665.0
exp_kp_001,SA_KP[base]_n100_inst0_run1,base,4200,4201,4201.0,0.05274999998800922,98.01,-4083.0,-3287.0
exp_kp_001,SA_KP[base]_n100_inst0_run1,base,4400,4401,4401.0,0.05564112499996554,98.01,-4083.0,-3858.0
exp_kp_001,SA_KP[base]_n100_inst0_run1,base,4600,4601,4601.0,0.05822654199437238,98.01,-4083.0,-3233.0
exp_kp_001,SA_KP[base]_n100_inst0_run1,base,4800,4801,4801.0,0.060948166996240616,98.01,-4083.0,-3301.0
exp_kp_001,SA_KP[base]_n100_inst0_run1,base,5000,5001,5001.0,0.06348470899683889,98.01,-4083.0,-3763.0
exp_kp_001,SA_KP[base]_n100_inst0_run1,base,5200,5201,5201.0,0.06609695899533108,98.01,-4083.0,-3501.0
exp_kp_001,SA_KP[base]_n100_inst0_run1,base,5400,5401,5401.0,0.06877924999571405,98.01,-4083.0,-2978.0
exp_kp_001,SA_KP[base]_n100_inst0_run1,base,5600,5601,5601.0,0.07158324999909382,98.01,-4083.0,-3494.0
exp_kp_001,SA_KP[base]_n100_inst0_run1,base,5800,5801,5801.0,0.07432583399349824,98.01,-4083.0,-3739.0
exp_kp_001,SA_KP[base]_n100_inst0_run1,base,6000,6001,6001.0,0.07696729199960828,98.01,-4083.0,-3428.0
exp_kp_001,SA_KP[base]_n100_inst0_run1,base,6200,6201,6201.0,0.07957454198913183,97.0299,-4083.0,-3651.0
exp_kp_001,SA_KP[base]_n100_inst0_run1,base,6400,6401,6401.0,0.08225854199554306,97.0299,-4126.0,-3649.0
exp_kp_001,SA_KP[base]_n100_inst0_run1,base,6600,6601,6601.0,0.08467154199024662,97.0299,-4126.0,-3391.0
exp_kp_001,SA_KP[base]_n100_inst0_run1,base,6800,6801,6801.0,0.087240999986534,97.0299,-4126.0,-3877.0
exp_kp_001,SA_KP[base]_n100_inst0_run1,base,7000,7001,7001.0,0.09006587498879526,97.0299,-4126.0,-3739.0
exp_kp_001,SA_KP[base]_n100_inst0_run1,base,7200,7201,7201.0,0.09263674999237992,97.0299,-4126.0,-3564.0
exp_kp_001,SA_KP[base]_n100_inst0_run1,base,7400,7401,7401.0,0.09502716700080782,97.0299,-4126.0,-3448.0
exp_kp_001,SA_KP[base]_n100_inst0_run1,base,7600,7601,7601.0,0.09764445899054408,97.0299,-4126.0,-3818.0
exp_kp_001,SA_KP[base]_n100_inst0_run1,base,7800,7801,7801.0,0.10009529200033285,97.0299,-4126.0,-3130.0
exp_kp_001,SA_KP[base]_n100_inst0_run1,base,8000,8001,8001.0,0.10249758399731945,97.0299,-4126.0,-3684.0
exp_kp_001,SA_KP[base]_n100_inst0_run1,base,8200,8201,8201.0,0.10496287498972379,96.059601,-4126.0,-3465.0
exp_kp_001,SA_KP[base]_n100_inst0_run1,base,8400,8401,8401.0,0.10742733399092685,96.059601,-4126.0,-3628.0
exp_kp_001,SA_KP[base]_n100_inst0_run1,base,8600,8601,8601.0,0.11002133399597369,96.059601,-4126.0,-3549.0
exp_kp_001,SA_KP[base]_n100_inst0_run1,base,8800,8801,8801.0,0.11259166699892376,96.059601,-4126.0,-3472.0
exp_kp_001,SA_KP[base]_n100_inst0_run1,base,9000,9001,9001.0,0.11509875000047032,96.059601,-4126.0,-3879.0
exp_kp_001,SA_KP[base]_n100_inst0_run1,base,9200,9201,9201.0,0.11753754199889954,96.059601,-4126.0,-3797.0
exp_kp_001,SA_KP[base]_n100_inst0_run1,base,9400,9401,9401.0,0.12003816699143499,96.059601,-4126.0,-3424.0
exp_kp_001,SA_KP[base]_n100_inst0_run1,base,9600,9601,9601.0,0.12274729199998546,96.059601,-4126.0,-3450.0
exp_kp_001,SA_KP[base]_n100_inst0_run1,base,9800,9801,9801.0,0.12507179199019447,96.059601,-4126.0,-3373.0
exp_kp_001,SA_KP[base]_n100_inst0_run1,base,10000,10001,10001.0,0.12747570899955463,96.059601,-4126.0,-3421.0
exp_kp_001,SA_KP[base]_n100_inst0_run1,base,10200,10201,10201.0,0.12991399999009445,95.09900499,-4126.0,-3332.0
exp_kp_001,SA_KP[base]_n100_inst0_run1,base,10400,10401,10401.0,0.13253420899854973,95.09900499,-4126.0,-3821.0
exp_kp_001,SA_KP[base]_n100_inst0_run1,base,10600,10601,10601.0,0.13515191699843854,95.09900499,-4126.0,-3694.0
exp_kp_001,SA_KP[base]_n100_inst0_run1,base,10800,10801,10801.0,0.13763995899353176,95.09900499,-4126.0,-3946.0
exp_kp_001,SA_KP[base]_n100_inst0_run1,base,11000,11001,11001.0,0.14026229199953377,95.09900499,-4126.0,-3664.0
exp_kp_001,SA_KP[base]_n100_inst0_run1,base,11200,11201,11201.0,0.142791791993659,95.09900499,-4126.0,-3620.0
exp_kp_001,SA_KP[base]_n100_inst0_run1,base,11400,11401,11401.0,0.14518791699083522,95.09900499,-4126.0,-3094.0
exp_kp_001,SA_KP[base]_n100_inst0_run1,base,11600,11601,11601.0,0.1476483339938568,95.09900499,-4126.0,-3568.0
exp_kp_001,SA_KP[base]_n100_inst0_run1,base,11800,11801,11801.0,0.14996341698861215,95.09900499,-4126.0,-3080.0
exp_kp_001,SA_KP[base]_n100_inst0_run1,base,12000,12001,12001.0,0.15242141699127387,95.09900499,-4126.0,-3556.0
exp_kp_001,SA_KP[base]_n100_inst0_run1,base,12200,12201,12201.0,0.1549173749954207,94.1480149401,-4189.0,-4016.0
exp_kp_001,SA_KP[base]_n100_inst0_run1,base,12400,12401,12401.0,0.15733412498957478,94.1480149401,-4189.0,-3171.0
exp_kp_001,SA_KP[base]_n100_inst0_run1,base,12600,12601,12601.0,0.1597441249905387,94.1480149401,-4189.0,-3597.0
exp_kp_001,SA_KP[base]_n100_inst0_run1,base,12800,12801,12801.0,0.1622077499923762,94.1480149401,-4189.0,-3268.0
exp_kp_001,SA_KP[base]_n100_inst0_run1,base,13000,13001,13001.0,0.16470329200092237,94.1480149401,-4189.0,-3798.0
exp_kp_001,SA_KP[base]_n100_inst0_run1,base,13200,13201,13201.0,0.16709120899031404,94.1480149401,-4189.0,-3947.0
exp_kp_001,SA_KP[base]_n100_inst0_run1,base,13400,13401,13401.0,0.16941345899249427,94.1480149401,-4189.0,-3518.0
exp_kp_001,SA_KP[base]_n100_inst0_run1,base,13600,13601,13601.0,0.17181520898884628,94.1480149401,-4189.0,-3091.0
exp_kp_001,SA_KP[base]_n100_inst0_run1,base,13800,13801,13801.0,0.17412970899022184,94.1480149401,-4189.0,-3397.0
exp_kp_001,SA_KP[base]_n100_inst0_run1,base,14000,14001,14001.0,0.1765571669966448,94.1480149401,-4189.0,-3679.0
exp_kp_001,SA_KP[base]_n100_inst0_run1,base,14200,14201,14201.0,0.17887241698917933,93.206534790699,-4189.0,-3420.0
exp_kp_001,SA_KP[base]_n100_inst0_run1,base,14400,14401,14401.0,0.18148720898898318,93.206534790699,-4189.0,-3671.0
exp_kp_001,SA_KP[base]_n100_inst0_run1,base,14600,14601,14601.0,0.18380116698972415,93.206534790699,-4189.0,-3454.0
exp_kp_001,SA_KP[base]_n100_inst0_run1,base,14800,14801,14801.0,0.1863421249872772,93.206534790699,-4189.0,-3656.0
exp_kp_001,SA_KP[base]_n100_inst0_run1,base,15000,15001,15001.0,0.1887986249930691,93.206534790699,-4189.0,-3789.0
exp_kp_001,SA_KP[base]_n100_inst0_run1,base,15200,15201,15201.0,0.19112037499144208,93.206534790699,-4189.0,-3386.0
exp_kp_001,SA_KP[base]_n100_inst0_run1,base,15400,15401,15401.0,0.19364933398901485,93.206534790699,-4189.0,-3603.0
exp_kp_001,SA_KP[base]_n100_inst0_run1,base,15600,15601,15601.0,0.19616254199354444,93.206534790699,-4189.0,-3665.0
exp_kp_001,SA_KP[base]_n100_inst0_run1,base,15800,15801,15801.0,0.19853645899274852,93.206534790699,-4189.0,-3068.0
exp_kp_001,SA_KP[base]_n100_inst0_run1,base,16000,16001,16001.0,0.20100058399839327,93.206534790699,-4189.0,-3706.0
exp_kp_001,SA_KP[base]_n100_inst0_run1,base,16200,16201,16201.0,0.2033967089955695,92.27446944279201,-4189.0,-3327.0
exp_kp_001,SA_KP[base]_n100_inst0_run1,base,16400,16401,16401.0,0.2058446669980185,92.27446944279201,-4189.0,-3840.0
exp_kp_001,SA_KP[base]_n100_inst0_run1,base,16600,16601,16601.0,0.20833079199655913,92.27446944279201,-4189.0,-3867.0
exp_kp_001,SA_KP[base]_n100_inst0_run1,base,16800,16801,16801.0,0.2107281249918742,92.27446944279201,-4189.0,-3504.0
exp_kp_001,SA_KP[base]_n100_inst0_run1,base,17000,17001,17001.0,0.21324020899191964,92.27446944279201,-4189.0,-3721.0
exp_kp_001,SA_KP[base]_n100_inst0_run1,base,17200,17201,17201.0,0.2156242919882061,92.27446944279201,-4189.0,-3192.0
exp_kp_001,SA_KP[base]_n100_inst0_run1,base,17400,17401,17401.0,0.21798533399123698,92.27446944279201,-4189.0,-3596.0
exp_kp_001,SA_KP[base]_n100_inst0_run1,base,17600,17601,17601.0,0.22043808399757836,92.27446944279201,-4189.0,-3444.0
exp_kp_001,SA_KP[base]_n100_inst0_run1,base,17800,17801,17801.0,0.22295595899049658,92.27446944279201,-4189.0,-3013.0
exp_kp_001,SA_KP[base]_n100_inst0_run1,base,18000,18001,18001.0,0.2254092090006452,92.27446944279201,-4189.0,-3846.0
exp_kp_001,SA_KP[base]_n100_inst0_run1,base,18200,18201,18201.0,0.2278916249924805,91.35172474836409,-4189.0,-3564.0
exp_kp_001,SA_KP[base]_n100_inst0_run1,base,18400,18401,18401.0,0.23042516699933913,91.35172474836409,-4189.0,-3988.0
exp_kp_001,SA_KP[base]_n100_inst0_run1,base,18600,18601,18601.0,0.23284441699797753,91.35172474836409,-4189.0,-3399.0
exp_kp_001,SA_KP[base]_n100_inst0_run1,base,18800,18801,18801.0,0.23536949999106582,91.35172474836409,-4189.0,-3822.0
exp_kp_001,SA_KP[base]_n100_inst0_run1,base,19000,19001,19001.0,0.23784266698930878,91.35172474836409,-4189.0,-3293.0
exp_kp_001,SA_KP[base]_n100_inst0_run1,base,19200,19201,19201.0,0.24019670899724588,91.35172474836409,-4189.0,-3276.0
exp_kp_001,SA_KP[base]_n100_inst0_run1,base,19400,19401,19401.0,0.2428750839899294,91.35172474836409,-4189.0,-3618.0
exp_kp_001,SA_KP[base]_n100_inst0_run1,base,19600,19601,19601.0,0.2453034999925876,91.35172474836409,-4189.0,-3393.0
exp_kp_001,SA_KP[base]_n100_inst0_run1,base,19800,19801,19801.0,0.24774537498888094,91.35172474836409,-4189.0,-3992.0
exp_kp_001,SA_KP[base]_n100_inst0_run1,base,20000,20001,20001.0,0.25027379200037103,91.35172474836409,-4189.0,-3324.0
exp_kp_001,SA_KP[base]_n100_inst0_run1,base,20200,20201,20201.0,0.2526133339997614,90.43820750088045,-4189.0,-3822.0
exp_kp_001,SA_KP[base]_n100_inst0_run1,base,20400,20401,20401.0,0.2550176249933429,90.43820750088045,-4189.0,-3537.0
exp_kp_001,SA_KP[base]_n100_inst0_run1,base,20600,20601,20601.0,0.25737216699053533,90.43820750088045,-4189.0,-3523.0
exp_kp_001,SA_KP[base]_n100_inst0_run1,base,20800,20801,20801.0,0.2599999999947613,90.43820750088045,-4189.0,-3547.0
exp_kp_001,SA_KP[base]_n100_inst0_run1,base,21000,21001,21001.0,0.2624947919975966,90.43820750088045,-4189.0,-3379.0
exp_kp_001,SA_KP[base]_n100_inst0_run1,base,21200,21201,21201.0,0.26482891698833555,90.43820750088045,-4189.0,-3612.0
exp_kp_001,SA_KP[base]_n100_inst0_run1,base,21400,21401,21401.0,0.2670770839904435,90.43820750088045,-4189.0,-3596.0
exp_kp_001,SA_KP[base]_n100_inst0_run1,base,21600,21601,21601.0,0.2695616249984596,90.43820750088045,-4189.0,-3888.0
exp_kp_001,SA_KP[base]_n100_inst0_run1,base,21800,21801,21801.0,0.27221458399435505,90.43820750088045,-4247.0,-4101.0
exp_kp_001,SA_KP[base]_n100_inst0_run1,base,22000,22001,22001.0,0.27464716699614655,90.43820750088045,-4247.0,-3723.0
exp_kp_001,SA_KP[base]_n100_inst0_run1,base,22200,22201,22201.0,0.2771021669905167,89.53382542587164,-4247.0,-3546.0
exp_kp_001,SA_KP[base]_n100_inst0_run1,base,22400,22401,22401.0,0.27954324999882374,89.53382542587164,-4247.0,-3345.0
exp_kp_001,SA_KP[base]_n100_inst0_run1,base,22600,22601,22601.0,0.281880791997537,89.53382542587164,-4247.0,-3358.0
exp_kp_001,SA_KP[base]_n100_inst0_run1,base,22800,22801,22801.0,0.2843631669966271,89.53382542587164,-4247.0,-3251.0
exp_kp_001,SA_KP[base]_n100_inst0_run1,base,23000,23001,23001.0,0.286834333994193,89.53382542587164,-4247.0,-3704.0
exp_kp_001,SA_KP[base]_n100_inst0_run1,base,23200,23201,23201.0,0.28925274999346584,89.53382542587164,-4247.0,-3637.0
exp_kp_001,SA_KP[base]_n100_inst0_run1,base,23400,23401,23401.0,0.29172970898798667,89.53382542587164,-4247.0,-3502.0
exp_kp_001,SA_KP[base]_n100_inst0_run1,base,23600,23601,23601.0,0.29405395899084397,89.53382542587164,-4247.0,-3778.0
exp_kp_001,SA_KP[base]_n100_inst0_run1,base,23800,23801,23801.0,0.2964464589895215,89.53382542587164,-4247.0,-3255.0
exp_kp_001,SA_KP[base]_n100_inst0_run1,base,24000,24001,24001.0,0.29882287498912774,89.53382542587164,-4247.0,-3635.0
exp_kp_001,SA_KP[base]_n100_inst0_run1,base,24200,24201,24201.0,0.30124866699043196,88.63848717161292,-4247.0,-3591.0
exp_kp_001,SA_KP[base]_n100_inst0_run1,base,24400,24401,24401.0,0.303728583996417,88.63848717161292,-4247.0,-3865.0
exp_kp_001,SA_KP[base]_n100_inst0_run1,base,24600,24601,24601.0,0.30626062498777173,88.63848717161292,-4247.0,-3499.0
exp_kp_001,SA_KP[base]_n100_inst0_run1,base,24800,24801,24801.0,0.3086878749891184,88.63848717161292,-4247.0,-3300.0
exp_kp_001,SA_KP[base]_n100_inst0_run1,base,25000,25001,25001.0,0.31104537499777507,88.63848717161292,-4247.0,-3428.0
exp_kp_001,SA_KP[base]_n100_inst0_run1,base,25200,25201,25201.0,0.3134286249987781,88.63848717161292,-4247.0,-3277.0
exp_kp_001,SA_KP[base]_n100_inst0_run1,base,25400,25401,25401.0,0.3160962499969173,88.63848717161292,-4247.0,-3843.0
exp_kp_001,SA_KP[base]_n100_inst0_run1,base,25600,25601,25601.0,0.3186089589871699,88.63848717161292,-4247.0,-3643.0
exp_kp_001,SA_KP[base]_n100_inst0_run1,base,25800,25801,25801.0,0.32089816698862705,88.63848717161292,-4247.0,-3077.0
exp_kp_001,SA_KP[base]_n100_inst0_run1,base,26000,26001,26001.0,0.3234126669995021,88.63848717161292,-4247.0,-3792.0
exp_kp_001,SA_KP[base]_n100_inst0_run1,base,26200,26201,26201.0,0.32586224999977276,87.75210229989679,-4247.0,-3762.0
exp_kp_001,SA_KP[base]_n100_inst0_run1,base,26400,26401,26401.0,0.3283067919983296,87.75210229989679,-4247.0,-3474.0
exp_kp_001,SA_KP[base]_n100_inst0_run1,base,26600,26601,26601.0,0.33071595898945816,87.75210229989679,-4247.0,-3284.0
exp_kp_001,SA_KP[base]_n100_inst0_run1,base,26800,26801,26801.0,0.33327212498988956,87.75210229989679,-4247.0,-3837.0
exp_kp_001,SA_KP[base]_n100_inst0_run1,base,27000,27001,27001.0,0.3357356669876026,87.75210229989679,-4247.0,-3712.0
exp_kp_001,SA_KP[base]_n100_inst0_run1,base,27200,27201,27201.0,0.33810129199991934,87.75210229989679,-4247.0,-3764.0
exp_kp_001,SA_KP[base]_n100_inst0_run1,base,27400,27401,27401.0,0.3406437499943422,87.75210229989679,-4247.0,-3570.0
exp_kp_001,SA_KP[base]_n100_inst0_run1,base,27600,27601,27601.0,0.34310999998706393,87.75210229989679,-4247.0,-3767.0
exp_kp_001,SA_KP[base]_n100_inst0_run1,base,27800,27801,27801.0,0.3457539589871885,87.75210229989679,-4247.0,-3672.0
exp_kp_001,SA_KP[base]_n100_inst0_run1,base,28000,28001,28001.0,0.3480969169904711,87.75210229989679,-4247.0,-3940.0
exp_kp_001,SA_KP[base]_n100_inst0_run1,base,28200,28201,28201.0,0.35058674999163486,86.87458127689783,-4247.0,-3807.0
exp_kp_001,SA_KP[base]_n100_inst0_run1,base,28400,28401,28401.0,0.35291437499108724,86.87458127689783,-4247.0,-3454.0
exp_kp_001,SA_KP[base]_n100_inst0_run1,base,28600,28601,28601.0,0.3555939169891644,86.87458127689783,-4247.0,-3399.0
exp_kp_001,SA_KP[base]_n100_inst0_run1,base,28800,28801,28801.0,0.35808195899880957,86.87458127689783,-4247.0,-3216.0
exp_kp_001,SA_KP[base]_n100_inst0_run1,base,29000,29001,29001.0,0.360423374993843,86.87458127689783,-4247.0,-3458.0
exp_kp_001,SA_KP[base]_n100_inst0_run1,base,29200,29201,29201.0,0.36301358399214223,86.87458127689783,-4247.0,-3767.0
exp_kp_001,SA_KP[base]_n100_inst0_run1,base,29400,29401,29401.0,0.36539895899477415,86.87458127689783,-4247.0,-3852.0
exp_kp_001,SA_KP[base]_n100_inst0_run1,base,29600,29601,29601.0,0.3678786249947734,86.87458127689783,-4247.0,-3704.0
exp_kp_001,SA_KP[base]_n100_inst0_run1,base,29800,29801,29801.0,0.3703819999936968,86.87458127689783,-4247.0,-3388.0
exp_kp_001,SA_KP[base]_n100_inst0_run1,base,30000,30001,30001.0,0.37283424999623094,86.87458127689783,-4247.0,-3595.0
exp_kp_001,SA_KP[base]_n100_inst0_run1,base,30200,30201,30201.0,0.3753540420002537,86.00583546412885,-4247.0,-3868.0
exp_kp_001,SA_KP[base]_n100_inst0_run1,base,30400,30401,30401.0,0.3778510419942904,86.00583546412885,-4247.0,-3752.0
exp_kp_001,SA_KP[base]_n100_inst0_run1,base,30600,30601,30601.0,0.3803274999954738,86.00583546412885,-4247.0,-3541.0
exp_kp_001,SA_KP[base]_n100_inst0_run1,base,30800,30801,30801.0,0.3828047919960227,86.00583546412885,-4247.0,-3927.0
exp_kp_001,SA_KP[base]_n100_inst0_run1,base,31000,31001,31001.0,0.3853810419968795,86.00583546412885,-4247.0,-3421.0
exp_kp_001,SA_KP[base]_n100_inst0_run1,base,31200,31201,31201.0,0.38783524998871144,86.00583546412885,-4247.0,-3771.0
exp_kp_001,SA_KP[base]_n100_inst0_run1,base,31400,31401,31401.0,0.39033329198719,86.00583546412885,-4247.0,-3804.0
exp_kp_001,SA_KP[base]_n100_inst0_run1,base,31600,31601,31601.0,0.3928291669872124,86.00583546412885,-4247.0,-3530.0
exp_kp_001,SA_KP[base]_n100_inst0_run1,base,31800,31801,31801.0,0.3953694169904338,86.00583546412885,-4247.0,-3319.0
exp_kp_001,SA_KP[base]_n100_inst0_run1,base,32000,32001,32001.0,0.3978655419923598,86.00583546412885,-4247.0,-3576.0
exp_kp_001,SA_KP[base]_n100_inst0_run1,base,32200,32201,32201.0,0.4002687089960091,85.14577710948755,-4247.0,-3736.0
exp_kp_001,SA_KP[base]_n100_inst0_run1,base,32400,32401,32401.0,0.40278224999201484,85.14577710948755,-4247.0,-3755.0
exp_kp_001,SA_KP[base]_n100_inst0_run1,base,32600,32601,32601.0,0.40518204199906904,85.14577710948755,-4247.0,-3790.0
exp_kp_001,SA_KP[base]_n100_inst0_run1,base,32800,32801,32801.0,0.40754783399461303,85.14577710948755,-4247.0,-3526.0
exp_kp_001,SA_KP[base]_n100_inst0_run1,base,33000,33001,33001.0,0.40997649999917485,85.14577710948755,-4247.0,-3458.0
exp_kp_001,SA_KP[base]_n100_inst0_run1,base,33200,33201,33201.0,0.41247804199520033,85.14577710948755,-4247.0,-3955.0
exp_kp_001,SA_KP[base]_n100_inst0_run1,base,33400,33401,33401.0,0.41480379199492745,85.14577710948755,-4247.0,-3710.0
exp_kp_001,SA_KP[base]_n100_inst0_run1,base,33600,33601,33601.0,0.4172919589909725,85.14577710948755,-4247.0,-3134.0
exp_kp_001,SA_KP[base]_n100_inst0_run1,base,33800,33801,33801.0,0.4197667919943342,85.14577710948755,-4247.0,-4121.0
exp_kp_001,SA_KP[base]_n100_inst0_run1,base,34000,34001,34001.0,0.42235108399472665,85.14577710948755,-4247.0,-3826.0
exp_kp_001,SA_KP[base]_n100_inst0_run1,base,34200,34201,34201.0,0.4247917089960538,84.29431933839268,-4247.0,-3571.0
exp_kp_001,SA_KP[base]_n100_inst0_run1,base,34400,34401,34401.0,0.4272135840001283,84.29431933839268,-4247.0,-3562.0
exp_kp_001,SA_KP[base]_n100_inst0_run1,base,34600,34601,34601.0,0.42963220899400767,84.29431933839268,-4247.0,-3547.0
exp_kp_001,SA_KP[base]_n100_inst0_run1,base,34800,34801,34801.0,0.43219733399746474,84.29431933839268,-4247.0,-3683.0
exp_kp_001,SA_KP[base]_n100_inst0_run1,base,35000,35001,35001.0,0.4347895839891862,84.29431933839268,-4247.0,-3754.0
exp_kp_001,SA_KP[base]_n100_inst0_run1,base,35200,35201,35201.0,0.43731783398834523,84.29431933839268,-4247.0,-3356.0
exp_kp_001,SA_KP[base]_n100_inst0_run1,base,35400,35401,35401.0,0.4398436669871444,84.29431933839268,-4247.0,-3531.0
exp_kp_001,SA_KP[base]_n100_inst0_run1,base,35600,35601,35601.0,0.4421591249993071,84.29431933839268,-4247.0,-3608.0
exp_kp_001,SA_KP[base]_n100_inst0_run1,base,35800,35801,35801.0,0.44463533398811705,84.29431933839268,-4247.0,-3850.0
exp_kp_001,SA_KP[base]_n100_inst0_run1,base,36000,36001,36001.0,0.4469083750009304,84.29431933839268,-4247.0,-3602.0
exp_kp_001,SA_KP[base]_n100_inst0_run1,base,36200,36201,36201.0,0.4494777090003481,83.45137614500875,-4247.0,-3623.0
exp_kp_001,SA_KP[base]_n100_inst0_run1,base,36400,36401,36401.0,0.4517178749956656,83.45137614500875,-4247.0,-3780.0
exp_kp_001,SA_KP[base]_n100_inst0_run1,base,36600,36601,36601.0,0.4542770839907462,83.45137614500875,-4247.0,-3870.0
exp_kp_001,SA_KP[base]_n100_inst0_run1,base,36800,36801,36801.0,0.45685837499331683,83.45137614500875,-4247.0,-3875.0
exp_kp_001,SA_KP[base]_n100_inst0_run1,base,37000,37001,37001.0,0.4594938339869259,83.45137614500875,-4296.0,-3647.0
exp_kp_001,SA_KP[base]_n100_inst0_run1,base,37200,37201,37201.0,0.4618754589901073,83.45137614500875,-4296.0,-3207.0
exp_kp_001,SA_KP[base]_n100_inst0_run1,base,37400,37401,37401.0,0.4642802919988753,83.45137614500875,-4296.0,-3576.0
exp_kp_001,SA_KP[base]_n100_inst0_run1,base,37600,37601,37601.0,0.46681904199067503,83.45137614500875,-4296.0,-3421.0
exp_kp_001,SA_KP[base]_n100_inst0_run1,base,37800,37801,37801.0,0.46929679199820384,83.45137614500875,-4296.0,-3613.0
exp_kp_001,SA_KP[base]_n100_inst0_run1,base,38000,38001,38001.0,0.4718412499933038,83.45137614500875,-4296.0,-3368.0
exp_kp_001,SA_KP[base]_n100_inst0_run1,base,38200,38201,38201.0,0.474244083990925,82.61686238355867,-4296.0,-3780.0
exp_kp_001,SA_KP[base]_n100_inst0_run1,base,38400,38401,38401.0,0.4767386669991538,82.61686238355867,-4296.0,-3589.0
exp_kp_001,SA_KP[base]_n100_inst0_run1,base,38600,38601,38601.0,0.47915991699846927,82.61686238355867,-4296.0,-3510.0
exp_kp_001,SA_KP[base]_n100_inst0_run1,base,38800,38801,38801.0,0.4816236249898793,82.61686238355867,-4296.0,-3660.0
exp_kp_001,SA_KP[base]_n100_inst0_run1,base,39000,39001,39001.0,0.4841371669899672,82.61686238355867,-4296.0,-3516.0
exp_kp_001,SA_KP[base]_n100_inst0_run1,base,39200,39201,39201.0,0.48658004199387506,82.61686238355867,-4296.0,-3576.0
exp_kp_001,SA_KP[base]_n100_inst0_run1,base,39400,39401,39401.0,0.4890416669950355,82.61686238355867,-4296.0,-3169.0
exp_kp_001,SA_KP[base]_n100_inst0_run1,base,39600,39601,39601.0,0.49140754199470393,82.61686238355867,-4296.0,-3190.0
exp_kp_001,SA_KP[base]_n100_inst0_run1,base,39800,39801,39801.0,0.4937464169925079,82.61686238355867,-4296.0,-3263.0
exp_kp_001,SA_KP[base]_n100_inst0_run1,base,40000,40001,40001.0,0.4962539999978617,82.61686238355867,-4296.0,-3947.0
exp_kp_001,SA_KP[base]_n100_inst0_run1,base,40200,40201,40201.0,0.4986761670006672,81.79069375972308,-4296.0,-3633.0
exp_kp_001,SA_KP[base]_n100_inst0_run1,base,40400,40401,40401.0,0.5012908749922644,81.79069375972308,-4296.0,-3770.0
exp_kp_001,SA_KP[base]_n100_inst0_run1,base,40600,40601,40601.0,0.5035969169985037,81.79069375972308,-4296.0,-3476.0
exp_kp_001,SA_KP[base]_n100_inst0_run1,base,40800,40801,40801.0,0.5060469169984572,81.79069375972308,-4296.0,-3622.0
exp_kp_001,SA_KP[base]_n100_inst0_run1,base,41000,41001,41001.0,0.50868787500076,81.79069375972308,-4296.0,-3800.0
exp_kp_001,SA_KP[base]_n100_inst0_run1,base,41200,41201,41201.0,0.511209541989956,81.79069375972308,-4296.0,-3808.0
exp_kp_001,SA_KP[base]_n100_inst0_run1,base,41400,41401,41401.0,0.5137404169945512,81.79069375972308,-4296.0,-3595.0
exp_kp_001,SA_KP[base]_n100_inst0_run1,base,41600,41601,41601.0,0.516025749995606,81.79069375972308,-4296.0,-3390.0
exp_kp_001,SA_KP[base]_n100_inst0_run1,base,41800,41801,41801.0,0.5186069589981344,81.79069375972308,-4296.0,-3694.0
exp_kp_001,SA_KP[base]_n100_inst0_run1,base,42000,42001,42001.0,0.5212116249895189,81.79069375972308,-4296.0,-3872.0
exp_kp_001,SA_KP[base]_n100_inst0_run1,base,42200,42201,42201.0,0.5238381249946542,80.97278682212585,-4296.0,-3527.0
exp_kp_001,SA_KP[base]_n100_inst0_run1,base,42400,42401,42401.0,0.5263573749980424,80.97278682212585,-4296.0,-3544.0
exp_kp_001,SA_KP[base]_n100_inst0_run1,base,42600,42601,42601.0,0.5288616249890765,80.97278682212585,-4296.0,-3700.0
exp_kp_001,SA_KP[base]_n100_inst0_run1,base,42800,42801,42801.0,0.5312344169942662,80.97278682212585,-4296.0,-3382.0
exp_kp_001,SA_KP[base]_n100_inst0_run1,base,43000,43001,43001.0,0.5336729999980889,80.97278682212585,-4296.0,-3740.0
exp_kp_001,SA_KP[base]_n100_inst0_run1,base,43200,43201,43201.0,0.5361474169912981,80.97278682212585,-4296.0,-3511.0
exp_kp_001,SA_KP[base]_n100_inst0_run1,base,43400,43401,43401.0,0.5385862919938518,80.97278682212585,-4296.0,-3561.0
exp_kp_001,SA_KP[base]_n100_inst0_run1,base,43600,43601,43601.0,0.5408819999865955,80.97278682212585,-4296.0,-3217.0
exp_kp_001,SA_KP[base]_n100_inst0_run1,base,43800,43801,43801.0,0.5433003340003779,80.97278682212585,-4296.0,-3157.0
exp_kp_001,SA_KP[base]_n100_inst0_run1,base,44000,44001,44001.0,0.5458470839948859,80.97278682212585,-4296.0,-3540.0
exp_kp_001,SA_KP[base]_n100_inst0_run1,base,44200,44201,44201.0,0.548191041991231,80.1630589539046,-4296.0,-3049.0
exp_kp_001,SA_KP[base]_n100_inst0_run1,base,44400,44401,44401.0,0.5506357919948641,80.1630589539046,-4296.0,-3704.0
exp_kp_001,SA_KP[base]_n100_inst0_run1,base,44600,44601,44601.0,0.5532087499886984,80.1630589539046,-4296.0,-3817.0
exp_kp_001,SA_KP[base]_n100_inst0_run1,base,44800,44801,44801.0,0.5558154999889666,80.1630589539046,-4296.0,-3574.0
exp_kp_001,SA_KP[base]_n100_inst0_run1,base,45000,45001,45001.0,0.5584542919968953,80.1630589539046,-4296.0,-3739.0
exp_kp_001,SA_KP[base]_n100_inst0_run1,base,45200,45201,45201.0,0.5609939999994822,80.1630589539046,-4296.0,-3818.0
exp_kp_001,SA_KP[base]_n100_inst0_run1,base,45400,45401,45401.0,0.5635297499975422,80.1630589539046,-4296.0,-3775.0
exp_kp_001,SA_KP[base]_n100_inst0_run1,base,45600,45601,45601.0,0.5661248339893064,80.1630589539046,-4296.0,-3600.0
exp_kp_001,SA_KP[base]_n100_inst0_run1,base,45800,45801,45801.0,0.5686375419900287,80.1630589539046,-4296.0,-3608.0
exp_kp_001,SA_KP[base]_n100_inst0_run1,base,46000,46001,46001.0,0.5711689999880036,80.1630589539046,-4296.0,-3550.0
exp_kp_001,SA_KP[base]_n100_inst0_run1,base,46200,46201,46201.0,0.5735710419976385,79.36142836436555,-4296.0,-3813.0
exp_kp_001,SA_KP[base]_n100_inst0_run1,base,46400,46401,46401.0,0.5761097499926109,79.36142836436555,-4296.0,-3717.0
exp_kp_001,SA_KP[base]_n100_inst0_run1,base,46600,46601,46601.0,0.5785586669953773,79.36142836436555,-4296.0,-3573.0
exp_kp_001,SA_KP[base]_n100_inst0_run1,base,46800,46801,46801.0,0.5810067919956055,79.36142836436555,-4296.0,-3524.0
exp_kp_001,SA_KP[base]_n100_inst0_run1,base,47000,47001,47001.0,0.5835067089938093,79.36142836436555,-4296.0,-3715.0
exp_kp_001,SA_KP[base]_n100_inst0_run1,base,47200,47201,47201.0,0.5860390419984469,79.36142836436555,-4296.0,-3539.0
exp_kp_001,SA_KP[base]_n100_inst0_run1,base,47400,47401,47401.0,0.5884797920007259,79.36142836436555,-4296.0,-3546.0
exp_kp_001,SA_KP[base]_n100_inst0_run1,base,47600,47601,47601.0,0.5909990840009414,79.36142836436555,-4296.0,-3891.0
exp_kp_001,SA_KP[base]_n100_inst0_run1,base,47800,47801,47801.0,0.5934311669989256,79.36142836436555,-4296.0,-3599.0
exp_kp_001,SA_KP[base]_n100_inst0_run1,base,48000,48001,48001.0,0.5959690839954419,79.36142836436555,-4296.0,-3490.0
exp_kp_001,SA_KP[base]_n100_inst0_run1,base,48200,48201,48201.0,0.5983754999906523,78.56781408072189,-4296.0,-3834.0
exp_kp_001,SA_KP[base]_n100_inst0_run1,base,48400,48401,48401.0,0.6007711249985732,78.56781408072189,-4296.0,-3909.0
exp_kp_001,SA_KP[base]_n100_inst0_run1,base,48600,48601,48601.0,0.603544375000638,78.56781408072189,-4296.0,-3587.0
exp_kp_001,SA_KP[base]_n100_inst0_run1,base,48800,48801,48801.0,0.6064845839864574,78.56781408072189,-4296.0,-3886.0
exp_kp_001,SA_KP[base]_n100_inst0_run1,base,49000,49001,49001.0,0.6091043339984026,78.56781408072189,-4296.0,-3465.0
exp_kp_001,SA_KP[base]_n100_inst0_run1,base,49200,49201,49201.0,0.6117085000005318,78.56781408072189,-4296.0,-3850.0
exp_kp_001,SA_KP[base]_n100_inst0_run1,base,49400,49401,49401.0,0.6141908339923248,78.56781408072189,-4296.0,-3437.0
exp_kp_001,SA_KP[base]_n100_inst0_run1,base,49600,49601,49601.0,0.6166462499968475,78.56781408072189,-4296.0,-3899.0
exp_kp_001,SA_KP[base]_n100_inst0_run1,base,49800,49801,49801.0,0.6191643749916693,78.56781408072189,-4296.0,-3806.0
exp_kp_001,SA_KP[base]_n100_inst0_run1,base,49999,50000,50000.0,0.6217683750001015,0.00099,-4296.0,-3632.0
exp_kp_001,SA_KP[base]_n100_inst0_run2,base,0,1,1.0,1.0499992640689015e-05,100.0,-2790.0,-2790.0
exp_kp_001,SA_KP[base]_n100_inst0_run2,base,200,201,201.0,0.002322415995877236,100.0,-3563.0,-3355.0
exp_kp_001,SA_KP[base]_n100_inst0_run2,base,400,401,401.0,0.004694666000432335,100.0,-3735.0,-3301.0
exp_kp_001,SA_KP[base]_n100_inst0_run2,base,600,601,601.0,0.007071082989568822,100.0,-3854.0,-3852.0
exp_kp_001,SA_KP[base]_n100_inst0_run2,base,800,801,801.0,0.009550332993967459,100.0,-4041.0,-3613.0
exp_kp_001,SA_KP[base]_n100_inst0_run2,base,1000,1001,1001.0,0.012042000002111308,100.0,-4041.0,-3776.0
exp_kp_001,SA_KP[base]_n100_inst0_run2,base,1200,1201,1201.0,0.014624290997744538,100.0,-4110.0,-3922.0
exp_kp_001,SA_KP[base]_n100_inst0_run2,base,1400,1401,1401.0,0.017390291002811864,100.0,-4110.0,-3349.0
exp_kp_001,SA_KP[base]_n100_inst0_run2,base,1600,1601,1601.0,0.020067082994501106,100.0,-4110.0,-3728.0
exp_kp_001,SA_KP[base]_n100_inst0_run2,base,1800,1801,1801.0,0.022612874992773868,100.0,-4124.0,-3591.0
exp_kp_001,SA_KP[base]_n100_inst0_run2,base,2000,2001,2001.0,0.025171040993882343,100.0,-4124.0,-3375.0
exp_kp_001,SA_KP[base]_n100_inst0_run2,base,2200,2201,2201.0,0.027470165994600393,99.0,-4124.0,-3594.0
exp_kp_001,SA_KP[base]_n100_inst0_run2,base,2400,2401,2401.0,0.029898124994360842,99.0,-4124.0,-3625.0
exp_kp_001,SA_KP[base]_n100_inst0_run2,base,2600,2601,2601.0,0.03235087500070222,99.0,-4124.0,-3560.0
exp_kp_001,SA_KP[base]_n100_inst0_run2,base,2800,2801,2801.0,0.03502841599402018,99.0,-4124.0,-3369.0
exp_kp_001,SA_KP[base]_n100_inst0_run2,base,3000,3001,3001.0,0.03753416599647608,99.0,-4124.0,-3674.0
exp_kp_001,SA_KP[base]_n100_inst0_run2,base,3200,3201,3201.0,0.0400163329904899,99.0,-4124.0,-3480.0
exp_kp_001,SA_KP[base]_n100_inst0_run2,base,3400,3401,3401.0,0.0423188749991823,99.0,-4124.0,-3648.0
exp_kp_001,SA_KP[base]_n100_inst0_run2,base,3600,3601,3601.0,0.044715374999213964,99.0,-4124.0,-3320.0
exp_kp_001,SA_KP[base]_n100_inst0_run2,base,3800,3801,3801.0,0.04708683300123084,99.0,-4124.0,-3786.0
exp_kp_001,SA_KP[base]_n100_inst0_run2,base,4000,4001,4001.0,0.049757874992792495,99.0,-4124.0,-2972.0
exp_kp_001,SA_KP[base]_n100_inst0_run2,base,4200,4201,4201.0,0.05214679100026842,98.01,-4124.0,-3301.0
exp_kp_001,SA_KP[base]_n100_inst0_run2,base,4400,4401,4401.0,0.054502500002854504,98.01,-4124.0,-3183.0
exp_kp_001,SA_KP[base]_n100_inst0_run2,base,4600,4601,4601.0,0.056901582996943034,98.01,-4124.0,-3467.0
exp_kp_001,SA_KP[base]_n100_inst0_run2,base,4800,4801,4801.0,0.05928516598942224,98.01,-4124.0,-3984.0
exp_kp_001,SA_KP[base]_n100_inst0_run2,base,5000,5001,5001.0,0.06172491599863861,98.01,-4124.0,-3596.0
exp_kp_001,SA_KP[base]_n100_inst0_run2,base,5200,5201,5201.0,0.06396920800034422,98.01,-4124.0,-3621.0
exp_kp_001,SA_KP[base]_n100_inst0_run2,base,5400,5401,5401.0,0.0663665409956593,98.01,-4124.0,-3551.0
exp_kp_001,SA_KP[base]_n100_inst0_run2,base,5600,5601,5601.0,0.06879879099142272,98.01,-4124.0,-3250.0
exp_kp_001,SA_KP[base]_n100_inst0_run2,base,5800,5801,5801.0,0.07108366600004956,98.01,-4124.0,-3570.0
exp_kp_001,SA_KP[base]_n100_inst0_run2,base,6000,6001,6001.0,0.07345995800278615,98.01,-4124.0,-3388.0
exp_kp_001,SA_KP[base]_n100_inst0_run2,base,6200,6201,6201.0,0.0759389159939019,97.0299,-4124.0,-3095.0
exp_kp_001,SA_KP[base]_n100_inst0_run2,base,6400,6401,6401.0,0.07818524999311194,97.0299,-4124.0,-3579.0
exp_kp_001,SA_KP[base]_n100_inst0_run2,base,6600,6601,6601.0,0.08049312500224914,97.0299,-4124.0,-3660.0
exp_kp_001,SA_KP[base]_n100_inst0_run2,base,6800,6801,6801.0,0.08293704099196475,97.0299,-4124.0,-3523.0
exp_kp_001,SA_KP[base]_n100_inst0_run2,base,7000,7001,7001.0,0.08557754100183956,97.0299,-4124.0,-3208.0
exp_kp_001,SA_KP[base]_n100_inst0_run2,base,7200,7201,7201.0,0.08802662500238512,97.0299,-4124.0,-3444.0
exp_kp_001,SA_KP[base]_n100_inst0_run2,base,7400,7401,7401.0,0.09045712499937508,97.0299,-4124.0,-3520.0
exp_kp_001,SA_KP[base]_n100_inst0_run2,base,7600,7601,7601.0,0.09283449999929871,97.0299,-4124.0,-3434.0
exp_kp_001,SA_KP[base]_n100_inst0_run2,base,7800,7801,7801.0,0.09531474999675993,97.0299,-4124.0,-3361.0
exp_kp_001,SA_KP[base]_n100_inst0_run2,base,8000,8001,8001.0,0.09779529098886997,97.0299,-4124.0,-3404.0
exp_kp_001,SA_KP[base]_n100_inst0_run2,base,8200,8201,8201.0,0.10012254100001883,96.059601,-4124.0,-3645.0
exp_kp_001,SA_KP[base]_n100_inst0_run2,base,8400,8401,8401.0,0.1025255830027163,96.059601,-4124.0,-3702.0
exp_kp_001,SA_KP[base]_n100_inst0_run2,base,8600,8601,8601.0,0.10508566600037739,96.059601,-4124.0,-3614.0
exp_kp_001,SA_KP[base]_n100_inst0_run2,base,8800,8801,8801.0,0.10749770799884573,96.059601,-4124.0,-3350.0
exp_kp_001,SA_KP[base]_n100_inst0_run2,base,9000,9001,9001.0,0.10970770799031015,96.059601,-4124.0,-3224.0
exp_kp_001,SA_KP[base]_n100_inst0_run2,base,9200,9201,9201.0,0.11220270799822174,96.059601,-4124.0,-3398.0
exp_kp_001,SA_KP[base]_n100_inst0_run2,base,9400,9401,9401.0,0.11464279099891428,96.059601,-4124.0,-3757.0
exp_kp_001,SA_KP[base]_n100_inst0_run2,base,9600,9601,9601.0,0.1170388749887934,96.059601,-4124.0,-3598.0
exp_kp_001,SA_KP[base]_n100_inst0_run2,base,9800,9801,9801.0,0.11964479098969605,96.059601,-4124.0,-3409.0
exp_kp_001,SA_KP[base]_n100_inst0_run2,base,10000,10001,10001.0,0.1220170829910785,96.059601,-4124.0,-3681.0
exp_kp_001,SA_KP[base]_n100_inst0_run2,base,10200,10201,10201.0,0.12447799999790732,95.09900499,-4124.0,-3572.0
exp_kp_001,SA_KP[base]_n100_inst0_run2,base,10400,10401,10401.0,0.12690191599540412,95.09900499,-4124.0,-3689.0
exp_kp_001,SA_KP[base]_n100_inst0_run2,base,10600,10601,10601.0,0.1327258749952307,95.09900499,-4124.0,-3509.0
exp_kp_001,SA_KP[base]_n100_inst0_run2,base,10800,10801,10801.0,0.13513320799393114,95.09900499,-4124.0,-3636.0
exp_kp_001,SA_KP[base]_n100_inst0_run2,base,11000,11001,11001.0,0.13749591600208078,95.09900499,-4124.0,-3648.0
exp_kp_001,SA_KP[base]_n100_inst0_run2,base,11200,11201,11201.0,0.13982870799372904,95.09900499,-4124.0,-3331.0
exp_kp_001,SA_KP[base]_n100_inst0_run2,base,11400,11401,11401.0,0.14220175000082236,95.09900499,-4124.0,-3365.0
exp_kp_001,SA_KP[base]_n100_inst0_run2,base,11600,11601,11601.0,0.1446254579932429,95.09900499,-4124.0,-3452.0
exp_kp_001,SA_KP[base]_n100_inst0_run2,base,11800,11801,11801.0,0.1470932499942137,95.09900499,-4124.0,-3216.0
exp_kp_001,SA_KP[base]_n100_inst0_run2,base,12000,12001,12001.0,0.1496383329940727,95.09900499,-4124.0,-3599.0
exp_kp_001,SA_KP[base]_n100_inst0_run2,base,12200,12201,12201.0,0.15220795800269116,94.1480149401,-4124.0,-3709.0
exp_kp_001,SA_KP[base]_n100_inst0_run2,base,12400,12401,12401.0,0.15470170800108463,94.1480149401,-4124.0,-3544.0
exp_kp_001,SA_KP[base]_n100_inst0_run2,base,12600,12601,12601.0,0.15721220799605362,94.1480149401,-4124.0,-3888.0
exp_kp_001,SA_KP[base]_n100_inst0_run2,base,12800,12801,12801.0,0.15988837499753572,94.1480149401,-4124.0,-3564.0
exp_kp_001,SA_KP[base]_n100_inst0_run2,base,13000,13001,13001.0,0.16239895799662918,94.1480149401,-4124.0,-3845.0
exp_kp_001,SA_KP[base]_n100_inst0_run2,base,13200,13201,13201.0,0.16509737499291077,94.1480149401,-4124.0,-3705.0
exp_kp_001,SA_KP[base]_n100_inst0_run2,base,13400,13401,13401.0,0.16765341599239036,94.1480149401,-4124.0,-3636.0
exp_kp_001,SA_KP[base]_n100_inst0_run2,base,13600,13601,13601.0,0.17000983298930805,94.1480149401,-4124.0,-3520.0
exp_kp_001,SA_KP[base]_n100_inst0_run2,base,13800,13801,13801.0,0.17259066599945072,94.1480149401,-4124.0,-3316.0
exp_kp_001,SA_KP[base]_n100_inst0_run2,base,14000,14001,14001.0,0.17522995799663477,94.1480149401,-4124.0,-3362.0
exp_kp_001,SA_KP[base]_n100_inst0_run2,base,14200,14201,14201.0,0.17756662498868536,93.206534790699,-4124.0,-3516.0
exp_kp_001,SA_KP[base]_n100_inst0_run2,base,14400,14401,14401.0,0.1801560409949161,93.206534790699,-4124.0,-3486.0
exp_kp_001,SA_KP[base]_n100_inst0_run2,base,14600,14601,14601.0,0.18262420799874235,93.206534790699,-4124.0,-3626.0
exp_kp_001,SA_KP[base]_n100_inst0_run2,base,14800,14801,14801.0,0.18508483299228828,93.206534790699,-4124.0,-3918.0
exp_kp_001,SA_KP[base]_n100_inst0_run2,base,15000,15001,15001.0,0.18752441598917358,93.206534790699,-4124.0,-3320.0
exp_kp_001,SA_KP[base]_n100_inst0_run2,base,15200,15201,15201.0,0.1901497910002945,93.206534790699,-4125.0,-3473.0
exp_kp_001,SA_KP[base]_n100_inst0_run2,base,15400,15401,15401.0,0.19271229099831544,93.206534790699,-4125.0,-3561.0
exp_kp_001,SA_KP[base]_n100_inst0_run2,base,15600,15601,15601.0,0.19500387499283534,93.206534790699,-4125.0,-3042.0
exp_kp_001,SA_KP[base]_n100_inst0_run2,base,15800,15801,15801.0,0.19745058300031815,93.206534790699,-4125.0,-3513.0
exp_kp_001,SA_KP[base]_n100_inst0_run2,base,16000,16001,16001.0,0.199950499998522,93.206534790699,-4125.0,-3666.0
exp_kp_001,SA_KP[base]_n100_inst0_run2,base,16200,16201,16201.0,0.20259370798885357,92.27446944279201,-4125.0,-3841.0
exp_kp_001,SA_KP[base]_n100_inst0_run2,base,16400,16401,16401.0,0.2049615829891991,92.27446944279201,-4125.0,-3557.0
exp_kp_001,SA_KP[base]_n100_inst0_run2,base,16600,16601,16601.0,0.20730870799161494,92.27446944279201,-4125.0,-3567.0
exp_kp_001,SA_KP[base]_n100_inst0_run2,base,16800,16801,16801.0,0.2096667079895269,92.27446944279201,-4125.0,-3519.0
exp_kp_001,SA_KP[base]_n100_inst0_run2,base,17000,17001,17001.0,0.21206679099122994,92.27446944279201,-4125.0,-3816.0
exp_kp_001,SA_KP[base]_n100_inst0_run2,base,17200,17201,17201.0,0.21443100000033155,92.27446944279201,-4125.0,-3508.0
exp_kp_001,SA_KP[base]_n100_inst0_run2,base,17400,17401,17401.0,0.2170789999945555,92.27446944279201,-4125.0,-3836.0
exp_kp_001,SA_KP[base]_n100_inst0_run2,base,17600,17601,17601.0,0.21946812499663793,92.27446944279201,-4125.0,-3675.0
exp_kp_001,SA_KP[base]_n100_inst0_run2,base,17800,17801,17801.0,0.22184166598890442,92.27446944279201,-4125.0,-3437.0
exp_kp_001,SA_KP[base]_n100_inst0_run2,base,18000,18001,18001.0,0.22431762499036267,92.27446944279201,-4125.0,-3879.0
exp_kp_001,SA_KP[base]_n100_inst0_run2,base,18200,18201,18201.0,0.22663024999201298,91.35172474836409,-4125.0,-3157.0
exp_kp_001,SA_KP[base]_n100_inst0_run2,base,18400,18401,18401.0,0.22900437499629334,91.35172474836409,-4125.0,-3596.0
exp_kp_001,SA_KP[base]_n100_inst0_run2,base,18600,18601,18601.0,0.23136416600027587,91.35172474836409,-4125.0,-3715.0
exp_kp_001,SA_KP[base]_n100_inst0_run2,base,18800,18801,18801.0,0.23379954099073075,91.35172474836409,-4125.0,-3610.0
exp_kp_001,SA_KP[base]_n100_inst0_run2,base,19000,19001,19001.0,0.23619850000250153,91.35172474836409,-4125.0,-3640.0
exp_kp_001,SA_KP[base]_n100_inst0_run2,base,19200,19201,19201.0,0.2386406659934437,91.35172474836409,-4125.0,-3527.0
exp_kp_001,SA_KP[base]_n100_inst0_run2,base,19400,19401,19401.0,0.24090441600128543,91.35172474836409,-4125.0,-3215.0
exp_kp_001,SA_KP[base]_n100_inst0_run2,base,19600,19601,19601.0,0.24327429100230802,91.35172474836409,-4125.0,-3377.0
exp_kp_001,SA_KP[base]_n100_inst0_run2,base,19800,19801,19801.0,0.2456056249939138,91.35172474836409,-4125.0,-3569.0
exp_kp_001,SA_KP[base]_n100_inst0_run2,base,20000,20001,20001.0,0.247938582993811,91.35172474836409,-4125.0,-3437.0
exp_kp_001,SA_KP[base]_n100_inst0_run2,base,20200,20201,20201.0,0.25051395800255705,90.43820750088045,-4125.0,-3395.0
exp_kp_001,SA_KP[base]_n100_inst0_run2,base,20400,20401,20401.0,0.2530477909895126,90.43820750088045,-4125.0,-3587.0
exp_kp_001,SA_KP[base]_n100_inst0_run2,base,20600,20601,20601.0,0.25542687499546446,90.43820750088045,-4125.0,-3617.0
exp_kp_001,SA_KP[base]_n100_inst0_run2,base,20800,20801,20801.0,0.2578486659913324,90.43820750088045,-4125.0,-3756.0
exp_kp_001,SA_KP[base]_n100_inst0_run2,base,21000,21001,21001.0,0.2602448329998879,90.43820750088045,-4125.0,-3391.0
exp_kp_001,SA_KP[base]_n100_inst0_run2,base,21200,21201,21201.0,0.2625235829909798,90.43820750088045,-4125.0,-3376.0
exp_kp_001,SA_KP[base]_n100_inst0_run2,base,21400,21401,21401.0,0.26528058300027624,90.43820750088045,-4125.0,-3373.0
exp_kp_001,SA_KP[base]_n100_inst0_run2,base,21600,21601,21601.0,0.2677375409984961,90.43820750088045,-4125.0,-3378.0
exp_kp_001,SA_KP[base]_n100_inst0_run2,base,21800,21801,21801.0,0.2701286249939585,90.43820750088045,-4125.0,-3539.0
exp_kp_001,SA_KP[base]_n100_inst0_run2,base,22000,22001,22001.0,0.2724631250021048,90.43820750088045,-4125.0,-3796.0
exp_kp_001,SA_KP[base]_n100_inst0_run2,base,22200,22201,22201.0,0.27505187499627937,89.53382542587164,-4125.0,-3805.0
exp_kp_001,SA_KP[base]_n100_inst0_run2,base,22400,22401,22401.0,0.27751779099344276,89.53382542587164,-4125.0,-3458.0
exp_kp_001,SA_KP[base]_n100_inst0_run2,base,22600,22601,22601.0,0.27985320799052715,89.53382542587164,-4125.0,-3108.0
exp_kp_001,SA_KP[base]_n100_inst0_run2,base,22800,22801,22801.0,0.2823358329915209,89.53382542587164,-4125.0,-3586.0
exp_kp_001,SA_KP[base]_n100_inst0_run2,base,23000,23001,23001.0,0.2847503329976462,89.53382542587164,-4125.0,-3804.0
exp_kp_001,SA_KP[base]_n100_inst0_run2,base,23200,23201,23201.0,0.28721424999821465,89.53382542587164,-4125.0,-3731.0
exp_kp_001,SA_KP[base]_n100_inst0_run2,base,23400,23401,23401.0,0.2895547079970129,89.53382542587164,-4125.0,-3395.0
exp_kp_001,SA_KP[base]_n100_inst0_run2,base,23600,23601,23601.0,0.2919124999898486,89.53382542587164,-4125.0,-3584.0
exp_kp_001,SA_KP[base]_n100_inst0_run2,base,23800,23801,23801.0,0.2942214159993455,89.53382542587164,-4125.0,-3643.0
exp_kp_001,SA_KP[base]_n100_inst0_run2,base,24000,24001,24001.0,0.2968663329957053,89.53382542587164,-4125.0,-3609.0
exp_kp_001,SA_KP[base]_n100_inst0_run2,base,24200,24201,24201.0,0.2994125409895787,88.63848717161292,-4125.0,-3658.0
exp_kp_001,SA_KP[base]_n100_inst0_run2,base,24400,24401,24401.0,0.30194704099267256,88.63848717161292,-4125.0,-3595.0
exp_kp_001,SA_KP[base]_n100_inst0_run2,base,24600,24601,24601.0,0.304284749989165,88.63848717161292,-4125.0,-3354.0
exp_kp_001,SA_KP[base]_n100_inst0_run2,base,24800,24801,24801.0,0.3066778749926016,88.63848717161292,-4125.0,-3567.0
exp_kp_001,SA_KP[base]_n100_inst0_run2,base,25000,25001,25001.0,0.3092619579983875,88.63848717161292,-4125.0,-3694.0
exp_kp_001,SA_KP[base]_n100_inst0_run2,base,25200,25201,25201.0,0.31172145799791906,88.63848717161292,-4125.0,-3738.0
exp_kp_001,SA_KP[base]_n100_inst0_run2,base,25400,25401,25401.0,0.3140305409906432,88.63848717161292,-4125.0,-3432.0
exp_kp_001,SA_KP[base]_n100_inst0_run2,base,25600,25601,25601.0,0.3164670409896644,88.63848717161292,-4125.0,-3791.0
exp_kp_001,SA_KP[base]_n100_inst0_run2,base,25800,25801,25801.0,0.3189964159973897,88.63848717161292,-4125.0,-3904.0
exp_kp_001,SA_KP[base]_n100_inst0_run2,base,26000,26001,26001.0,0.32130487498943694,88.63848717161292,-4125.0,-3882.0
exp_kp_001,SA_KP[base]_n100_inst0_run2,base,26200,26201,26201.0,0.3237148329935735,87.75210229989679,-4125.0,-3390.0
exp_kp_001,SA_KP[base]_n100_inst0_run2,base,26400,26401,26401.0,0.32608520799840335,87.75210229989679,-4125.0,-3836.0
exp_kp_001,SA_KP[base]_n100_inst0_run2,base,26600,26601,26601.0,0.328476665992639,87.75210229989679,-4125.0,-3029.0
exp_kp_001,SA_KP[base]_n100_inst0_run2,base,26800,26801,26801.0,0.3308054999943124,87.75210229989679,-4125.0,-3310.0
exp_kp_001,SA_KP[base]_n100_inst0_run2,base,27000,27001,27001.0,0.33309741599077825,87.75210229989679,-4125.0,-3152.0
exp_kp_001,SA_KP[base]_n100_inst0_run2,base,27200,27201,27201.0,0.33544516599795315,87.75210229989679,-4125.0,-3446.0
exp_kp_001,SA_KP[base]_n100_inst0_run2,base,27400,27401,27401.0,0.33772141599911265,87.75210229989679,-4125.0,-3891.0
exp_kp_001,SA_KP[base]_n100_inst0_run2,base,27600,27601,27601.0,0.34018595798988827,87.75210229989679,-4125.0,-3448.0
exp_kp_001,SA_KP[base]_n100_inst0_run2,base,27800,27801,27801.0,0.3427757499885047,87.75210229989679,-4125.0,-3325.0
exp_kp_001,SA_KP[base]_n100_inst0_run2,base,28000,28001,28001.0,0.3454059159994358,87.75210229989679,-4125.0,-3533.0
exp_kp_001,SA_KP[base]_n100_inst0_run2,base,28200,28201,28201.0,0.34806774999015033,86.87458127689783,-4125.0,-3327.0
exp_kp_001,SA_KP[base]_n100_inst0_run2,base,28400,28401,28401.0,0.35051637499418575,86.87458127689783,-4125.0,-3761.0
exp_kp_001,SA_KP[base]_n100_inst0_run2,base,28600,28601,28601.0,0.35355729098955635,86.87458127689783,-4125.0,-3922.0
exp_kp_001,SA_KP[base]_n100_inst0_run2,base,28800,28801,28801.0,0.35615483298897743,86.87458127689783,-4125.0,-3874.0
exp_kp_001,SA_KP[base]_n100_inst0_run2,base,29000,29001,29001.0,0.35875012500036974,86.87458127689783,-4125.0,-3445.0
exp_kp_001,SA_KP[base]_n100_inst0_run2,base,29200,29201,29201.0,0.36123612499795854,86.87458127689783,-4125.0,-3685.0
exp_kp_001,SA_KP[base]_n100_inst0_run2,base,29400,29401,29401.0,0.3637617499916814,86.87458127689783,-4125.0,-3794.0
exp_kp_001,SA_KP[base]_n100_inst0_run2,base,29600,29601,29601.0,0.3661048329959158,86.87458127689783,-4125.0,-3334.0
exp_kp_001,SA_KP[base]_n100_inst0_run2,base,29800,29801,29801.0,0.3686316249950323,86.87458127689783,-4125.0,-3434.0
exp_kp_001,SA_KP[base]_n100_inst0_run2,base,30000,30001,30001.0,0.3711800829914864,86.87458127689783,-4125.0,-3507.0
exp_kp_001,SA_KP[base]_n100_inst0_run2,base,30200,30201,30201.0,0.37380895800015423,86.00583546412885,-4125.0,-3463.0
exp_kp_001,SA_KP[base]_n100_inst0_run2,base,30400,30401,30401.0,0.37628191598923877,86.00583546412885,-4125.0,-3630.0
exp_kp_001,SA_KP[base]_n100_inst0_run2,base,30600,30601,30601.0,0.378765540997847,86.00583546412885,-4125.0,-3815.0
exp_kp_001,SA_KP[base]_n100_inst0_run2,base,30800,30801,30801.0,0.38129270799981896,86.00583546412885,-4125.0,-3766.0
exp_kp_001,SA_KP[base]_n100_inst0_run2,base,31000,31001,31001.0,0.38400179099699017,86.00583546412885,-4125.0,-3658.0
exp_kp_001,SA_KP[base]_n100_inst0_run2,base,31200,31201,31201.0,0.3864939999912167,86.00583546412885,-4125.0,-3636.0
exp_kp_001,SA_KP[base]_n100_inst0_run2,base,31400,31401,31401.0,0.3889058749919059,86.00583546412885,-4165.0,-3451.0
exp_kp_001,SA_KP[base]_n100_inst0_run2,base,31600,31601,31601.0,0.3914871659944765,86.00583546412885,-4165.0,-3784.0
exp_kp_001,SA_KP[base]_n100_inst0_run2,base,31800,31801,31801.0,0.39387829099723604,86.00583546412885,-4165.0,-3719.0
exp_kp_001,SA_KP[base]_n100_inst0_run2,base,32000,32001,32001.0,0.39632349999737926,86.00583546412885,-4165.0,-3588.0
exp_kp_001,SA_KP[base]_n100_inst0_run2,base,32200,32201,32201.0,0.39887499999895226,85.14577710948755,-4165.0,-3665.0
exp_kp_001,SA_KP[base]_n100_inst0_run2,base,32400,32401,32401.0,0.40152858299552463,85.14577710948755,-4165.0,-3681.0
exp_kp_001,SA_KP[base]_n100_inst0_run2,base,32600,32601,32601.0,0.40391158299462404,85.14577710948755,-4165.0,-3614.0
exp_kp_001,SA_KP[base]_n100_inst0_run2,base,32800,32801,32801.0,0.40640416600217577,85.14577710948755,-4165.0,-3555.0
exp_kp_001,SA_KP[base]_n100_inst0_run2,base,33000,33001,33001.0,0.4088884999946458,85.14577710948755,-4165.0,-3631.0
exp_kp_001,SA_KP[base]_n100_inst0_run2,base,33200,33201,33201.0,0.4113201659929473,85.14577710948755,-4165.0,-3393.0
exp_kp_001,SA_KP[base]_n100_inst0_run2,base,33400,33401,33401.0,0.4136568329995498,85.14577710948755,-4165.0,-3543.0
exp_kp_001,SA_KP[base]_n100_inst0_run2,base,33600,33601,33601.0,0.4162165829911828,85.14577710948755,-4165.0,-3834.0
exp_kp_001,SA_KP[base]_n100_inst0_run2,base,33800,33801,33801.0,0.4188382080028532,85.14577710948755,-4165.0,-3829.0
exp_kp_001,SA_KP[base]_n100_inst0_run2,base,34000,34001,34001.0,0.4213598749920493,85.14577710948755,-4165.0,-3974.0
exp_kp_001,SA_KP[base]_n100_inst0_run2,base,34200,34201,34201.0,0.42405474999395665,84.29431933839268,-4165.0,-3412.0
exp_kp_001,SA_KP[base]_n100_inst0_run2,base,34400,34401,34401.0,0.4281383749912493,84.29431933839268,-4165.0,-3458.0
exp_kp_001,SA_KP[base]_n100_inst0_run2,base,34600,34601,34601.0,0.4315484580001794,84.29431933839268,-4165.0,-3694.0
exp_kp_001,SA_KP[base]_n100_inst0_run2,base,34800,34801,34801.0,0.43576199999370147,84.29431933839268,-4165.0,-3563.0
exp_kp_001,SA_KP[base]_n100_inst0_run2,base,35000,35001,35001.0,0.43848749999597203,84.29431933839268,-4165.0,-3758.0
exp_kp_001,SA_KP[base]_n100_inst0_run2,base,35200,35201,35201.0,0.4428098329954082,84.29431933839268,-4165.0,-3576.0
exp_kp_001,SA_KP[base]_n100_inst0_run2,base,35400,35401,35401.0,0.44550424999033567,84.29431933839268,-4165.0,-3666.0
exp_kp_001,SA_KP[base]_n100_inst0_run2,base,35600,35601,35601.0,0.4481295829900773,84.29431933839268,-4165.0,-3917.0
exp_kp_001,SA_KP[base]_n100_inst0_run2,base,35800,35801,35801.0,0.4506440830009524,84.29431933839268,-4165.0,-3411.0
exp_kp_001,SA_KP[base]_n100_inst0_run2,base,36000,36001,36001.0,0.4532245409936877,84.29431933839268,-4165.0,-3526.0
exp_kp_001,SA_KP[base]_n100_inst0_run2,base,36200,36201,36201.0,0.45552520800265484,83.45137614500875,-4165.0,-3237.0
exp_kp_001,SA_KP[base]_n100_inst0_run2,base,36400,36401,36401.0,0.45797858299920335,83.45137614500875,-4165.0,-3608.0
exp_kp_001,SA_KP[base]_n100_inst0_run2,base,36600,36601,36601.0,0.46043420799833257,83.45137614500875,-4165.0,-3537.0
exp_kp_001,SA_KP[base]_n100_inst0_run2,base,36800,36801,36801.0,0.46278983299271204,83.45137614500875,-4165.0,-3606.0
exp_kp_001,SA_KP[base]_n100_inst0_run2,base,37000,37001,37001.0,0.4654827909980668,83.45137614500875,-4165.0,-3475.0
exp_kp_001,SA_KP[base]_n100_inst0_run2,base,37200,37201,37201.0,0.4684446659957757,83.45137614500875,-4165.0,-3790.0
exp_kp_001,SA_KP[base]_n100_inst0_run2,base,37400,37401,37401.0,0.47097904099791776,83.45137614500875,-4165.0,-3663.0
exp_kp_001,SA_KP[base]_n100_inst0_run2,base,37600,37601,37601.0,0.47356566599046346,83.45137614500875,-4165.0,-3351.0
exp_kp_001,SA_KP[base]_n100_inst0_run2,base,37800,37801,37801.0,0.4760467079904629,83.45137614500875,-4165.0,-3473.0
exp_kp_001,SA_KP[base]_n100_inst0_run2,base,38000,38001,38001.0,0.4786492499988526,83.45137614500875,-4165.0,-3605.0
exp_kp_001,SA_KP[base]_n100_inst0_run2,base,38200,38201,38201.0,0.4815904159913771,82.61686238355867,-4165.0,-3795.0
exp_kp_001,SA_KP[base]_n100_inst0_run2,base,38400,38401,38401.0,0.48418954099179246,82.61686238355867,-4165.0,-3365.0
exp_kp_001,SA_KP[base]_n100_inst0_run2,base,38600,38601,38601.0,0.4867522499989718,82.61686238355867,-4165.0,-3723.0
exp_kp_001,SA_KP[base]_n100_inst0_run2,base,38800,38801,38801.0,0.4892688330000965,82.61686238355867,-4165.0,-3315.0
exp_kp_001,SA_KP[base]_n100_inst0_run2,base,39000,39001,39001.0,0.49181441598921083,82.61686238355867,-4165.0,-3905.0
exp_kp_001,SA_KP[base]_n100_inst0_run2,base,39200,39201,39201.0,0.4943440409988398,82.61686238355867,-4165.0,-3464.0
exp_kp_001,SA_KP[base]_n100_inst0_run2,base,39400,39401,39401.0,0.4968728329986334,82.61686238355867,-4165.0,-3384.0
exp_kp_001,SA_KP[base]_n100_inst0_run2,base,39600,39601,39601.0,0.49978637498861644,82.61686238355867,-4165.0,-3797.0
exp_kp_001,SA_KP[base]_n100_inst0_run2,base,39800,39801,39801.0,0.5024035410024226,82.61686238355867,-4165.0,-3879.0
exp_kp_001,SA_KP[base]_n100_inst0_run2,base,40000,40001,40001.0,0.5051149999926565,82.61686238355867,-4165.0,-3443.0
exp_kp_001,SA_KP[base]_n100_inst0_run2,base,40200,40201,40201.0,0.5077114159939811,81.79069375972308,-4165.0,-3640.0
exp_kp_001,SA_KP[base]_n100_inst0_run2,base,40400,40401,40401.0,0.5103098749968922,81.79069375972308,-4165.0,-3494.0
exp_kp_001,SA_KP[base]_n100_inst0_run2,base,40600,40601,40601.0,0.5129808329947991,81.79069375972308,-4165.0,-3779.0
exp_kp_001,SA_KP[base]_n100_inst0_run2,base,40800,40801,40801.0,0.5158106250019046,81.79069375972308,-4165.0,-4086.0
exp_kp_001,SA_KP[base]_n100_inst0_run2,base,41000,41001,41001.0,0.5184910829993896,81.79069375972308,-4281.0,-2934.0
exp_kp_001,SA_KP[base]_n100_inst0_run2,base,41200,41201,41201.0,0.5210899999947287,81.79069375972308,-4281.0,-3900.0
exp_kp_001,SA_KP[base]_n100_inst0_run2,base,41400,41401,41401.0,0.5236254999908851,81.79069375972308,-4281.0,-3612.0
exp_kp_001,SA_KP[base]_n100_inst0_run2,base,41600,41601,41601.0,0.5259988749894546,81.79069375972308,-4281.0,-3756.0
exp_kp_001,SA_KP[base]_n100_inst0_run2,base,41800,41801,41801.0,0.5284881249972386,81.79069375972308,-4281.0,-3403.0
exp_kp_001,SA_KP[base]_n100_inst0_run2,base,42000,42001,42001.0,0.5312822499981849,81.79069375972308,-4281.0,-3752.0
exp_kp_001,SA_KP[base]_n100_inst0_run2,base,42200,42201,42201.0,0.5337684999976773,80.97278682212585,-4281.0,-3721.0
exp_kp_001,SA_KP[base]_n100_inst0_run2,base,42400,42401,42401.0,0.5364002499991329,80.97278682212585,-4281.0,-3917.0
exp_kp_001,SA_KP[base]_n100_inst0_run2,base,42600,42601,42601.0,0.5390022909996333,80.97278682212585,-4281.0,-3355.0
exp_kp_001,SA_KP[base]_n100_inst0_run2,base,42800,42801,42801.0,0.5414959159970749,80.97278682212585,-4281.0,-3698.0
exp_kp_001,SA_KP[base]_n100_inst0_run2,base,43000,43001,43001.0,0.5449509999889415,80.97278682212585,-4281.0,-3967.0
exp_kp_001,SA_KP[base]_n100_inst0_run2,base,43200,43201,43201.0,0.5475002079911064,80.97278682212585,-4281.0,-3371.0
exp_kp_001,SA_KP[base]_n100_inst0_run2,base,43400,43401,43401.0,0.5499914579995675,80.97278682212585,-4281.0,-3421.0
exp_kp_001,SA_KP[base]_n100_inst0_run2,base,43600,43601,43601.0,0.5525835829903372,80.97278682212585,-4281.0,-3652.0
exp_kp_001,SA_KP[base]_n100_inst0_run2,base,43800,43801,43801.0,0.5550927079893881,80.97278682212585,-4281.0,-3582.0
exp_kp_001,SA_KP[base]_n100_inst0_run2,base,44000,44001,44001.0,0.5577353749977192,80.97278682212585,-4281.0,-3712.0
exp_kp_001,SA_KP[base]_n100_inst0_run2,base,44200,44201,44201.0,0.5602839999919524,80.1630589539046,-4281.0,-3570.0
exp_kp_001,SA_KP[base]_n100_inst0_run2,base,44400,44401,44401.0,0.5629080829967279,80.1630589539046,-4281.0,-3685.0
exp_kp_001,SA_KP[base]_n100_inst0_run2,base,44600,44601,44601.0,0.5656302080024034,80.1630589539046,-4281.0,-3577.0
exp_kp_001,SA_KP[base]_n100_inst0_run2,base,44800,44801,44801.0,0.5682109159970423,80.1630589539046,-4281.0,-3471.0
exp_kp_001,SA_KP[base]_n100_inst0_run2,base,45000,45001,45001.0,0.5706835000019055,80.1630589539046,-4281.0,-3427.0
exp_kp_001,SA_KP[base]_n100_inst0_run2,base,45200,45201,45201.0,0.5733251659985399,80.1630589539046,-4281.0,-3654.0
exp_kp_001,SA_KP[base]_n100_inst0_run2,base,45400,45401,45401.0,0.5759979159920476,80.1630589539046,-4281.0,-3930.0
exp_kp_001,SA_KP[base]_n100_inst0_run2,base,45600,45601,45601.0,0.5786586249887478,80.1630589539046,-4281.0,-3761.0
exp_kp_001,SA_KP[base]_n100_inst0_run2,base,45800,45801,45801.0,0.5812173329904908,80.1630589539046,-4281.0,-3854.0
exp_kp_001,SA_KP[base]_n100_inst0_run2,base,46000,46001,46001.0,0.5836826659942744,80.1630589539046,-4281.0,-3674.0
exp_kp_001,SA_KP[base]_n100_inst0_run2,base,46200,46201,46201.0,0.5862041249929462,79.36142836436555,-4281.0,-3239.0
exp_kp_001,SA_KP[base]_n100_inst0_run2,base,46400,46401,46401.0,0.588791707996279,79.36142836436555,-4281.0,-3590.0
exp_kp_001,SA_KP[base]_n100_inst0_run2,base,46600,46601,46601.0,0.5912702909990912,79.36142836436555,-4281.0,-3671.0
exp_kp_001,SA_KP[base]_n100_inst0_run2,base,46800,46801,46801.0,0.5938199999945937,79.36142836436555,-4281.0,-3626.0
exp_kp_001,SA_KP[base]_n100_inst0_run2,base,47000,47001,47001.0,0.5962166249955771,79.36142836436555,-4281.0,-3216.0
exp_kp_001,SA_KP[base]_n100_inst0_run2,base,47200,47201,47201.0,0.5987274579965742,79.36142836436555,-4281.0,-3485.0
exp_kp_001,SA_KP[base]_n100_inst0_run2,base,47400,47401,47401.0,0.6013207910000347,79.36142836436555,-4281.0,-3585.0
exp_kp_001,SA_KP[base]_n100_inst0_run2,base,47600,47601,47601.0,0.6037967500014929,79.36142836436555,-4281.0,-3300.0
exp_kp_001,SA_KP[base]_n100_inst0_run2,base,47800,47801,47801.0,0.6062934159999713,79.36142836436555,-4281.0,-3382.0
exp_kp_001,SA_KP[base]_n100_inst0_run2,base,48000,48001,48001.0,0.6089551659970311,79.36142836436555,-4281.0,-3710.0
exp_kp_001,SA_KP[base]_n100_inst0_run2,base,48200,48201,48201.0,0.6114923330023885,78.56781408072189,-4281.0,-3547.0
exp_kp_001,SA_KP[base]_n100_inst0_run2,base,48400,48401,48401.0,0.6139649159886176,78.56781408072189,-4281.0,-3493.0
exp_kp_001,SA_KP[base]_n100_inst0_run2,base,48600,48601,48601.0,0.6165575409977464,78.56781408072189,-4281.0,-3503.0
exp_kp_001,SA_KP[base]_n100_inst0_run2,base,48800,48801,48801.0,0.6191914579976583,78.56781408072189,-4281.0,-3624.0
exp_kp_001,SA_KP[base]_n100_inst0_run2,base,49000,49001,49001.0,0.6217599579977104,78.56781408072189,-4281.0,-3778.0
exp_kp_001,SA_KP[base]_n100_inst0_run2,base,49200,49201,49201.0,0.624292249995051,78.56781408072189,-4281.0,-3727.0
exp_kp_001,SA_KP[base]_n100_inst0_run2,base,49400,49401,49401.0,0.6268997079896508,78.56781408072189,-4281.0,-3693.0
exp_kp_001,SA_KP[base]_n100_inst0_run2,base,49600,49601,49601.0,0.6292855409992626,78.56781408072189,-4281.0,-3548.0
exp_kp_001,SA_KP[base]_n100_inst0_run2,base,49800,49801,49801.0,0.6318497499887599,78.56781408072189,-4281.0,-3517.0
exp_kp_001,SA_KP[base]_n100_inst0_run2,base,49999,50000,50000.0,0.6343476249894593,0.00099,-4281.0,-3754.0
exp_kp_001,SA_KP[base]_n100_inst1_run0,base,0,1,1.0,1.0583011317066848e-05,100.0,-3207.0,-3207.0
exp_kp_001,SA_KP[base]_n100_inst1_run0,base,200,201,201.0,0.00241854100022465,100.0,-3562.0,-3283.0
exp_kp_001,SA_KP[base]_n100_inst1_run0,base,400,401,401.0,0.0047231659991666675,100.0,-3711.0,-3511.0
exp_kp_001,SA_KP[base]_n100_inst1_run0,base,600,601,601.0,0.007096916000591591,100.0,-3711.0,-3177.0
exp_kp_001,SA_KP[base]_n100_inst1_run0,base,800,801,801.0,0.009583083010511473,100.0,-3711.0,-3506.0
exp_kp_001,SA_KP[base]_n100_inst1_run0,base,1000,1001,1001.0,0.012152541006798856,100.0,-3711.0,-3371.0
exp_kp_001,SA_KP[base]_n100_inst1_run0,base,1200,1201,1201.0,0.014591625003959052,100.0,-3711.0,-3355.0
exp_kp_001,SA_KP[base]_n100_inst1_run0,base,1400,1401,1401.0,0.01714537500811275,100.0,-3711.0,-3454.0
exp_kp_001,SA_KP[base]_n100_inst1_run0,base,1600,1601,1601.0,0.01958287500019651,100.0,-3711.0,-3242.0
exp_kp_001,SA_KP[base]_n100_inst1_run0,base,1800,1801,1801.0,0.02192891600134317,100.0,-3711.0,-3287.0
exp_kp_001,SA_KP[base]_n100_inst1_run0,base,2000,2001,2001.0,0.024357665999559686,100.0,-3762.0,-3675.0
exp_kp_001,SA_KP[base]_n100_inst1_run0,base,2200,2201,2201.0,0.02663912500429433,99.0,-3770.0,-3453.0
exp_kp_001,SA_KP[base]_n100_inst1_run0,base,2400,2401,2401.0,0.02898858299886342,99.0,-3770.0,-3107.0
exp_kp_001,SA_KP[base]_n100_inst1_run0,base,2600,2601,2601.0,0.031383666006149724,99.0,-3770.0,-3264.0
exp_kp_001,SA_KP[base]_n100_inst1_run0,base,2800,2801,2801.0,0.03375120800046716,99.0,-3770.0,-3343.0
exp_kp_001,SA_KP[base]_n100_inst1_run0,base,3000,3001,3001.0,0.03607450000708923,99.0,-3770.0,-3431.0
exp_kp_001,SA_KP[base]_n100_inst1_run0,base,3200,3201,3201.0,0.03831929100851994,99.0,-3770.0,-3096.0
exp_kp_001,SA_KP[base]_n100_inst1_run0,base,3400,3401,3401.0,0.040722375008044764,99.0,-3770.0,-3387.0
exp_kp_001,SA_KP[base]_n100_inst1_run0,base,3600,3601,3601.0,0.04297166600008495,99.0,-3770.0,-3353.0
exp_kp_001,SA_KP[base]_n100_inst1_run0,base,3800,3801,3801.0,0.04550737500539981,99.0,-3838.0,-3564.0
exp_kp_001,SA_KP[base]_n100_inst1_run0,base,4000,4001,4001.0,0.04805050000140909,99.0,-3838.0,-2939.0
exp_kp_001,SA_KP[base]_n100_inst1_run0,base,4200,4201,4201.0,0.05055433300731238,98.01,-3838.0,-3645.0
exp_kp_001,SA_KP[base]_n100_inst1_run0,base,4400,4401,4401.0,0.05305766600940842,98.01,-3838.0,-3221.0
exp_kp_001,SA_KP[base]_n100_inst1_run0,base,4600,4601,4601.0,0.055447333012125455,98.01,-3838.0,-2995.0
exp_kp_001,SA_KP[base]_n100_inst1_run0,base,4800,4801,4801.0,0.05785775001277216,98.01,-3838.0,-3658.0
exp_kp_001,SA_KP[base]_n100_inst1_run0,base,5000,5001,5001.0,0.06024208301096223,98.01,-3838.0,-3141.0
exp_kp_001,SA_KP[base]_n100_inst1_run0,base,5200,5201,5201.0,0.06261191600060556,98.01,-3838.0,-3112.0
exp_kp_001,SA_KP[base]_n100_inst1_run0,base,5400,5401,5401.0,0.06503420800436288,98.01,-3838.0,-3250.0
exp_kp_001,SA_KP[base]_n100_inst1_run0,base,5600,5601,5601.0,0.06742495800426695,98.01,-3838.0,-2731.0
exp_kp_001,SA_KP[base]_n100_inst1_run0,base,5800,5801,5801.0,0.06981066599837504,98.01,-3838.0,-3166.0
exp_kp_001,SA_KP[base]_n100_inst1_run0,base,6000,6001,6001.0,0.07217220800521318,98.01,-3838.0,-3110.0
exp_kp_001,SA_KP[base]_n100_inst1_run0,base,6200,6201,6201.0,0.07449425000231713,97.0299,-3838.0,-3464.0
exp_kp_001,SA_KP[base]_n100_inst1_run0,base,6400,6401,6401.0,0.07697495800675824,97.0299,-3840.0,-3549.0
exp_kp_001,SA_KP[base]_n100_inst1_run0,base,6600,6601,6601.0,0.07943016600620467,97.0299,-3840.0,-3380.0
exp_kp_001,SA_KP[base]_n100_inst1_run0,base,6800,6801,6801.0,0.081843874999322,97.0299,-3840.0,-2883.0
exp_kp_001,SA_KP[base]_n100_inst1_run0,base,7000,7001,7001.0,0.08414779099985026,97.0299,-3840.0,-2708.0
exp_kp_001,SA_KP[base]_n100_inst1_run0,base,7200,7201,7201.0,0.08654295800079126,97.0299,-3840.0,-3399.0
exp_kp_001,SA_KP[base]_n100_inst1_run0,base,7400,7401,7401.0,0.08906512500834651,97.0299,-3840.0,-3539.0
exp_kp_001,SA_KP[base]_n100_inst1_run0,base,7600,7601,7601.0,0.0914162500121165,97.0299,-3840.0,-3429.0
exp_kp_001,SA_KP[base]_n100_inst1_run0,base,7800,7801,7801.0,0.09383024999988265,97.0299,-3840.0,-2997.0
exp_kp_001,SA_KP[base]_n100_inst1_run0,base,8000,8001,8001.0,0.0961884580028709,97.0299,-3840.0,-3321.0
exp_kp_001,SA_KP[base]_n100_inst1_run0,base,8200,8201,8201.0,0.09859566600061953,96.059601,-3840.0,-3271.0
exp_kp_001,SA_KP[base]_n100_inst1_run0,base,8400,8401,8401.0,0.10101162501086947,96.059601,-3840.0,-3373.0
exp_kp_001,SA_KP[base]_n100_inst1_run0,base,8600,8601,8601.0,0.10333958300179802,96.059601,-3840.0,-3633.0
exp_kp_001,SA_KP[base]_n100_inst1_run0,base,8800,8801,8801.0,0.10569729100097902,96.059601,-3840.0,-3377.0
exp_kp_001,SA_KP[base]_n100_inst1_run0,base,9000,9001,9001.0,0.1080599999986589,96.059601,-3840.0,-2960.0
exp_kp_001,SA_KP[base]_n100_inst1_run0,base,9200,9201,9201.0,0.11055079101060983,96.059601,-3840.0,-3447.0
exp_kp_001,SA_KP[base]_n100_inst1_run0,base,9400,9401,9401.0,0.11292970800423063,96.059601,-3840.0,-3209.0
exp_kp_001,SA_KP[base]_n100_inst1_run0,base,9600,9601,9601.0,0.11535754099895712,96.059601,-3840.0,-3339.0
exp_kp_001,SA_KP[base]_n100_inst1_run0,base,9800,9801,9801.0,0.11776020799879916,96.059601,-3840.0,-3371.0
exp_kp_001,SA_KP[base]_n100_inst1_run0,base,10000,10001,10001.0,0.12017554100020789,96.059601,-3840.0,-2931.0
exp_kp_001,SA_KP[base]_n100_inst1_run0,base,10200,10201,10201.0,0.12255195800389629,95.09900499,-3840.0,-3353.0
exp_kp_001,SA_KP[base]_n100_inst1_run0,base,10400,10401,10401.0,0.1248997080110712,95.09900499,-3840.0,-3053.0
exp_kp_001,SA_KP[base]_n100_inst1_run0,base,10600,10601,10601.0,0.1273260830057552,95.09900499,-3840.0,-3571.0
exp_kp_001,SA_KP[base]_n100_inst1_run0,base,10800,10801,10801.0,0.12984716601204127,95.09900499,-3840.0,-3516.0
exp_kp_001,SA_KP[base]_n100_inst1_run0,base,11000,11001,11001.0,0.13236062500800472,95.09900499,-3851.0,-3292.0
exp_kp_001,SA_KP[base]_n100_inst1_run0,base,11200,11201,11201.0,0.1347093750082422,95.09900499,-3851.0,-3742.0
exp_kp_001,SA_KP[base]_n100_inst1_run0,base,11400,11401,11401.0,0.13720491601270624,95.09900499,-3882.0,-3591.0
exp_kp_001,SA_KP[base]_n100_inst1_run0,base,11600,11601,11601.0,0.13963850001164246,95.09900499,-3882.0,-3350.0
exp_kp_001,SA_KP[base]_n100_inst1_run0,base,11800,11801,11801.0,0.14192275000095833,95.09900499,-3882.0,-3381.0
exp_kp_001,SA_KP[base]_n100_inst1_run0,base,12000,12001,12001.0,0.14434579100634437,95.09900499,-3882.0,-3297.0
exp_kp_001,SA_KP[base]_n100_inst1_run0,base,12200,12201,12201.0,0.14668470800097566,94.1480149401,-3882.0,-3429.0
exp_kp_001,SA_KP[base]_n100_inst1_run0,base,12400,12401,12401.0,0.1489604579983279,94.1480149401,-3882.0,-3235.0
exp_kp_001,SA_KP[base]_n100_inst1_run0,base,12600,12601,12601.0,0.15147187501133885,94.1480149401,-3882.0,-3632.0
exp_kp_001,SA_KP[base]_n100_inst1_run0,base,12800,12801,12801.0,0.15400716599833686,94.1480149401,-3907.0,-3389.0
exp_kp_001,SA_KP[base]_n100_inst1_run0,base,13000,13001,13001.0,0.15642741600458976,94.1480149401,-3907.0,-3382.0
exp_kp_001,SA_KP[base]_n100_inst1_run0,base,13200,13201,13201.0,0.1588570830062963,94.1480149401,-3907.0,-3077.0
exp_kp_001,SA_KP[base]_n100_inst1_run0,base,13400,13401,13401.0,0.16116500001226086,94.1480149401,-3907.0,-3374.0
exp_kp_001,SA_KP[base]_n100_inst1_run0,base,13600,13601,13601.0,0.16353579101269133,94.1480149401,-3907.0,-3147.0
exp_kp_001,SA_KP[base]_n100_inst1_run0,base,13800,13801,13801.0,0.1659837910119677,94.1480149401,-3907.0,-3597.0
exp_kp_001,SA_KP[base]_n100_inst1_run0,base,14000,14001,14001.0,0.16833416601002682,94.1480149401,-3907.0,-3187.0
exp_kp_001,SA_KP[base]_n100_inst1_run0,base,14200,14201,14201.0,0.17080933300894685,93.206534790699,-3907.0,-3272.0
exp_kp_001,SA_KP[base]_n100_inst1_run0,base,14400,14401,14401.0,0.17328750000160653,93.206534790699,-3907.0,-3139.0
exp_kp_001,SA_KP[base]_n100_inst1_run0,base,14600,14601,14601.0,0.17565441600163467,93.206534790699,-3907.0,-3329.0
exp_kp_001,SA_KP[base]_n100_inst1_run0,base,14800,14801,14801.0,0.17816837500140537,93.206534790699,-3907.0,-3407.0
exp_kp_001,SA_KP[base]_n100_inst1_run0,base,15000,15001,15001.0,0.18051533300604206,93.206534790699,-3907.0,-3064.0
exp_kp_001,SA_KP[base]_n100_inst1_run0,base,15200,15201,15201.0,0.18292112500057556,93.206534790699,-3907.0,-3436.0
exp_kp_001,SA_KP[base]_n100_inst1_run0,base,15400,15401,15401.0,0.18535504100145772,93.206534790699,-3907.0,-3111.0
exp_kp_001,SA_KP[base]_n100_inst1_run0,base,15600,15601,15601.0,0.18776058300863951,93.206534790699,-3907.0,-3359.0
exp_kp_001,SA_KP[base]_n100_inst1_run0,base,15800,15801,15801.0,0.19021516600332689,93.206534790699,-3907.0,-3482.0
exp_kp_001,SA_KP[base]_n100_inst1_run0,base,16000,16001,16001.0,0.19274129100085702,93.206534790699,-3907.0,-3753.0
exp_kp_001,SA_KP[base]_n100_inst1_run0,base,16200,16201,16201.0,0.1950695830018958,92.27446944279201,-3907.0,-3120.0
exp_kp_001,SA_KP[base]_n100_inst1_run0,base,16400,16401,16401.0,0.197510833007982,92.27446944279201,-3907.0,-3475.0
exp_kp_001,SA_KP[base]_n100_inst1_run0,base,16600,16601,16601.0,0.19993966601032298,92.27446944279201,-3907.0,-3537.0
exp_kp_001,SA_KP[base]_n100_inst1_run0,base,16800,16801,16801.0,0.20238437500665896,92.27446944279201,-3907.0,-3756.0
exp_kp_001,SA_KP[base]_n100_inst1_run0,base,17000,17001,17001.0,0.20482654101215303,92.27446944279201,-3907.0,-3805.0
exp_kp_001,SA_KP[base]_n100_inst1_run0,base,17200,17201,17201.0,0.20727400000032503,92.27446944279201,-3907.0,-3268.0
exp_kp_001,SA_KP[base]_n100_inst1_run0,base,17400,17401,17401.0,0.20966237501124851,92.27446944279201,-3907.0,-3472.0
exp_kp_001,SA_KP[base]_n100_inst1_run0,base,17600,17601,17601.0,0.21202983301191125,92.27446944279201,-3907.0,-3323.0
exp_kp_001,SA_KP[base]_n100_inst1_run0,base,17800,17801,17801.0,0.21435929099970963,92.27446944279201,-3907.0,-3147.0
exp_kp_001,SA_KP[base]_n100_inst1_run0,base,18000,18001,18001.0,0.21680595799989533,92.27446944279201,-3907.0,-3397.0
exp_kp_001,SA_KP[base]_n100_inst1_run0,base,18200,18201,18201.0,0.21919862501090392,91.35172474836409,-3907.0,-3482.0
exp_kp_001,SA_KP[base]_n100_inst1_run0,base,18400,18401,18401.0,0.22183270800451282,91.35172474836409,-3907.0,-3508.0
exp_kp_001,SA_KP[base]_n100_inst1_run0,base,18600,18601,18601.0,0.22441758299828507,91.35172474836409,-3907.0,-3348.0
exp_kp_001,SA_KP[base]_n100_inst1_run0,base,18800,18801,18801.0,0.22684262500843033,91.35172474836409,-3907.0,-3262.0
exp_kp_001,SA_KP[base]_n100_inst1_run0,base,19000,19001,19001.0,0.22915608300536405,91.35172474836409,-3907.0,-3553.0
exp_kp_001,SA_KP[base]_n100_inst1_run0,base,19200,19201,19201.0,0.23166975000640377,91.35172474836409,-3907.0,-3310.0
exp_kp_001,SA_KP[base]_n100_inst1_run0,base,19400,19401,19401.0,0.23405937501229346,91.35172474836409,-3907.0,-3065.0
exp_kp_001,SA_KP[base]_n100_inst1_run0,base,19600,19601,19601.0,0.23638937500072643,91.35172474836409,-3907.0,-3081.0
exp_kp_001,SA_KP[base]_n100_inst1_run0,base,19800,19801,19801.0,0.23874045800766908,91.35172474836409,-3907.0,-3700.0
exp_kp_001,SA_KP[base]_n100_inst1_run0,base,20000,20001,20001.0,0.24112287499883678,91.35172474836409,-3907.0,-3552.0
exp_kp_001,SA_KP[base]_n100_inst1_run0,base,20200,20201,20201.0,0.24349058300140314,90.43820750088045,-3907.0,-3308.0
exp_kp_001,SA_KP[base]_n100_inst1_run0,base,20400,20401,20401.0,0.2460649580025347,90.43820750088045,-3907.0,-3637.0
exp_kp_001,SA_KP[base]_n100_inst1_run0,base,20600,20601,20601.0,0.24839375000738073,90.43820750088045,-3907.0,-3184.0
exp_kp_001,SA_KP[base]_n100_inst1_run0,base,20800,20801,20801.0,0.2507271250069607,90.43820750088045,-3907.0,-3242.0
exp_kp_001,SA_KP[base]_n100_inst1_run0,base,21000,21001,21001.0,0.25320054100302514,90.43820750088045,-3907.0,-3211.0
exp_kp_001,SA_KP[base]_n100_inst1_run0,base,21200,21201,21201.0,0.2556037910107989,90.43820750088045,-3907.0,-3229.0
exp_kp_001,SA_KP[base]_n100_inst1_run0,base,21400,21401,21401.0,0.2579518749989802,90.43820750088045,-3907.0,-3580.0
exp_kp_001,SA_KP[base]_n100_inst1_run0,base,21600,21601,21601.0,0.2603450410097139,90.43820750088045,-3907.0,-3411.0
exp_kp_001,SA_KP[base]_n100_inst1_run0,base,21800,21801,21801.0,0.26284429100633133,90.43820750088045,-3907.0,-3516.0
exp_kp_001,SA_KP[base]_n100_inst1_run0,base,22000,22001,22001.0,0.26540570800716523,90.43820750088045,-3907.0,-3257.0
exp_kp_001,SA_KP[base]_n100_inst1_run0,base,22200,22201,22201.0,0.2679353749990696,89.53382542587164,-3964.0,-3829.0
exp_kp_001,SA_KP[base]_n100_inst1_run0,base,22400,22401,22401.0,0.27041858300799504,89.53382542587164,-3964.0,-3254.0
exp_kp_001,SA_KP[base]_n100_inst1_run0,base,22600,22601,22601.0,0.27286525000818074,89.53382542587164,-3964.0,-3314.0
exp_kp_001,SA_KP[base]_n100_inst1_run0,base,22800,22801,22801.0,0.2753412500023842,89.53382542587164,-3964.0,-3549.0
exp_kp_001,SA_KP[base]_n100_inst1_run0,base,23000,23001,23001.0,0.2777521250100108,89.53382542587164,-3964.0,-3414.0
exp_kp_001,SA_KP[base]_n100_inst1_run0,base,23200,23201,23201.0,0.280364083009772,89.53382542587164,-3990.0,-3787.0
exp_kp_001,SA_KP[base]_n100_inst1_run0,base,23400,23401,23401.0,0.2828892500110669,89.53382542587164,-3990.0,-3257.0
exp_kp_001,SA_KP[base]_n100_inst1_run0,base,23600,23601,23601.0,0.28526225000678096,89.53382542587164,-3990.0,-3261.0
exp_kp_001,SA_KP[base]_n100_inst1_run0,base,23800,23801,23801.0,0.2877747080055997,89.53382542587164,-3990.0,-3391.0
exp_kp_001,SA_KP[base]_n100_inst1_run0,base,24000,24001,24001.0,0.29013225001108367,89.53382542587164,-3990.0,-3391.0
exp_kp_001,SA_KP[base]_n100_inst1_run0,base,24200,24201,24201.0,0.29274395800894126,88.63848717161292,-3990.0,-3533.0
exp_kp_001,SA_KP[base]_n100_inst1_run0,base,24400,24401,24401.0,0.2951805410120869,88.63848717161292,-3990.0,-3709.0
exp_kp_001,SA_KP[base]_n100_inst1_run0,base,24600,24601,24601.0,0.29775825000251643,88.63848717161292,-3990.0,-3432.0
exp_kp_001,SA_KP[base]_n100_inst1_run0,base,24800,24801,24801.0,0.30012829101178795,88.63848717161292,-3990.0,-3165.0
exp_kp_001,SA_KP[base]_n100_inst1_run0,base,25000,25001,25001.0,0.3026147500058869,88.63848717161292,-3990.0,-3538.0
exp_kp_001,SA_KP[base]_n100_inst1_run0,base,25200,25201,25201.0,0.30513691600936,88.63848717161292,-4000.0,-3563.0
exp_kp_001,SA_KP[base]_n100_inst1_run0,base,25400,25401,25401.0,0.30762829100422096,88.63848717161292,-4000.0,-3195.0
exp_kp_001,SA_KP[base]_n100_inst1_run0,base,25600,25601,25601.0,0.3100695830071345,88.63848717161292,-4000.0,-3292.0
exp_kp_001,SA_KP[base]_n100_inst1_run0,base,25800,25801,25801.0,0.3123608330060961,88.63848717161292,-4000.0,-2763.0
exp_kp_001,SA_KP[base]_n100_inst1_run0,base,26000,26001,26001.0,0.31483524999930523,88.63848717161292,-4000.0,-3339.0
exp_kp_001,SA_KP[base]_n100_inst1_run0,base,26200,26201,26201.0,0.3171751660120208,87.75210229989679,-4000.0,-3028.0
exp_kp_001,SA_KP[base]_n100_inst1_run0,base,26400,26401,26401.0,0.31972416600910947,87.75210229989679,-4000.0,-3691.0
exp_kp_001,SA_KP[base]_n100_inst1_run0,base,26600,26601,26601.0,0.3222641250031302,87.75210229989679,-4000.0,-3720.0
exp_kp_001,SA_KP[base]_n100_inst1_run0,base,26800,26801,26801.0,0.3246821250068024,87.75210229989679,-4000.0,-3499.0
exp_kp_001,SA_KP[base]_n100_inst1_run0,base,27000,27001,27001.0,0.3271700830082409,87.75210229989679,-4000.0,-3357.0
exp_kp_001,SA_KP[base]_n100_inst1_run0,base,27200,27201,27201.0,0.3297950830019545,87.75210229989679,-4000.0,-3448.0
exp_kp_001,SA_KP[base]_n100_inst1_run0,base,27400,27401,27401.0,0.3323306660022354,87.75210229989679,-4011.0,-3798.0
exp_kp_001,SA_KP[base]_n100_inst1_run0,base,27600,27601,27601.0,0.3349420410086168,87.75210229989679,-4011.0,-3458.0
exp_kp_001,SA_KP[base]_n100_inst1_run0,base,27800,27801,27801.0,0.3374805409985129,87.75210229989679,-4011.0,-3588.0
exp_kp_001,SA_KP[base]_n100_inst1_run0,base,28000,28001,28001.0,0.3399757910083281,87.75210229989679,-4011.0,-3398.0
exp_kp_001,SA_KP[base]_n100_inst1_run0,base,28200,28201,28201.0,0.34251866600243375,86.87458127689783,-4011.0,-3372.0
exp_kp_001,SA_KP[base]_n100_inst1_run0,base,28400,28401,28401.0,0.3448984160058899,86.87458127689783,-4011.0,-3089.0
exp_kp_001,SA_KP[base]_n100_inst1_run0,base,28600,28601,28601.0,0.3472686660097679,86.87458127689783,-4011.0,-3281.0
exp_kp_001,SA_KP[base]_n100_inst1_run0,base,28800,28801,28801.0,0.3496534580044681,86.87458127689783,-4011.0,-3205.0
exp_kp_001,SA_KP[base]_n100_inst1_run0,base,29000,29001,29001.0,0.35221662500407547,86.87458127689783,-4011.0,-3592.0
exp_kp_001,SA_KP[base]_n100_inst1_run0,base,29200,29201,29201.0,0.3546432910079602,86.87458127689783,-4011.0,-3400.0
exp_kp_001,SA_KP[base]_n100_inst1_run0,base,29400,29401,29401.0,0.3570602910040179,86.87458127689783,-4011.0,-3395.0
exp_kp_001,SA_KP[base]_n100_inst1_run0,base,29600,29601,29601.0,0.35948270800872706,86.87458127689783,-4011.0,-3514.0
exp_kp_001,SA_KP[base]_n100_inst1_run0,base,29800,29801,29801.0,0.36187679100839887,86.87458127689783,-4011.0,-3289.0
exp_kp_001,SA_KP[base]_n100_inst1_run0,base,30000,30001,30001.0,0.364354875011486,86.87458127689783,-4011.0,-3249.0
exp_kp_001,SA_KP[base]_n100_inst1_run0,base,30200,30201,30201.0,0.3669787079998059,86.00583546412885,-4011.0,-3498.0
exp_kp_001,SA_KP[base]_n100_inst1_run0,base,30400,30401,30401.0,0.36940912500722334,86.00583546412885,-4011.0,-3249.0
exp_kp_001,SA_KP[base]_n100_inst1_run0,base,30600,30601,30601.0,0.37188912500278093,86.00583546412885,-4011.0,-3796.0
exp_kp_001,SA_KP[base]_n100_inst1_run0,base,30800,30801,30801.0,0.3743406660069013,86.00583546412885,-4011.0,-3522.0
exp_kp_001,SA_KP[base]_n100_inst1_run0,base,31000,31001,31001.0,0.37668820800899994,86.00583546412885,-4011.0,-3100.0
exp_kp_001,SA_KP[base]_n100_inst1_run0,base,31200,31201,31201.0,0.3791573330090614,86.00583546412885,-4011.0,-3154.0
exp_kp_001,SA_KP[base]_n100_inst1_run0,base,31400,31401,31401.0,0.3816002910025418,86.00583546412885,-4011.0,-3195.0
exp_kp_001,SA_KP[base]_n100_inst1_run0,base,31600,31601,31601.0,0.38398445800703485,86.00583546412885,-4011.0,-3294.0
exp_kp_001,SA_KP[base]_n100_inst1_run0,base,31800,31801,31801.0,0.386475250008516,86.00583546412885,-4011.0,-3072.0
exp_kp_001,SA_KP[base]_n100_inst1_run0,base,32000,32001,32001.0,0.38904375000856817,86.00583546412885,-4011.0,-3316.0
exp_kp_001,SA_KP[base]_n100_inst1_run0,base,32200,32201,32201.0,0.3915103750041453,85.14577710948755,-4011.0,-3190.0
exp_kp_001,SA_KP[base]_n100_inst1_run0,base,32400,32401,32401.0,0.3940543750068173,85.14577710948755,-4011.0,-3634.0
exp_kp_001,SA_KP[base]_n100_inst1_run0,base,32600,32601,32601.0,0.3965130830038106,85.14577710948755,-4011.0,-3759.0
exp_kp_001,SA_KP[base]_n100_inst1_run0,base,32800,32801,32801.0,0.3988642080075806,85.14577710948755,-4011.0,-3334.0
exp_kp_001,SA_KP[base]_n100_inst1_run0,base,33000,33001,33001.0,0.40124350000405684,85.14577710948755,-4011.0,-3263.0
exp_kp_001,SA_KP[base]_n100_inst1_run0,base,33200,33201,33201.0,0.4039196250087116,85.14577710948755,-4011.0,-3475.0
exp_kp_001,SA_KP[base]_n100_inst1_run0,base,33400,33401,33401.0,0.4065401250118157,85.14577710948755,-4011.0,-3496.0
exp_kp_001,SA_KP[base]_n100_inst1_run0,base,33600,33601,33601.0,0.409018708000076,85.14577710948755,-4011.0,-2762.0
exp_kp_001,SA_KP[base]_n100_inst1_run0,base,33800,33801,33801.0,0.4116027080017375,85.14577710948755,-4011.0,-3543.0
exp_kp_001,SA_KP[base]_n100_inst1_run0,base,34000,34001,34001.0,0.41444250001222827,85.14577710948755,-4011.0,-3156.0
exp_kp_001,SA_KP[base]_n100_inst1_run0,base,34200,34201,34201.0,0.4170694159984123,84.29431933839268,-4011.0,-3408.0
exp_kp_001,SA_KP[base]_n100_inst1_run0,base,34400,34401,34401.0,0.41959487499843817,84.29431933839268,-4011.0,-3463.0
exp_kp_001,SA_KP[base]_n100_inst1_run0,base,34600,34601,34601.0,0.42197254100756254,84.29431933839268,-4011.0,-3337.0
exp_kp_001,SA_KP[base]_n100_inst1_run0,base,34800,34801,34801.0,0.4244269580085529,84.29431933839268,-4011.0,-3438.0
exp_kp_001,SA_KP[base]_n100_inst1_run0,base,35000,35001,35001.0,0.4269082079990767,84.29431933839268,-4011.0,-3626.0
exp_kp_001,SA_KP[base]_n100_inst1_run0,base,35200,35201,35201.0,0.4293212500051595,84.29431933839268,-4011.0,-3606.0
exp_kp_001,SA_KP[base]_n100_inst1_run0,base,35400,35401,35401.0,0.4319247079984052,84.29431933839268,-4011.0,-3656.0
exp_kp_001,SA_KP[base]_n100_inst1_run0,base,35600,35601,35601.0,0.43456458300352097,84.29431933839268,-4011.0,-3472.0
exp_kp_001,SA_KP[base]_n100_inst1_run0,base,35800,35801,35801.0,0.43703562500013504,84.29431933839268,-4011.0,-3572.0
exp_kp_001,SA_KP[base]_n100_inst1_run0,base,36000,36001,36001.0,0.43941287499910686,84.29431933839268,-4011.0,-3192.0
exp_kp_001,SA_KP[base]_n100_inst1_run0,base,36200,36201,36201.0,0.44190674999845214,83.45137614500875,-4011.0,-3514.0
exp_kp_001,SA_KP[base]_n100_inst1_run0,base,36400,36401,36401.0,0.44441950001055375,83.45137614500875,-4011.0,-3572.0
exp_kp_001,SA_KP[base]_n100_inst1_run0,base,36600,36601,36601.0,0.4470194160094252,83.45137614500875,-4011.0,-3142.0
exp_kp_001,SA_KP[base]_n100_inst1_run0,base,36800,36801,36801.0,0.4493967910093488,83.45137614500875,-4011.0,-3430.0
exp_kp_001,SA_KP[base]_n100_inst1_run0,base,37000,37001,37001.0,0.4520031660067616,83.45137614500875,-4011.0,-3507.0
exp_kp_001,SA_KP[base]_n100_inst1_run0,base,37200,37201,37201.0,0.45439012499991804,83.45137614500875,-4011.0,-3032.0
exp_kp_001,SA_KP[base]_n100_inst1_run0,base,37400,37401,37401.0,0.45681750000221655,83.45137614500875,-4011.0,-3298.0
exp_kp_001,SA_KP[base]_n100_inst1_run0,base,37600,37601,37601.0,0.45922770800825674,83.45137614500875,-4011.0,-3243.0
exp_kp_001,SA_KP[base]_n100_inst1_run0,base,37800,37801,37801.0,0.46154904100694694,83.45137614500875,-4011.0,-3054.0
exp_kp_001,SA_KP[base]_n100_inst1_run0,base,38000,38001,38001.0,0.4639689160103444,83.45137614500875,-4011.0,-3397.0
exp_kp_001,SA_KP[base]_n100_inst1_run0,base,38200,38201,38201.0,0.4664542079990497,82.61686238355867,-4011.0,-3644.0
exp_kp_001,SA_KP[base]_n100_inst1_run0,base,38400,38401,38401.0,0.46890866600733716,82.61686238355867,-4011.0,-3377.0
exp_kp_001,SA_KP[base]_n100_inst1_run0,base,38600,38601,38601.0,0.47144500000285916,82.61686238355867,-4011.0,-3696.0
exp_kp_001,SA_KP[base]_n100_inst1_run0,base,38800,38801,38801.0,0.47387229101150297,82.61686238355867,-4011.0,-3478.0
exp_kp_001,SA_KP[base]_n100_inst1_run0,base,39000,39001,39001.0,0.47621050001180265,82.61686238355867,-4011.0,-3378.0
exp_kp_001,SA_KP[base]_n100_inst1_run0,base,39200,39201,39201.0,0.47866225001052953,82.61686238355867,-4011.0,-3521.0
exp_kp_001,SA_KP[base]_n100_inst1_run0,base,39400,39401,39401.0,0.4811770410015015,82.61686238355867,-4011.0,-3721.0
exp_kp_001,SA_KP[base]_n100_inst1_run0,base,39600,39601,39601.0,0.48376833301153965,82.61686238355867,-4011.0,-3381.0
exp_kp_001,SA_KP[base]_n100_inst1_run0,base,39800,39801,39801.0,0.486303500001668,82.61686238355867,-4011.0,-3597.0
exp_kp_001,SA_KP[base]_n100_inst1_run0,base,40000,40001,40001.0,0.48863120800524484,82.61686238355867,-4011.0,-3305.0
exp_kp_001,SA_KP[base]_n100_inst1_run0,base,40200,40201,40201.0,0.4911163330107229,81.79069375972308,-4011.0,-3476.0
exp_kp_001,SA_KP[base]_n100_inst1_run0,base,40400,40401,40401.0,0.493340208005975,81.79069375972308,-4011.0,-3127.0
exp_kp_001,SA_KP[base]_n100_inst1_run0,base,40600,40601,40601.0,0.49569829100801144,81.79069375972308,-4011.0,-3417.0
exp_kp_001,SA_KP[base]_n100_inst1_run0,base,40800,40801,40801.0,0.4983149160107132,81.79069375972308,-4011.0,-3641.0
exp_kp_001,SA_KP[base]_n100_inst1_run0,base,41000,41001,41001.0,0.5008657080034027,81.79069375972308,-4011.0,-3575.0
exp_kp_001,SA_KP[base]_n100_inst1_run0,base,41200,41201,41201.0,0.5033209160028491,81.79069375972308,-4011.0,-3202.0
exp_kp_001,SA_KP[base]_n100_inst1_run0,base,41400,41401,41401.0,0.5057886660069926,81.79069375972308,-4011.0,-3561.0
exp_kp_001,SA_KP[base]_n100_inst1_run0,base,41600,41601,41601.0,0.5110104160121409,81.79069375972308,-4011.0,-3762.0
exp_kp_001,SA_KP[base]_n100_inst1_run0,base,41800,41801,41801.0,0.5138372910005273,81.79069375972308,-4011.0,-3461.0
exp_kp_001,SA_KP[base]_n100_inst1_run0,base,42000,42001,42001.0,0.5162972079997417,81.79069375972308,-4011.0,-3500.0
exp_kp_001,SA_KP[base]_n100_inst1_run0,base,42200,42201,42201.0,0.5187482080073096,80.97278682212585,-4011.0,-3516.0
exp_kp_001,SA_KP[base]_n100_inst1_run0,base,42400,42401,42401.0,0.5221437910076929,80.97278682212585,-4011.0,-3500.0
exp_kp_001,SA_KP[base]_n100_inst1_run0,base,42600,42601,42601.0,0.5250115410017315,80.97278682212585,-4011.0,-3570.0
exp_kp_001,SA_KP[base]_n100_inst1_run0,base,42800,42801,42801.0,0.5276644580007996,80.97278682212585,-4011.0,-3585.0
exp_kp_001,SA_KP[base]_n100_inst1_run0,base,43000,43001,43001.0,0.5302179580030497,80.97278682212585,-4011.0,-3547.0
exp_kp_001,SA_KP[base]_n100_inst1_run0,base,43200,43201,43201.0,0.5328044160123682,80.97278682212585,-4011.0,-3331.0
exp_kp_001,SA_KP[base]_n100_inst1_run0,base,43400,43401,43401.0,0.5352913750102744,80.97278682212585,-4011.0,-3576.0
exp_kp_001,SA_KP[base]_n100_inst1_run0,base,43600,43601,43601.0,0.5377901250030845,80.97278682212585,-4011.0,-3304.0
exp_kp_001,SA_KP[base]_n100_inst1_run0,base,43800,43801,43801.0,0.5402194580092328,80.97278682212585,-4011.0,-3706.0
exp_kp_001,SA_KP[base]_n100_inst1_run0,base,44000,44001,44001.0,0.5427906660042936,80.97278682212585,-4011.0,-3369.0
exp_kp_001,SA_KP[base]_n100_inst1_run0,base,44200,44201,44201.0,0.5454033330024686,80.1630589539046,-4011.0,-3628.0
exp_kp_001,SA_KP[base]_n100_inst1_run0,base,44400,44401,44401.0,0.5481164160009939,80.1630589539046,-4011.0,-3455.0
exp_kp_001,SA_KP[base]_n100_inst1_run0,base,44600,44601,44601.0,0.5505712080048397,80.1630589539046,-4011.0,-3146.0
exp_kp_001,SA_KP[base]_n100_inst1_run0,base,44800,44801,44801.0,0.5530794580117799,80.1630589539046,-4011.0,-3743.0
exp_kp_001,SA_KP[base]_n100_inst1_run0,base,45000,45001,45001.0,0.5557180000032531,80.1630589539046,-4011.0,-3685.0
exp_kp_001,SA_KP[base]_n100_inst1_run0,base,45200,45201,45201.0,0.5582506250066217,80.1630589539046,-4011.0,-3359.0
exp_kp_001,SA_KP[base]_n100_inst1_run0,base,45400,45401,45401.0,0.560775999998441,80.1630589539046,-4011.0,-3411.0
exp_kp_001,SA_KP[base]_n100_inst1_run0,base,45600,45601,45601.0,0.5634310410096077,80.1630589539046,-4011.0,-3156.0
exp_kp_001,SA_KP[base]_n100_inst1_run0,base,45800,45801,45801.0,0.5659482080081943,80.1630589539046,-4011.0,-3589.0
exp_kp_001,SA_KP[base]_n100_inst1_run0,base,46000,46001,46001.0,0.5684008750104113,80.1630589539046,-4011.0,-2983.0
exp_kp_001,SA_KP[base]_n100_inst1_run0,base,46200,46201,46201.0,0.5709677080012625,79.36142836436555,-4011.0,-3539.0
exp_kp_001,SA_KP[base]_n100_inst1_run0,base,46400,46401,46401.0,0.5734014160116203,79.36142836436555,-4011.0,-3645.0
exp_kp_001,SA_KP[base]_n100_inst1_run0,base,46600,46601,46601.0,0.5759277080069296,79.36142836436555,-4011.0,-3554.0
exp_kp_001,SA_KP[base]_n100_inst1_run0,base,46800,46801,46801.0,0.5784644580126042,79.36142836436555,-4011.0,-3467.0
exp_kp_001,SA_KP[base]_n100_inst1_run0,base,47000,47001,47001.0,0.5810610410117079,79.36142836436555,-4011.0,-3124.0
exp_kp_001,SA_KP[base]_n100_inst1_run0,base,47200,47201,47201.0,0.5835258750012144,79.36142836436555,-4011.0,-3444.0
exp_kp_001,SA_KP[base]_n100_inst1_run0,base,47400,47401,47401.0,0.5860516250104411,79.36142836436555,-4011.0,-3572.0
exp_kp_001,SA_KP[base]_n100_inst1_run0,base,47600,47601,47601.0,0.5884277080040192,79.36142836436555,-4011.0,-3439.0
exp_kp_001,SA_KP[base]_n100_inst1_run0,base,47800,47801,47801.0,0.5909150410006987,79.36142836436555,-4011.0,-3533.0
exp_kp_001,SA_KP[base]_n100_inst1_run0,base,48000,48001,48001.0,0.5933275830029743,79.36142836436555,-4011.0,-3491.0
exp_kp_001,SA_KP[base]_n100_inst1_run0,base,48200,48201,48201.0,0.5957867910037749,78.56781408072189,-4011.0,-3763.0
exp_kp_001,SA_KP[base]_n100_inst1_run0,base,48400,48401,48401.0,0.5983279580104863,78.56781408072189,-4011.0,-3662.0
exp_kp_001,SA_KP[base]_n100_inst1_run0,base,48600,48601,48601.0,0.6008010830119019,78.56781408072189,-4011.0,-3032.0
exp_kp_001,SA_KP[base]_n100_inst1_run0,base,48800,48801,48801.0,0.6031368750118418,78.56781408072189,-4011.0,-3201.0
exp_kp_001,SA_KP[base]_n100_inst1_run0,base,49000,49001,49001.0,0.6056092080107192,78.56781408072189,-4011.0,-3436.0
exp_kp_001,SA_KP[base]_n100_inst1_run0,base,49200,49201,49201.0,0.6081124580086907,78.56781408072189,-4011.0,-3136.0
exp_kp_001,SA_KP[base]_n100_inst1_run0,base,49400,49401,49401.0,0.6105237080046209,78.56781408072189,-4011.0,-3842.0
exp_kp_001,SA_KP[base]_n100_inst1_run0,base,49600,49601,49601.0,0.6130994999984978,78.56781408072189,-4011.0,-3546.0
exp_kp_001,SA_KP[base]_n100_inst1_run0,base,49800,49801,49801.0,0.6154506250022678,78.56781408072189,-4011.0,-3209.0
exp_kp_001,SA_KP[base]_n100_inst1_run0,base,49999,50000,50000.0,0.6178829160053283,0.00099,-4011.0,-3620.0
exp_kp_001,SA_KP[base]_n100_inst1_run1,base,0,1,1.0,1.012500433716923e-05,100.0,-2062.0,-2062.0
exp_kp_001,SA_KP[base]_n100_inst1_run1,base,200,201,201.0,0.0024100840091705322,100.0,-3436.0,-3294.0
exp_kp_001,SA_KP[base]_n100_inst1_run1,base,400,401,401.0,0.004758334005600773,100.0,-3594.0,-2925.0
exp_kp_001,SA_KP[base]_n100_inst1_run1,base,600,601,601.0,0.007277417011209764,100.0,-3594.0,-3270.0
exp_kp_001,SA_KP[base]_n100_inst1_run1,base,800,801,801.0,0.00972675000957679,100.0,-3621.0,-3242.0
exp_kp_001,SA_KP[base]_n100_inst1_run1,base,1000,1001,1001.0,0.012225625003338791,100.0,-3715.0,-3526.0
exp_kp_001,SA_KP[base]_n100_inst1_run1,base,1200,1201,1201.0,0.01475116700748913,100.0,-3875.0,-3213.0
exp_kp_001,SA_KP[base]_n100_inst1_run1,base,1400,1401,1401.0,0.01727825000125449,100.0,-3875.0,-3119.0
exp_kp_001,SA_KP[base]_n100_inst1_run1,base,1600,1601,1601.0,0.01957729199784808,100.0,-3875.0,-3228.0
exp_kp_001,SA_KP[base]_n100_inst1_run1,base,1800,1801,1801.0,0.021888750008656643,100.0,-3875.0,-2766.0
exp_kp_001,SA_KP[base]_n100_inst1_run1,base,2000,2001,2001.0,0.024413500010268763,100.0,-3875.0,-3425.0
exp_kp_001,SA_KP[base]_n100_inst1_run1,base,2200,2201,2201.0,0.027005666997865774,99.0,-3875.0,-3316.0
exp_kp_001,SA_KP[base]_n100_inst1_run1,base,2400,2401,2401.0,0.02968983400205616,99.0,-3875.0,-3110.0
exp_kp_001,SA_KP[base]_n100_inst1_run1,base,2600,2601,2601.0,0.03214975001174025,99.0,-3875.0,-3464.0
exp_kp_001,SA_KP[base]_n100_inst1_run1,base,2800,2801,2801.0,0.034746500008623116,99.0,-3875.0,-3412.0
exp_kp_001,SA_KP[base]_n100_inst1_run1,base,3000,3001,3001.0,0.037228458997560665,99.0,-3875.0,-3630.0
exp_kp_001,SA_KP[base]_n100_inst1_run1,base,3200,3201,3201.0,0.039690208999672905,99.0,-3875.0,-3470.0
exp_kp_001,SA_KP[base]_n100_inst1_run1,base,3400,3401,3401.0,0.042014584003482014,99.0,-3875.0,-3176.0
exp_kp_001,SA_KP[base]_n100_inst1_run1,base,3600,3601,3601.0,0.04452854199917056,99.0,-3875.0,-3190.0
exp_kp_001,SA_KP[base]_n100_inst1_run1,base,3800,3801,3801.0,0.04706037500000093,99.0,-3875.0,-3440.0
exp_kp_001,SA_KP[base]_n100_inst1_run1,base,4000,4001,4001.0,0.049488375007058494,99.0,-3875.0,-3242.0
exp_kp_001,SA_KP[base]_n100_inst1_run1,base,4200,4201,4201.0,0.051906917011365294,98.01,-3875.0,-3525.0
exp_kp_001,SA_KP[base]_n100_inst1_run1,base,4400,4401,4401.0,0.054544917002203874,98.01,-3875.0,-3442.0
exp_kp_001,SA_KP[base]_n100_inst1_run1,base,4600,4601,4601.0,0.05713429200113751,98.01,-3875.0,-3480.0
exp_kp_001,SA_KP[base]_n100_inst1_run1,base,4800,4801,4801.0,0.05960600000980776,98.01,-3875.0,-2921.0
exp_kp_001,SA_KP[base]_n100_inst1_run1,base,5000,5001,5001.0,0.06229958400945179,98.01,-3875.0,-3751.0
exp_kp_001,SA_KP[base]_n100_inst1_run1,base,5200,5201,5201.0,0.06480291701154783,98.01,-3875.0,-3666.0
exp_kp_001,SA_KP[base]_n100_inst1_run1,base,5400,5401,5401.0,0.06733479200920556,98.01,-3875.0,-3586.0
exp_kp_001,SA_KP[base]_n100_inst1_run1,base,5600,5601,5601.0,0.06989037500170525,98.01,-3875.0,-3716.0
exp_kp_001,SA_KP[base]_n100_inst1_run1,base,5800,5801,5801.0,0.07231566699920222,98.01,-3875.0,-3308.0
exp_kp_001,SA_KP[base]_n100_inst1_run1,base,6000,6001,6001.0,0.07474466699932236,98.01,-3875.0,-3537.0
exp_kp_001,SA_KP[base]_n100_inst1_run1,base,6200,6201,6201.0,0.07713520900870208,97.0299,-3875.0,-3215.0
exp_kp_001,SA_KP[base]_n100_inst1_run1,base,6400,6401,6401.0,0.07963608400314115,97.0299,-3875.0,-3305.0
exp_kp_001,SA_KP[base]_n100_inst1_run1,base,6600,6601,6601.0,0.08208116699825041,97.0299,-3875.0,-3403.0
exp_kp_001,SA_KP[base]_n100_inst1_run1,base,6800,6801,6801.0,0.08438437500444707,97.0299,-3875.0,-3240.0
exp_kp_001,SA_KP[base]_n100_inst1_run1,base,7000,7001,7001.0,0.0868929590069456,97.0299,-3875.0,-3609.0
exp_kp_001,SA_KP[base]_n100_inst1_run1,base,7200,7201,7201.0,0.08935804200882558,97.0299,-3875.0,-3327.0
exp_kp_001,SA_KP[base]_n100_inst1_run1,base,7400,7401,7401.0,0.09171154200157616,97.0299,-3875.0,-3558.0
exp_kp_001,SA_KP[base]_n100_inst1_run1,base,7600,7601,7601.0,0.09401033401081804,97.0299,-3875.0,-3113.0
exp_kp_001,SA_KP[base]_n100_inst1_run1,base,7800,7801,7801.0,0.09641741700761486,97.0299,-3875.0,-3585.0
exp_kp_001,SA_KP[base]_n100_inst1_run1,base,8000,8001,8001.0,0.09883129200898111,97.0299,-3875.0,-3189.0
exp_kp_001,SA_KP[base]_n100_inst1_run1,base,8200,8201,8201.0,0.101164334002533,96.059601,-3875.0,-3445.0
exp_kp_001,SA_KP[base]_n100_inst1_run1,base,8400,8401,8401.0,0.10353520901117008,96.059601,-3910.0,-3558.0
exp_kp_001,SA_KP[base]_n100_inst1_run1,base,8600,8601,8601.0,0.10597204200166743,96.059601,-3910.0,-3397.0
exp_kp_001,SA_KP[base]_n100_inst1_run1,base,8800,8801,8801.0,0.10821570899861399,96.059601,-3910.0,-3065.0
exp_kp_001,SA_KP[base]_n100_inst1_run1,base,9000,9001,9001.0,0.11076879200118128,96.059601,-3910.0,-3369.0
exp_kp_001,SA_KP[base]_n100_inst1_run1,base,9200,9201,9201.0,0.11311270900478121,96.059601,-3910.0,-2736.0
exp_kp_001,SA_KP[base]_n100_inst1_run1,base,9400,9401,9401.0,0.11553383400314488,96.059601,-3910.0,-3443.0
exp_kp_001,SA_KP[base]_n100_inst1_run1,base,9600,9601,9601.0,0.1180270000040764,96.059601,-3910.0,-3453.0
exp_kp_001,SA_KP[base]_n100_inst1_run1,base,9800,9801,9801.0,0.12056733400095254,96.059601,-3910.0,-3367.0
exp_kp_001,SA_KP[base]_n100_inst1_run1,base,10000,10001,10001.0,0.12312137499975506,96.059601,-3910.0,-3455.0
exp_kp_001,SA_KP[base]_n100_inst1_run1,base,10200,10201,10201.0,0.12579991700476967,95.09900499,-3910.0,-3309.0
exp_kp_001,SA_KP[base]_n100_inst1_run1,base,10400,10401,10401.0,0.12808950000908226,95.09900499,-3910.0,-3443.0
exp_kp_001,SA_KP[base]_n100_inst1_run1,base,10600,10601,10601.0,0.13036070900852792,95.09900499,-3910.0,-3074.0
exp_kp_001,SA_KP[base]_n100_inst1_run1,base,10800,10801,10801.0,0.13296300001093186,95.09900499,-3910.0,-3354.0
exp_kp_001,SA_KP[base]_n100_inst1_run1,base,11000,11001,11001.0,0.13535275000322144,95.09900499,-3910.0,-3654.0
exp_kp_001,SA_KP[base]_n100_inst1_run1,base,11200,11201,11201.0,0.13781458399898838,95.09900499,-3910.0,-3589.0
exp_kp_001,SA_KP[base]_n100_inst1_run1,base,11400,11401,11401.0,0.14020541700301692,95.09900499,-3910.0,-3432.0
exp_kp_001,SA_KP[base]_n100_inst1_run1,base,11600,11601,11601.0,0.1426588340109447,95.09900499,-3910.0,-3206.0
exp_kp_001,SA_KP[base]_n100_inst1_run1,base,11800,11801,11801.0,0.14505545901192818,95.09900499,-3910.0,-3026.0
exp_kp_001,SA_KP[base]_n100_inst1_run1,base,12000,12001,12001.0,0.14737391700327862,95.09900499,-3910.0,-2857.0
exp_kp_001,SA_KP[base]_n100_inst1_run1,base,12200,12201,12201.0,0.14960562500345986,94.1480149401,-3910.0,-3000.0
exp_kp_001,SA_KP[base]_n100_inst1_run1,base,12400,12401,12401.0,0.15193920899764635,94.1480149401,-3910.0,-3174.0
exp_kp_001,SA_KP[base]_n100_inst1_run1,base,12600,12601,12601.0,0.1543108340119943,94.1480149401,-3910.0,-3233.0
exp_kp_001,SA_KP[base]_n100_inst1_run1,base,12800,12801,12801.0,0.15674112499982584,94.1480149401,-3910.0,-3544.0
exp_kp_001,SA_KP[base]_n100_inst1_run1,base,13000,13001,13001.0,0.15905637500691228,94.1480149401,-3910.0,-3296.0
exp_kp_001,SA_KP[base]_n100_inst1_run1,base,13200,13201,13201.0,0.16133370900934096,94.1480149401,-3910.0,-2868.0
exp_kp_001,SA_KP[base]_n100_inst1_run1,base,13400,13401,13401.0,0.16368791701097507,94.1480149401,-3910.0,-3656.0
exp_kp_001,SA_KP[base]_n100_inst1_run1,base,13600,13601,13601.0,0.16613345900259446,94.1480149401,-3910.0,-3232.0
exp_kp_001,SA_KP[base]_n100_inst1_run1,base,13800,13801,13801.0,0.1685834590025479,94.1480149401,-3910.0,-3444.0
exp_kp_001,SA_KP[base]_n100_inst1_run1,base,14000,14001,14001.0,0.17111837500124238,94.1480149401,-3954.0,-3577.0
exp_kp_001,SA_KP[base]_n100_inst1_run1,base,14200,14201,14201.0,0.17346558401186485,93.206534790699,-3954.0,-3170.0
exp_kp_001,SA_KP[base]_n100_inst1_run1,base,14400,14401,14401.0,0.17586733400821686,93.206534790699,-3954.0,-3213.0
exp_kp_001,SA_KP[base]_n100_inst1_run1,base,14600,14601,14601.0,0.17820212501101196,93.206534790699,-3954.0,-3113.0
exp_kp_001,SA_KP[base]_n100_inst1_run1,base,14800,14801,14801.0,0.18065904200193472,93.206534790699,-3954.0,-3397.0
exp_kp_001,SA_KP[base]_n100_inst1_run1,base,15000,15001,15001.0,0.183111459002248,93.206534790699,-3954.0,-3273.0
exp_kp_001,SA_KP[base]_n100_inst1_run1,base,15200,15201,15201.0,0.1854414999979781,93.206534790699,-3954.0,-3027.0
exp_kp_001,SA_KP[base]_n100_inst1_run1,base,15400,15401,15401.0,0.18789616700087208,93.206534790699,-3954.0,-3352.0
exp_kp_001,SA_KP[base]_n100_inst1_run1,base,15600,15601,15601.0,0.1904693750111619,93.206534790699,-3954.0,-3396.0
exp_kp_001,SA_KP[base]_n100_inst1_run1,base,15800,15801,15801.0,0.19291399999929126,93.206534790699,-3954.0,-3316.0
exp_kp_001,SA_KP[base]_n100_inst1_run1,base,16000,16001,16001.0,0.1952527090033982,93.206534790699,-3954.0,-3430.0
exp_kp_001,SA_KP[base]_n100_inst1_run1,base,16200,16201,16201.0,0.1977677500108257,92.27446944279201,-3954.0,-3519.0
exp_kp_001,SA_KP[base]_n100_inst1_run1,base,16400,16401,16401.0,0.2001988340052776,92.27446944279201,-3954.0,-3445.0
exp_kp_001,SA_KP[base]_n100_inst1_run1,base,16600,16601,16601.0,0.2026882089994615,92.27446944279201,-3954.0,-3739.0
exp_kp_001,SA_KP[base]_n100_inst1_run1,base,16800,16801,16801.0,0.20513220901193563,92.27446944279201,-3954.0,-3323.0
exp_kp_001,SA_KP[base]_n100_inst1_run1,base,17000,17001,17001.0,0.20766770900809206,92.27446944279201,-3954.0,-3425.0
exp_kp_001,SA_KP[base]_n100_inst1_run1,base,17200,17201,17201.0,0.21005775000958238,92.27446944279201,-3954.0,-3621.0
exp_kp_001,SA_KP[base]_n100_inst1_run1,base,17400,17401,17401.0,0.21254833400598727,92.27446944279201,-3954.0,-3276.0
exp_kp_001,SA_KP[base]_n100_inst1_run1,base,17600,17601,17601.0,0.2150977090059314,92.27446944279201,-3954.0,-3527.0
exp_kp_001,SA_KP[base]_n100_inst1_run1,base,17800,17801,17801.0,0.21765504201175645,92.27446944279201,-3990.0,-3348.0
exp_kp_001,SA_KP[base]_n100_inst1_run1,base,18000,18001,18001.0,0.22004587500123307,92.27446944279201,-3990.0,-3428.0
exp_kp_001,SA_KP[base]_n100_inst1_run1,base,18200,18201,18201.0,0.22248937500989996,91.35172474836409,-3990.0,-3323.0
exp_kp_001,SA_KP[base]_n100_inst1_run1,base,18400,18401,18401.0,0.22485504200449213,91.35172474836409,-3990.0,-3126.0
exp_kp_001,SA_KP[base]_n100_inst1_run1,base,18600,18601,18601.0,0.22725737500877585,91.35172474836409,-3990.0,-3049.0
exp_kp_001,SA_KP[base]_n100_inst1_run1,base,18800,18801,18801.0,0.2297555840050336,91.35172474836409,-3990.0,-3303.0
exp_kp_001,SA_KP[base]_n100_inst1_run1,base,19000,19001,19001.0,0.23214666701096576,91.35172474836409,-3990.0,-3468.0
exp_kp_001,SA_KP[base]_n100_inst1_run1,base,19200,19201,19201.0,0.23443387501174584,91.35172474836409,-3990.0,-3223.0
exp_kp_001,SA_KP[base]_n100_inst1_run1,base,19400,19401,19401.0,0.2368771250039572,91.35172474836409,-3990.0,-2917.0
exp_kp_001,SA_KP[base]_n100_inst1_run1,base,19600,19601,19601.0,0.23926450000726618,91.35172474836409,-3990.0,-3231.0
exp_kp_001,SA_KP[base]_n100_inst1_run1,base,19800,19801,19801.0,0.2417005000024801,91.35172474836409,-3990.0,-3086.0
exp_kp_001,SA_KP[base]_n100_inst1_run1,base,20000,20001,20001.0,0.2440983749984298,91.35172474836409,-3990.0,-3280.0
exp_kp_001,SA_KP[base]_n100_inst1_run1,base,20200,20201,20201.0,0.246486542004277,90.43820750088045,-3990.0,-3621.0
exp_kp_001,SA_KP[base]_n100_inst1_run1,base,20400,20401,20401.0,0.24894237500848249,90.43820750088045,-3990.0,-3310.0
exp_kp_001,SA_KP[base]_n100_inst1_run1,base,20600,20601,20601.0,0.25128875000518747,90.43820750088045,-3990.0,-3268.0
exp_kp_001,SA_KP[base]_n100_inst1_run1,base,20800,20801,20801.0,0.25348508400202263,90.43820750088045,-3990.0,-3066.0
exp_kp_001,SA_KP[base]_n100_inst1_run1,base,21000,21001,21001.0,0.25590775000455324,90.43820750088045,-3990.0,-3446.0
exp_kp_001,SA_KP[base]_n100_inst1_run1,base,21200,21201,21201.0,0.25836449999769684,90.43820750088045,-3990.0,-3529.0
exp_kp_001,SA_KP[base]_n100_inst1_run1,base,21400,21401,21401.0,0.2608452499989653,90.43820750088045,-3990.0,-3362.0
exp_kp_001,SA_KP[base]_n100_inst1_run1,base,21600,21601,21601.0,0.2631450000044424,90.43820750088045,-3990.0,-2852.0
exp_kp_001,SA_KP[base]_n100_inst1_run1,base,21800,21801,21801.0,0.2655875000054948,90.43820750088045,-3990.0,-3252.0
exp_kp_001,SA_KP[base]_n100_inst1_run1,base,22000,22001,22001.0,0.26794579200213775,90.43820750088045,-3990.0,-3342.0
exp_kp_001,SA_KP[base]_n100_inst1_run1,base,22200,22201,22201.0,0.27052600000752136,89.53382542587164,-3990.0,-3570.0
exp_kp_001,SA_KP[base]_n100_inst1_run1,base,22400,22401,22401.0,0.2729237500025192,89.53382542587164,-3990.0,-3640.0
exp_kp_001,SA_KP[base]_n100_inst1_run1,base,22600,22601,22601.0,0.275425042011193,89.53382542587164,-3990.0,-3254.0
exp_kp_001,SA_KP[base]_n100_inst1_run1,base,22800,22801,22801.0,0.2778461249981774,89.53382542587164,-3990.0,-3275.0
exp_kp_001,SA_KP[base]_n100_inst1_run1,base,23000,23001,23001.0,0.2803040840080939,89.53382542587164,-3990.0,-3194.0
exp_kp_001,SA_KP[base]_n100_inst1_run1,base,23200,23201,23201.0,0.2827366670098854,89.53382542587164,-3990.0,-3495.0
exp_kp_001,SA_KP[base]_n100_inst1_run1,base,23400,23401,23401.0,0.28518745899782516,89.53382542587164,-3990.0,-3566.0
exp_kp_001,SA_KP[base]_n100_inst1_run1,base,23600,23601,23601.0,0.2877264590060804,89.53382542587164,-3990.0,-3425.0
exp_kp_001,SA_KP[base]_n100_inst1_run1,base,23800,23801,23801.0,0.2901758340012748,89.53382542587164,-3990.0,-3262.0
exp_kp_001,SA_KP[base]_n100_inst1_run1,base,24000,24001,24001.0,0.2926249169977382,89.53382542587164,-3990.0,-3447.0
exp_kp_001,SA_KP[base]_n100_inst1_run1,base,24200,24201,24201.0,0.2949820420035394,88.63848717161292,-3990.0,-3189.0
exp_kp_001,SA_KP[base]_n100_inst1_run1,base,24400,24401,24401.0,0.29741566700977273,88.63848717161292,-3990.0,-3189.0
exp_kp_001,SA_KP[base]_n100_inst1_run1,base,24600,24601,24601.0,0.2998276670114137,88.63848717161292,-3990.0,-3472.0
exp_kp_001,SA_KP[base]_n100_inst1_run1,base,24800,24801,24801.0,0.30228966700087767,88.63848717161292,-3990.0,-3395.0
exp_kp_001,SA_KP[base]_n100_inst1_run1,base,25000,25001,25001.0,0.3046197090006899,88.63848717161292,-3990.0,-3318.0
exp_kp_001,SA_KP[base]_n100_inst1_run1,base,25200,25201,25201.0,0.3070186250115512,88.63848717161292,-3990.0,-3345.0
exp_kp_001,SA_KP[base]_n100_inst1_run1,base,25400,25401,25401.0,0.30941758400877006,88.63848717161292,-3990.0,-3157.0
exp_kp_001,SA_KP[base]_n100_inst1_run1,base,25600,25601,25601.0,0.31186179201176856,88.63848717161292,-3990.0,-3391.0
exp_kp_001,SA_KP[base]_n100_inst1_run1,base,25800,25801,25801.0,0.31431924999924377,88.63848717161292,-3990.0,-3311.0
exp_kp_001,SA_KP[base]_n100_inst1_run1,base,26000,26001,26001.0,0.31669191700348165,88.63848717161292,-3990.0,-3387.0
exp_kp_001,SA_KP[base]_n100_inst1_run1,base,26200,26201,26201.0,0.31915316700178664,87.75210229989679,-3990.0,-3455.0
exp_kp_001,SA_KP[base]_n100_inst1_run1,base,26400,26401,26401.0,0.32148995900934096,87.75210229989679,-3990.0,-3275.0
exp_kp_001,SA_KP[base]_n100_inst1_run1,base,26600,26601,26601.0,0.3237547500029905,87.75210229989679,-3990.0,-3686.0
exp_kp_001,SA_KP[base]_n100_inst1_run1,base,26800,26801,26801.0,0.3262103340093745,87.75210229989679,-3990.0,-3227.0
exp_kp_001,SA_KP[base]_n100_inst1_run1,base,27000,27001,27001.0,0.3284878749982454,87.75210229989679,-3990.0,-2887.0
exp_kp_001,SA_KP[base]_n100_inst1_run1,base,27200,27201,27201.0,0.3309998750046361,87.75210229989679,-3990.0,-3546.0
exp_kp_001,SA_KP[base]_n100_inst1_run1,base,27400,27401,27401.0,0.33348962500167545,87.75210229989679,-3990.0,-3620.0
exp_kp_001,SA_KP[base]_n100_inst1_run1,base,27600,27601,27601.0,0.3359713340032613,87.75210229989679,-3990.0,-3879.0
exp_kp_001,SA_KP[base]_n100_inst1_run1,base,27800,27801,27801.0,0.33844004200364,87.75210229989679,-3990.0,-3280.0
exp_kp_001,SA_KP[base]_n100_inst1_run1,base,28000,28001,28001.0,0.340847459010547,87.75210229989679,-3990.0,-3401.0
exp_kp_001,SA_KP[base]_n100_inst1_run1,base,28200,28201,28201.0,0.3432751670043217,86.87458127689783,-3990.0,-3562.0
exp_kp_001,SA_KP[base]_n100_inst1_run1,base,28400,28401,28401.0,0.34575858400785364,86.87458127689783,-3990.0,-3285.0
exp_kp_001,SA_KP[base]_n100_inst1_run1,base,28600,28601,28601.0,0.3482050419988809,86.87458127689783,-3990.0,-3521.0
exp_kp_001,SA_KP[base]_n100_inst1_run1,base,28800,28801,28801.0,0.35053329200309236,86.87458127689783,-3990.0,-3436.0
exp_kp_001,SA_KP[base]_n100_inst1_run1,base,29000,29001,29001.0,0.3530144590040436,86.87458127689783,-3990.0,-3504.0
exp_kp_001,SA_KP[base]_n100_inst1_run1,base,29200,29201,29201.0,0.35538245900534093,86.87458127689783,-3990.0,-3338.0
exp_kp_001,SA_KP[base]_n100_inst1_run1,base,29400,29401,29401.0,0.3577885420090752,86.87458127689783,-3990.0,-3457.0
exp_kp_001,SA_KP[base]_n100_inst1_run1,base,29600,29601,29601.0,0.3602177090069745,86.87458127689783,-3990.0,-3384.0
exp_kp_001,SA_KP[base]_n100_inst1_run1,base,29800,29801,29801.0,0.3626323750067968,86.87458127689783,-3990.0,-3360.0
exp_kp_001,SA_KP[base]_n100_inst1_run1,base,30000,30001,30001.0,0.3651071670028614,86.87458127689783,-3990.0,-3254.0
exp_kp_001,SA_KP[base]_n100_inst1_run1,base,30200,30201,30201.0,0.3676640000048792,86.00583546412885,-3990.0,-3702.0
exp_kp_001,SA_KP[base]_n100_inst1_run1,base,30400,30401,30401.0,0.3701883750036359,86.00583546412885,-3990.0,-3461.0
exp_kp_001,SA_KP[base]_n100_inst1_run1,base,30600,30601,30601.0,0.3727023340034066,86.00583546412885,-3990.0,-3432.0
exp_kp_001,SA_KP[base]_n100_inst1_run1,base,30800,30801,30801.0,0.37508483399869874,86.00583546412885,-3990.0,-3602.0
exp_kp_001,SA_KP[base]_n100_inst1_run1,base,31000,31001,31001.0,0.37744266699883156,86.00583546412885,-3990.0,-3250.0
exp_kp_001,SA_KP[base]_n100_inst1_run1,base,31200,31201,31201.0,0.37978750000183936,86.00583546412885,-3990.0,-3405.0
exp_kp_001,SA_KP[base]_n100_inst1_run1,base,31400,31401,31401.0,0.38229445900651626,86.00583546412885,-3990.0,-3360.0
exp_kp_001,SA_KP[base]_n100_inst1_run1,base,31600,31601,31601.0,0.38477195899758954,86.00583546412885,-3990.0,-3510.0
exp_kp_001,SA_KP[base]_n100_inst1_run1,base,31800,31801,31801.0,0.3873189170117257,86.00583546412885,-3990.0,-3460.0
exp_kp_001,SA_KP[base]_n100_inst1_run1,base,32000,32001,32001.0,0.3897552090056706,86.00583546412885,-3990.0,-3382.0
exp_kp_001,SA_KP[base]_n100_inst1_run1,base,32200,32201,32201.0,0.39212095900438726,85.14577710948755,-3990.0,-3289.0
exp_kp_001,SA_KP[base]_n100_inst1_run1,base,32400,32401,32401.0,0.39452712499769405,85.14577710948755,-3990.0,-3513.0
exp_kp_001,SA_KP[base]_n100_inst1_run1,base,32600,32601,32601.0,0.3969769170071231,85.14577710948755,-3990.0,-3271.0
exp_kp_001,SA_KP[base]_n100_inst1_run1,base,32800,32801,32801.0,0.3995617090113228,85.14577710948755,-3990.0,-3515.0
exp_kp_001,SA_KP[base]_n100_inst1_run1,base,33000,33001,33001.0,0.40194304200122133,85.14577710948755,-3990.0,-3305.0
exp_kp_001,SA_KP[base]_n100_inst1_run1,base,33200,33201,33201.0,0.40438408400223125,85.14577710948755,-3990.0,-3568.0
exp_kp_001,SA_KP[base]_n100_inst1_run1,base,33400,33401,33401.0,0.40684208400489297,85.14577710948755,-3990.0,-3498.0
exp_kp_001,SA_KP[base]_n100_inst1_run1,base,33600,33601,33601.0,0.4092576670082053,85.14577710948755,-3990.0,-3210.0
exp_kp_001,SA_KP[base]_n100_inst1_run1,base,33800,33801,33801.0,0.411704500002088,85.14577710948755,-3990.0,-3473.0
exp_kp_001,SA_KP[base]_n100_inst1_run1,base,34000,34001,34001.0,0.41409800000838004,85.14577710948755,-3990.0,-3450.0
exp_kp_001,SA_KP[base]_n100_inst1_run1,base,34200,34201,34201.0,0.4166111670056125,84.29431933839268,-3990.0,-3310.0
exp_kp_001,SA_KP[base]_n100_inst1_run1,base,34400,34401,34401.0,0.41947262499888893,84.29431933839268,-3990.0,-3709.0
exp_kp_001,SA_KP[base]_n100_inst1_run1,base,34600,34601,34601.0,0.42221387500467245,84.29431933839268,-3990.0,-3547.0
exp_kp_001,SA_KP[base]_n100_inst1_run1,base,34800,34801,34801.0,0.4246210420096759,84.29431933839268,-3990.0,-3555.0
exp_kp_001,SA_KP[base]_n100_inst1_run1,base,35000,35001,35001.0,0.4268869170045946,84.29431933839268,-3990.0,-3174.0
exp_kp_001,SA_KP[base]_n100_inst1_run1,base,35200,35201,35201.0,0.4294915420032339,84.29431933839268,-3990.0,-3693.0
exp_kp_001,SA_KP[base]_n100_inst1_run1,base,35400,35401,35401.0,0.4320587500114925,84.29431933839268,-3990.0,-3497.0
exp_kp_001,SA_KP[base]_n100_inst1_run1,base,35600,35601,35601.0,0.4344504170003347,84.29431933839268,-3990.0,-3150.0
exp_kp_001,SA_KP[base]_n100_inst1_run1,base,35800,35801,35801.0,0.4368605839990778,84.29431933839268,-3990.0,-3275.0
exp_kp_001,SA_KP[base]_n100_inst1_run1,base,36000,36001,36001.0,0.4391299590060953,84.29431933839268,-3990.0,-3383.0
exp_kp_001,SA_KP[base]_n100_inst1_run1,base,36200,36201,36201.0,0.44153166700561997,83.45137614500875,-3990.0,-3349.0
exp_kp_001,SA_KP[base]_n100_inst1_run1,base,36400,36401,36401.0,0.4441232920071343,83.45137614500875,-3990.0,-3490.0
exp_kp_001,SA_KP[base]_n100_inst1_run1,base,36600,36601,36601.0,0.44671191700035706,83.45137614500875,-3990.0,-3348.0
exp_kp_001,SA_KP[base]_n100_inst1_run1,base,36800,36801,36801.0,0.449235125008272,83.45137614500875,-3990.0,-3657.0
exp_kp_001,SA_KP[base]_n100_inst1_run1,base,37000,37001,37001.0,0.45167350000701845,83.45137614500875,-3990.0,-3450.0
exp_kp_001,SA_KP[base]_n100_inst1_run1,base,37200,37201,37201.0,0.4542300419998355,83.45137614500875,-3990.0,-3522.0
exp_kp_001,SA_KP[base]_n100_inst1_run1,base,37400,37401,37401.0,0.4566942090023076,83.45137614500875,-3990.0,-3761.0
exp_kp_001,SA_KP[base]_n100_inst1_run1,base,37600,37601,37601.0,0.4592357920046197,83.45137614500875,-3990.0,-3402.0
exp_kp_001,SA_KP[base]_n100_inst1_run1,base,37800,37801,37801.0,0.4616464170103427,83.45137614500875,-3990.0,-3125.0
exp_kp_001,SA_KP[base]_n100_inst1_run1,base,38000,38001,38001.0,0.4641157919977559,83.45137614500875,-3990.0,-3710.0
exp_kp_001,SA_KP[base]_n100_inst1_run1,base,38200,38201,38201.0,0.46670037500734907,82.61686238355867,-3990.0,-3473.0
exp_kp_001,SA_KP[base]_n100_inst1_run1,base,38400,38401,38401.0,0.4690803340054117,82.61686238355867,-3990.0,-3643.0
exp_kp_001,SA_KP[base]_n100_inst1_run1,base,38600,38601,38601.0,0.4716261670109816,82.61686238355867,-3990.0,-3193.0
exp_kp_001,SA_KP[base]_n100_inst1_run1,base,38800,38801,38801.0,0.47427250001055654,82.61686238355867,-3990.0,-3658.0
exp_kp_001,SA_KP[base]_n100_inst1_run1,base,39000,39001,39001.0,0.47654479200718924,82.61686238355867,-3990.0,-3165.0
exp_kp_001,SA_KP[base]_n100_inst1_run1,base,39200,39201,39201.0,0.4788923750020331,82.61686238355867,-3990.0,-3049.0
exp_kp_001,SA_KP[base]_n100_inst1_run1,base,39400,39401,39401.0,0.4811945840046974,82.61686238355867,-3990.0,-3309.0
exp_kp_001,SA_KP[base]_n100_inst1_run1,base,39600,39601,39601.0,0.48361366700555664,82.61686238355867,-3990.0,-3504.0
exp_kp_001,SA_KP[base]_n100_inst1_run1,base,39800,39801,39801.0,0.4859683340037009,82.61686238355867,-3990.0,-3415.0
exp_kp_001,SA_KP[base]_n100_inst1_run1,base,40000,40001,40001.0,0.48828883400710765,82.61686238355867,-3990.0,-3248.0
exp_kp_001,SA_KP[base]_n100_inst1_run1,base,40200,40201,40201.0,0.490821416999097,81.79069375972308,-3990.0,-3232.0
exp_kp_001,SA_KP[base]_n100_inst1_run1,base,40400,40401,40401.0,0.4932481249998091,81.79069375972308,-3990.0,-3056.0
exp_kp_001,SA_KP[base]_n100_inst1_run1,base,40600,40601,40601.0,0.4957626670075115,81.79069375972308,-3990.0,-3040.0
exp_kp_001,SA_KP[base]_n100_inst1_run1,base,40800,40801,40801.0,0.4984662089991616,81.79069375972308,-3990.0,-3460.0
exp_kp_001,SA_KP[base]_n100_inst1_run1,base,41000,41001,41001.0,0.5008744590013521,81.79069375972308,-4049.0,-3218.0
exp_kp_001,SA_KP[base]_n100_inst1_run1,base,41200,41201,41201.0,0.5032740000024205,81.79069375972308,-4049.0,-3257.0
exp_kp_001,SA_KP[base]_n100_inst1_run1,base,41400,41401,41401.0,0.5061208340048324,81.79069375972308,-4049.0,-3714.0
exp_kp_001,SA_KP[base]_n100_inst1_run1,base,41600,41601,41601.0,0.5085638340096921,81.79069375972308,-4049.0,-3694.0
exp_kp_001,SA_KP[base]_n100_inst1_run1,base,41800,41801,41801.0,0.5109732920100214,81.79069375972308,-4049.0,-3351.0
exp_kp_001,SA_KP[base]_n100_inst1_run1,base,42000,42001,42001.0,0.5134919590054778,81.79069375972308,-4049.0,-3386.0
exp_kp_001,SA_KP[base]_n100_inst1_run1,base,42200,42201,42201.0,0.5159734170010779,80.97278682212585,-4049.0,-3604.0
exp_kp_001,SA_KP[base]_n100_inst1_run1,base,42400,42401,42401.0,0.518601709001814,80.97278682212585,-4049.0,-3615.0
exp_kp_001,SA_KP[base]_n100_inst1_run1,base,42600,42601,42601.0,0.5209205840073992,80.97278682212585,-4049.0,-3413.0
exp_kp_001,SA_KP[base]_n100_inst1_run1,base,42800,42801,42801.0,0.5232520840072539,80.97278682212585,-4049.0,-3479.0
exp_kp_001,SA_KP[base]_n100_inst1_run1,base,43000,43001,43001.0,0.5256417500058888,80.97278682212585,-4049.0,-3248.0
exp_kp_001,SA_KP[base]_n100_inst1_run1,base,43200,43201,43201.0,0.5282591670111287,80.97278682212585,-4049.0,-3795.0
exp_kp_001,SA_KP[base]_n100_inst1_run1,base,43400,43401,43401.0,0.5307094590098131,80.97278682212585,-4049.0,-3557.0
exp_kp_001,SA_KP[base]_n100_inst1_run1,base,43600,43601,43601.0,0.5330887919990346,80.97278682212585,-4049.0,-3339.0
exp_kp_001,SA_KP[base]_n100_inst1_run1,base,43800,43801,43801.0,0.5354908340086695,80.97278682212585,-4049.0,-3065.0
exp_kp_001,SA_KP[base]_n100_inst1_run1,base,44000,44001,44001.0,0.5377392920054263,80.97278682212585,-4049.0,-3393.0
exp_kp_001,SA_KP[base]_n100_inst1_run1,base,44200,44201,44201.0,0.5402037919993745,80.1630589539046,-4049.0,-3649.0
exp_kp_001,SA_KP[base]_n100_inst1_run1,base,44400,44401,44401.0,0.5426815840037307,80.1630589539046,-4049.0,-3432.0
exp_kp_001,SA_KP[base]_n100_inst1_run1,base,44600,44601,44601.0,0.5451828340010252,80.1630589539046,-4049.0,-3402.0
exp_kp_001,SA_KP[base]_n100_inst1_run1,base,44800,44801,44801.0,0.5477204170019832,80.1630589539046,-4049.0,-3613.0
exp_kp_001,SA_KP[base]_n100_inst1_run1,base,45000,45001,45001.0,0.5502588340023067,80.1630589539046,-4049.0,-3820.0
exp_kp_001,SA_KP[base]_n100_inst1_run1,base,45200,45201,45201.0,0.5527308340097079,80.1630589539046,-4049.0,-3555.0
exp_kp_001,SA_KP[base]_n100_inst1_run1,base,45400,45401,45401.0,0.5551681250071852,80.1630589539046,-4049.0,-3461.0
exp_kp_001,SA_KP[base]_n100_inst1_run1,base,45600,45601,45601.0,0.5576589170086663,80.1630589539046,-4049.0,-3412.0
exp_kp_001,SA_KP[base]_n100_inst1_run1,base,45800,45801,45801.0,0.560131584003102,80.1630589539046,-4049.0,-3668.0
exp_kp_001,SA_KP[base]_n100_inst1_run1,base,46000,46001,46001.0,0.5626150419993792,80.1630589539046,-4049.0,-3537.0
exp_kp_001,SA_KP[base]_n100_inst1_run1,base,46200,46201,46201.0,0.5651148750039283,79.36142836436555,-4049.0,-3300.0
exp_kp_001,SA_KP[base]_n100_inst1_run1,base,46400,46401,46401.0,0.5676783340022666,79.36142836436555,-4049.0,-3553.0
exp_kp_001,SA_KP[base]_n100_inst1_run1,base,46600,46601,46601.0,0.5700077500077896,79.36142836436555,-4049.0,-3535.0
exp_kp_001,SA_KP[base]_n100_inst1_run1,base,46800,46801,46801.0,0.5723868750064867,79.36142836436555,-4049.0,-3140.0
exp_kp_001,SA_KP[base]_n100_inst1_run1,base,47000,47001,47001.0,0.5748300420091255,79.36142836436555,-4049.0,-3387.0
exp_kp_001,SA_KP[base]_n100_inst1_run1,base,47200,47201,47201.0,0.5772244590043556,79.36142836436555,-4049.0,-3385.0
exp_kp_001,SA_KP[base]_n100_inst1_run1,base,47400,47401,47401.0,0.5795641670119949,79.36142836436555,-4049.0,-3319.0
exp_kp_001,SA_KP[base]_n100_inst1_run1,base,47600,47601,47601.0,0.5821117090090411,79.36142836436555,-4049.0,-3444.0
exp_kp_001,SA_KP[base]_n100_inst1_run1,base,47800,47801,47801.0,0.5846806670015212,79.36142836436555,-4049.0,-3611.0
exp_kp_001,SA_KP[base]_n100_inst1_run1,base,48000,48001,48001.0,0.5871975000045495,79.36142836436555,-4049.0,-3435.0
exp_kp_001,SA_KP[base]_n100_inst1_run1,base,48200,48201,48201.0,0.5895309589977842,78.56781408072189,-4049.0,-2969.0
exp_kp_001,SA_KP[base]_n100_inst1_run1,base,48400,48401,48401.0,0.5920117920031771,78.56781408072189,-4049.0,-3363.0
exp_kp_001,SA_KP[base]_n100_inst1_run1,base,48600,48601,48601.0,0.5943614590069046,78.56781408072189,-4049.0,-3158.0
exp_kp_001,SA_KP[base]_n100_inst1_run1,base,48800,48801,48801.0,0.5967030419997172,78.56781408072189,-4049.0,-3705.0
exp_kp_001,SA_KP[base]_n100_inst1_run1,base,49000,49001,49001.0,0.5992774170008488,78.56781408072189,-4049.0,-3515.0
exp_kp_001,SA_KP[base]_n100_inst1_run1,base,49200,49201,49201.0,0.6016650840028888,78.56781408072189,-4049.0,-3619.0
exp_kp_001,SA_KP[base]_n100_inst1_run1,base,49400,49401,49401.0,0.604166917008115,78.56781408072189,-4049.0,-3629.0
exp_kp_001,SA_KP[base]_n100_inst1_run1,base,49600,49601,49601.0,0.6067577500070911,78.56781408072189,-4049.0,-3566.0
exp_kp_001,SA_KP[base]_n100_inst1_run1,base,49800,49801,49801.0,0.6093481249990873,78.56781408072189,-4049.0,-3607.0
exp_kp_001,SA_KP[base]_n100_inst1_run1,base,49999,50000,50000.0,0.6118411250063218,0.00099,-4049.0,-3589.0
exp_kp_001,SA_KP[base]_n100_inst1_run2,base,0,1,1.0,1.012500433716923e-05,100.0,-2545.0,-2545.0
exp_kp_001,SA_KP[base]_n100_inst1_run2,base,200,201,201.0,0.002426624996587634,100.0,-3372.0,-3158.0
exp_kp_001,SA_KP[base]_n100_inst1_run2,base,400,401,401.0,0.004825084004551172,100.0,-3504.0,-3504.0
exp_kp_001,SA_KP[base]_n100_inst1_run2,base,600,601,601.0,0.007281583995791152,100.0,-3576.0,-3135.0
exp_kp_001,SA_KP[base]_n100_inst1_run2,base,800,801,801.0,0.009699333997559734,100.0,-3799.0,-3492.0
exp_kp_001,SA_KP[base]_n100_inst1_run2,base,1000,1001,1001.0,0.012123749998863786,100.0,-3799.0,-3385.0
exp_kp_001,SA_KP[base]_n100_inst1_run2,base,1200,1201,1201.0,0.014467875007539988,100.0,-3799.0,-3525.0
exp_kp_001,SA_KP[base]_n100_inst1_run2,base,1400,1401,1401.0,0.016892458996153437,100.0,-3799.0,-3220.0
exp_kp_001,SA_KP[base]_n100_inst1_run2,base,1600,1601,1601.0,0.019356834003701806,100.0,-3799.0,-3317.0
exp_kp_001,SA_KP[base]_n100_inst1_run2,base,1800,1801,1801.0,0.02168845900450833,100.0,-3799.0,-3000.0
exp_kp_001,SA_KP[base]_n100_inst1_run2,base,2000,2001,2001.0,0.02403941699594725,100.0,-3799.0,-3018.0
exp_kp_001,SA_KP[base]_n100_inst1_run2,base,2200,2201,2201.0,0.02641800000856165,99.0,-3799.0,-3047.0
exp_kp_001,SA_KP[base]_n100_inst1_run2,base,2400,2401,2401.0,0.02881691700895317,99.0,-3799.0,-2948.0
exp_kp_001,SA_KP[base]_n100_inst1_run2,base,2600,2601,2601.0,0.031140125007368624,99.0,-3799.0,-3368.0
exp_kp_001,SA_KP[base]_n100_inst1_run2,base,2800,2801,2801.0,0.03353195900854189,99.0,-3799.0,-3254.0
exp_kp_001,SA_KP[base]_n100_inst1_run2,base,3000,3001,3001.0,0.035884334007278085,99.0,-3799.0,-2939.0
exp_kp_001,SA_KP[base]_n100_inst1_run2,base,3200,3201,3201.0,0.03811108399531804,99.0,-3799.0,-3456.0
exp_kp_001,SA_KP[base]_n100_inst1_run2,base,3400,3401,3401.0,0.040524541997001506,99.0,-3830.0,-3559.0
exp_kp_001,SA_KP[base]_n100_inst1_run2,base,3600,3601,3601.0,0.04286233399761841,99.0,-3830.0,-3419.0
exp_kp_001,SA_KP[base]_n100_inst1_run2,base,3800,3801,3801.0,0.04543987500073854,99.0,-3830.0,-2991.0
exp_kp_001,SA_KP[base]_n100_inst1_run2,base,4000,4001,4001.0,0.04780037500313483,99.0,-3830.0,-3138.0
exp_kp_001,SA_KP[base]_n100_inst1_run2,base,4200,4201,4201.0,0.0501267090003239,98.01,-3830.0,-3463.0
exp_kp_001,SA_KP[base]_n100_inst1_run2,base,4400,4401,4401.0,0.05244741700880695,98.01,-3830.0,-2993.0
exp_kp_001,SA_KP[base]_n100_inst1_run2,base,4600,4601,4601.0,0.05481600000348408,98.01,-3830.0,-2936.0
exp_kp_001,SA_KP[base]_n100_inst1_run2,base,4800,4801,4801.0,0.057117042000754736,98.01,-3830.0,-3382.0
exp_kp_001,SA_KP[base]_n100_inst1_run2,base,5000,5001,5001.0,0.05957354200654663,98.01,-3830.0,-3420.0
exp_kp_001,SA_KP[base]_n100_inst1_run2,base,5200,5201,5201.0,0.06187750000390224,98.01,-3830.0,-3267.0
exp_kp_001,SA_KP[base]_n100_inst1_run2,base,5400,5401,5401.0,0.06426170900522266,98.01,-3830.0,-3264.0
exp_kp_001,SA_KP[base]_n100_inst1_run2,base,5600,5601,5601.0,0.06656091699551325,98.01,-3830.0,-3622.0
exp_kp_001,SA_KP[base]_n100_inst1_run2,base,5800,5801,5801.0,0.06908108400239144,98.01,-3830.0,-3272.0
exp_kp_001,SA_KP[base]_n100_inst1_run2,base,6000,6001,6001.0,0.07149479200597852,98.01,-3830.0,-3295.0
exp_kp_001,SA_KP[base]_n100_inst1_run2,base,6200,6201,6201.0,0.0739436250005383,97.0299,-3830.0,-3303.0
exp_kp_001,SA_KP[base]_n100_inst1_run2,base,6400,6401,6401.0,0.07609283400233835,97.0299,-3830.0,-2750.0
exp_kp_001,SA_KP[base]_n100_inst1_run2,base,6600,6601,6601.0,0.07843550000688992,97.0299,-3830.0,-3120.0
exp_kp_001,SA_KP[base]_n100_inst1_run2,base,6800,6801,6801.0,0.08083725000324193,97.0299,-3830.0,-2848.0
exp_kp_001,SA_KP[base]_n100_inst1_run2,base,7000,7001,7001.0,0.0831507090042578,97.0299,-3830.0,-3252.0
exp_kp_001,SA_KP[base]_n100_inst1_run2,base,7200,7201,7201.0,0.08556445900467224,97.0299,-3830.0,-2775.0
exp_kp_001,SA_KP[base]_n100_inst1_run2,base,7400,7401,7401.0,0.08805533399572596,97.0299,-3830.0,-3073.0
exp_kp_001,SA_KP[base]_n100_inst1_run2,base,7600,7601,7601.0,0.09024995900108479,97.0299,-3830.0,-3340.0
exp_kp_001,SA_KP[base]_n100_inst1_run2,base,7800,7801,7801.0,0.09260733400878962,97.0299,-3830.0,-3139.0
exp_kp_001,SA_KP[base]_n100_inst1_run2,base,8000,8001,8001.0,0.09510483400663361,97.0299,-3856.0,-3574.0
exp_kp_001,SA_KP[base]_n100_inst1_run2,base,8200,8201,8201.0,0.09751091699581593,96.059601,-3856.0,-3160.0
exp_kp_001,SA_KP[base]_n100_inst1_run2,base,8400,8401,8401.0,0.09975750000739936,96.059601,-3856.0,-3062.0
exp_kp_001,SA_KP[base]_n100_inst1_run2,base,8600,8601,8601.0,0.1022357500041835,96.059601,-3856.0,-3472.0
exp_kp_001,SA_KP[base]_n100_inst1_run2,base,8800,8801,8801.0,0.10465720899810549,96.059601,-3856.0,-3390.0
exp_kp_001,SA_KP[base]_n100_inst1_run2,base,9000,9001,9001.0,0.10706875000323635,96.059601,-3856.0,-3347.0
exp_kp_001,SA_KP[base]_n100_inst1_run2,base,9200,9201,9201.0,0.10950545899686404,96.059601,-3856.0,-3398.0
exp_kp_001,SA_KP[base]_n100_inst1_run2,base,9400,9401,9401.0,0.11188770900480449,96.059601,-3856.0,-3784.0
exp_kp_001,SA_KP[base]_n100_inst1_run2,base,9600,9601,9601.0,0.11437620900687762,96.059601,-3935.0,-3238.0
exp_kp_001,SA_KP[base]_n100_inst1_run2,base,9800,9801,9801.0,0.11673945900110994,96.059601,-3935.0,-3697.0
exp_kp_001,SA_KP[base]_n100_inst1_run2,base,10000,10001,10001.0,0.11912108400429133,96.059601,-3935.0,-3360.0
exp_kp_001,SA_KP[base]_n100_inst1_run2,base,10200,10201,10201.0,0.12154145899694413,95.09900499,-3935.0,-3642.0
exp_kp_001,SA_KP[base]_n100_inst1_run2,base,10400,10401,10401.0,0.12409058399498463,95.09900499,-3935.0,-3454.0
exp_kp_001,SA_KP[base]_n100_inst1_run2,base,10600,10601,10601.0,0.1264110839983914,95.09900499,-3935.0,-3221.0
exp_kp_001,SA_KP[base]_n100_inst1_run2,base,10800,10801,10801.0,0.1289575840055477,95.09900499,-3935.0,-3508.0
exp_kp_001,SA_KP[base]_n100_inst1_run2,base,11000,11001,11001.0,0.13143220900383312,95.09900499,-3935.0,-3421.0
exp_kp_001,SA_KP[base]_n100_inst1_run2,base,11200,11201,11201.0,0.13379741700191516,95.09900499,-3935.0,-3451.0
exp_kp_001,SA_KP[base]_n100_inst1_run2,base,11400,11401,11401.0,0.1360923750034999,95.09900499,-3935.0,-3289.0
exp_kp_001,SA_KP[base]_n100_inst1_run2,base,11600,11601,11601.0,0.1383984169951873,95.09900499,-3935.0,-3199.0
exp_kp_001,SA_KP[base]_n100_inst1_run2,base,11800,11801,11801.0,0.14064645899634343,95.09900499,-3935.0,-3282.0
exp_kp_001,SA_KP[base]_n100_inst1_run2,base,12000,12001,12001.0,0.1430430839973269,95.09900499,-3935.0,-2972.0
exp_kp_001,SA_KP[base]_n100_inst1_run2,base,12200,12201,12201.0,0.1454351249994943,94.1480149401,-3935.0,-3161.0
exp_kp_001,SA_KP[base]_n100_inst1_run2,base,12400,12401,12401.0,0.14789104199735448,94.1480149401,-3935.0,-3356.0
exp_kp_001,SA_KP[base]_n100_inst1_run2,base,12600,12601,12601.0,0.15033150000090245,94.1480149401,-3935.0,-3542.0
exp_kp_001,SA_KP[base]_n100_inst1_run2,base,12800,12801,12801.0,0.15275691699935123,94.1480149401,-3935.0,-3379.0
exp_kp_001,SA_KP[base]_n100_inst1_run2,base,13000,13001,13001.0,0.15533508399676066,94.1480149401,-3935.0,-3726.0
exp_kp_001,SA_KP[base]_n100_inst1_run2,base,13200,13201,13201.0,0.15787675000319723,94.1480149401,-3935.0,-2967.0
exp_kp_001,SA_KP[base]_n100_inst1_run2,base,13400,13401,13401.0,0.1603177500073798,94.1480149401,-3935.0,-3750.0
exp_kp_001,SA_KP[base]_n100_inst1_run2,base,13600,13601,13601.0,0.1628117500076769,94.1480149401,-3935.0,-3139.0
exp_kp_001,SA_KP[base]_n100_inst1_run2,base,13800,13801,13801.0,0.16512512500048615,94.1480149401,-3935.0,-3366.0
exp_kp_001,SA_KP[base]_n100_inst1_run2,base,14000,14001,14001.0,0.16756704200815875,94.1480149401,-3935.0,-3182.0
exp_kp_001,SA_KP[base]_n100_inst1_run2,base,14200,14201,14201.0,0.16991704200336244,93.206534790699,-3935.0,-3183.0
exp_kp_001,SA_KP[base]_n100_inst1_run2,base,14400,14401,14401.0,0.17239545899792574,93.206534790699,-3935.0,-3085.0
exp_kp_001,SA_KP[base]_n100_inst1_run2,base,14600,14601,14601.0,0.1748955420043785,93.206534790699,-3935.0,-3024.0
exp_kp_001,SA_KP[base]_n100_inst1_run2,base,14800,14801,14801.0,0.17735116700350773,93.206534790699,-3935.0,-3470.0
exp_kp_001,SA_KP[base]_n100_inst1_run2,base,15000,15001,15001.0,0.17980174999684095,93.206534790699,-3935.0,-3525.0
exp_kp_001,SA_KP[base]_n100_inst1_run2,base,15200,15201,15201.0,0.18219541700091213,93.206534790699,-3935.0,-3344.0
exp_kp_001,SA_KP[base]_n100_inst1_run2,base,15400,15401,15401.0,0.18464766700344626,93.206534790699,-3935.0,-3478.0
exp_kp_001,SA_KP[base]_n100_inst1_run2,base,15600,15601,15601.0,0.18710825000016484,93.206534790699,-3935.0,-3278.0
exp_kp_001,SA_KP[base]_n100_inst1_run2,base,15800,15801,15801.0,0.18958233400189783,93.206534790699,-3935.0,-3668.0
exp_kp_001,SA_KP[base]_n100_inst1_run2,base,16000,16001,16001.0,0.1920034590002615,93.206534790699,-3935.0,-3129.0
exp_kp_001,SA_KP[base]_n100_inst1_run2,base,16200,16201,16201.0,0.1944665420014644,92.27446944279201,-3935.0,-3387.0
exp_kp_001,SA_KP[base]_n100_inst1_run2,base,16400,16401,16401.0,0.1968064590037102,92.27446944279201,-3935.0,-3328.0
exp_kp_001,SA_KP[base]_n100_inst1_run2,base,16600,16601,16601.0,0.19909883399668615,92.27446944279201,-3935.0,-3014.0
exp_kp_001,SA_KP[base]_n100_inst1_run2,base,16800,16801,16801.0,0.20155104200239293,92.27446944279201,-3935.0,-3541.0
exp_kp_001,SA_KP[base]_n100_inst1_run2,base,17000,17001,17001.0,0.2040319170046132,92.27446944279201,-3935.0,-3581.0
exp_kp_001,SA_KP[base]_n100_inst1_run2,base,17200,17201,17201.0,0.2063314170081867,92.27446944279201,-3935.0,-3102.0
exp_kp_001,SA_KP[base]_n100_inst1_run2,base,17400,17401,17401.0,0.20889020900358446,92.27446944279201,-3935.0,-3672.0
exp_kp_001,SA_KP[base]_n100_inst1_run2,base,17600,17601,17601.0,0.2112432090070797,92.27446944279201,-3935.0,-3225.0
exp_kp_001,SA_KP[base]_n100_inst1_run2,base,17800,17801,17801.0,0.21366875000239816,92.27446944279201,-3935.0,-3608.0
exp_kp_001,SA_KP[base]_n100_inst1_run2,base,18000,18001,18001.0,0.2162741670035757,92.27446944279201,-3935.0,-3250.0
exp_kp_001,SA_KP[base]_n100_inst1_run2,base,18200,18201,18201.0,0.21875808399636298,91.35172474836409,-4034.0,-3757.0
exp_kp_001,SA_KP[base]_n100_inst1_run2,base,18400,18401,18401.0,0.22125012500328012,91.35172474836409,-4034.0,-3366.0
exp_kp_001,SA_KP[base]_n100_inst1_run2,base,18600,18601,18601.0,0.2236925000033807,91.35172474836409,-4034.0,-3281.0
exp_kp_001,SA_KP[base]_n100_inst1_run2,base,18800,18801,18801.0,0.22592654199979734,91.35172474836409,-4034.0,-3164.0
exp_kp_001,SA_KP[base]_n100_inst1_run2,base,19000,19001,19001.0,0.22828700000536628,91.35172474836409,-4034.0,-3475.0
exp_kp_001,SA_KP[base]_n100_inst1_run2,base,19200,19201,19201.0,0.23064520899788477,91.35172474836409,-4034.0,-3607.0
exp_kp_001,SA_KP[base]_n100_inst1_run2,base,19400,19401,19401.0,0.23299241700442508,91.35172474836409,-4034.0,-3272.0
exp_kp_001,SA_KP[base]_n100_inst1_run2,base,19600,19601,19601.0,0.23550095899554435,91.35172474836409,-4034.0,-3281.0
exp_kp_001,SA_KP[base]_n100_inst1_run2,base,19800,19801,19801.0,0.2378691250050906,91.35172474836409,-4034.0,-3490.0
exp_kp_001,SA_KP[base]_n100_inst1_run2,base,20000,20001,20001.0,0.24030920899531338,91.35172474836409,-4034.0,-2781.0
exp_kp_001,SA_KP[base]_n100_inst1_run2,base,20200,20201,20201.0,0.24268291699991096,90.43820750088045,-4034.0,-3276.0
exp_kp_001,SA_KP[base]_n100_inst1_run2,base,20400,20401,20401.0,0.24497470899950713,90.43820750088045,-4034.0,-3088.0
exp_kp_001,SA_KP[base]_n100_inst1_run2,base,20600,20601,20601.0,0.24744999999529682,90.43820750088045,-4034.0,-3402.0
exp_kp_001,SA_KP[base]_n100_inst1_run2,base,20800,20801,20801.0,0.24989995900250506,90.43820750088045,-4034.0,-3013.0
exp_kp_001,SA_KP[base]_n100_inst1_run2,base,21000,21001,21001.0,0.2523978340032045,90.43820750088045,-4034.0,-3622.0
exp_kp_001,SA_KP[base]_n100_inst1_run2,base,21200,21201,21201.0,0.25494141700619366,90.43820750088045,-4034.0,-3533.0
exp_kp_001,SA_KP[base]_n100_inst1_run2,base,21400,21401,21401.0,0.2573898340051528,90.43820750088045,-4034.0,-3439.0
exp_kp_001,SA_KP[base]_n100_inst1_run2,base,21600,21601,21601.0,0.25968183399527334,90.43820750088045,-4034.0,-3007.0
exp_kp_001,SA_KP[base]_n100_inst1_run2,base,21800,21801,21801.0,0.26206725000520237,90.43820750088045,-4034.0,-3393.0
exp_kp_001,SA_KP[base]_n100_inst1_run2,base,22000,22001,22001.0,0.2643551670043962,90.43820750088045,-4034.0,-3323.0
exp_kp_001,SA_KP[base]_n100_inst1_run2,base,22200,22201,22201.0,0.2666862920013955,89.53382542587164,-4034.0,-3237.0
exp_kp_001,SA_KP[base]_n100_inst1_run2,base,22400,22401,22401.0,0.2692382499953965,89.53382542587164,-4034.0,-3416.0
exp_kp_001,SA_KP[base]_n100_inst1_run2,base,22600,22601,22601.0,0.2718545840034494,89.53382542587164,-4034.0,-3387.0
exp_kp_001,SA_KP[base]_n100_inst1_run2,base,22800,22801,22801.0,0.2743051249999553,89.53382542587164,-4034.0,-3274.0
exp_kp_001,SA_KP[base]_n100_inst1_run2,base,23000,23001,23001.0,0.2766973749967292,89.53382542587164,-4034.0,-3142.0
exp_kp_001,SA_KP[base]_n100_inst1_run2,base,23200,23201,23201.0,0.27912287499930244,89.53382542587164,-4034.0,-3316.0
exp_kp_001,SA_KP[base]_n100_inst1_run2,base,23400,23401,23401.0,0.2815178750024643,89.53382542587164,-4034.0,-3133.0
exp_kp_001,SA_KP[base]_n100_inst1_run2,base,23600,23601,23601.0,0.2841112919995794,89.53382542587164,-4034.0,-3622.0
exp_kp_001,SA_KP[base]_n100_inst1_run2,base,23800,23801,23801.0,0.28662016699672677,89.53382542587164,-4034.0,-3222.0
exp_kp_001,SA_KP[base]_n100_inst1_run2,base,24000,24001,24001.0,0.2889727919973666,89.53382542587164,-4034.0,-3155.0
exp_kp_001,SA_KP[base]_n100_inst1_run2,base,24200,24201,24201.0,0.29142624999803957,88.63848717161292,-4034.0,-3182.0
exp_kp_001,SA_KP[base]_n100_inst1_run2,base,24400,24401,24401.0,0.2938772089983104,88.63848717161292,-4034.0,-3316.0
exp_kp_001,SA_KP[base]_n100_inst1_run2,base,24600,24601,24601.0,0.29643729199597146,88.63848717161292,-4034.0,-3139.0
exp_kp_001,SA_KP[base]_n100_inst1_run2,base,24800,24801,24801.0,0.2990275420015678,88.63848717161292,-4034.0,-3677.0
exp_kp_001,SA_KP[base]_n100_inst1_run2,base,25000,25001,25001.0,0.30158091700286604,88.63848717161292,-4034.0,-3558.0
exp_kp_001,SA_KP[base]_n100_inst1_run2,base,25200,25201,25201.0,0.3041427499993006,88.63848717161292,-4034.0,-3105.0
exp_kp_001,SA_KP[base]_n100_inst1_run2,base,25400,25401,25401.0,0.3065264169999864,88.63848717161292,-4034.0,-3283.0
exp_kp_001,SA_KP[base]_n100_inst1_run2,base,25600,25601,25601.0,0.30891037499532104,88.63848717161292,-4034.0,-3709.0
exp_kp_001,SA_KP[base]_n100_inst1_run2,base,25800,25801,25801.0,0.3114483340032166,88.63848717161292,-4034.0,-3524.0
exp_kp_001,SA_KP[base]_n100_inst1_run2,base,26000,26001,26001.0,0.313922041998012,88.63848717161292,-4034.0,-3704.0
exp_kp_001,SA_KP[base]_n100_inst1_run2,base,26200,26201,26201.0,0.3164187500078697,87.75210229989679,-4034.0,-3483.0
exp_kp_001,SA_KP[base]_n100_inst1_run2,base,26400,26401,26401.0,0.3189644170051906,87.75210229989679,-4034.0,-3657.0
exp_kp_001,SA_KP[base]_n100_inst1_run2,base,26600,26601,26601.0,0.32148050000250805,87.75210229989679,-4034.0,-3560.0
exp_kp_001,SA_KP[base]_n100_inst1_run2,base,26800,26801,26801.0,0.32397891700384207,87.75210229989679,-4034.0,-3090.0
exp_kp_001,SA_KP[base]_n100_inst1_run2,base,27000,27001,27001.0,0.3263404589961283,87.75210229989679,-4034.0,-2747.0
exp_kp_001,SA_KP[base]_n100_inst1_run2,base,27200,27201,27201.0,0.3287334170017857,87.75210229989679,-4034.0,-3173.0
exp_kp_001,SA_KP[base]_n100_inst1_run2,base,27400,27401,27401.0,0.33101729200279806,87.75210229989679,-4034.0,-3319.0
exp_kp_001,SA_KP[base]_n100_inst1_run2,base,27600,27601,27601.0,0.3334065420058323,87.75210229989679,-4034.0,-3384.0
exp_kp_001,SA_KP[base]_n100_inst1_run2,base,27800,27801,27801.0,0.33593924999877345,87.75210229989679,-4034.0,-3666.0
exp_kp_001,SA_KP[base]_n100_inst1_run2,base,28000,28001,28001.0,0.3383359169965843,87.75210229989679,-4034.0,-3186.0
exp_kp_001,SA_KP[base]_n100_inst1_run2,base,28200,28201,28201.0,0.3407608749985229,86.87458127689783,-4034.0,-3293.0
exp_kp_001,SA_KP[base]_n100_inst1_run2,base,28400,28401,28401.0,0.3430785420059692,86.87458127689783,-4034.0,-3176.0
exp_kp_001,SA_KP[base]_n100_inst1_run2,base,28600,28601,28601.0,0.3455978340061847,86.87458127689783,-4034.0,-3593.0
exp_kp_001,SA_KP[base]_n100_inst1_run2,base,28800,28801,28801.0,0.3480040840076981,86.87458127689783,-4034.0,-3561.0
exp_kp_001,SA_KP[base]_n100_inst1_run2,base,29000,29001,29001.0,0.35053679200063925,86.87458127689783,-4034.0,-3499.0
exp_kp_001,SA_KP[base]_n100_inst1_run2,base,29200,29201,29201.0,0.35291658400092274,86.87458127689783,-4034.0,-2493.0
exp_kp_001,SA_KP[base]_n100_inst1_run2,base,29400,29401,29401.0,0.3552276249974966,86.87458127689783,-4034.0,-3090.0
exp_kp_001,SA_KP[base]_n100_inst1_run2,base,29600,29601,29601.0,0.35770145899732597,86.87458127689783,-4034.0,-3406.0
exp_kp_001,SA_KP[base]_n100_inst1_run2,base,29800,29801,29801.0,0.3603080839966424,86.87458127689783,-4034.0,-3432.0
exp_kp_001,SA_KP[base]_n100_inst1_run2,base,30000,30001,30001.0,0.36279362499772105,86.87458127689783,-4034.0,-3573.0
exp_kp_001,SA_KP[base]_n100_inst1_run2,base,30200,30201,30201.0,0.3651899590040557,86.00583546412885,-4034.0,-3347.0
exp_kp_001,SA_KP[base]_n100_inst1_run2,base,30400,30401,30401.0,0.3676134169945726,86.00583546412885,-4034.0,-3630.0
exp_kp_001,SA_KP[base]_n100_inst1_run2,base,30600,30601,30601.0,0.37009195900463965,86.00583546412885,-4034.0,-3728.0
exp_kp_001,SA_KP[base]_n100_inst1_run2,base,30800,30801,30801.0,0.37260779200005345,86.00583546412885,-4034.0,-3427.0
exp_kp_001,SA_KP[base]_n100_inst1_run2,base,31000,31001,31001.0,0.3750300420069834,86.00583546412885,-4034.0,-3448.0
exp_kp_001,SA_KP[base]_n100_inst1_run2,base,31200,31201,31201.0,0.37733187500271015,86.00583546412885,-4034.0,-3464.0
exp_kp_001,SA_KP[base]_n100_inst1_run2,base,31400,31401,31401.0,0.3796779590047663,86.00583546412885,-4034.0,-3221.0
exp_kp_001,SA_KP[base]_n100_inst1_run2,base,31600,31601,31601.0,0.38210766699921805,86.00583546412885,-4034.0,-3497.0
exp_kp_001,SA_KP[base]_n100_inst1_run2,base,31800,31801,31801.0,0.38450512499548495,86.00583546412885,-4034.0,-3637.0
exp_kp_001,SA_KP[base]_n100_inst1_run2,base,32000,32001,32001.0,0.38700816700293217,86.00583546412885,-4034.0,-3384.0
exp_kp_001,SA_KP[base]_n100_inst1_run2,base,32200,32201,32201.0,0.3894594169978518,85.14577710948755,-4034.0,-3004.0
exp_kp_001,SA_KP[base]_n100_inst1_run2,base,32400,32401,32401.0,0.39177016699977685,85.14577710948755,-4034.0,-3643.0
exp_kp_001,SA_KP[base]_n100_inst1_run2,base,32600,32601,32601.0,0.39407175000815187,85.14577710948755,-4034.0,-3122.0
exp_kp_001,SA_KP[base]_n100_inst1_run2,base,32800,32801,32801.0,0.3964653340080986,85.14577710948755,-4034.0,-3367.0
exp_kp_001,SA_KP[base]_n100_inst1_run2,base,33000,33001,33001.0,0.39875320899591316,85.14577710948755,-4034.0,-3176.0
exp_kp_001,SA_KP[base]_n100_inst1_run2,base,33200,33201,33201.0,0.4012039170047501,85.14577710948755,-4034.0,-3215.0
exp_kp_001,SA_KP[base]_n100_inst1_run2,base,33400,33401,33401.0,0.40354054199997336,85.14577710948755,-4034.0,-3134.0
exp_kp_001,SA_KP[base]_n100_inst1_run2,base,33600,33601,33601.0,0.40598441699694376,85.14577710948755,-4034.0,-3331.0
exp_kp_001,SA_KP[base]_n100_inst1_run2,base,33800,33801,33801.0,0.40837641700636595,85.14577710948755,-4034.0,-3168.0
exp_kp_001,SA_KP[base]_n100_inst1_run2,base,34000,34001,34001.0,0.4108454170054756,85.14577710948755,-4034.0,-3479.0
exp_kp_001,SA_KP[base]_n100_inst1_run2,base,34200,34201,34201.0,0.41316766700765584,84.29431933839268,-4034.0,-3272.0
exp_kp_001,SA_KP[base]_n100_inst1_run2,base,34400,34401,34401.0,0.4156115000077989,84.29431933839268,-4034.0,-3392.0
exp_kp_001,SA_KP[base]_n100_inst1_run2,base,34600,34601,34601.0,0.4182662090024678,84.29431933839268,-4034.0,-3625.0
exp_kp_001,SA_KP[base]_n100_inst1_run2,base,34800,34801,34801.0,0.4207257920061238,84.29431933839268,-4034.0,-3428.0
exp_kp_001,SA_KP[base]_n100_inst1_run2,base,35000,35001,35001.0,0.42318429199804086,84.29431933839268,-4034.0,-3563.0
exp_kp_001,SA_KP[base]_n100_inst1_run2,base,35200,35201,35201.0,0.42560133400547784,84.29431933839268,-4034.0,-3318.0
exp_kp_001,SA_KP[base]_n100_inst1_run2,base,35400,35401,35401.0,0.42805020899686497,84.29431933839268,-4034.0,-3099.0
exp_kp_001,SA_KP[base]_n100_inst1_run2,base,35600,35601,35601.0,0.4304942089947872,84.29431933839268,-4034.0,-3472.0
exp_kp_001,SA_KP[base]_n100_inst1_run2,base,35800,35801,35801.0,0.43288845900679007,84.29431933839268,-4034.0,-3473.0
exp_kp_001,SA_KP[base]_n100_inst1_run2,base,36000,36001,36001.0,0.43535254200105555,84.29431933839268,-4034.0,-3703.0
exp_kp_001,SA_KP[base]_n100_inst1_run2,base,36200,36201,36201.0,0.4378043750039069,83.45137614500875,-4034.0,-3371.0
exp_kp_001,SA_KP[base]_n100_inst1_run2,base,36400,36401,36401.0,0.4401325420039939,83.45137614500875,-4034.0,-3283.0
exp_kp_001,SA_KP[base]_n100_inst1_run2,base,36600,36601,36601.0,0.44268241700774524,83.45137614500875,-4034.0,-3589.0
exp_kp_001,SA_KP[base]_n100_inst1_run2,base,36800,36801,36801.0,0.4450961249967804,83.45137614500875,-4034.0,-3167.0
exp_kp_001,SA_KP[base]_n100_inst1_run2,base,37000,37001,37001.0,0.4477128340076888,83.45137614500875,-4034.0,-3509.0
exp_kp_001,SA_KP[base]_n100_inst1_run2,base,37200,37201,37201.0,0.4503000420081662,83.45137614500875,-4034.0,-3550.0
exp_kp_001,SA_KP[base]_n100_inst1_run2,base,37400,37401,37401.0,0.45274858400807716,83.45137614500875,-4034.0,-3600.0
exp_kp_001,SA_KP[base]_n100_inst1_run2,base,37600,37601,37601.0,0.45515404200705234,83.45137614500875,-4034.0,-3119.0
exp_kp_001,SA_KP[base]_n100_inst1_run2,base,37800,37801,37801.0,0.45762545900652185,83.45137614500875,-4034.0,-3267.0
exp_kp_001,SA_KP[base]_n100_inst1_run2,base,38000,38001,38001.0,0.4600444170064293,83.45137614500875,-4034.0,-3366.0
exp_kp_001,SA_KP[base]_n100_inst1_run2,base,38200,38201,38201.0,0.4624086670082761,82.61686238355867,-4034.0,-3100.0
exp_kp_001,SA_KP[base]_n100_inst1_run2,base,38400,38401,38401.0,0.4648594169993885,82.61686238355867,-4034.0,-3527.0
exp_kp_001,SA_KP[base]_n100_inst1_run2,base,38600,38601,38601.0,0.46737191699503455,82.61686238355867,-4034.0,-3142.0
exp_kp_001,SA_KP[base]_n100_inst1_run2,base,38800,38801,38801.0,0.4696844590071123,82.61686238355867,-4034.0,-3313.0
exp_kp_001,SA_KP[base]_n100_inst1_run2,base,39000,39001,39001.0,0.472162499994738,82.61686238355867,-4034.0,-3487.0
exp_kp_001,SA_KP[base]_n100_inst1_run2,base,39200,39201,39201.0,0.47457945899805054,82.61686238355867,-4034.0,-3601.0
exp_kp_001,SA_KP[base]_n100_inst1_run2,base,39400,39401,39401.0,0.4770839170087129,82.61686238355867,-4034.0,-3691.0
exp_kp_001,SA_KP[base]_n100_inst1_run2,base,39600,39601,39601.0,0.47946820899960585,82.61686238355867,-4034.0,-2929.0
exp_kp_001,SA_KP[base]_n100_inst1_run2,base,39800,39801,39801.0,0.4819478340068599,82.61686238355867,-4034.0,-3557.0
exp_kp_001,SA_KP[base]_n100_inst1_run2,base,40000,40001,40001.0,0.48455587499483954,82.61686238355867,-4034.0,-3941.0
exp_kp_001,SA_KP[base]_n100_inst1_run2,base,40200,40201,40201.0,0.48706520900304895,81.79069375972308,-4034.0,-3822.0
exp_kp_001,SA_KP[base]_n100_inst1_run2,base,40400,40401,40401.0,0.4894787500088569,81.79069375972308,-4034.0,-3634.0
exp_kp_001,SA_KP[base]_n100_inst1_run2,base,40600,40601,40601.0,0.49195329200301785,81.79069375972308,-4034.0,-3495.0
exp_kp_001,SA_KP[base]_n100_inst1_run2,base,40800,40801,40801.0,0.49448912500520237,81.79069375972308,-4034.0,-3405.0
exp_kp_001,SA_KP[base]_n100_inst1_run2,base,41000,41001,41001.0,0.496927375002997,81.79069375972308,-4034.0,-3278.0
exp_kp_001,SA_KP[base]_n100_inst1_run2,base,41200,41201,41201.0,0.49938054200902116,81.79069375972308,-4034.0,-3368.0
exp_kp_001,SA_KP[base]_n100_inst1_run2,base,41400,41401,41401.0,0.5018379170069238,81.79069375972308,-4034.0,-3411.0
exp_kp_001,SA_KP[base]_n100_inst1_run2,base,41600,41601,41601.0,0.5042833750048885,81.79069375972308,-4034.0,-3499.0
exp_kp_001,SA_KP[base]_n100_inst1_run2,base,41800,41801,41801.0,0.5067063750029774,81.79069375972308,-4034.0,-3287.0
exp_kp_001,SA_KP[base]_n100_inst1_run2,base,42000,42001,42001.0,0.5091622500040103,81.79069375972308,-4034.0,-2931.0
exp_kp_001,SA_KP[base]_n100_inst1_run2,base,42200,42201,42201.0,0.5116147090011509,80.97278682212585,-4034.0,-3475.0
exp_kp_001,SA_KP[base]_n100_inst1_run2,base,42400,42401,42401.0,0.5141502500046045,80.97278682212585,-4034.0,-3628.0
exp_kp_001,SA_KP[base]_n100_inst1_run2,base,42600,42601,42601.0,0.5166122500086203,80.97278682212585,-4034.0,-3132.0
exp_kp_001,SA_KP[base]_n100_inst1_run2,base,42800,42801,42801.0,0.5190844169992488,80.97278682212585,-4034.0,-3231.0
exp_kp_001,SA_KP[base]_n100_inst1_run2,base,43000,43001,43001.0,0.521579959007795,80.97278682212585,-4034.0,-3406.0
exp_kp_001,SA_KP[base]_n100_inst1_run2,base,43200,43201,43201.0,0.5240583749982761,80.97278682212585,-4034.0,-3474.0
exp_kp_001,SA_KP[base]_n100_inst1_run2,base,43400,43401,43401.0,0.5264730000053532,80.97278682212585,-4034.0,-3504.0
exp_kp_001,SA_KP[base]_n100_inst1_run2,base,43600,43601,43601.0,0.528800375002902,80.97278682212585,-4034.0,-3253.0
exp_kp_001,SA_KP[base]_n100_inst1_run2,base,43800,43801,43801.0,0.5311979170073755,80.97278682212585,-4034.0,-3375.0
exp_kp_001,SA_KP[base]_n100_inst1_run2,base,44000,44001,44001.0,0.5337211250007385,80.97278682212585,-4034.0,-3476.0
exp_kp_001,SA_KP[base]_n100_inst1_run2,base,44200,44201,44201.0,0.5360852919984609,80.1630589539046,-4034.0,-3334.0
exp_kp_001,SA_KP[base]_n100_inst1_run2,base,44400,44401,44401.0,0.5387417089950759,80.1630589539046,-4034.0,-3746.0
exp_kp_001,SA_KP[base]_n100_inst1_run2,base,44600,44601,44601.0,0.5410718339990126,80.1630589539046,-4034.0,-3716.0
exp_kp_001,SA_KP[base]_n100_inst1_run2,base,44800,44801,44801.0,0.5434594999969704,80.1630589539046,-4034.0,-3430.0
exp_kp_001,SA_KP[base]_n100_inst1_run2,base,45000,45001,45001.0,0.5459004590084078,80.1630589539046,-4034.0,-3636.0
exp_kp_001,SA_KP[base]_n100_inst1_run2,base,45200,45201,45201.0,0.5483509170007892,80.1630589539046,-4034.0,-3716.0
exp_kp_001,SA_KP[base]_n100_inst1_run2,base,45400,45401,45401.0,0.5507509169983678,80.1630589539046,-4034.0,-3419.0
exp_kp_001,SA_KP[base]_n100_inst1_run2,base,45600,45601,45601.0,0.5530998750036815,80.1630589539046,-4034.0,-3459.0
exp_kp_001,SA_KP[base]_n100_inst1_run2,base,45800,45801,45801.0,0.5555753750086296,80.1630589539046,-4034.0,-3607.0
exp_kp_001,SA_KP[base]_n100_inst1_run2,base,46000,46001,46001.0,0.557958959005191,80.1630589539046,-4034.0,-3275.0
exp_kp_001,SA_KP[base]_n100_inst1_run2,base,46200,46201,46201.0,0.5604708750033751,79.36142836436555,-4034.0,-3551.0
exp_kp_001,SA_KP[base]_n100_inst1_run2,base,46400,46401,46401.0,0.562919709002017,79.36142836436555,-4034.0,-3606.0
exp_kp_001,SA_KP[base]_n100_inst1_run2,base,46600,46601,46601.0,0.5653160000074422,79.36142836436555,-4034.0,-3070.0
exp_kp_001,SA_KP[base]_n100_inst1_run2,base,46800,46801,46801.0,0.5677587499958463,79.36142836436555,-4034.0,-3618.0
exp_kp_001,SA_KP[base]_n100_inst1_run2,base,47000,47001,47001.0,0.5702564999955939,79.36142836436555,-4034.0,-3538.0
exp_kp_001,SA_KP[base]_n100_inst1_run2,base,47200,47201,47201.0,0.5727084590034792,79.36142836436555,-4034.0,-3268.0
exp_kp_001,SA_KP[base]_n100_inst1_run2,base,47400,47401,47401.0,0.5750797920045443,79.36142836436555,-4034.0,-3370.0
exp_kp_001,SA_KP[base]_n100_inst1_run2,base,47600,47601,47601.0,0.5774072920030449,79.36142836436555,-4034.0,-3065.0
exp_kp_001,SA_KP[base]_n100_inst1_run2,base,47800,47801,47801.0,0.5797920000040904,79.36142836436555,-4034.0,-3112.0
exp_kp_001,SA_KP[base]_n100_inst1_run2,base,48000,48001,48001.0,0.5822170000028564,79.36142836436555,-4034.0,-3353.0
exp_kp_001,SA_KP[base]_n100_inst1_run2,base,48200,48201,48201.0,0.5846138750057435,78.56781408072189,-4034.0,-3554.0
exp_kp_001,SA_KP[base]_n100_inst1_run2,base,48400,48401,48401.0,0.5872238340089098,78.56781408072189,-4034.0,-3449.0
exp_kp_001,SA_KP[base]_n100_inst1_run2,base,48600,48601,48601.0,0.5897015840018867,78.56781408072189,-4034.0,-3534.0
exp_kp_001,SA_KP[base]_n100_inst1_run2,base,48800,48801,48801.0,0.5921130839997204,78.56781408072189,-4034.0,-3049.0
exp_kp_001,SA_KP[base]_n100_inst1_run2,base,49000,49001,49001.0,0.5945257090061205,78.56781408072189,-4034.0,-3299.0
exp_kp_001,SA_KP[base]_n100_inst1_run2,base,49200,49201,49201.0,0.5968414170056349,78.56781408072189,-4034.0,-3300.0
exp_kp_001,SA_KP[base]_n100_inst1_run2,base,49400,49401,49401.0,0.599287250006455,78.56781408072189,-4034.0,-3439.0
exp_kp_001,SA_KP[base]_n100_inst1_run2,base,49600,49601,49601.0,0.6017957500007469,78.56781408072189,-4034.0,-3425.0
exp_kp_001,SA_KP[base]_n100_inst1_run2,base,49800,49801,49801.0,0.6042132500006119,78.56781408072189,-4034.0,-3382.0
exp_kp_001,SA_KP[base]_n100_inst1_run2,base,49999,50000,50000.0,0.6066425000026356,0.00099,-4034.0,-2900.0
exp_kp_001,SA_KP[base]_n100_inst2_run0,base,0,1,1.0,1.0500007192604244e-05,100.0,-2243.0,-2243.0
exp_kp_001,SA_KP[base]_n100_inst2_run0,base,200,201,201.0,0.0024691250000614673,100.0,-3309.0,-2972.0
exp_kp_001,SA_KP[base]_n100_inst2_run0,base,400,401,401.0,0.004883500005234964,100.0,-3549.0,-2919.0
exp_kp_001,SA_KP[base]_n100_inst2_run0,base,600,601,601.0,0.007350542000494897,100.0,-3549.0,-3261.0
exp_kp_001,SA_KP[base]_n100_inst2_run0,base,800,801,801.0,0.009927750012138858,100.0,-3549.0,-3256.0
exp_kp_001,SA_KP[base]_n100_inst2_run0,base,1000,1001,1001.0,0.012388250004732981,100.0,-3549.0,-2681.0
exp_kp_001,SA_KP[base]_n100_inst2_run0,base,1200,1201,1201.0,0.014688916999148205,100.0,-3549.0,-3104.0
exp_kp_001,SA_KP[base]_n100_inst2_run0,base,1400,1401,1401.0,0.017052791998139583,100.0,-3549.0,-3022.0
exp_kp_001,SA_KP[base]_n100_inst2_run0,base,1600,1601,1601.0,0.019502292008837685,100.0,-3549.0,-3160.0
exp_kp_001,SA_KP[base]_n100_inst2_run0,base,1800,1801,1801.0,0.02178025001194328,100.0,-3549.0,-2402.0
exp_kp_001,SA_KP[base]_n100_inst2_run0,base,2000,2001,2001.0,0.02392366700223647,100.0,-3549.0,-2752.0
exp_kp_001,SA_KP[base]_n100_inst2_run0,base,2200,2201,2201.0,0.026269207999575883,99.0,-3549.0,-2896.0
exp_kp_001,SA_KP[base]_n100_inst2_run0,base,2400,2401,2401.0,0.02877850001095794,99.0,-3589.0,-3444.0
exp_kp_001,SA_KP[base]_n100_inst2_run0,base,2600,2601,2601.0,0.031224125006701797,99.0,-3589.0,-2969.0
exp_kp_001,SA_KP[base]_n100_inst2_run0,base,2800,2801,2801.0,0.033519707998493686,99.0,-3589.0,-2862.0
exp_kp_001,SA_KP[base]_n100_inst2_run0,base,3000,3001,3001.0,0.03589233300590422,99.0,-3589.0,-3172.0
exp_kp_001,SA_KP[base]_n100_inst2_run0,base,3200,3201,3201.0,0.03825179200794082,99.0,-3589.0,-3094.0
exp_kp_001,SA_KP[base]_n100_inst2_run0,base,3400,3401,3401.0,0.04070625000167638,99.0,-3589.0,-3393.0
exp_kp_001,SA_KP[base]_n100_inst2_run0,base,3600,3601,3601.0,0.04321912500017788,99.0,-3589.0,-2914.0
exp_kp_001,SA_KP[base]_n100_inst2_run0,base,3800,3801,3801.0,0.045627167011843994,99.0,-3589.0,-3267.0
exp_kp_001,SA_KP[base]_n100_inst2_run0,base,4000,4001,4001.0,0.048030792007921264,99.0,-3589.0,-3186.0
exp_kp_001,SA_KP[base]_n100_inst2_run0,base,4200,4201,4201.0,0.05041150000761263,98.01,-3589.0,-3419.0
exp_kp_001,SA_KP[base]_n100_inst2_run0,base,4400,4401,4401.0,0.052691375007270835,98.01,-3589.0,-3027.0
exp_kp_001,SA_KP[base]_n100_inst2_run0,base,4600,4601,4601.0,0.0550937500083819,98.01,-3589.0,-3060.0
exp_kp_001,SA_KP[base]_n100_inst2_run0,base,4800,4801,4801.0,0.05753841700789053,98.01,-3589.0,-3276.0
exp_kp_001,SA_KP[base]_n100_inst2_run0,base,5000,5001,5001.0,0.059860500012291595,98.01,-3589.0,-2963.0
exp_kp_001,SA_KP[base]_n100_inst2_run0,base,5200,5201,5201.0,0.062339417010662146,98.01,-3589.0,-2949.0
exp_kp_001,SA_KP[base]_n100_inst2_run0,base,5400,5401,5401.0,0.0647322920121951,98.01,-3589.0,-3268.0
exp_kp_001,SA_KP[base]_n100_inst2_run0,base,5600,5601,5601.0,0.06708191700454336,98.01,-3589.0,-3120.0
exp_kp_001,SA_KP[base]_n100_inst2_run0,base,5800,5801,5801.0,0.06940933300938923,98.01,-3589.0,-3051.0
exp_kp_001,SA_KP[base]_n100_inst2_run0,base,6000,6001,6001.0,0.0717861669982085,98.01,-3589.0,-2913.0
exp_kp_001,SA_KP[base]_n100_inst2_run0,base,6200,6201,6201.0,0.07415050000417978,97.0299,-3589.0,-3194.0
exp_kp_001,SA_KP[base]_n100_inst2_run0,base,6400,6401,6401.0,0.07673862500814721,97.0299,-3589.0,-3252.0
exp_kp_001,SA_KP[base]_n100_inst2_run0,base,6600,6601,6601.0,0.07902079200721346,97.0299,-3589.0,-2928.0
exp_kp_001,SA_KP[base]_n100_inst2_run0,base,6800,6801,6801.0,0.08125662500970066,97.0299,-3589.0,-2998.0
exp_kp_001,SA_KP[base]_n100_inst2_run0,base,7000,7001,7001.0,0.0835024170082761,97.0299,-3589.0,-2976.0
exp_kp_001,SA_KP[base]_n100_inst2_run0,base,7200,7201,7201.0,0.08592545799911022,97.0299,-3589.0,-3187.0
exp_kp_001,SA_KP[base]_n100_inst2_run0,base,7400,7401,7401.0,0.0882365420111455,97.0299,-3589.0,-3333.0
exp_kp_001,SA_KP[base]_n100_inst2_run0,base,7600,7601,7601.0,0.09063929200056009,97.0299,-3589.0,-3040.0
exp_kp_001,SA_KP[base]_n100_inst2_run0,base,7800,7801,7801.0,0.09299779200227931,97.0299,-3589.0,-3331.0
exp_kp_001,SA_KP[base]_n100_inst2_run0,base,8000,8001,8001.0,0.09556758300459478,97.0299,-3589.0,-3424.0
exp_kp_001,SA_KP[base]_n100_inst2_run0,base,8200,8201,8201.0,0.09782220800116193,96.059601,-3589.0,-3075.0
exp_kp_001,SA_KP[base]_n100_inst2_run0,base,8400,8401,8401.0,0.10012966700014658,96.059601,-3589.0,-3291.0
exp_kp_001,SA_KP[base]_n100_inst2_run0,base,8600,8601,8601.0,0.10246945801191032,96.059601,-3589.0,-3131.0
exp_kp_001,SA_KP[base]_n100_inst2_run0,base,8800,8801,8801.0,0.10482508300628979,96.059601,-3589.0,-2973.0
exp_kp_001,SA_KP[base]_n100_inst2_run0,base,9000,9001,9001.0,0.1073592920001829,96.059601,-3634.0,-3094.0
exp_kp_001,SA_KP[base]_n100_inst2_run0,base,9200,9201,9201.0,0.1097286250005709,96.059601,-3634.0,-3239.0
exp_kp_001,SA_KP[base]_n100_inst2_run0,base,9400,9401,9401.0,0.11209083300491329,96.059601,-3634.0,-2837.0
exp_kp_001,SA_KP[base]_n100_inst2_run0,base,9600,9601,9601.0,0.11455125000793487,96.059601,-3634.0,-3092.0
exp_kp_001,SA_KP[base]_n100_inst2_run0,base,9800,9801,9801.0,0.11695008300011978,96.059601,-3634.0,-3166.0
exp_kp_001,SA_KP[base]_n100_inst2_run0,base,10000,10001,10001.0,0.11942908300261479,96.059601,-3634.0,-3280.0
exp_kp_001,SA_KP[base]_n100_inst2_run0,base,10200,10201,10201.0,0.12188529199920595,95.09900499,-3634.0,-3251.0
exp_kp_001,SA_KP[base]_n100_inst2_run0,base,10400,10401,10401.0,0.12432100001024082,95.09900499,-3634.0,-2882.0
exp_kp_001,SA_KP[base]_n100_inst2_run0,base,10600,10601,10601.0,0.12668587500229478,95.09900499,-3634.0,-3221.0
exp_kp_001,SA_KP[base]_n100_inst2_run0,base,10800,10801,10801.0,0.12904908299969975,95.09900499,-3634.0,-3024.0
exp_kp_001,SA_KP[base]_n100_inst2_run0,base,11000,11001,11001.0,0.13136745800147764,95.09900499,-3634.0,-3121.0
exp_kp_001,SA_KP[base]_n100_inst2_run0,base,11200,11201,11201.0,0.1337357080046786,95.09900499,-3634.0,-2930.0
exp_kp_001,SA_KP[base]_n100_inst2_run0,base,11400,11401,11401.0,0.13613420800538734,95.09900499,-3634.0,-2961.0
exp_kp_001,SA_KP[base]_n100_inst2_run0,base,11600,11601,11601.0,0.13856745800876524,95.09900499,-3634.0,-3262.0
exp_kp_001,SA_KP[base]_n100_inst2_run0,base,11800,11801,11801.0,0.14084295800421387,95.09900499,-3634.0,-3150.0
exp_kp_001,SA_KP[base]_n100_inst2_run0,base,12000,12001,12001.0,0.14311870800156612,95.09900499,-3634.0,-3137.0
exp_kp_001,SA_KP[base]_n100_inst2_run0,base,12200,12201,12201.0,0.14551041700178757,94.1480149401,-3634.0,-3149.0
exp_kp_001,SA_KP[base]_n100_inst2_run0,base,12400,12401,12401.0,0.147939625006984,94.1480149401,-3634.0,-3087.0
exp_kp_001,SA_KP[base]_n100_inst2_run0,base,12600,12601,12601.0,0.15031345801253337,94.1480149401,-3634.0,-3229.0
exp_kp_001,SA_KP[base]_n100_inst2_run0,base,12800,12801,12801.0,0.15275441700941883,94.1480149401,-3634.0,-3232.0
exp_kp_001,SA_KP[base]_n100_inst2_run0,base,13000,13001,13001.0,0.15507125000294764,94.1480149401,-3634.0,-2854.0
exp_kp_001,SA_KP[base]_n100_inst2_run0,base,13200,13201,13201.0,0.1574073330120882,94.1480149401,-3634.0,-2810.0
exp_kp_001,SA_KP[base]_n100_inst2_run0,base,13400,13401,13401.0,0.1598693749983795,94.1480149401,-3634.0,-3225.0
exp_kp_001,SA_KP[base]_n100_inst2_run0,base,13600,13601,13601.0,0.16217458300525323,94.1480149401,-3634.0,-3004.0
exp_kp_001,SA_KP[base]_n100_inst2_run0,base,13800,13801,13801.0,0.16457979200640693,94.1480149401,-3634.0,-3112.0
exp_kp_001,SA_KP[base]_n100_inst2_run0,base,14000,14001,14001.0,0.16691358300158754,94.1480149401,-3634.0,-3063.0
exp_kp_001,SA_KP[base]_n100_inst2_run0,base,14200,14201,14201.0,0.1694703329994809,93.206534790699,-3634.0,-3115.0
exp_kp_001,SA_KP[base]_n100_inst2_run0,base,14400,14401,14401.0,0.17178850001073442,93.206534790699,-3634.0,-2972.0
exp_kp_001,SA_KP[base]_n100_inst2_run0,base,14600,14601,14601.0,0.17405937500006985,93.206534790699,-3634.0,-2773.0
exp_kp_001,SA_KP[base]_n100_inst2_run0,base,14800,14801,14801.0,0.17629554199811537,93.206534790699,-3634.0,-2726.0
exp_kp_001,SA_KP[base]_n100_inst2_run0,base,15000,15001,15001.0,0.17851741700724233,93.206534790699,-3634.0,-2884.0
exp_kp_001,SA_KP[base]_n100_inst2_run0,base,15200,15201,15201.0,0.18067916700965725,93.206534790699,-3634.0,-3329.0
exp_kp_001,SA_KP[base]_n100_inst2_run0,base,15400,15401,15401.0,0.18307212500076275,93.206534790699,-3634.0,-3318.0
exp_kp_001,SA_KP[base]_n100_inst2_run0,base,15600,15601,15601.0,0.18550012500782032,93.206534790699,-3634.0,-3022.0
exp_kp_001,SA_KP[base]_n100_inst2_run0,base,15800,15801,15801.0,0.18790629200520925,93.206534790699,-3634.0,-3258.0
exp_kp_001,SA_KP[base]_n100_inst2_run0,base,16000,16001,16001.0,0.1902669999981299,93.206534790699,-3634.0,-3279.0
exp_kp_001,SA_KP[base]_n100_inst2_run0,base,16200,16201,16201.0,0.19283512500987854,92.27446944279201,-3721.0,-3233.0
exp_kp_001,SA_KP[base]_n100_inst2_run0,base,16400,16401,16401.0,0.19513487500080373,92.27446944279201,-3721.0,-3193.0
exp_kp_001,SA_KP[base]_n100_inst2_run0,base,16600,16601,16601.0,0.19757175000268035,92.27446944279201,-3721.0,-3174.0
exp_kp_001,SA_KP[base]_n100_inst2_run0,base,16800,16801,16801.0,0.1999334580032155,92.27446944279201,-3721.0,-3323.0
exp_kp_001,SA_KP[base]_n100_inst2_run0,base,17000,17001,17001.0,0.20253158301056828,92.27446944279201,-3721.0,-3224.0
exp_kp_001,SA_KP[base]_n100_inst2_run0,base,17200,17201,17201.0,0.20491666700399946,92.27446944279201,-3721.0,-3092.0
exp_kp_001,SA_KP[base]_n100_inst2_run0,base,17400,17401,17401.0,0.20742737500404473,92.27446944279201,-3721.0,-3060.0
exp_kp_001,SA_KP[base]_n100_inst2_run0,base,17600,17601,17601.0,0.20991266700730193,92.27446944279201,-3721.0,-3165.0
exp_kp_001,SA_KP[base]_n100_inst2_run0,base,17800,17801,17801.0,0.2123713330074679,92.27446944279201,-3721.0,-3151.0
exp_kp_001,SA_KP[base]_n100_inst2_run0,base,18000,18001,18001.0,0.21468320800340734,92.27446944279201,-3721.0,-2699.0
exp_kp_001,SA_KP[base]_n100_inst2_run0,base,18200,18201,18201.0,0.2170483750087442,91.35172474836409,-3721.0,-2780.0
exp_kp_001,SA_KP[base]_n100_inst2_run0,base,18400,18401,18401.0,0.2195442920055939,91.35172474836409,-3721.0,-3105.0
exp_kp_001,SA_KP[base]_n100_inst2_run0,base,18600,18601,18601.0,0.22200200000952464,91.35172474836409,-3721.0,-2851.0
exp_kp_001,SA_KP[base]_n100_inst2_run0,base,18800,18801,18801.0,0.22445720800897107,91.35172474836409,-3721.0,-3454.0
exp_kp_001,SA_KP[base]_n100_inst2_run0,base,19000,19001,19001.0,0.22702533300616778,91.35172474836409,-3727.0,-3238.0
exp_kp_001,SA_KP[base]_n100_inst2_run0,base,19200,19201,19201.0,0.2294371250027325,91.35172474836409,-3727.0,-3054.0
exp_kp_001,SA_KP[base]_n100_inst2_run0,base,19400,19401,19401.0,0.2318095000082394,91.35172474836409,-3727.0,-2522.0
exp_kp_001,SA_KP[base]_n100_inst2_run0,base,19600,19601,19601.0,0.23411279200809076,91.35172474836409,-3727.0,-3022.0
exp_kp_001,SA_KP[base]_n100_inst2_run0,base,19800,19801,19801.0,0.23641037500055972,91.35172474836409,-3727.0,-2833.0
exp_kp_001,SA_KP[base]_n100_inst2_run0,base,20000,20001,20001.0,0.2388165000011213,91.35172474836409,-3727.0,-2947.0
exp_kp_001,SA_KP[base]_n100_inst2_run0,base,20200,20201,20201.0,0.24124833301175386,90.43820750088045,-3727.0,-3260.0
exp_kp_001,SA_KP[base]_n100_inst2_run0,base,20400,20401,20401.0,0.24383133300580084,90.43820750088045,-3754.0,-3339.0
exp_kp_001,SA_KP[base]_n100_inst2_run0,base,20600,20601,20601.0,0.24631133300135843,90.43820750088045,-3754.0,-3004.0
exp_kp_001,SA_KP[base]_n100_inst2_run0,base,20800,20801,20801.0,0.24857941700611264,90.43820750088045,-3754.0,-2643.0
exp_kp_001,SA_KP[base]_n100_inst2_run0,base,21000,21001,21001.0,0.25102062500081956,90.43820750088045,-3754.0,-3183.0
exp_kp_001,SA_KP[base]_n100_inst2_run0,base,21200,21201,21201.0,0.2534237500076415,90.43820750088045,-3754.0,-3080.0
exp_kp_001,SA_KP[base]_n100_inst2_run0,base,21400,21401,21401.0,0.25588575001165736,90.43820750088045,-3754.0,-3092.0
exp_kp_001,SA_KP[base]_n100_inst2_run0,base,21600,21601,21601.0,0.2581489170115674,90.43820750088045,-3754.0,-3043.0
exp_kp_001,SA_KP[base]_n100_inst2_run0,base,21800,21801,21801.0,0.2604963750054594,90.43820750088045,-3754.0,-3483.0
exp_kp_001,SA_KP[base]_n100_inst2_run0,base,22000,22001,22001.0,0.26286841700493824,90.43820750088045,-3754.0,-2991.0
exp_kp_001,SA_KP[base]_n100_inst2_run0,base,22200,22201,22201.0,0.26537441700929776,89.53382542587164,-3754.0,-3142.0
exp_kp_001,SA_KP[base]_n100_inst2_run0,base,22400,22401,22401.0,0.2679057500063209,89.53382542587164,-3754.0,-3415.0
exp_kp_001,SA_KP[base]_n100_inst2_run0,base,22600,22601,22601.0,0.2701790420105681,89.53382542587164,-3754.0,-3593.0
exp_kp_001,SA_KP[base]_n100_inst2_run0,base,22800,22801,22801.0,0.27262829200481065,89.53382542587164,-3754.0,-3172.0
exp_kp_001,SA_KP[base]_n100_inst2_run0,base,23000,23001,23001.0,0.275091750008869,89.53382542587164,-3754.0,-3105.0
exp_kp_001,SA_KP[base]_n100_inst2_run0,base,23200,23201,23201.0,0.27749625001160894,89.53382542587164,-3754.0,-3305.0
exp_kp_001,SA_KP[base]_n100_inst2_run0,base,23400,23401,23401.0,0.28000325000903104,89.53382542587164,-3754.0,-3311.0
exp_kp_001,SA_KP[base]_n100_inst2_run0,base,23600,23601,23601.0,0.28228033300547395,89.53382542587164,-3754.0,-3376.0
exp_kp_001,SA_KP[base]_n100_inst2_run0,base,23800,23801,23801.0,0.2848240000021178,89.53382542587164,-3754.0,-3206.0
exp_kp_001,SA_KP[base]_n100_inst2_run0,base,24000,24001,24001.0,0.2870979580038693,89.53382542587164,-3754.0,-3239.0
exp_kp_001,SA_KP[base]_n100_inst2_run0,base,24200,24201,24201.0,0.2896431250119349,88.63848717161292,-3754.0,-3241.0
exp_kp_001,SA_KP[base]_n100_inst2_run0,base,24400,24401,24401.0,0.29208500000822823,88.63848717161292,-3754.0,-3008.0
exp_kp_001,SA_KP[base]_n100_inst2_run0,base,24600,24601,24601.0,0.29458875001000706,88.63848717161292,-3754.0,-2999.0
exp_kp_001,SA_KP[base]_n100_inst2_run0,base,24800,24801,24801.0,0.2968378330115229,88.63848717161292,-3754.0,-2830.0
exp_kp_001,SA_KP[base]_n100_inst2_run0,base,25000,25001,25001.0,0.29923666700778995,88.63848717161292,-3754.0,-2899.0
exp_kp_001,SA_KP[base]_n100_inst2_run0,base,25200,25201,25201.0,0.3016920000081882,88.63848717161292,-3754.0,-2802.0
exp_kp_001,SA_KP[base]_n100_inst2_run0,base,25400,25401,25401.0,0.3041120420093648,88.63848717161292,-3754.0,-3262.0
exp_kp_001,SA_KP[base]_n100_inst2_run0,base,25600,25601,25601.0,0.3064447500073584,88.63848717161292,-3754.0,-2920.0
exp_kp_001,SA_KP[base]_n100_inst2_run0,base,25800,25801,25801.0,0.3089147920109099,88.63848717161292,-3754.0,-3100.0
exp_kp_001,SA_KP[base]_n100_inst2_run0,base,26000,26001,26001.0,0.3112428330059629,88.63848717161292,-3754.0,-2779.0
exp_kp_001,SA_KP[base]_n100_inst2_run0,base,26200,26201,26201.0,0.31370004201016854,87.75210229989679,-3754.0,-3325.0
exp_kp_001,SA_KP[base]_n100_inst2_run0,base,26400,26401,26401.0,0.3161473750078585,87.75210229989679,-3754.0,-3212.0
exp_kp_001,SA_KP[base]_n100_inst2_run0,base,26600,26601,26601.0,0.31856195800355636,87.75210229989679,-3754.0,-3178.0
exp_kp_001,SA_KP[base]_n100_inst2_run0,base,26800,26801,26801.0,0.32105033300467767,87.75210229989679,-3754.0,-3616.0
exp_kp_001,SA_KP[base]_n100_inst2_run0,base,27000,27001,27001.0,0.32346345800033305,87.75210229989679,-3754.0,-3225.0
exp_kp_001,SA_KP[base]_n100_inst2_run0,base,27200,27201,27201.0,0.3257597500050906,87.75210229989679,-3754.0,-2885.0
exp_kp_001,SA_KP[base]_n100_inst2_run0,base,27400,27401,27401.0,0.32823741700849496,87.75210229989679,-3754.0,-2874.0
exp_kp_001,SA_KP[base]_n100_inst2_run0,base,27600,27601,27601.0,0.33063250000122935,87.75210229989679,-3754.0,-3070.0
exp_kp_001,SA_KP[base]_n100_inst2_run0,base,27800,27801,27801.0,0.3329484170099022,87.75210229989679,-3754.0,-2879.0
exp_kp_001,SA_KP[base]_n100_inst2_run0,base,28000,28001,28001.0,0.3353605830052402,87.75210229989679,-3754.0,-2956.0
exp_kp_001,SA_KP[base]_n100_inst2_run0,base,28200,28201,28201.0,0.3377417500014417,86.87458127689783,-3754.0,-3292.0
exp_kp_001,SA_KP[base]_n100_inst2_run0,base,28400,28401,28401.0,0.34020308300387114,86.87458127689783,-3754.0,-2903.0
exp_kp_001,SA_KP[base]_n100_inst2_run0,base,28600,28601,28601.0,0.34254045800480526,86.87458127689783,-3754.0,-3328.0
exp_kp_001,SA_KP[base]_n100_inst2_run0,base,28800,28801,28801.0,0.3448881250078557,86.87458127689783,-3754.0,-2725.0
exp_kp_001,SA_KP[base]_n100_inst2_run0,base,29000,29001,29001.0,0.3473591670044698,86.87458127689783,-3754.0,-3384.0
exp_kp_001,SA_KP[base]_n100_inst2_run0,base,29200,29201,29201.0,0.34971816700999625,86.87458127689783,-3754.0,-2955.0
exp_kp_001,SA_KP[base]_n100_inst2_run0,base,29400,29401,29401.0,0.3523052920063492,86.87458127689783,-3754.0,-3376.0
exp_kp_001,SA_KP[base]_n100_inst2_run0,base,29600,29601,29601.0,0.35464387500542216,86.87458127689783,-3754.0,-2924.0
exp_kp_001,SA_KP[base]_n100_inst2_run0,base,29800,29801,29801.0,0.357009500003187,86.87458127689783,-3754.0,-2922.0
exp_kp_001,SA_KP[base]_n100_inst2_run0,base,30000,30001,30001.0,0.3596276669995859,86.87458127689783,-3754.0,-3225.0
exp_kp_001,SA_KP[base]_n100_inst2_run0,base,30200,30201,30201.0,0.3622117080085445,86.00583546412885,-3754.0,-3174.0
exp_kp_001,SA_KP[base]_n100_inst2_run0,base,30400,30401,30401.0,0.3646854170074221,86.00583546412885,-3754.0,-3175.0
exp_kp_001,SA_KP[base]_n100_inst2_run0,base,30600,30601,30601.0,0.367307417007396,86.00583546412885,-3754.0,-3135.0
exp_kp_001,SA_KP[base]_n100_inst2_run0,base,30800,30801,30801.0,0.37013016700802837,86.00583546412885,-3754.0,-2983.0
exp_kp_001,SA_KP[base]_n100_inst2_run0,base,31000,31001,31001.0,0.37279824999859557,86.00583546412885,-3754.0,-3015.0
exp_kp_001,SA_KP[base]_n100_inst2_run0,base,31200,31201,31201.0,0.3756256670021685,86.00583546412885,-3754.0,-3329.0
exp_kp_001,SA_KP[base]_n100_inst2_run0,base,31400,31401,31401.0,0.3781645420094719,86.00583546412885,-3754.0,-3084.0
exp_kp_001,SA_KP[base]_n100_inst2_run0,base,31600,31601,31601.0,0.3805548750096932,86.00583546412885,-3754.0,-3134.0
exp_kp_001,SA_KP[base]_n100_inst2_run0,base,31800,31801,31801.0,0.3830612919991836,86.00583546412885,-3754.0,-3307.0
exp_kp_001,SA_KP[base]_n100_inst2_run0,base,32000,32001,32001.0,0.3856317080062581,86.00583546412885,-3754.0,-3138.0
exp_kp_001,SA_KP[base]_n100_inst2_run0,base,32200,32201,32201.0,0.38808966700162273,85.14577710948755,-3754.0,-3451.0
exp_kp_001,SA_KP[base]_n100_inst2_run0,base,32400,32401,32401.0,0.3903963750053663,85.14577710948755,-3754.0,-2897.0
exp_kp_001,SA_KP[base]_n100_inst2_run0,base,32600,32601,32601.0,0.3927188330126228,85.14577710948755,-3754.0,-3477.0
exp_kp_001,SA_KP[base]_n100_inst2_run0,base,32800,32801,32801.0,0.3952327920123935,85.14577710948755,-3754.0,-3189.0
exp_kp_001,SA_KP[base]_n100_inst2_run0,base,33000,33001,33001.0,0.39756133301125374,85.14577710948755,-3754.0,-3080.0
exp_kp_001,SA_KP[base]_n100_inst2_run0,base,33200,33201,33201.0,0.400050750002265,85.14577710948755,-3754.0,-3248.0
exp_kp_001,SA_KP[base]_n100_inst2_run0,base,33400,33401,33401.0,0.4024239580030553,85.14577710948755,-3754.0,-3353.0
exp_kp_001,SA_KP[base]_n100_inst2_run0,base,33600,33601,33601.0,0.4047741670074174,85.14577710948755,-3754.0,-3120.0
exp_kp_001,SA_KP[base]_n100_inst2_run0,base,33800,33801,33801.0,0.4077250830014236,85.14577710948755,-3754.0,-2875.0
exp_kp_001,SA_KP[base]_n100_inst2_run0,base,34000,34001,34001.0,0.4101988330075983,85.14577710948755,-3754.0,-3146.0
exp_kp_001,SA_KP[base]_n100_inst2_run0,base,34200,34201,34201.0,0.41268191700510215,84.29431933839268,-3754.0,-2991.0
exp_kp_001,SA_KP[base]_n100_inst2_run0,base,34400,34401,34401.0,0.4151224170054775,84.29431933839268,-3754.0,-3163.0
exp_kp_001,SA_KP[base]_n100_inst2_run0,base,34600,34601,34601.0,0.41763537500810344,84.29431933839268,-3754.0,-3311.0
exp_kp_001,SA_KP[base]_n100_inst2_run0,base,34800,34801,34801.0,0.4200905000034254,84.29431933839268,-3754.0,-2979.0
exp_kp_001,SA_KP[base]_n100_inst2_run0,base,35000,35001,35001.0,0.42244912500609644,84.29431933839268,-3754.0,-2723.0
exp_kp_001,SA_KP[base]_n100_inst2_run0,base,35200,35201,35201.0,0.4249087500065798,84.29431933839268,-3754.0,-3499.0
exp_kp_001,SA_KP[base]_n100_inst2_run0,base,35400,35401,35401.0,0.42733787500765175,84.29431933839268,-3754.0,-3423.0
exp_kp_001,SA_KP[base]_n100_inst2_run0,base,35600,35601,35601.0,0.42981170800339896,84.29431933839268,-3754.0,-2947.0
exp_kp_001,SA_KP[base]_n100_inst2_run0,base,35800,35801,35801.0,0.43236137500207406,84.29431933839268,-3754.0,-3113.0
exp_kp_001,SA_KP[base]_n100_inst2_run0,base,36000,36001,36001.0,0.4350006669992581,84.29431933839268,-3754.0,-2993.0
exp_kp_001,SA_KP[base]_n100_inst2_run0,base,36200,36201,36201.0,0.43754816699947696,83.45137614500875,-3754.0,-3413.0
exp_kp_001,SA_KP[base]_n100_inst2_run0,base,36400,36401,36401.0,0.4400496669986751,83.45137614500875,-3754.0,-3495.0
exp_kp_001,SA_KP[base]_n100_inst2_run0,base,36600,36601,36601.0,0.44263499999942724,83.45137614500875,-3754.0,-2977.0
exp_kp_001,SA_KP[base]_n100_inst2_run0,base,36800,36801,36801.0,0.4452217080106493,83.45137614500875,-3754.0,-3201.0
exp_kp_001,SA_KP[base]_n100_inst2_run0,base,37000,37001,37001.0,0.44766233301197644,83.45137614500875,-3754.0,-2794.0
exp_kp_001,SA_KP[base]_n100_inst2_run0,base,37200,37201,37201.0,0.4501238750090124,83.45137614500875,-3754.0,-3096.0
exp_kp_001,SA_KP[base]_n100_inst2_run0,base,37400,37401,37401.0,0.4529895830055466,83.45137614500875,-3754.0,-3190.0
exp_kp_001,SA_KP[base]_n100_inst2_run0,base,37600,37601,37601.0,0.4564088330080267,83.45137614500875,-3754.0,-3224.0
exp_kp_001,SA_KP[base]_n100_inst2_run0,base,37800,37801,37801.0,0.4590396249986952,83.45137614500875,-3754.0,-3293.0
exp_kp_001,SA_KP[base]_n100_inst2_run0,base,38000,38001,38001.0,0.46199466699908953,83.45137614500875,-3754.0,-3091.0
exp_kp_001,SA_KP[base]_n100_inst2_run0,base,38200,38201,38201.0,0.4650069580093259,82.61686238355867,-3754.0,-3362.0
exp_kp_001,SA_KP[base]_n100_inst2_run0,base,38400,38401,38401.0,0.467677917011315,82.61686238355867,-3754.0,-3329.0
exp_kp_001,SA_KP[base]_n100_inst2_run0,base,38600,38601,38601.0,0.47036141699936707,82.61686238355867,-3754.0,-3411.0
exp_kp_001,SA_KP[base]_n100_inst2_run0,base,38800,38801,38801.0,0.4729912500042701,82.61686238355867,-3754.0,-3495.0
exp_kp_001,SA_KP[base]_n100_inst2_run0,base,39000,39001,39001.0,0.4755668330035405,82.61686238355867,-3754.0,-3394.0
exp_kp_001,SA_KP[base]_n100_inst2_run0,base,39200,39201,39201.0,0.4782506670017028,82.61686238355867,-3754.0,-3327.0
exp_kp_001,SA_KP[base]_n100_inst2_run0,base,39400,39401,39401.0,0.48088345800351817,82.61686238355867,-3754.0,-2803.0
exp_kp_001,SA_KP[base]_n100_inst2_run0,base,39600,39601,39601.0,0.4835339999990538,82.61686238355867,-3754.0,-3195.0
exp_kp_001,SA_KP[base]_n100_inst2_run0,base,39800,39801,39801.0,0.48614641700987704,82.61686238355867,-3754.0,-3289.0
exp_kp_001,SA_KP[base]_n100_inst2_run0,base,40000,40001,40001.0,0.4888359169999603,82.61686238355867,-3754.0,-3130.0
exp_kp_001,SA_KP[base]_n100_inst2_run0,base,40200,40201,40201.0,0.4915438330062898,81.79069375972308,-3754.0,-3321.0
exp_kp_001,SA_KP[base]_n100_inst2_run0,base,40400,40401,40401.0,0.49411970800429117,81.79069375972308,-3754.0,-3454.0
exp_kp_001,SA_KP[base]_n100_inst2_run0,base,40600,40601,40601.0,0.4967672920029145,81.79069375972308,-3754.0,-3216.0
exp_kp_001,SA_KP[base]_n100_inst2_run0,base,40800,40801,40801.0,0.49928250000812113,81.79069375972308,-3754.0,-3376.0
exp_kp_001,SA_KP[base]_n100_inst2_run0,base,41000,41001,41001.0,0.5018765420099953,81.79069375972308,-3754.0,-3342.0
exp_kp_001,SA_KP[base]_n100_inst2_run0,base,41200,41201,41201.0,0.5048468750028405,81.79069375972308,-3754.0,-3090.0
exp_kp_001,SA_KP[base]_n100_inst2_run0,base,41400,41401,41401.0,0.5075233750103507,81.79069375972308,-3754.0,-3197.0
exp_kp_001,SA_KP[base]_n100_inst2_run0,base,41600,41601,41601.0,0.5105203749990324,81.79069375972308,-3754.0,-3196.0
exp_kp_001,SA_KP[base]_n100_inst2_run0,base,41800,41801,41801.0,0.5131048750045011,81.79069375972308,-3754.0,-3144.0
exp_kp_001,SA_KP[base]_n100_inst2_run0,base,42000,42001,42001.0,0.5157269580085995,81.79069375972308,-3754.0,-3248.0
exp_kp_001,SA_KP[base]_n100_inst2_run0,base,42200,42201,42201.0,0.5185352500120644,80.97278682212585,-3754.0,-3457.0
exp_kp_001,SA_KP[base]_n100_inst2_run0,base,42400,42401,42401.0,0.5210719169990625,80.97278682212585,-3754.0,-3048.0
exp_kp_001,SA_KP[base]_n100_inst2_run0,base,42600,42601,42601.0,0.5236845830077073,80.97278682212585,-3754.0,-3124.0
exp_kp_001,SA_KP[base]_n100_inst2_run0,base,42800,42801,42801.0,0.5265597500110744,80.97278682212585,-3754.0,-3121.0
exp_kp_001,SA_KP[base]_n100_inst2_run0,base,43000,43001,43001.0,0.5293642500037095,80.97278682212585,-3754.0,-2907.0
exp_kp_001,SA_KP[base]_n100_inst2_run0,base,43200,43201,43201.0,0.5323067499994067,80.97278682212585,-3754.0,-3361.0
exp_kp_001,SA_KP[base]_n100_inst2_run0,base,43400,43401,43401.0,0.5351770420093089,80.97278682212585,-3754.0,-2965.0
exp_kp_001,SA_KP[base]_n100_inst2_run0,base,43600,43601,43601.0,0.5380205830006162,80.97278682212585,-3754.0,-3087.0
exp_kp_001,SA_KP[base]_n100_inst2_run0,base,43800,43801,43801.0,0.5404720830119913,80.97278682212585,-3754.0,-3174.0
exp_kp_001,SA_KP[base]_n100_inst2_run0,base,44000,44001,44001.0,0.5430194170039613,80.97278682212585,-3754.0,-2741.0
exp_kp_001,SA_KP[base]_n100_inst2_run0,base,44200,44201,44201.0,0.5455390420102049,80.1630589539046,-3754.0,-2909.0
exp_kp_001,SA_KP[base]_n100_inst2_run0,base,44400,44401,44401.0,0.5479219580010977,80.1630589539046,-3754.0,-3250.0
exp_kp_001,SA_KP[base]_n100_inst2_run0,base,44600,44601,44601.0,0.5505267500120681,80.1630589539046,-3754.0,-3300.0
exp_kp_001,SA_KP[base]_n100_inst2_run0,base,44800,44801,44801.0,0.5531652500067139,80.1630589539046,-3754.0,-3349.0
exp_kp_001,SA_KP[base]_n100_inst2_run0,base,45000,45001,45001.0,0.5560095000109868,80.1630589539046,-3754.0,-3137.0
exp_kp_001,SA_KP[base]_n100_inst2_run0,base,45200,45201,45201.0,0.5584252920089057,80.1630589539046,-3754.0,-3096.0
exp_kp_001,SA_KP[base]_n100_inst2_run0,base,45400,45401,45401.0,0.5608935420023045,80.1630589539046,-3754.0,-3332.0
exp_kp_001,SA_KP[base]_n100_inst2_run0,base,45600,45601,45601.0,0.5632592080073664,80.1630589539046,-3754.0,-3100.0
exp_kp_001,SA_KP[base]_n100_inst2_run0,base,45800,45801,45801.0,0.565537292000954,80.1630589539046,-3754.0,-2832.0
exp_kp_001,SA_KP[base]_n100_inst2_run0,base,46000,46001,46001.0,0.5679870000021765,80.1630589539046,-3754.0,-3176.0
exp_kp_001,SA_KP[base]_n100_inst2_run0,base,46200,46201,46201.0,0.5702944170043338,79.36142836436555,-3754.0,-3379.0
exp_kp_001,SA_KP[base]_n100_inst2_run0,base,46400,46401,46401.0,0.5728485420113429,79.36142836436555,-3754.0,-3426.0
exp_kp_001,SA_KP[base]_n100_inst2_run0,base,46600,46601,46601.0,0.575073958010762,79.36142836436555,-3754.0,-3069.0
exp_kp_001,SA_KP[base]_n100_inst2_run0,base,46800,46801,46801.0,0.5774210829986259,79.36142836436555,-3754.0,-3241.0
exp_kp_001,SA_KP[base]_n100_inst2_run0,base,47000,47001,47001.0,0.5798568750033155,79.36142836436555,-3754.0,-3384.0
exp_kp_001,SA_KP[base]_n100_inst2_run0,base,47200,47201,47201.0,0.5823200830054702,79.36142836436555,-3754.0,-3243.0
exp_kp_001,SA_KP[base]_n100_inst2_run0,base,47400,47401,47401.0,0.5849166250118287,79.36142836436555,-3754.0,-3285.0
exp_kp_001,SA_KP[base]_n100_inst2_run0,base,47600,47601,47601.0,0.5875967080064584,79.36142836436555,-3754.0,-3221.0
exp_kp_001,SA_KP[base]_n100_inst2_run0,base,47800,47801,47801.0,0.5899752500117756,79.36142836436555,-3754.0,-3297.0
exp_kp_001,SA_KP[base]_n100_inst2_run0,base,48000,48001,48001.0,0.592394958002842,79.36142836436555,-3754.0,-3096.0
exp_kp_001,SA_KP[base]_n100_inst2_run0,base,48200,48201,48201.0,0.5949214580032276,78.56781408072189,-3754.0,-3474.0
exp_kp_001,SA_KP[base]_n100_inst2_run0,base,48400,48401,48401.0,0.5973573330120416,78.56781408072189,-3754.0,-3449.0
exp_kp_001,SA_KP[base]_n100_inst2_run0,base,48600,48601,48601.0,0.5997344580100616,78.56781408072189,-3754.0,-3303.0
exp_kp_001,SA_KP[base]_n100_inst2_run0,base,48800,48801,48801.0,0.6020637080073357,78.56781408072189,-3754.0,-3280.0
exp_kp_001,SA_KP[base]_n100_inst2_run0,base,49000,49001,49001.0,0.6044311250007013,78.56781408072189,-3754.0,-3451.0
exp_kp_001,SA_KP[base]_n100_inst2_run0,base,49200,49201,49201.0,0.6067275420064107,78.56781408072189,-3754.0,-3079.0
exp_kp_001,SA_KP[base]_n100_inst2_run0,base,49400,49401,49401.0,0.6092287920037052,78.56781408072189,-3754.0,-3373.0
exp_kp_001,SA_KP[base]_n100_inst2_run0,base,49600,49601,49601.0,0.6116450000117766,78.56781408072189,-3754.0,-3355.0
exp_kp_001,SA_KP[base]_n100_inst2_run0,base,49800,49801,49801.0,0.614065333007602,78.56781408072189,-3754.0,-3377.0
exp_kp_001,SA_KP[base]_n100_inst2_run0,base,49999,50000,50000.0,0.6163447920116596,0.00099,-3754.0,-3121.0
exp_kp_001,SA_KP[base]_n100_inst2_run1,base,0,1,1.0,1.0000003385357559e-05,100.0,-2765.0,-2765.0
exp_kp_001,SA_KP[base]_n100_inst2_run1,base,200,201,201.0,0.0024594160058768466,100.0,-3580.0,-2703.0
exp_kp_001,SA_KP[base]_n100_inst2_run1,base,400,401,401.0,0.00483037500816863,100.0,-3580.0,-3330.0
exp_kp_001,SA_KP[base]_n100_inst2_run1,base,600,601,601.0,0.007162458001403138,100.0,-3580.0,-2766.0
exp_kp_001,SA_KP[base]_n100_inst2_run1,base,800,801,801.0,0.009503332999884151,100.0,-3580.0,-2813.0
exp_kp_001,SA_KP[base]_n100_inst2_run1,base,1000,1001,1001.0,0.011951208012760617,100.0,-3580.0,-3081.0
exp_kp_001,SA_KP[base]_n100_inst2_run1,base,1200,1201,1201.0,0.014471166010480374,100.0,-3580.0,-3296.0
exp_kp_001,SA_KP[base]_n100_inst2_run1,base,1400,1401,1401.0,0.01679675000195857,100.0,-3580.0,-2588.0
exp_kp_001,SA_KP[base]_n100_inst2_run1,base,1600,1601,1601.0,0.019183083000825718,100.0,-3580.0,-2927.0
exp_kp_001,SA_KP[base]_n100_inst2_run1,base,1800,1801,1801.0,0.021642666004481725,100.0,-3580.0,-3064.0
exp_kp_001,SA_KP[base]_n100_inst2_run1,base,2000,2001,2001.0,0.024081166004179977,100.0,-3580.0,-3001.0
exp_kp_001,SA_KP[base]_n100_inst2_run1,base,2200,2201,2201.0,0.026441375011927448,99.0,-3580.0,-3041.0
exp_kp_001,SA_KP[base]_n100_inst2_run1,base,2400,2401,2401.0,0.02881875001185108,99.0,-3690.0,-3286.0
exp_kp_001,SA_KP[base]_n100_inst2_run1,base,2600,2601,2601.0,0.03121579100843519,99.0,-3690.0,-3070.0
exp_kp_001,SA_KP[base]_n100_inst2_run1,base,2800,2801,2801.0,0.03354866600420792,99.0,-3690.0,-3084.0
exp_kp_001,SA_KP[base]_n100_inst2_run1,base,3000,3001,3001.0,0.03595433301234152,99.0,-3690.0,-3108.0
exp_kp_001,SA_KP[base]_n100_inst2_run1,base,3200,3201,3201.0,0.03843720800068695,99.0,-3690.0,-3220.0
exp_kp_001,SA_KP[base]_n100_inst2_run1,base,3400,3401,3401.0,0.040869875010685064,99.0,-3690.0,-3181.0
exp_kp_001,SA_KP[base]_n100_inst2_run1,base,3600,3601,3601.0,0.04317029101366643,99.0,-3690.0,-3056.0
exp_kp_001,SA_KP[base]_n100_inst2_run1,base,3800,3801,3801.0,0.04543983300391119,99.0,-3690.0,-3416.0
exp_kp_001,SA_KP[base]_n100_inst2_run1,base,4000,4001,4001.0,0.047963208009605296,99.0,-3690.0,-3021.0
exp_kp_001,SA_KP[base]_n100_inst2_run1,base,4200,4201,4201.0,0.050379750013235025,98.01,-3690.0,-2940.0
exp_kp_001,SA_KP[base]_n100_inst2_run1,base,4400,4401,4401.0,0.05269537500862498,98.01,-3690.0,-3300.0
exp_kp_001,SA_KP[base]_n100_inst2_run1,base,4600,4601,4601.0,0.05512029101373628,98.01,-3690.0,-3169.0
exp_kp_001,SA_KP[base]_n100_inst2_run1,base,4800,4801,4801.0,0.05746712500695139,98.01,-3690.0,-3042.0
exp_kp_001,SA_KP[base]_n100_inst2_run1,base,5000,5001,5001.0,0.05980766600987408,98.01,-3690.0,-3242.0
exp_kp_001,SA_KP[base]_n100_inst2_run1,base,5200,5201,5201.0,0.062189916003262624,98.01,-3690.0,-3495.0
exp_kp_001,SA_KP[base]_n100_inst2_run1,base,5400,5401,5401.0,0.06471512500138488,98.01,-3690.0,-3131.0
exp_kp_001,SA_KP[base]_n100_inst2_run1,base,5600,5601,5601.0,0.06720345800567884,98.01,-3690.0,-2823.0
exp_kp_001,SA_KP[base]_n100_inst2_run1,base,5800,5801,5801.0,0.06963608300429769,98.01,-3690.0,-3439.0
exp_kp_001,SA_KP[base]_n100_inst2_run1,base,6000,6001,6001.0,0.07201416601310484,98.01,-3690.0,-2971.0
exp_kp_001,SA_KP[base]_n100_inst2_run1,base,6200,6201,6201.0,0.07441454101353884,97.0299,-3690.0,-3046.0
exp_kp_001,SA_KP[base]_n100_inst2_run1,base,6400,6401,6401.0,0.07685579100507312,97.0299,-3690.0,-3371.0
exp_kp_001,SA_KP[base]_n100_inst2_run1,base,6600,6601,6601.0,0.07911412500834558,97.0299,-3690.0,-2912.0
exp_kp_001,SA_KP[base]_n100_inst2_run1,base,6800,6801,6801.0,0.08148770801199134,97.0299,-3690.0,-2951.0
exp_kp_001,SA_KP[base]_n100_inst2_run1,base,7000,7001,7001.0,0.08398679101082962,97.0299,-3690.0,-3406.0
exp_kp_001,SA_KP[base]_n100_inst2_run1,base,7200,7201,7201.0,0.08634037501178682,97.0299,-3690.0,-2988.0
exp_kp_001,SA_KP[base]_n100_inst2_run1,base,7400,7401,7401.0,0.0886874580028234,97.0299,-3690.0,-2811.0
exp_kp_001,SA_KP[base]_n100_inst2_run1,base,7600,7601,7601.0,0.09110433301248122,97.0299,-3690.0,-2975.0
exp_kp_001,SA_KP[base]_n100_inst2_run1,base,7800,7801,7801.0,0.09353833300701808,97.0299,-3690.0,-3011.0
exp_kp_001,SA_KP[base]_n100_inst2_run1,base,8000,8001,8001.0,0.09601191600086167,97.0299,-3690.0,-2958.0
exp_kp_001,SA_KP[base]_n100_inst2_run1,base,8200,8201,8201.0,0.09823370800586417,96.059601,-3690.0,-3199.0
exp_kp_001,SA_KP[base]_n100_inst2_run1,base,8400,8401,8401.0,0.10068545800459106,96.059601,-3690.0,-3003.0
exp_kp_001,SA_KP[base]_n100_inst2_run1,base,8600,8601,8601.0,0.10311983300198335,96.059601,-3690.0,-2970.0
exp_kp_001,SA_KP[base]_n100_inst2_run1,base,8800,8801,8801.0,0.10558529100671876,96.059601,-3690.0,-2680.0
exp_kp_001,SA_KP[base]_n100_inst2_run1,base,9000,9001,9001.0,0.10798441601218656,96.059601,-3690.0,-3241.0
exp_kp_001,SA_KP[base]_n100_inst2_run1,base,9200,9201,9201.0,0.1101886660035234,96.059601,-3690.0,-3118.0
exp_kp_001,SA_KP[base]_n100_inst2_run1,base,9400,9401,9401.0,0.11254920800274704,96.059601,-3690.0,-3348.0
exp_kp_001,SA_KP[base]_n100_inst2_run1,base,9600,9601,9601.0,0.11489683300897013,96.059601,-3690.0,-3087.0
exp_kp_001,SA_KP[base]_n100_inst2_run1,base,9800,9801,9801.0,0.11736116600513924,96.059601,-3690.0,-3414.0
exp_kp_001,SA_KP[base]_n100_inst2_run1,base,10000,10001,10001.0,0.11973858300189022,96.059601,-3690.0,-3338.0
exp_kp_001,SA_KP[base]_n100_inst2_run1,base,10200,10201,10201.0,0.12205108300258871,95.09900499,-3690.0,-2951.0
exp_kp_001,SA_KP[base]_n100_inst2_run1,base,10400,10401,10401.0,0.1243704580119811,95.09900499,-3690.0,-3069.0
exp_kp_001,SA_KP[base]_n100_inst2_run1,base,10600,10601,10601.0,0.12662308300787117,95.09900499,-3690.0,-2921.0
exp_kp_001,SA_KP[base]_n100_inst2_run1,base,10800,10801,10801.0,0.12901287501154002,95.09900499,-3690.0,-3243.0
exp_kp_001,SA_KP[base]_n100_inst2_run1,base,11000,11001,11001.0,0.13149520801380277,95.09900499,-3690.0,-3309.0
exp_kp_001,SA_KP[base]_n100_inst2_run1,base,11200,11201,11201.0,0.13369241601321846,95.09900499,-3690.0,-2878.0
exp_kp_001,SA_KP[base]_n100_inst2_run1,base,11400,11401,11401.0,0.1361114580067806,95.09900499,-3690.0,-3204.0
exp_kp_001,SA_KP[base]_n100_inst2_run1,base,11600,11601,11601.0,0.13857600001210812,95.09900499,-3690.0,-3051.0
exp_kp_001,SA_KP[base]_n100_inst2_run1,base,11800,11801,11801.0,0.14093995800067205,95.09900499,-3690.0,-2807.0
exp_kp_001,SA_KP[base]_n100_inst2_run1,base,12000,12001,12001.0,0.1431597910122946,95.09900499,-3690.0,-3017.0
exp_kp_001,SA_KP[base]_n100_inst2_run1,base,12200,12201,12201.0,0.14536991600471083,94.1480149401,-3690.0,-3064.0
exp_kp_001,SA_KP[base]_n100_inst2_run1,base,12400,12401,12401.0,0.14779933300451376,94.1480149401,-3690.0,-3329.0
exp_kp_001,SA_KP[base]_n100_inst2_run1,base,12600,12601,12601.0,0.15028650000749622,94.1480149401,-3690.0,-3077.0
exp_kp_001,SA_KP[base]_n100_inst2_run1,base,12800,12801,12801.0,0.15279108300455846,94.1480149401,-3690.0,-3182.0
exp_kp_001,SA_KP[base]_n100_inst2_run1,base,13000,13001,13001.0,0.15517166600329801,94.1480149401,-3690.0,-2901.0
exp_kp_001,SA_KP[base]_n100_inst2_run1,base,13200,13201,13201.0,0.1574613330012653,94.1480149401,-3690.0,-3316.0
exp_kp_001,SA_KP[base]_n100_inst2_run1,base,13400,13401,13401.0,0.1598862080136314,94.1480149401,-3690.0,-3424.0
exp_kp_001,SA_KP[base]_n100_inst2_run1,base,13600,13601,13601.0,0.16226108300907072,94.1480149401,-3690.0,-3049.0
exp_kp_001,SA_KP[base]_n100_inst2_run1,base,13800,13801,13801.0,0.16451595800754149,94.1480149401,-3690.0,-2470.0
exp_kp_001,SA_KP[base]_n100_inst2_run1,base,14000,14001,14001.0,0.16693025000859052,94.1480149401,-3690.0,-3099.0
exp_kp_001,SA_KP[base]_n100_inst2_run1,base,14200,14201,14201.0,0.1692310409998754,93.206534790699,-3690.0,-3228.0
exp_kp_001,SA_KP[base]_n100_inst2_run1,base,14400,14401,14401.0,0.17153858300298452,93.206534790699,-3690.0,-2478.0
exp_kp_001,SA_KP[base]_n100_inst2_run1,base,14600,14601,14601.0,0.173964875008096,93.206534790699,-3690.0,-3045.0
exp_kp_001,SA_KP[base]_n100_inst2_run1,base,14800,14801,14801.0,0.1763819160114508,93.206534790699,-3690.0,-3265.0
exp_kp_001,SA_KP[base]_n100_inst2_run1,base,15000,15001,15001.0,0.17884716601110995,93.206534790699,-3690.0,-3093.0
exp_kp_001,SA_KP[base]_n100_inst2_run1,base,15200,15201,15201.0,0.18125795800006017,93.206534790699,-3690.0,-3398.0
exp_kp_001,SA_KP[base]_n100_inst2_run1,base,15400,15401,15401.0,0.18373462501040194,93.206534790699,-3690.0,-3035.0
exp_kp_001,SA_KP[base]_n100_inst2_run1,base,15600,15601,15601.0,0.18610600000829436,93.206534790699,-3690.0,-2920.0
exp_kp_001,SA_KP[base]_n100_inst2_run1,base,15800,15801,15801.0,0.18855875000008382,93.206534790699,-3690.0,-3269.0
exp_kp_001,SA_KP[base]_n100_inst2_run1,base,16000,16001,16001.0,0.19106575001205783,93.206534790699,-3690.0,-3247.0
exp_kp_001,SA_KP[base]_n100_inst2_run1,base,16200,16201,16201.0,0.19352633300877642,92.27446944279201,-3690.0,-3228.0
exp_kp_001,SA_KP[base]_n100_inst2_run1,base,16400,16401,16401.0,0.19578625001304317,92.27446944279201,-3690.0,-3048.0
exp_kp_001,SA_KP[base]_n100_inst2_run1,base,16600,16601,16601.0,0.19811816600849852,92.27446944279201,-3690.0,-2986.0
exp_kp_001,SA_KP[base]_n100_inst2_run1,base,16800,16801,16801.0,0.20061770800384693,92.27446944279201,-3690.0,-3364.0
exp_kp_001,SA_KP[base]_n100_inst2_run1,base,17000,17001,17001.0,0.20292537500790786,92.27446944279201,-3690.0,-3244.0
exp_kp_001,SA_KP[base]_n100_inst2_run1,base,17200,17201,17201.0,0.20554341601382475,92.27446944279201,-3690.0,-3550.0
exp_kp_001,SA_KP[base]_n100_inst2_run1,base,17400,17401,17401.0,0.20809141600329895,92.27446944279201,-3718.0,-3368.0
exp_kp_001,SA_KP[base]_n100_inst2_run1,base,17600,17601,17601.0,0.21047450001060497,92.27446944279201,-3718.0,-3126.0
exp_kp_001,SA_KP[base]_n100_inst2_run1,base,17800,17801,17801.0,0.21292570800869726,92.27446944279201,-3718.0,-2717.0
exp_kp_001,SA_KP[base]_n100_inst2_run1,base,18000,18001,18001.0,0.21527362501365133,92.27446944279201,-3718.0,-3364.0
exp_kp_001,SA_KP[base]_n100_inst2_run1,base,18200,18201,18201.0,0.21760450000874698,91.35172474836409,-3718.0,-3003.0
exp_kp_001,SA_KP[base]_n100_inst2_run1,base,18400,18401,18401.0,0.22007270800531842,91.35172474836409,-3718.0,-2951.0
exp_kp_001,SA_KP[base]_n100_inst2_run1,base,18600,18601,18601.0,0.22261879101279192,91.35172474836409,-3718.0,-2999.0
exp_kp_001,SA_KP[base]_n100_inst2_run1,base,18800,18801,18801.0,0.22501637499954086,91.35172474836409,-3718.0,-3149.0
exp_kp_001,SA_KP[base]_n100_inst2_run1,base,19000,19001,19001.0,0.22747470800823066,91.35172474836409,-3718.0,-3123.0
exp_kp_001,SA_KP[base]_n100_inst2_run1,base,19200,19201,19201.0,0.22963133300072514,91.35172474836409,-3718.0,-2746.0
exp_kp_001,SA_KP[base]_n100_inst2_run1,base,19400,19401,19401.0,0.2319503330072621,91.35172474836409,-3718.0,-3304.0
exp_kp_001,SA_KP[base]_n100_inst2_run1,base,19600,19601,19601.0,0.23419208300765604,91.35172474836409,-3718.0,-2800.0
exp_kp_001,SA_KP[base]_n100_inst2_run1,base,19800,19801,19801.0,0.23666325000522193,91.35172474836409,-3718.0,-3214.0
exp_kp_001,SA_KP[base]_n100_inst2_run1,base,20000,20001,20001.0,0.23889779100136366,91.35172474836409,-3718.0,-2882.0
exp_kp_001,SA_KP[base]_n100_inst2_run1,base,20200,20201,20201.0,0.24126187500951346,90.43820750088045,-3718.0,-3416.0
exp_kp_001,SA_KP[base]_n100_inst2_run1,base,20400,20401,20401.0,0.2437540000100853,90.43820750088045,-3718.0,-3272.0
exp_kp_001,SA_KP[base]_n100_inst2_run1,base,20600,20601,20601.0,0.2462568330083741,90.43820750088045,-3718.0,-3313.0
exp_kp_001,SA_KP[base]_n100_inst2_run1,base,20800,20801,20801.0,0.24875229100871366,90.43820750088045,-3718.0,-3095.0
exp_kp_001,SA_KP[base]_n100_inst2_run1,base,21000,21001,21001.0,0.2510180830140598,90.43820750088045,-3718.0,-3100.0
exp_kp_001,SA_KP[base]_n100_inst2_run1,base,21200,21201,21201.0,0.25347441600752063,90.43820750088045,-3718.0,-3112.0
exp_kp_001,SA_KP[base]_n100_inst2_run1,base,21400,21401,21401.0,0.2558952500112355,90.43820750088045,-3718.0,-3442.0
exp_kp_001,SA_KP[base]_n100_inst2_run1,base,21600,21601,21601.0,0.258383666005102,90.43820750088045,-3718.0,-3263.0
exp_kp_001,SA_KP[base]_n100_inst2_run1,base,21800,21801,21801.0,0.2608250000048429,90.43820750088045,-3718.0,-3139.0
exp_kp_001,SA_KP[base]_n100_inst2_run1,base,22000,22001,22001.0,0.2632247500005178,90.43820750088045,-3718.0,-3279.0
exp_kp_001,SA_KP[base]_n100_inst2_run1,base,22200,22201,22201.0,0.2655472910118988,89.53382542587164,-3718.0,-2974.0
exp_kp_001,SA_KP[base]_n100_inst2_run1,base,22400,22401,22401.0,0.26777400000719354,89.53382542587164,-3718.0,-3392.0
exp_kp_001,SA_KP[base]_n100_inst2_run1,base,22600,22601,22601.0,0.2701820000074804,89.53382542587164,-3718.0,-3159.0
exp_kp_001,SA_KP[base]_n100_inst2_run1,base,22800,22801,22801.0,0.27257512501091696,89.53382542587164,-3718.0,-3388.0
exp_kp_001,SA_KP[base]_n100_inst2_run1,base,23000,23001,23001.0,0.27502562500012573,89.53382542587164,-3718.0,-3201.0
exp_kp_001,SA_KP[base]_n100_inst2_run1,base,23200,23201,23201.0,0.27730575000168756,89.53382542587164,-3718.0,-3041.0
exp_kp_001,SA_KP[base]_n100_inst2_run1,base,23400,23401,23401.0,0.2799518330139108,89.53382542587164,-3718.0,-3504.0
exp_kp_001,SA_KP[base]_n100_inst2_run1,base,23600,23601,23601.0,0.28248441600590013,89.53382542587164,-3718.0,-2800.0
exp_kp_001,SA_KP[base]_n100_inst2_run1,base,23800,23801,23801.0,0.2849760410026647,89.53382542587164,-3718.0,-3018.0
exp_kp_001,SA_KP[base]_n100_inst2_run1,base,24000,24001,24001.0,0.2874746250017779,89.53382542587164,-3718.0,-3152.0
exp_kp_001,SA_KP[base]_n100_inst2_run1,base,24200,24201,24201.0,0.2897875830094563,88.63848717161292,-3718.0,-2657.0
exp_kp_001,SA_KP[base]_n100_inst2_run1,base,24400,24401,24401.0,0.29216579100466333,88.63848717161292,-3718.0,-2903.0
exp_kp_001,SA_KP[base]_n100_inst2_run1,base,24600,24601,24601.0,0.2946094159997301,88.63848717161292,-3718.0,-3005.0
exp_kp_001,SA_KP[base]_n100_inst2_run1,base,24800,24801,24801.0,0.29700312500062864,88.63848717161292,-3718.0,-3298.0
exp_kp_001,SA_KP[base]_n100_inst2_run1,base,25000,25001,25001.0,0.29928079100500327,88.63848717161292,-3718.0,-3209.0
exp_kp_001,SA_KP[base]_n100_inst2_run1,base,25200,25201,25201.0,0.3016845830134116,88.63848717161292,-3718.0,-2964.0
exp_kp_001,SA_KP[base]_n100_inst2_run1,base,25400,25401,25401.0,0.30400429099972825,88.63848717161292,-3718.0,-2939.0
exp_kp_001,SA_KP[base]_n100_inst2_run1,base,25600,25601,25601.0,0.306509708010708,88.63848717161292,-3718.0,-3250.0
exp_kp_001,SA_KP[base]_n100_inst2_run1,base,25800,25801,25801.0,0.30880895801237784,88.63848717161292,-3718.0,-2863.0
exp_kp_001,SA_KP[base]_n100_inst2_run1,base,26000,26001,26001.0,0.3111556250078138,88.63848717161292,-3718.0,-2596.0
exp_kp_001,SA_KP[base]_n100_inst2_run1,base,26200,26201,26201.0,0.3135385000059614,87.75210229989679,-3718.0,-3347.0
exp_kp_001,SA_KP[base]_n100_inst2_run1,base,26400,26401,26401.0,0.31588437501341105,87.75210229989679,-3718.0,-3037.0
exp_kp_001,SA_KP[base]_n100_inst2_run1,base,26600,26601,26601.0,0.3183803749998333,87.75210229989679,-3718.0,-3476.0
exp_kp_001,SA_KP[base]_n100_inst2_run1,base,26800,26801,26801.0,0.32081370800733566,87.75210229989679,-3718.0,-3059.0
exp_kp_001,SA_KP[base]_n100_inst2_run1,base,27000,27001,27001.0,0.32321716600563377,87.75210229989679,-3718.0,-2942.0
exp_kp_001,SA_KP[base]_n100_inst2_run1,base,27200,27201,27201.0,0.32568737500696443,87.75210229989679,-3718.0,-3199.0
exp_kp_001,SA_KP[base]_n100_inst2_run1,base,27400,27401,27401.0,0.3280294580035843,87.75210229989679,-3718.0,-2914.0
exp_kp_001,SA_KP[base]_n100_inst2_run1,base,27600,27601,27601.0,0.3304739160084864,87.75210229989679,-3718.0,-3220.0
exp_kp_001,SA_KP[base]_n100_inst2_run1,base,27800,27801,27801.0,0.3328541250084527,87.75210229989679,-3718.0,-3084.0
exp_kp_001,SA_KP[base]_n100_inst2_run1,base,28000,28001,28001.0,0.33519245800562203,87.75210229989679,-3718.0,-2966.0
exp_kp_001,SA_KP[base]_n100_inst2_run1,base,28200,28201,28201.0,0.33765691600274295,86.87458127689783,-3718.0,-3477.0
exp_kp_001,SA_KP[base]_n100_inst2_run1,base,28400,28401,28401.0,0.33997008300502785,86.87458127689783,-3718.0,-2962.0
exp_kp_001,SA_KP[base]_n100_inst2_run1,base,28600,28601,28601.0,0.34237675000622403,86.87458127689783,-3718.0,-3170.0
exp_kp_001,SA_KP[base]_n100_inst2_run1,base,28800,28801,28801.0,0.34483587500290014,86.87458127689783,-3718.0,-3377.0
exp_kp_001,SA_KP[base]_n100_inst2_run1,base,29000,29001,29001.0,0.3472158750082599,86.87458127689783,-3718.0,-3402.0
exp_kp_001,SA_KP[base]_n100_inst2_run1,base,29200,29201,29201.0,0.3495410830073524,86.87458127689783,-3718.0,-2975.0
exp_kp_001,SA_KP[base]_n100_inst2_run1,base,29400,29401,29401.0,0.3517705830017803,86.87458127689783,-3718.0,-3044.0
exp_kp_001,SA_KP[base]_n100_inst2_run1,base,29600,29601,29601.0,0.3541477500111796,86.87458127689783,-3718.0,-3355.0
exp_kp_001,SA_KP[base]_n100_inst2_run1,base,29800,29801,29801.0,0.3563903750036843,86.87458127689783,-3718.0,-3370.0
exp_kp_001,SA_KP[base]_n100_inst2_run1,base,30000,30001,30001.0,0.3587682500074152,86.87458127689783,-3718.0,-2803.0
exp_kp_001,SA_KP[base]_n100_inst2_run1,base,30200,30201,30201.0,0.3611217080033384,86.00583546412885,-3718.0,-3131.0
exp_kp_001,SA_KP[base]_n100_inst2_run1,base,30400,30401,30401.0,0.3634887080115732,86.00583546412885,-3718.0,-3422.0
exp_kp_001,SA_KP[base]_n100_inst2_run1,base,30600,30601,30601.0,0.3660541250137612,86.00583546412885,-3718.0,-3309.0
exp_kp_001,SA_KP[base]_n100_inst2_run1,base,30800,30801,30801.0,0.3683435830025701,86.00583546412885,-3718.0,-3140.0
exp_kp_001,SA_KP[base]_n100_inst2_run1,base,31000,31001,31001.0,0.37065445800544694,86.00583546412885,-3718.0,-2835.0
exp_kp_001,SA_KP[base]_n100_inst2_run1,base,31200,31201,31201.0,0.37288870800693985,86.00583546412885,-3718.0,-3283.0
exp_kp_001,SA_KP[base]_n100_inst2_run1,base,31400,31401,31401.0,0.37526404100935906,86.00583546412885,-3718.0,-3276.0
exp_kp_001,SA_KP[base]_n100_inst2_run1,base,31600,31601,31601.0,0.3776733750128187,86.00583546412885,-3718.0,-3221.0
exp_kp_001,SA_KP[base]_n100_inst2_run1,base,31800,31801,31801.0,0.3801953750080429,86.00583546412885,-3718.0,-3336.0
exp_kp_001,SA_KP[base]_n100_inst2_run1,base,32000,32001,32001.0,0.3825062079995405,86.00583546412885,-3718.0,-3300.0
exp_kp_001,SA_KP[base]_n100_inst2_run1,base,32200,32201,32201.0,0.3849140410020482,85.14577710948755,-3718.0,-2953.0
exp_kp_001,SA_KP[base]_n100_inst2_run1,base,32400,32401,32401.0,0.3873630830057664,85.14577710948755,-3718.0,-3446.0
exp_kp_001,SA_KP[base]_n100_inst2_run1,base,32600,32601,32601.0,0.3898086660046829,85.14577710948755,-3718.0,-3228.0
exp_kp_001,SA_KP[base]_n100_inst2_run1,base,32800,32801,32801.0,0.39219912500993814,85.14577710948755,-3718.0,-3279.0
exp_kp_001,SA_KP[base]_n100_inst2_run1,base,33000,33001,33001.0,0.3945465410070028,85.14577710948755,-3718.0,-2489.0
exp_kp_001,SA_KP[base]_n100_inst2_run1,base,33200,33201,33201.0,0.39697620800870936,85.14577710948755,-3718.0,-3268.0
exp_kp_001,SA_KP[base]_n100_inst2_run1,base,33400,33401,33401.0,0.39949695800896734,85.14577710948755,-3718.0,-3566.0
exp_kp_001,SA_KP[base]_n100_inst2_run1,base,33600,33601,33601.0,0.4019095000112429,85.14577710948755,-3718.0,-3017.0
exp_kp_001,SA_KP[base]_n100_inst2_run1,base,33800,33801,33801.0,0.40424150000035297,85.14577710948755,-3718.0,-3409.0
exp_kp_001,SA_KP[base]_n100_inst2_run1,base,34000,34001,34001.0,0.4067371250130236,85.14577710948755,-3718.0,-3042.0
exp_kp_001,SA_KP[base]_n100_inst2_run1,base,34200,34201,34201.0,0.4090805830055615,84.29431933839268,-3718.0,-3254.0
exp_kp_001,SA_KP[base]_n100_inst2_run1,base,34400,34401,34401.0,0.4112857910076855,84.29431933839268,-3718.0,-2919.0
exp_kp_001,SA_KP[base]_n100_inst2_run1,base,34600,34601,34601.0,0.4136872080125613,84.29431933839268,-3718.0,-3002.0
exp_kp_001,SA_KP[base]_n100_inst2_run1,base,34800,34801,34801.0,0.416158500011079,84.29431933839268,-3718.0,-2822.0
exp_kp_001,SA_KP[base]_n100_inst2_run1,base,35000,35001,35001.0,0.41851895800209604,84.29431933839268,-3718.0,-3157.0
exp_kp_001,SA_KP[base]_n100_inst2_run1,base,35200,35201,35201.0,0.4209510000073351,84.29431933839268,-3718.0,-3299.0
exp_kp_001,SA_KP[base]_n100_inst2_run1,base,35400,35401,35401.0,0.4233015830104705,84.29431933839268,-3718.0,-3474.0
exp_kp_001,SA_KP[base]_n100_inst2_run1,base,35600,35601,35601.0,0.42564995800785255,84.29431933839268,-3718.0,-3010.0
exp_kp_001,SA_KP[base]_n100_inst2_run1,base,35800,35801,35801.0,0.42803420800191816,84.29431933839268,-3718.0,-3104.0
exp_kp_001,SA_KP[base]_n100_inst2_run1,base,36000,36001,36001.0,0.43040420800389256,84.29431933839268,-3718.0,-3106.0
exp_kp_001,SA_KP[base]_n100_inst2_run1,base,36200,36201,36201.0,0.4327332080138149,83.45137614500875,-3718.0,-3170.0
exp_kp_001,SA_KP[base]_n100_inst2_run1,base,36400,36401,36401.0,0.4351731250062585,83.45137614500875,-3718.0,-3207.0
exp_kp_001,SA_KP[base]_n100_inst2_run1,base,36600,36601,36601.0,0.43752991600194946,83.45137614500875,-3718.0,-3342.0
exp_kp_001,SA_KP[base]_n100_inst2_run1,base,36800,36801,36801.0,0.44005066600220744,83.45137614500875,-3718.0,-3359.0
exp_kp_001,SA_KP[base]_n100_inst2_run1,base,37000,37001,37001.0,0.44251929101301357,83.45137614500875,-3718.0,-3430.0
exp_kp_001,SA_KP[base]_n100_inst2_run1,base,37200,37201,37201.0,0.44495508300315123,83.45137614500875,-3718.0,-3113.0
exp_kp_001,SA_KP[base]_n100_inst2_run1,base,37400,37401,37401.0,0.44747545800055377,83.45137614500875,-3718.0,-3557.0
exp_kp_001,SA_KP[base]_n100_inst2_run1,base,37600,37601,37601.0,0.4500107080093585,83.45137614500875,-3718.0,-3203.0
exp_kp_001,SA_KP[base]_n100_inst2_run1,base,37800,37801,37801.0,0.4523702080041403,83.45137614500875,-3718.0,-2992.0
exp_kp_001,SA_KP[base]_n100_inst2_run1,base,38000,38001,38001.0,0.45476825001242105,83.45137614500875,-3718.0,-3204.0
exp_kp_001,SA_KP[base]_n100_inst2_run1,base,38200,38201,38201.0,0.4572178330126917,82.61686238355867,-3718.0,-3049.0
exp_kp_001,SA_KP[base]_n100_inst2_run1,base,38400,38401,38401.0,0.4595160410099197,82.61686238355867,-3718.0,-2905.0
exp_kp_001,SA_KP[base]_n100_inst2_run1,base,38600,38601,38601.0,0.46190404100343585,82.61686238355867,-3718.0,-3293.0
exp_kp_001,SA_KP[base]_n100_inst2_run1,base,38800,38801,38801.0,0.4644067910121521,82.61686238355867,-3718.0,-3365.0
exp_kp_001,SA_KP[base]_n100_inst2_run1,base,39000,39001,39001.0,0.4669669580034679,82.61686238355867,-3718.0,-3288.0
exp_kp_001,SA_KP[base]_n100_inst2_run1,base,39200,39201,39201.0,0.4694721660052892,82.61686238355867,-3718.0,-3372.0
exp_kp_001,SA_KP[base]_n100_inst2_run1,base,39400,39401,39401.0,0.4718762910051737,82.61686238355867,-3718.0,-2986.0
exp_kp_001,SA_KP[base]_n100_inst2_run1,base,39600,39601,39601.0,0.4742900830024155,82.61686238355867,-3718.0,-2759.0
exp_kp_001,SA_KP[base]_n100_inst2_run1,base,39800,39801,39801.0,0.4765892499999609,82.61686238355867,-3718.0,-2718.0
exp_kp_001,SA_KP[base]_n100_inst2_run1,base,40000,40001,40001.0,0.4791769160074182,82.61686238355867,-3718.0,-3534.0
exp_kp_001,SA_KP[base]_n100_inst2_run1,base,40200,40201,40201.0,0.4816091660031816,81.79069375972308,-3718.0,-3151.0
exp_kp_001,SA_KP[base]_n100_inst2_run1,base,40400,40401,40401.0,0.4839143330027582,81.79069375972308,-3718.0,-3080.0
exp_kp_001,SA_KP[base]_n100_inst2_run1,base,40600,40601,40601.0,0.48624691599979997,81.79069375972308,-3718.0,-3399.0
exp_kp_001,SA_KP[base]_n100_inst2_run1,base,40800,40801,40801.0,0.4886552080133697,81.79069375972308,-3718.0,-3207.0
exp_kp_001,SA_KP[base]_n100_inst2_run1,base,41000,41001,41001.0,0.4909658750111703,81.79069375972308,-3718.0,-2821.0
exp_kp_001,SA_KP[base]_n100_inst2_run1,base,41200,41201,41201.0,0.4933045000070706,81.79069375972308,-3718.0,-3295.0
exp_kp_001,SA_KP[base]_n100_inst2_run1,base,41400,41401,41401.0,0.4956945000012638,81.79069375972308,-3718.0,-3346.0
exp_kp_001,SA_KP[base]_n100_inst2_run1,base,41600,41601,41601.0,0.498058208002476,81.79069375972308,-3718.0,-2867.0
exp_kp_001,SA_KP[base]_n100_inst2_run1,base,41800,41801,41801.0,0.5004719999997178,81.79069375972308,-3718.0,-3231.0
exp_kp_001,SA_KP[base]_n100_inst2_run1,base,42000,42001,42001.0,0.5027508750063134,81.79069375972308,-3718.0,-3070.0
exp_kp_001,SA_KP[base]_n100_inst2_run1,base,42200,42201,42201.0,0.5050875000015367,80.97278682212585,-3718.0,-2828.0
exp_kp_001,SA_KP[base]_n100_inst2_run1,base,42400,42401,42401.0,0.5073889160121325,80.97278682212585,-3718.0,-2842.0
exp_kp_001,SA_KP[base]_n100_inst2_run1,base,42600,42601,42601.0,0.5098225830006413,80.97278682212585,-3718.0,-3116.0
exp_kp_001,SA_KP[base]_n100_inst2_run1,base,42800,42801,42801.0,0.5122954580001533,80.97278682212585,-3718.0,-3495.0
exp_kp_001,SA_KP[base]_n100_inst2_run1,base,43000,43001,43001.0,0.5148175410140539,80.97278682212585,-3718.0,-3039.0
exp_kp_001,SA_KP[base]_n100_inst2_run1,base,43200,43201,43201.0,0.5171795000060229,80.97278682212585,-3718.0,-3383.0
exp_kp_001,SA_KP[base]_n100_inst2_run1,base,43400,43401,43401.0,0.5196212910086615,80.97278682212585,-3718.0,-3276.0
exp_kp_001,SA_KP[base]_n100_inst2_run1,base,43600,43601,43601.0,0.5221466250077356,80.97278682212585,-3718.0,-3383.0
exp_kp_001,SA_KP[base]_n100_inst2_run1,base,43800,43801,43801.0,0.5245795830123825,80.97278682212585,-3718.0,-3131.0
exp_kp_001,SA_KP[base]_n100_inst2_run1,base,44000,44001,44001.0,0.5269039580016397,80.97278682212585,-3718.0,-3043.0
exp_kp_001,SA_KP[base]_n100_inst2_run1,base,44200,44201,44201.0,0.5293730830017012,80.1630589539046,-3718.0,-3286.0
exp_kp_001,SA_KP[base]_n100_inst2_run1,base,44400,44401,44401.0,0.5318403330020374,80.1630589539046,-3718.0,-3339.0
exp_kp_001,SA_KP[base]_n100_inst2_run1,base,44600,44601,44601.0,0.5343272910104133,80.1630589539046,-3718.0,-3262.0
exp_kp_001,SA_KP[base]_n100_inst2_run1,base,44800,44801,44801.0,0.536883166001644,80.1630589539046,-3718.0,-2953.0
exp_kp_001,SA_KP[base]_n100_inst2_run1,base,45000,45001,45001.0,0.5390877910103882,80.1630589539046,-3718.0,-3023.0
exp_kp_001,SA_KP[base]_n100_inst2_run1,base,45200,45201,45201.0,0.5414510000118753,80.1630589539046,-3718.0,-3331.0
exp_kp_001,SA_KP[base]_n100_inst2_run1,base,45400,45401,45401.0,0.5438428330089664,80.1630589539046,-3718.0,-3378.0
exp_kp_001,SA_KP[base]_n100_inst2_run1,base,45600,45601,45601.0,0.5462509160133777,80.1630589539046,-3718.0,-3400.0
exp_kp_001,SA_KP[base]_n100_inst2_run1,base,45800,45801,45801.0,0.5486538330005715,80.1630589539046,-3718.0,-3186.0
exp_kp_001,SA_KP[base]_n100_inst2_run1,base,46000,46001,46001.0,0.5510512500040932,80.1630589539046,-3718.0,-3234.0
exp_kp_001,SA_KP[base]_n100_inst2_run1,base,46200,46201,46201.0,0.5534782910108333,79.36142836436555,-3718.0,-3093.0
exp_kp_001,SA_KP[base]_n100_inst2_run1,base,46400,46401,46401.0,0.5558459160092752,79.36142836436555,-3718.0,-3361.0
exp_kp_001,SA_KP[base]_n100_inst2_run1,base,46600,46601,46601.0,0.5582967080117669,79.36142836436555,-3718.0,-3283.0
exp_kp_001,SA_KP[base]_n100_inst2_run1,base,46800,46801,46801.0,0.5608273329999065,79.36142836436555,-3718.0,-3589.0
exp_kp_001,SA_KP[base]_n100_inst2_run1,base,47000,47001,47001.0,0.563410583010409,79.36142836436555,-3718.0,-2877.0
exp_kp_001,SA_KP[base]_n100_inst2_run1,base,47200,47201,47201.0,0.5659206660056952,79.36142836436555,-3718.0,-3108.0
exp_kp_001,SA_KP[base]_n100_inst2_run1,base,47400,47401,47401.0,0.5684190830070293,79.36142836436555,-3718.0,-2879.0
exp_kp_001,SA_KP[base]_n100_inst2_run1,base,47600,47601,47601.0,0.5709507910069078,79.36142836436555,-3718.0,-3245.0
exp_kp_001,SA_KP[base]_n100_inst2_run1,base,47800,47801,47801.0,0.5732629160047509,79.36142836436555,-3718.0,-3377.0
exp_kp_001,SA_KP[base]_n100_inst2_run1,base,48000,48001,48001.0,0.5758094580087345,79.36142836436555,-3718.0,-2924.0
exp_kp_001,SA_KP[base]_n100_inst2_run1,base,48200,48201,48201.0,0.578296625011717,78.56781408072189,-3718.0,-3269.0
exp_kp_001,SA_KP[base]_n100_inst2_run1,base,48400,48401,48401.0,0.5807879160129232,78.56781408072189,-3718.0,-3582.0
exp_kp_001,SA_KP[base]_n100_inst2_run1,base,48600,48601,48601.0,0.5832162080041599,78.56781408072189,-3718.0,-3011.0
exp_kp_001,SA_KP[base]_n100_inst2_run1,base,48800,48801,48801.0,0.585614791008993,78.56781408072189,-3718.0,-3316.0
exp_kp_001,SA_KP[base]_n100_inst2_run1,base,49000,49001,49001.0,0.5880470830015838,78.56781408072189,-3718.0,-3246.0
exp_kp_001,SA_KP[base]_n100_inst2_run1,base,49200,49201,49201.0,0.5904334580118302,78.56781408072189,-3720.0,-3358.0
exp_kp_001,SA_KP[base]_n100_inst2_run1,base,49400,49401,49401.0,0.5929566660051933,78.56781408072189,-3720.0,-3627.0
exp_kp_001,SA_KP[base]_n100_inst2_run1,base,49600,49601,49601.0,0.5952770000003511,78.56781408072189,-3778.0,-2994.0
exp_kp_001,SA_KP[base]_n100_inst2_run1,base,49800,49801,49801.0,0.5976258750015404,78.56781408072189,-3778.0,-3185.0
exp_kp_001,SA_KP[base]_n100_inst2_run1,base,49999,50000,50000.0,0.5999480830068933,0.00099,-3778.0,-2874.0
exp_kp_001,SA_KP[base]_n100_inst2_run2,base,0,1,1.0,9.916999260894954e-06,100.0,-2124.0,-2124.0
exp_kp_001,SA_KP[base]_n100_inst2_run2,base,200,201,201.0,0.0024620829935884103,100.0,-3354.0,-3102.0
exp_kp_001,SA_KP[base]_n100_inst2_run2,base,400,401,401.0,0.004807667006389238,100.0,-3354.0,-3256.0
exp_kp_001,SA_KP[base]_n100_inst2_run2,base,600,601,601.0,0.007163625006796792,100.0,-3596.0,-3530.0
exp_kp_001,SA_KP[base]_n100_inst2_run2,base,800,801,801.0,0.00964449999446515,100.0,-3596.0,-3190.0
exp_kp_001,SA_KP[base]_n100_inst2_run2,base,1000,1001,1001.0,0.012122500003897585,100.0,-3596.0,-3322.0
exp_kp_001,SA_KP[base]_n100_inst2_run2,base,1200,1201,1201.0,0.014550791995134205,100.0,-3596.0,-3341.0
exp_kp_001,SA_KP[base]_n100_inst2_run2,base,1400,1401,1401.0,0.016830042004585266,100.0,-3596.0,-2871.0
exp_kp_001,SA_KP[base]_n100_inst2_run2,base,1600,1601,1601.0,0.01934604199777823,100.0,-3596.0,-2864.0
exp_kp_001,SA_KP[base]_n100_inst2_run2,base,1800,1801,1801.0,0.021578832995146513,100.0,-3596.0,-2866.0
exp_kp_001,SA_KP[base]_n100_inst2_run2,base,2000,2001,2001.0,0.024006833002204075,100.0,-3596.0,-2656.0
exp_kp_001,SA_KP[base]_n100_inst2_run2,base,2200,2201,2201.0,0.02635349999764003,99.0,-3596.0,-2740.0
exp_kp_001,SA_KP[base]_n100_inst2_run2,base,2400,2401,2401.0,0.028708708006888628,99.0,-3596.0,-3222.0
exp_kp_001,SA_KP[base]_n100_inst2_run2,base,2600,2601,2601.0,0.030946333004976623,99.0,-3596.0,-2895.0
exp_kp_001,SA_KP[base]_n100_inst2_run2,base,2800,2801,2801.0,0.03327420800633263,99.0,-3596.0,-3065.0
exp_kp_001,SA_KP[base]_n100_inst2_run2,base,3000,3001,3001.0,0.03560370800551027,99.0,-3596.0,-3239.0
exp_kp_001,SA_KP[base]_n100_inst2_run2,base,3200,3201,3201.0,0.03799358299875166,99.0,-3596.0,-3259.0
exp_kp_001,SA_KP[base]_n100_inst2_run2,base,3400,3401,3401.0,0.040411499998299405,99.0,-3596.0,-3309.0
exp_kp_001,SA_KP[base]_n100_inst2_run2,base,3600,3601,3601.0,0.04289816699747462,99.0,-3596.0,-2905.0
exp_kp_001,SA_KP[base]_n100_inst2_run2,base,3800,3801,3801.0,0.045131833001505584,99.0,-3596.0,-3185.0
exp_kp_001,SA_KP[base]_n100_inst2_run2,base,4000,4001,4001.0,0.047490541997831315,99.0,-3649.0,-2829.0
exp_kp_001,SA_KP[base]_n100_inst2_run2,base,4200,4201,4201.0,0.049827374998130836,98.01,-3649.0,-3079.0
exp_kp_001,SA_KP[base]_n100_inst2_run2,base,4400,4401,4401.0,0.05212683300487697,98.01,-3649.0,-3048.0
exp_kp_001,SA_KP[base]_n100_inst2_run2,base,4600,4601,4601.0,0.05456666699319612,98.01,-3649.0,-3225.0
exp_kp_001,SA_KP[base]_n100_inst2_run2,base,4800,4801,4801.0,0.05690037499880418,98.01,-3649.0,-2733.0
exp_kp_001,SA_KP[base]_n100_inst2_run2,base,5000,5001,5001.0,0.059267624994390644,98.01,-3649.0,-2720.0
exp_kp_001,SA_KP[base]_n100_inst2_run2,base,5200,5201,5201.0,0.06149537500459701,98.01,-3649.0,-3030.0
exp_kp_001,SA_KP[base]_n100_inst2_run2,base,5400,5401,5401.0,0.06379245799325872,98.01,-3649.0,-2944.0
exp_kp_001,SA_KP[base]_n100_inst2_run2,base,5600,5601,5601.0,0.06624958300380968,98.01,-3649.0,-3293.0
exp_kp_001,SA_KP[base]_n100_inst2_run2,base,5800,5801,5801.0,0.06862516699766275,98.01,-3649.0,-3039.0
exp_kp_001,SA_KP[base]_n100_inst2_run2,base,6000,6001,6001.0,0.07089520800218452,98.01,-3649.0,-2824.0
exp_kp_001,SA_KP[base]_n100_inst2_run2,base,6200,6201,6201.0,0.07338575000176206,97.0299,-3649.0,-3493.0
exp_kp_001,SA_KP[base]_n100_inst2_run2,base,6400,6401,6401.0,0.07571741699939594,97.0299,-3649.0,-2984.0
exp_kp_001,SA_KP[base]_n100_inst2_run2,base,6600,6601,6601.0,0.0780464999988908,97.0299,-3649.0,-3336.0
exp_kp_001,SA_KP[base]_n100_inst2_run2,base,6800,6801,6801.0,0.08041162499284837,97.0299,-3649.0,-3541.0
exp_kp_001,SA_KP[base]_n100_inst2_run2,base,7000,7001,7001.0,0.08289929199963808,97.0299,-3649.0,-3267.0
exp_kp_001,SA_KP[base]_n100_inst2_run2,base,7200,7201,7201.0,0.08539387499331497,97.0299,-3649.0,-3310.0
exp_kp_001,SA_KP[base]_n100_inst2_run2,base,7400,7401,7401.0,0.08759758299856912,97.0299,-3649.0,-2666.0
exp_kp_001,SA_KP[base]_n100_inst2_run2,base,7600,7601,7601.0,0.09002541699737776,97.0299,-3649.0,-3222.0
exp_kp_001,SA_KP[base]_n100_inst2_run2,base,7800,7801,7801.0,0.09234050000668503,97.0299,-3649.0,-2925.0
exp_kp_001,SA_KP[base]_n100_inst2_run2,base,8000,8001,8001.0,0.09469116700347513,97.0299,-3649.0,-3111.0
exp_kp_001,SA_KP[base]_n100_inst2_run2,base,8200,8201,8201.0,0.09711387500283308,96.059601,-3649.0,-3337.0
exp_kp_001,SA_KP[base]_n100_inst2_run2,base,8400,8401,8401.0,0.09962962499412242,96.059601,-3649.0,-3026.0
exp_kp_001,SA_KP[base]_n100_inst2_run2,base,8600,8601,8601.0,0.10207500000251457,96.059601,-3649.0,-3247.0
exp_kp_001,SA_KP[base]_n100_inst2_run2,base,8800,8801,8801.0,0.10435254199546762,96.059601,-3649.0,-2879.0
exp_kp_001,SA_KP[base]_n100_inst2_run2,base,9000,9001,9001.0,0.10674208299315069,96.059601,-3649.0,-3089.0
exp_kp_001,SA_KP[base]_n100_inst2_run2,base,9200,9201,9201.0,0.1091272920020856,96.059601,-3649.0,-2813.0
exp_kp_001,SA_KP[base]_n100_inst2_run2,base,9400,9401,9401.0,0.11163191699597519,96.059601,-3649.0,-3231.0
exp_kp_001,SA_KP[base]_n100_inst2_run2,base,9600,9601,9601.0,0.11385949999385048,96.059601,-3649.0,-3187.0
exp_kp_001,SA_KP[base]_n100_inst2_run2,base,9800,9801,9801.0,0.11650054200435989,96.059601,-3649.0,-3313.0
exp_kp_001,SA_KP[base]_n100_inst2_run2,base,10000,10001,10001.0,0.1190539999952307,96.059601,-3649.0,-3475.0
exp_kp_001,SA_KP[base]_n100_inst2_run2,base,10200,10201,10201.0,0.12140054200426675,95.09900499,-3649.0,-2975.0
exp_kp_001,SA_KP[base]_n100_inst2_run2,base,10400,10401,10401.0,0.12377999999444,95.09900499,-3649.0,-3281.0
exp_kp_001,SA_KP[base]_n100_inst2_run2,base,10600,10601,10601.0,0.1261579999991227,95.09900499,-3649.0,-3442.0
exp_kp_001,SA_KP[base]_n100_inst2_run2,base,10800,10801,10801.0,0.12855979200685397,95.09900499,-3649.0,-2979.0
exp_kp_001,SA_KP[base]_n100_inst2_run2,base,11000,11001,11001.0,0.13116233299660962,95.09900499,-3649.0,-2883.0
exp_kp_001,SA_KP[base]_n100_inst2_run2,base,11200,11201,11201.0,0.13358104199869558,95.09900499,-3649.0,-3272.0
exp_kp_001,SA_KP[base]_n100_inst2_run2,base,11400,11401,11401.0,0.1359136670071166,95.09900499,-3683.0,-3040.0
exp_kp_001,SA_KP[base]_n100_inst2_run2,base,11600,11601,11601.0,0.1382267500011949,95.09900499,-3683.0,-3057.0
exp_kp_001,SA_KP[base]_n100_inst2_run2,base,11800,11801,11801.0,0.14060366699413862,95.09900499,-3683.0,-2856.0
exp_kp_001,SA_KP[base]_n100_inst2_run2,base,12000,12001,12001.0,0.14296008300152607,95.09900499,-3683.0,-3116.0
exp_kp_001,SA_KP[base]_n100_inst2_run2,base,12200,12201,12201.0,0.14519545799703337,94.1480149401,-3683.0,-2715.0
exp_kp_001,SA_KP[base]_n100_inst2_run2,base,12400,12401,12401.0,0.14769320799678098,94.1480149401,-3683.0,-3078.0
exp_kp_001,SA_KP[base]_n100_inst2_run2,base,12600,12601,12601.0,0.1501146670052549,94.1480149401,-3683.0,-3240.0
exp_kp_001,SA_KP[base]_n100_inst2_run2,base,12800,12801,12801.0,0.15251245799299795,94.1480149401,-3683.0,-3055.0
exp_kp_001,SA_KP[base]_n100_inst2_run2,base,13000,13001,13001.0,0.1549074170034146,94.1480149401,-3683.0,-3193.0
exp_kp_001,SA_KP[base]_n100_inst2_run2,base,13200,13201,13201.0,0.1572750420018565,94.1480149401,-3683.0,-3385.0
exp_kp_001,SA_KP[base]_n100_inst2_run2,base,13400,13401,13401.0,0.15971508300572168,94.1480149401,-3683.0,-3125.0
exp_kp_001,SA_KP[base]_n100_inst2_run2,base,13600,13601,13601.0,0.16203454199421685,94.1480149401,-3683.0,-3173.0
exp_kp_001,SA_KP[base]_n100_inst2_run2,base,13800,13801,13801.0,0.1642965000064578,94.1480149401,-3683.0,-2925.0
exp_kp_001,SA_KP[base]_n100_inst2_run2,base,14000,14001,14001.0,0.16664500000479165,94.1480149401,-3683.0,-2982.0
exp_kp_001,SA_KP[base]_n100_inst2_run2,base,14200,14201,14201.0,0.16898474999470636,93.206534790699,-3683.0,-2878.0
exp_kp_001,SA_KP[base]_n100_inst2_run2,base,14400,14401,14401.0,0.17123074999835808,93.206534790699,-3683.0,-2921.0
exp_kp_001,SA_KP[base]_n100_inst2_run2,base,14600,14601,14601.0,0.173581249997369,93.206534790699,-3683.0,-2814.0
exp_kp_001,SA_KP[base]_n100_inst2_run2,base,14800,14801,14801.0,0.175960833003046,93.206534790699,-3683.0,-3413.0
exp_kp_001,SA_KP[base]_n100_inst2_run2,base,15000,15001,15001.0,0.17834820800635498,93.206534790699,-3683.0,-2832.0
exp_kp_001,SA_KP[base]_n100_inst2_run2,base,15200,15201,15201.0,0.1806168329931097,93.206534790699,-3683.0,-3342.0
exp_kp_001,SA_KP[base]_n100_inst2_run2,base,15400,15401,15401.0,0.1829287500004284,93.206534790699,-3683.0,-2805.0
exp_kp_001,SA_KP[base]_n100_inst2_run2,base,15600,15601,15601.0,0.18536433299595956,93.206534790699,-3683.0,-3517.0
exp_kp_001,SA_KP[base]_n100_inst2_run2,base,15800,15801,15801.0,0.18775683299463708,93.206534790699,-3697.0,-3364.0
exp_kp_001,SA_KP[base]_n100_inst2_run2,base,16000,16001,16001.0,0.19015374999435153,93.206534790699,-3697.0,-3008.0
exp_kp_001,SA_KP[base]_n100_inst2_run2,base,16200,16201,16201.0,0.1926422079995973,92.27446944279201,-3697.0,-3332.0
exp_kp_001,SA_KP[base]_n100_inst2_run2,base,16400,16401,16401.0,0.19521487499878276,92.27446944279201,-3697.0,-3414.0
exp_kp_001,SA_KP[base]_n100_inst2_run2,base,16600,16601,16601.0,0.19760095799574628,92.27446944279201,-3697.0,-3101.0
exp_kp_001,SA_KP[base]_n100_inst2_run2,base,16800,16801,16801.0,0.199846792005701,92.27446944279201,-3697.0,-2989.0
exp_kp_001,SA_KP[base]_n100_inst2_run2,base,17000,17001,17001.0,0.2021958330005873,92.27446944279201,-3697.0,-3020.0
exp_kp_001,SA_KP[base]_n100_inst2_run2,base,17200,17201,17201.0,0.2045721250033239,92.27446944279201,-3697.0,-2992.0
exp_kp_001,SA_KP[base]_n100_inst2_run2,base,17400,17401,17401.0,0.20694274999550544,92.27446944279201,-3697.0,-3019.0
exp_kp_001,SA_KP[base]_n100_inst2_run2,base,17600,17601,17601.0,0.20934595800645184,92.27446944279201,-3697.0,-3086.0
exp_kp_001,SA_KP[base]_n100_inst2_run2,base,17800,17801,17801.0,0.21173620800254866,92.27446944279201,-3697.0,-3448.0
exp_kp_001,SA_KP[base]_n100_inst2_run2,base,18000,18001,18001.0,0.21408108300238382,92.27446944279201,-3697.0,-3213.0
exp_kp_001,SA_KP[base]_n100_inst2_run2,base,18200,18201,18201.0,0.2164532919996418,91.35172474836409,-3697.0,-3138.0
exp_kp_001,SA_KP[base]_n100_inst2_run2,base,18400,18401,18401.0,0.21890608299872838,91.35172474836409,-3697.0,-3314.0
exp_kp_001,SA_KP[base]_n100_inst2_run2,base,18600,18601,18601.0,0.22151120800117496,91.35172474836409,-3697.0,-2905.0
exp_kp_001,SA_KP[base]_n100_inst2_run2,base,18800,18801,18801.0,0.22387033299310133,91.35172474836409,-3697.0,-3094.0
exp_kp_001,SA_KP[base]_n100_inst2_run2,base,19000,19001,19001.0,0.22625891699863132,91.35172474836409,-3697.0,-3126.0
exp_kp_001,SA_KP[base]_n100_inst2_run2,base,19200,19201,19201.0,0.22875062499952037,91.35172474836409,-3697.0,-3235.0
exp_kp_001,SA_KP[base]_n100_inst2_run2,base,19400,19401,19401.0,0.23114883300149813,91.35172474836409,-3697.0,-3364.0
exp_kp_001,SA_KP[base]_n100_inst2_run2,base,19600,19601,19601.0,0.23372091699275188,91.35172474836409,-3697.0,-3498.0
exp_kp_001,SA_KP[base]_n100_inst2_run2,base,19800,19801,19801.0,0.23618133300624322,91.35172474836409,-3697.0,-2778.0
exp_kp_001,SA_KP[base]_n100_inst2_run2,base,20000,20001,20001.0,0.23846191700431518,91.35172474836409,-3697.0,-2970.0
exp_kp_001,SA_KP[base]_n100_inst2_run2,base,20200,20201,20201.0,0.24083045800216496,90.43820750088045,-3697.0,-3065.0
exp_kp_001,SA_KP[base]_n100_inst2_run2,base,20400,20401,20401.0,0.2431400420027785,90.43820750088045,-3697.0,-3016.0
exp_kp_001,SA_KP[base]_n100_inst2_run2,base,20600,20601,20601.0,0.2455767920037033,90.43820750088045,-3697.0,-3233.0
exp_kp_001,SA_KP[base]_n100_inst2_run2,base,20800,20801,20801.0,0.24787999999534804,90.43820750088045,-3697.0,-2830.0
exp_kp_001,SA_KP[base]_n100_inst2_run2,base,21000,21001,21001.0,0.25022129199351184,90.43820750088045,-3697.0,-3133.0
exp_kp_001,SA_KP[base]_n100_inst2_run2,base,21200,21201,21201.0,0.252719458003412,90.43820750088045,-3697.0,-3055.0
exp_kp_001,SA_KP[base]_n100_inst2_run2,base,21400,21401,21401.0,0.25503966699761804,90.43820750088045,-3697.0,-3025.0
exp_kp_001,SA_KP[base]_n100_inst2_run2,base,21600,21601,21601.0,0.2574117079930147,90.43820750088045,-3697.0,-3134.0
exp_kp_001,SA_KP[base]_n100_inst2_run2,base,21800,21801,21801.0,0.2597225420031464,90.43820750088045,-3697.0,-2825.0
exp_kp_001,SA_KP[base]_n100_inst2_run2,base,22000,22001,22001.0,0.26193208299810067,90.43820750088045,-3697.0,-3027.0
exp_kp_001,SA_KP[base]_n100_inst2_run2,base,22200,22201,22201.0,0.2643308749975404,89.53382542587164,-3697.0,-3021.0
exp_kp_001,SA_KP[base]_n100_inst2_run2,base,22400,22401,22401.0,0.2666734170052223,89.53382542587164,-3697.0,-3029.0
exp_kp_001,SA_KP[base]_n100_inst2_run2,base,22600,22601,22601.0,0.2690172500006156,89.53382542587164,-3697.0,-3299.0
exp_kp_001,SA_KP[base]_n100_inst2_run2,base,22800,22801,22801.0,0.27147841699479613,89.53382542587164,-3697.0,-2975.0
exp_kp_001,SA_KP[base]_n100_inst2_run2,base,23000,23001,23001.0,0.27383862499846146,89.53382542587164,-3697.0,-3241.0
exp_kp_001,SA_KP[base]_n100_inst2_run2,base,23200,23201,23201.0,0.2761821250023786,89.53382542587164,-3697.0,-3347.0
exp_kp_001,SA_KP[base]_n100_inst2_run2,base,23400,23401,23401.0,0.27865629199368414,89.53382542587164,-3732.0,-3282.0
exp_kp_001,SA_KP[base]_n100_inst2_run2,base,23600,23601,23601.0,0.28110212499450427,89.53382542587164,-3732.0,-3130.0
exp_kp_001,SA_KP[base]_n100_inst2_run2,base,23800,23801,23801.0,0.28345516699482687,89.53382542587164,-3732.0,-3248.0
exp_kp_001,SA_KP[base]_n100_inst2_run2,base,24000,24001,24001.0,0.2860129170003347,89.53382542587164,-3732.0,-3092.0
exp_kp_001,SA_KP[base]_n100_inst2_run2,base,24200,24201,24201.0,0.28833045800274704,88.63848717161292,-3732.0,-3419.0
exp_kp_001,SA_KP[base]_n100_inst2_run2,base,24400,24401,24401.0,0.29075037500297185,88.63848717161292,-3732.0,-3232.0
exp_kp_001,SA_KP[base]_n100_inst2_run2,base,24600,24601,24601.0,0.2930495000036899,88.63848717161292,-3732.0,-3000.0
exp_kp_001,SA_KP[base]_n100_inst2_run2,base,24800,24801,24801.0,0.2955104169959668,88.63848717161292,-3732.0,-3162.0
exp_kp_001,SA_KP[base]_n100_inst2_run2,base,25000,25001,25001.0,0.2980210829991847,88.63848717161292,-3732.0,-3546.0
exp_kp_001,SA_KP[base]_n100_inst2_run2,base,25200,25201,25201.0,0.3004775830049766,88.63848717161292,-3732.0,-3289.0
exp_kp_001,SA_KP[base]_n100_inst2_run2,base,25400,25401,25401.0,0.30296420799277257,88.63848717161292,-3732.0,-3654.0
exp_kp_001,SA_KP[base]_n100_inst2_run2,base,25600,25601,25601.0,0.30539616699388716,88.63848717161292,-3732.0,-3450.0
exp_kp_001,SA_KP[base]_n100_inst2_run2,base,25800,25801,25801.0,0.30779041700589005,88.63848717161292,-3732.0,-3121.0
exp_kp_001,SA_KP[base]_n100_inst2_run2,base,26000,26001,26001.0,0.31013345799874514,88.63848717161292,-3732.0,-3061.0
exp_kp_001,SA_KP[base]_n100_inst2_run2,base,26200,26201,26201.0,0.31255112499638926,87.75210229989679,-3732.0,-3376.0
exp_kp_001,SA_KP[base]_n100_inst2_run2,base,26400,26401,26401.0,0.3150376249977853,87.75210229989679,-3732.0,-3275.0
exp_kp_001,SA_KP[base]_n100_inst2_run2,base,26600,26601,26601.0,0.31757650000508875,87.75210229989679,-3732.0,-3276.0
exp_kp_001,SA_KP[base]_n100_inst2_run2,base,26800,26801,26801.0,0.31987204200413544,87.75210229989679,-3732.0,-3255.0
exp_kp_001,SA_KP[base]_n100_inst2_run2,base,27000,27001,27001.0,0.3223422919982113,87.75210229989679,-3732.0,-3405.0
exp_kp_001,SA_KP[base]_n100_inst2_run2,base,27200,27201,27201.0,0.3247208749962738,87.75210229989679,-3732.0,-3248.0
exp_kp_001,SA_KP[base]_n100_inst2_run2,base,27400,27401,27401.0,0.3271394170005806,87.75210229989679,-3732.0,-3092.0
exp_kp_001,SA_KP[base]_n100_inst2_run2,base,27600,27601,27601.0,0.3295282920007594,87.75210229989679,-3732.0,-3286.0
exp_kp_001,SA_KP[base]_n100_inst2_run2,base,27800,27801,27801.0,0.33186345800640993,87.75210229989679,-3732.0,-2962.0
exp_kp_001,SA_KP[base]_n100_inst2_run2,base,28000,28001,28001.0,0.33422670800064225,87.75210229989679,-3732.0,-3136.0
exp_kp_001,SA_KP[base]_n100_inst2_run2,base,28200,28201,28201.0,0.336626125004841,86.87458127689783,-3732.0,-3152.0
exp_kp_001,SA_KP[base]_n100_inst2_run2,base,28400,28401,28401.0,0.33900179200281855,86.87458127689783,-3732.0,-3221.0
exp_kp_001,SA_KP[base]_n100_inst2_run2,base,28600,28601,28601.0,0.3413594169978751,86.87458127689783,-3732.0,-3277.0
exp_kp_001,SA_KP[base]_n100_inst2_run2,base,28800,28801,28801.0,0.3437274169991724,86.87458127689783,-3732.0,-3138.0
exp_kp_001,SA_KP[base]_n100_inst2_run2,base,29000,29001,29001.0,0.34621241700369865,86.87458127689783,-3732.0,-3065.0
exp_kp_001,SA_KP[base]_n100_inst2_run2,base,29200,29201,29201.0,0.34874291700543836,86.87458127689783,-3732.0,-2963.0
exp_kp_001,SA_KP[base]_n100_inst2_run2,base,29400,29401,29401.0,0.3510565000033239,86.87458127689783,-3732.0,-2533.0
exp_kp_001,SA_KP[base]_n100_inst2_run2,base,29600,29601,29601.0,0.35347104200627655,86.87458127689783,-3732.0,-3399.0
exp_kp_001,SA_KP[base]_n100_inst2_run2,base,29800,29801,29801.0,0.3559584580070805,86.87458127689783,-3732.0,-3218.0
exp_kp_001,SA_KP[base]_n100_inst2_run2,base,30000,30001,30001.0,0.35831612499896437,86.87458127689783,-3732.0,-3323.0
exp_kp_001,SA_KP[base]_n100_inst2_run2,base,30200,30201,30201.0,0.3606257920037024,86.00583546412885,-3732.0,-2963.0
exp_kp_001,SA_KP[base]_n100_inst2_run2,base,30400,30401,30401.0,0.36299683300603647,86.00583546412885,-3732.0,-3305.0
exp_kp_001,SA_KP[base]_n100_inst2_run2,base,30600,30601,30601.0,0.3653991669998504,86.00583546412885,-3732.0,-3261.0
exp_kp_001,SA_KP[base]_n100_inst2_run2,base,30800,30801,30801.0,0.3678307079972001,86.00583546412885,-3732.0,-3076.0
exp_kp_001,SA_KP[base]_n100_inst2_run2,base,31000,31001,31001.0,0.3702226250024978,86.00583546412885,-3732.0,-3305.0
exp_kp_001,SA_KP[base]_n100_inst2_run2,base,31200,31201,31201.0,0.3727305000065826,86.00583546412885,-3732.0,-3164.0
exp_kp_001,SA_KP[base]_n100_inst2_run2,base,31400,31401,31401.0,0.3750909579975996,86.00583546412885,-3732.0,-3097.0
exp_kp_001,SA_KP[base]_n100_inst2_run2,base,31600,31601,31601.0,0.3775126249965979,86.00583546412885,-3732.0,-3341.0
exp_kp_001,SA_KP[base]_n100_inst2_run2,base,31800,31801,31801.0,0.37980012499610893,86.00583546412885,-3732.0,-3206.0
exp_kp_001,SA_KP[base]_n100_inst2_run2,base,32000,32001,32001.0,0.38206274999538437,86.00583546412885,-3732.0,-3043.0
exp_kp_001,SA_KP[base]_n100_inst2_run2,base,32200,32201,32201.0,0.3844753750017844,85.14577710948755,-3732.0,-2866.0
exp_kp_001,SA_KP[base]_n100_inst2_run2,base,32400,32401,32401.0,0.38691908300097566,85.14577710948755,-3732.0,-3355.0
exp_kp_001,SA_KP[base]_n100_inst2_run2,base,32600,32601,32601.0,0.3891877080022823,85.14577710948755,-3732.0,-2881.0
exp_kp_001,SA_KP[base]_n100_inst2_run2,base,32800,32801,32801.0,0.39154770800087135,85.14577710948755,-3732.0,-3454.0
exp_kp_001,SA_KP[base]_n100_inst2_run2,base,33000,33001,33001.0,0.39390437499969266,85.14577710948755,-3732.0,-3002.0
exp_kp_001,SA_KP[base]_n100_inst2_run2,base,33200,33201,33201.0,0.39628754199657124,85.14577710948755,-3732.0,-3032.0
exp_kp_001,SA_KP[base]_n100_inst2_run2,base,33400,33401,33401.0,0.3986301669938257,85.14577710948755,-3732.0,-2629.0
exp_kp_001,SA_KP[base]_n100_inst2_run2,base,33600,33601,33601.0,0.40104799999971874,85.14577710948755,-3732.0,-3098.0
exp_kp_001,SA_KP[base]_n100_inst2_run2,base,33800,33801,33801.0,0.40334483300102875,85.14577710948755,-3732.0,-3570.0
exp_kp_001,SA_KP[base]_n100_inst2_run2,base,34000,34001,34001.0,0.4055850000004284,85.14577710948755,-3732.0,-2609.0
exp_kp_001,SA_KP[base]_n100_inst2_run2,base,34200,34201,34201.0,0.40780370800348464,84.29431933839268,-3732.0,-2775.0
exp_kp_001,SA_KP[base]_n100_inst2_run2,base,34400,34401,34401.0,0.41018849999818485,84.29431933839268,-3732.0,-3160.0
exp_kp_001,SA_KP[base]_n100_inst2_run2,base,34600,34601,34601.0,0.4126001249969704,84.29431933839268,-3732.0,-3401.0
exp_kp_001,SA_KP[base]_n100_inst2_run2,base,34800,34801,34801.0,0.41495479199511465,84.29431933839268,-3732.0,-3306.0
exp_kp_001,SA_KP[base]_n100_inst2_run2,base,35000,35001,35001.0,0.4173638329957612,84.29431933839268,-3732.0,-3560.0
exp_kp_001,SA_KP[base]_n100_inst2_run2,base,35200,35201,35201.0,0.4197723329998553,84.29431933839268,-3732.0,-2821.0
exp_kp_001,SA_KP[base]_n100_inst2_run2,base,35400,35401,35401.0,0.4222382080042735,84.29431933839268,-3732.0,-3159.0
exp_kp_001,SA_KP[base]_n100_inst2_run2,base,35600,35601,35601.0,0.4246051670052111,84.29431933839268,-3732.0,-3018.0
exp_kp_001,SA_KP[base]_n100_inst2_run2,base,35800,35801,35801.0,0.4269749579980271,84.29431933839268,-3732.0,-3247.0
exp_kp_001,SA_KP[base]_n100_inst2_run2,base,36000,36001,36001.0,0.4293523749947781,84.29431933839268,-3732.0,-3153.0
exp_kp_001,SA_KP[base]_n100_inst2_run2,base,36200,36201,36201.0,0.43180441700678784,83.45137614500875,-3732.0,-3106.0
exp_kp_001,SA_KP[base]_n100_inst2_run2,base,36400,36401,36401.0,0.4342576250055572,83.45137614500875,-3732.0,-3320.0
exp_kp_001,SA_KP[base]_n100_inst2_run2,base,36600,36601,36601.0,0.4367732079990674,83.45137614500875,-3732.0,-3082.0
exp_kp_001,SA_KP[base]_n100_inst2_run2,base,36800,36801,36801.0,0.43922562499938067,83.45137614500875,-3732.0,-3345.0
exp_kp_001,SA_KP[base]_n100_inst2_run2,base,37000,37001,37001.0,0.4416694999963511,83.45137614500875,-3732.0,-3284.0
exp_kp_001,SA_KP[base]_n100_inst2_run2,base,37200,37201,37201.0,0.44400241700350307,83.45137614500875,-3732.0,-2951.0
exp_kp_001,SA_KP[base]_n100_inst2_run2,base,37400,37401,37401.0,0.4464523329952499,83.45137614500875,-3732.0,-3184.0
exp_kp_001,SA_KP[base]_n100_inst2_run2,base,37600,37601,37601.0,0.4490534999931697,83.45137614500875,-3732.0,-3210.0
exp_kp_001,SA_KP[base]_n100_inst2_run2,base,37800,37801,37801.0,0.4512617080035852,83.45137614500875,-3732.0,-2858.0
exp_kp_001,SA_KP[base]_n100_inst2_run2,base,38000,38001,38001.0,0.45360516700020526,83.45137614500875,-3732.0,-3066.0
exp_kp_001,SA_KP[base]_n100_inst2_run2,base,38200,38201,38201.0,0.4560976250068052,82.61686238355867,-3732.0,-3055.0
exp_kp_001,SA_KP[base]_n100_inst2_run2,base,38400,38401,38401.0,0.4585311249975348,82.61686238355867,-3732.0,-3274.0
exp_kp_001,SA_KP[base]_n100_inst2_run2,base,38600,38601,38601.0,0.4609535420022439,82.61686238355867,-3732.0,-3355.0
exp_kp_001,SA_KP[base]_n100_inst2_run2,base,38800,38801,38801.0,0.46347004199924413,82.61686238355867,-3769.0,-3121.0
exp_kp_001,SA_KP[base]_n100_inst2_run2,base,39000,39001,39001.0,0.4658820420008851,82.61686238355867,-3769.0,-3423.0
exp_kp_001,SA_KP[base]_n100_inst2_run2,base,39200,39201,39201.0,0.468321249994915,82.61686238355867,-3769.0,-3165.0
exp_kp_001,SA_KP[base]_n100_inst2_run2,base,39400,39401,39401.0,0.47073312499560416,82.61686238355867,-3769.0,-3234.0
exp_kp_001,SA_KP[base]_n100_inst2_run2,base,39600,39601,39601.0,0.4730630830017617,82.61686238355867,-3769.0,-3172.0
exp_kp_001,SA_KP[base]_n100_inst2_run2,base,39800,39801,39801.0,0.47547704199678265,82.61686238355867,-3769.0,-3209.0
exp_kp_001,SA_KP[base]_n100_inst2_run2,base,40000,40001,40001.0,0.4776848329929635,82.61686238355867,-3769.0,-3083.0
exp_kp_001,SA_KP[base]_n100_inst2_run2,base,40200,40201,40201.0,0.48015970799315255,81.79069375972308,-3769.0,-3324.0
exp_kp_001,SA_KP[base]_n100_inst2_run2,base,40400,40401,40401.0,0.4824601669970434,81.79069375972308,-3769.0,-2799.0
exp_kp_001,SA_KP[base]_n100_inst2_run2,base,40600,40601,40601.0,0.48484387500502635,81.79069375972308,-3769.0,-3282.0
exp_kp_001,SA_KP[base]_n100_inst2_run2,base,40800,40801,40801.0,0.4873307499947259,81.79069375972308,-3769.0,-3386.0
exp_kp_001,SA_KP[base]_n100_inst2_run2,base,41000,41001,41001.0,0.48960962500132155,81.79069375972308,-3769.0,-3242.0
exp_kp_001,SA_KP[base]_n100_inst2_run2,base,41200,41201,41201.0,0.4920212500001071,81.79069375972308,-3769.0,-3066.0
exp_kp_001,SA_KP[base]_n100_inst2_run2,base,41400,41401,41401.0,0.49450470799638424,81.79069375972308,-3769.0,-3235.0
exp_kp_001,SA_KP[base]_n100_inst2_run2,base,41600,41601,41601.0,0.4967717499966966,81.79069375972308,-3769.0,-2991.0
exp_kp_001,SA_KP[base]_n100_inst2_run2,base,41800,41801,41801.0,0.49915691699425224,81.79069375972308,-3769.0,-2972.0
exp_kp_001,SA_KP[base]_n100_inst2_run2,base,42000,42001,42001.0,0.5015756670036353,81.79069375972308,-3769.0,-3224.0
exp_kp_001,SA_KP[base]_n100_inst2_run2,base,42200,42201,42201.0,0.5041768749943003,80.97278682212585,-3769.0,-3405.0
exp_kp_001,SA_KP[base]_n100_inst2_run2,base,42400,42401,42401.0,0.506590667006094,80.97278682212585,-3769.0,-3047.0
exp_kp_001,SA_KP[base]_n100_inst2_run2,base,42600,42601,42601.0,0.5089613330055727,80.97278682212585,-3769.0,-3288.0
exp_kp_001,SA_KP[base]_n100_inst2_run2,base,42800,42801,42801.0,0.5114159170043422,80.97278682212585,-3769.0,-3548.0
exp_kp_001,SA_KP[base]_n100_inst2_run2,base,43000,43001,43001.0,0.5138840419967892,80.97278682212585,-3769.0,-3320.0
exp_kp_001,SA_KP[base]_n100_inst2_run2,base,43200,43201,43201.0,0.516257166993455,80.97278682212585,-3769.0,-3317.0
exp_kp_001,SA_KP[base]_n100_inst2_run2,base,43400,43401,43401.0,0.5188671670039184,80.97278682212585,-3804.0,-3775.0
exp_kp_001,SA_KP[base]_n100_inst2_run2,base,43600,43601,43601.0,0.5212976670009084,80.97278682212585,-3804.0,-3305.0
exp_kp_001,SA_KP[base]_n100_inst2_run2,base,43800,43801,43801.0,0.5237901670043357,80.97278682212585,-3804.0,-3326.0
exp_kp_001,SA_KP[base]_n100_inst2_run2,base,44000,44001,44001.0,0.5263392920023762,80.97278682212585,-3804.0,-3388.0
exp_kp_001,SA_KP[base]_n100_inst2_run2,base,44200,44201,44201.0,0.528809249997721,80.1630589539046,-3804.0,-3118.0
exp_kp_001,SA_KP[base]_n100_inst2_run2,base,44400,44401,44401.0,0.531081292007002,80.1630589539046,-3804.0,-3303.0
exp_kp_001,SA_KP[base]_n100_inst2_run2,base,44600,44601,44601.0,0.5335550830059219,80.1630589539046,-3804.0,-3422.0
exp_kp_001,SA_KP[base]_n100_inst2_run2,base,44800,44801,44801.0,0.5359323750017211,80.1630589539046,-3804.0,-3211.0
exp_kp_001,SA_KP[base]_n100_inst2_run2,base,45000,45001,45001.0,0.5383489999949234,80.1630589539046,-3804.0,-3298.0
exp_kp_001,SA_KP[base]_n100_inst2_run2,base,45200,45201,45201.0,0.5407487500051502,80.1630589539046,-3804.0,-3184.0
exp_kp_001,SA_KP[base]_n100_inst2_run2,base,45400,45401,45401.0,0.5430632500065258,80.1630589539046,-3804.0,-2967.0
exp_kp_001,SA_KP[base]_n100_inst2_run2,base,45600,45601,45601.0,0.5455502499971772,80.1630589539046,-3804.0,-3384.0
exp_kp_001,SA_KP[base]_n100_inst2_run2,base,45800,45801,45801.0,0.5479576670040842,80.1630589539046,-3804.0,-3482.0
exp_kp_001,SA_KP[base]_n100_inst2_run2,base,46000,46001,46001.0,0.55024145799689,80.1630589539046,-3804.0,-2906.0
exp_kp_001,SA_KP[base]_n100_inst2_run2,base,46200,46201,46201.0,0.5524562500067987,79.36142836436555,-3804.0,-2917.0
exp_kp_001,SA_KP[base]_n100_inst2_run2,base,46400,46401,46401.0,0.5548914170067292,79.36142836436555,-3804.0,-3103.0
exp_kp_001,SA_KP[base]_n100_inst2_run2,base,46600,46601,46601.0,0.5572101669968106,79.36142836436555,-3804.0,-3036.0
exp_kp_001,SA_KP[base]_n100_inst2_run2,base,46800,46801,46801.0,0.5596687079960248,79.36142836436555,-3804.0,-3004.0
exp_kp_001,SA_KP[base]_n100_inst2_run2,base,47000,47001,47001.0,0.5622834999958286,79.36142836436555,-3804.0,-3356.0
exp_kp_001,SA_KP[base]_n100_inst2_run2,base,47200,47201,47201.0,0.5647319580020849,79.36142836436555,-3804.0,-3390.0
exp_kp_001,SA_KP[base]_n100_inst2_run2,base,47400,47401,47401.0,0.5670747919939458,79.36142836436555,-3804.0,-3011.0
exp_kp_001,SA_KP[base]_n100_inst2_run2,base,47600,47601,47601.0,0.5693890830007149,79.36142836436555,-3804.0,-3024.0
exp_kp_001,SA_KP[base]_n100_inst2_run2,base,47800,47801,47801.0,0.5716750830033561,79.36142836436555,-3804.0,-3036.0
exp_kp_001,SA_KP[base]_n100_inst2_run2,base,48000,48001,48001.0,0.5739583749964368,79.36142836436555,-3804.0,-3205.0
exp_kp_001,SA_KP[base]_n100_inst2_run2,base,48200,48201,48201.0,0.5765062080026837,78.56781408072189,-3804.0,-3273.0
exp_kp_001,SA_KP[base]_n100_inst2_run2,base,48400,48401,48401.0,0.5789461249951273,78.56781408072189,-3804.0,-3087.0
exp_kp_001,SA_KP[base]_n100_inst2_run2,base,48600,48601,48601.0,0.5814301670034183,78.56781408072189,-3804.0,-3191.0
exp_kp_001,SA_KP[base]_n100_inst2_run2,base,48800,48801,48801.0,0.5839130420063157,78.56781408072189,-3804.0,-3291.0
exp_kp_001,SA_KP[base]_n100_inst2_run2,base,49000,49001,49001.0,0.5863614580011927,78.56781408072189,-3804.0,-3615.0
exp_kp_001,SA_KP[base]_n100_inst2_run2,base,49200,49201,49201.0,0.5887587080069352,78.56781408072189,-3804.0,-3212.0
exp_kp_001,SA_KP[base]_n100_inst2_run2,base,49400,49401,49401.0,0.5911149580060737,78.56781408072189,-3804.0,-3398.0
exp_kp_001,SA_KP[base]_n100_inst2_run2,base,49600,49601,49601.0,0.5935326670005452,78.56781408072189,-3804.0,-3357.0
exp_kp_001,SA_KP[base]_n100_inst2_run2,base,49800,49801,49801.0,0.5959465000050841,78.56781408072189,-3804.0,-3141.0
exp_kp_001,SA_KP[base]_n100_inst2_run2,base,49999,50000,50000.0,0.598277583005256,0.00099,-3804.0,-3077.0
exp_kp_001,SA_KP[base]_n100_inst3_run0,base,0,1,1.0,1.016599708236754e-05,100.0,-2326.0,-2326.0
exp_kp_001,SA_KP[base]_n100_inst3_run0,base,200,201,201.0,0.002462000004015863,100.0,-3284.0,-3105.0
exp_kp_001,SA_KP[base]_n100_inst3_run0,base,400,401,401.0,0.00485504099924583,100.0,-3316.0,-3018.0
exp_kp_001,SA_KP[base]_n100_inst3_run0,base,600,601,601.0,0.007357082999078557,100.0,-3411.0,-3075.0
exp_kp_001,SA_KP[base]_n100_inst3_run0,base,800,801,801.0,0.009784166002646089,100.0,-3411.0,-3242.0
exp_kp_001,SA_KP[base]_n100_inst3_run0,base,1000,1001,1001.0,0.012143958010710776,100.0,-3422.0,-3122.0
exp_kp_001,SA_KP[base]_n100_inst3_run0,base,1200,1201,1201.0,0.0143762079969747,100.0,-3422.0,-2838.0
exp_kp_001,SA_KP[base]_n100_inst3_run0,base,1400,1401,1401.0,0.01681545800238382,100.0,-3422.0,-2972.0
exp_kp_001,SA_KP[base]_n100_inst3_run0,base,1600,1601,1601.0,0.019228625009418465,100.0,-3422.0,-3028.0
exp_kp_001,SA_KP[base]_n100_inst3_run0,base,1800,1801,1801.0,0.02161125000566244,100.0,-3422.0,-2971.0
exp_kp_001,SA_KP[base]_n100_inst3_run0,base,2000,2001,2001.0,0.02394829099648632,100.0,-3422.0,-3174.0
exp_kp_001,SA_KP[base]_n100_inst3_run0,base,2200,2201,2201.0,0.026412000006530434,99.0,-3422.0,-2838.0
exp_kp_001,SA_KP[base]_n100_inst3_run0,base,2400,2401,2401.0,0.028797833001590334,99.0,-3422.0,-2885.0
exp_kp_001,SA_KP[base]_n100_inst3_run0,base,2600,2601,2601.0,0.031124833010835573,99.0,-3422.0,-2968.0
exp_kp_001,SA_KP[base]_n100_inst3_run0,base,2800,2801,2801.0,0.033563333010533825,99.0,-3422.0,-3140.0
exp_kp_001,SA_KP[base]_n100_inst3_run0,base,3000,3001,3001.0,0.03608887500013225,99.0,-3422.0,-3161.0
exp_kp_001,SA_KP[base]_n100_inst3_run0,base,3200,3201,3201.0,0.038434832997154444,99.0,-3422.0,-2661.0
exp_kp_001,SA_KP[base]_n100_inst3_run0,base,3400,3401,3401.0,0.04073145800794009,99.0,-3422.0,-3178.0
exp_kp_001,SA_KP[base]_n100_inst3_run0,base,3600,3601,3601.0,0.043181625005672686,99.0,-3422.0,-3142.0
exp_kp_001,SA_KP[base]_n100_inst3_run0,base,3800,3801,3801.0,0.04559291600889992,99.0,-3422.0,-3007.0
exp_kp_001,SA_KP[base]_n100_inst3_run0,base,4000,4001,4001.0,0.048081957997055724,99.0,-3422.0,-3186.0
exp_kp_001,SA_KP[base]_n100_inst3_run0,base,4200,4201,4201.0,0.05053920800855849,98.01,-3422.0,-3323.0
exp_kp_001,SA_KP[base]_n100_inst3_run0,base,4400,4401,4401.0,0.05301350000081584,98.01,-3422.0,-3208.0
exp_kp_001,SA_KP[base]_n100_inst3_run0,base,4600,4601,4601.0,0.05544145799649414,98.01,-3422.0,-3130.0
exp_kp_001,SA_KP[base]_n100_inst3_run0,base,4800,4801,4801.0,0.05784970799868461,98.01,-3439.0,-3103.0
exp_kp_001,SA_KP[base]_n100_inst3_run0,base,5000,5001,5001.0,0.06032470799982548,98.01,-3613.0,-2914.0
exp_kp_001,SA_KP[base]_n100_inst3_run0,base,5200,5201,5201.0,0.0628536250005709,98.01,-3613.0,-3205.0
exp_kp_001,SA_KP[base]_n100_inst3_run0,base,5400,5401,5401.0,0.06536545800918248,98.01,-3613.0,-2965.0
exp_kp_001,SA_KP[base]_n100_inst3_run0,base,5600,5601,5601.0,0.06775766600912903,98.01,-3613.0,-3095.0
exp_kp_001,SA_KP[base]_n100_inst3_run0,base,5800,5801,5801.0,0.07027383300010115,98.01,-3613.0,-3159.0
exp_kp_001,SA_KP[base]_n100_inst3_run0,base,6000,6001,6001.0,0.07258954099961556,98.01,-3613.0,-3214.0
exp_kp_001,SA_KP[base]_n100_inst3_run0,base,6200,6201,6201.0,0.07501566600694787,97.0299,-3613.0,-3073.0
exp_kp_001,SA_KP[base]_n100_inst3_run0,base,6400,6401,6401.0,0.07758004100469407,97.0299,-3613.0,-3265.0
exp_kp_001,SA_KP[base]_n100_inst3_run0,base,6600,6601,6601.0,0.07989854100742377,97.0299,-3613.0,-3322.0
exp_kp_001,SA_KP[base]_n100_inst3_run0,base,6800,6801,6801.0,0.08226325000578072,97.0299,-3613.0,-3170.0
exp_kp_001,SA_KP[base]_n100_inst3_run0,base,7000,7001,7001.0,0.08461641600297298,97.0299,-3613.0,-3150.0
exp_kp_001,SA_KP[base]_n100_inst3_run0,base,7200,7201,7201.0,0.0870117080048658,97.0299,-3613.0,-3431.0
exp_kp_001,SA_KP[base]_n100_inst3_run0,base,7400,7401,7401.0,0.0893026660050964,97.0299,-3613.0,-2668.0
exp_kp_001,SA_KP[base]_n100_inst3_run0,base,7600,7601,7601.0,0.09161904100619722,97.0299,-3613.0,-2987.0
exp_kp_001,SA_KP[base]_n100_inst3_run0,base,7800,7801,7801.0,0.0941925410006661,97.0299,-3613.0,-2919.0
exp_kp_001,SA_KP[base]_n100_inst3_run0,base,8000,8001,8001.0,0.09667879100015853,97.0299,-3613.0,-3141.0
exp_kp_001,SA_KP[base]_n100_inst3_run0,base,8200,8201,8201.0,0.09909095799957868,96.059601,-3613.0,-2925.0
exp_kp_001,SA_KP[base]_n100_inst3_run0,base,8400,8401,8401.0,0.10150487499777228,96.059601,-3613.0,-3478.0
exp_kp_001,SA_KP[base]_n100_inst3_run0,base,8600,8601,8601.0,0.10406108300958294,96.059601,-3616.0,-3477.0
exp_kp_001,SA_KP[base]_n100_inst3_run0,base,8800,8801,8801.0,0.10660433300654404,96.059601,-3685.0,-3265.0
exp_kp_001,SA_KP[base]_n100_inst3_run0,base,9000,9001,9001.0,0.10916037501010578,96.059601,-3685.0,-2949.0
exp_kp_001,SA_KP[base]_n100_inst3_run0,base,9200,9201,9201.0,0.11144708300707862,96.059601,-3685.0,-2883.0
exp_kp_001,SA_KP[base]_n100_inst3_run0,base,9400,9401,9401.0,0.11369587499939371,96.059601,-3685.0,-2862.0
exp_kp_001,SA_KP[base]_n100_inst3_run0,base,9600,9601,9601.0,0.11601645800692495,96.059601,-3685.0,-3087.0
exp_kp_001,SA_KP[base]_n100_inst3_run0,base,9800,9801,9801.0,0.11852437500783708,96.059601,-3685.0,-3301.0
exp_kp_001,SA_KP[base]_n100_inst3_run0,base,10000,10001,10001.0,0.1208324160106713,96.059601,-3685.0,-2944.0
exp_kp_001,SA_KP[base]_n100_inst3_run0,base,10200,10201,10201.0,0.12317770801018924,95.09900499,-3685.0,-2898.0
exp_kp_001,SA_KP[base]_n100_inst3_run0,base,10400,10401,10401.0,0.12560866599960718,95.09900499,-3685.0,-2688.0
exp_kp_001,SA_KP[base]_n100_inst3_run0,base,10600,10601,10601.0,0.1281042909977259,95.09900499,-3685.0,-3288.0
exp_kp_001,SA_KP[base]_n100_inst3_run0,base,10800,10801,10801.0,0.13059162499848753,95.09900499,-3685.0,-3206.0
exp_kp_001,SA_KP[base]_n100_inst3_run0,base,11000,11001,11001.0,0.13299283300875686,95.09900499,-3685.0,-3156.0
exp_kp_001,SA_KP[base]_n100_inst3_run0,base,11200,11201,11201.0,0.13544741600344423,95.09900499,-3685.0,-3085.0
exp_kp_001,SA_KP[base]_n100_inst3_run0,base,11400,11401,11401.0,0.13790812500519678,95.09900499,-3685.0,-3281.0
exp_kp_001,SA_KP[base]_n100_inst3_run0,base,11600,11601,11601.0,0.14033358299639076,95.09900499,-3685.0,-3413.0
exp_kp_001,SA_KP[base]_n100_inst3_run0,base,11800,11801,11801.0,0.14319870799954515,95.09900499,-3685.0,-2958.0
exp_kp_001,SA_KP[base]_n100_inst3_run0,base,12000,12001,12001.0,0.1457067500014091,95.09900499,-3685.0,-3117.0
exp_kp_001,SA_KP[base]_n100_inst3_run0,base,12200,12201,12201.0,0.14828958299767692,94.1480149401,-3685.0,-3018.0
exp_kp_001,SA_KP[base]_n100_inst3_run0,base,12400,12401,12401.0,0.15068425000936259,94.1480149401,-3685.0,-2853.0
exp_kp_001,SA_KP[base]_n100_inst3_run0,base,12600,12601,12601.0,0.1531884580035694,94.1480149401,-3685.0,-3038.0
exp_kp_001,SA_KP[base]_n100_inst3_run0,base,12800,12801,12801.0,0.1557850410026731,94.1480149401,-3685.0,-2918.0
exp_kp_001,SA_KP[base]_n100_inst3_run0,base,13000,13001,13001.0,0.15829516600933857,94.1480149401,-3685.0,-3264.0
exp_kp_001,SA_KP[base]_n100_inst3_run0,base,13200,13201,13201.0,0.16065470800094772,94.1480149401,-3685.0,-3319.0
exp_kp_001,SA_KP[base]_n100_inst3_run0,base,13400,13401,13401.0,0.16308574999857228,94.1480149401,-3685.0,-2830.0
exp_kp_001,SA_KP[base]_n100_inst3_run0,base,13600,13601,13601.0,0.16552766600216273,94.1480149401,-3685.0,-2992.0
exp_kp_001,SA_KP[base]_n100_inst3_run0,base,13800,13801,13801.0,0.1680832910060417,94.1480149401,-3685.0,-3104.0
exp_kp_001,SA_KP[base]_n100_inst3_run0,base,14000,14001,14001.0,0.1705740000033984,94.1480149401,-3685.0,-3020.0
exp_kp_001,SA_KP[base]_n100_inst3_run0,base,14200,14201,14201.0,0.1729979160008952,93.206534790699,-3685.0,-3181.0
exp_kp_001,SA_KP[base]_n100_inst3_run0,base,14400,14401,14401.0,0.1755114580009831,93.206534790699,-3685.0,-3053.0
exp_kp_001,SA_KP[base]_n100_inst3_run0,base,14600,14601,14601.0,0.17799333301081788,93.206534790699,-3685.0,-3099.0
exp_kp_001,SA_KP[base]_n100_inst3_run0,base,14800,14801,14801.0,0.18042754101043101,93.206534790699,-3685.0,-3344.0
exp_kp_001,SA_KP[base]_n100_inst3_run0,base,15000,15001,15001.0,0.18296112499956507,93.206534790699,-3685.0,-3309.0
exp_kp_001,SA_KP[base]_n100_inst3_run0,base,15200,15201,15201.0,0.18523625000671018,93.206534790699,-3685.0,-2966.0
exp_kp_001,SA_KP[base]_n100_inst3_run0,base,15400,15401,15401.0,0.18770904099801555,93.206534790699,-3685.0,-2944.0
exp_kp_001,SA_KP[base]_n100_inst3_run0,base,15600,15601,15601.0,0.1902211660053581,93.206534790699,-3685.0,-3292.0
exp_kp_001,SA_KP[base]_n100_inst3_run0,base,15800,15801,15801.0,0.19259716600936372,93.206534790699,-3685.0,-3307.0
exp_kp_001,SA_KP[base]_n100_inst3_run0,base,16000,16001,16001.0,0.19505087500147056,93.206534790699,-3685.0,-3111.0
exp_kp_001,SA_KP[base]_n100_inst3_run0,base,16200,16201,16201.0,0.19739695799944457,92.27446944279201,-3685.0,-3253.0
exp_kp_001,SA_KP[base]_n100_inst3_run0,base,16400,16401,16401.0,0.19998187500459608,92.27446944279201,-3685.0,-3199.0
exp_kp_001,SA_KP[base]_n100_inst3_run0,base,16600,16601,16601.0,0.20227091600827407,92.27446944279201,-3685.0,-3067.0
exp_kp_001,SA_KP[base]_n100_inst3_run0,base,16800,16801,16801.0,0.20474250000552274,92.27446944279201,-3685.0,-2787.0
exp_kp_001,SA_KP[base]_n100_inst3_run0,base,17000,17001,17001.0,0.20716433299821801,92.27446944279201,-3685.0,-3132.0
exp_kp_001,SA_KP[base]_n100_inst3_run0,base,17200,17201,17201.0,0.20977025000320282,92.27446944279201,-3685.0,-3089.0
exp_kp_001,SA_KP[base]_n100_inst3_run0,base,17400,17401,17401.0,0.21214945800602436,92.27446944279201,-3685.0,-3053.0
exp_kp_001,SA_KP[base]_n100_inst3_run0,base,17600,17601,17601.0,0.21462833300756756,92.27446944279201,-3685.0,-3305.0
exp_kp_001,SA_KP[base]_n100_inst3_run0,base,17800,17801,17801.0,0.21703345800051466,92.27446944279201,-3685.0,-3116.0
exp_kp_001,SA_KP[base]_n100_inst3_run0,base,18000,18001,18001.0,0.21951287500269245,92.27446944279201,-3685.0,-3119.0
exp_kp_001,SA_KP[base]_n100_inst3_run0,base,18200,18201,18201.0,0.22193400000105612,91.35172474836409,-3685.0,-2964.0
exp_kp_001,SA_KP[base]_n100_inst3_run0,base,18400,18401,18401.0,0.22439058299642056,91.35172474836409,-3685.0,-2750.0
exp_kp_001,SA_KP[base]_n100_inst3_run0,base,18600,18601,18601.0,0.2269440410018433,91.35172474836409,-3685.0,-3170.0
exp_kp_001,SA_KP[base]_n100_inst3_run0,base,18800,18801,18801.0,0.22932008300267626,91.35172474836409,-3685.0,-3282.0
exp_kp_001,SA_KP[base]_n100_inst3_run0,base,19000,19001,19001.0,0.23157687499769963,91.35172474836409,-3685.0,-2890.0
exp_kp_001,SA_KP[base]_n100_inst3_run0,base,19200,19201,19201.0,0.23387408300186507,91.35172474836409,-3685.0,-3111.0
exp_kp_001,SA_KP[base]_n100_inst3_run0,base,19400,19401,19401.0,0.23635812501015607,91.35172474836409,-3685.0,-2999.0
exp_kp_001,SA_KP[base]_n100_inst3_run0,base,19600,19601,19601.0,0.23871812500874512,91.35172474836409,-3685.0,-3026.0
exp_kp_001,SA_KP[base]_n100_inst3_run0,base,19800,19801,19801.0,0.2410529159969883,91.35172474836409,-3685.0,-3017.0
exp_kp_001,SA_KP[base]_n100_inst3_run0,base,20000,20001,20001.0,0.2435397910012398,91.35172474836409,-3685.0,-3190.0
exp_kp_001,SA_KP[base]_n100_inst3_run0,base,20200,20201,20201.0,0.24602670800231863,90.43820750088045,-3685.0,-3282.0
exp_kp_001,SA_KP[base]_n100_inst3_run0,base,20400,20401,20401.0,0.24849204100610223,90.43820750088045,-3685.0,-3274.0
exp_kp_001,SA_KP[base]_n100_inst3_run0,base,20600,20601,20601.0,0.25090779100719374,90.43820750088045,-3685.0,-2991.0
exp_kp_001,SA_KP[base]_n100_inst3_run0,base,20800,20801,20801.0,0.2533263750083279,90.43820750088045,-3685.0,-3108.0
exp_kp_001,SA_KP[base]_n100_inst3_run0,base,21000,21001,21001.0,0.25573350000195205,90.43820750088045,-3685.0,-3099.0
exp_kp_001,SA_KP[base]_n100_inst3_run0,base,21200,21201,21201.0,0.25817587500205263,90.43820750088045,-3685.0,-2680.0
exp_kp_001,SA_KP[base]_n100_inst3_run0,base,21400,21401,21401.0,0.2606968330073869,90.43820750088045,-3685.0,-3425.0
exp_kp_001,SA_KP[base]_n100_inst3_run0,base,21600,21601,21601.0,0.2630405000090832,90.43820750088045,-3685.0,-3139.0
exp_kp_001,SA_KP[base]_n100_inst3_run0,base,21800,21801,21801.0,0.2655924160062568,90.43820750088045,-3685.0,-3059.0
exp_kp_001,SA_KP[base]_n100_inst3_run0,base,22000,22001,22001.0,0.26789566600928083,90.43820750088045,-3685.0,-2762.0
exp_kp_001,SA_KP[base]_n100_inst3_run0,base,22200,22201,22201.0,0.2704166250041453,89.53382542587164,-3685.0,-3354.0
exp_kp_001,SA_KP[base]_n100_inst3_run0,base,22400,22401,22401.0,0.27293341601034626,89.53382542587164,-3685.0,-2998.0
exp_kp_001,SA_KP[base]_n100_inst3_run0,base,22600,22601,22601.0,0.27538608299801126,89.53382542587164,-3685.0,-3015.0
exp_kp_001,SA_KP[base]_n100_inst3_run0,base,22800,22801,22801.0,0.2779543330107117,89.53382542587164,-3685.0,-3332.0
exp_kp_001,SA_KP[base]_n100_inst3_run0,base,23000,23001,23001.0,0.2804325000033714,89.53382542587164,-3685.0,-3075.0
exp_kp_001,SA_KP[base]_n100_inst3_run0,base,23200,23201,23201.0,0.2827728330012178,89.53382542587164,-3685.0,-3044.0
exp_kp_001,SA_KP[base]_n100_inst3_run0,base,23400,23401,23401.0,0.28533433300617617,89.53382542587164,-3685.0,-2917.0
exp_kp_001,SA_KP[base]_n100_inst3_run0,base,23600,23601,23601.0,0.2878465829999186,89.53382542587164,-3685.0,-2899.0
exp_kp_001,SA_KP[base]_n100_inst3_run0,base,23800,23801,23801.0,0.2902895410079509,89.53382542587164,-3685.0,-2958.0
exp_kp_001,SA_KP[base]_n100_inst3_run0,base,24000,24001,24001.0,0.2928193330008071,89.53382542587164,-3685.0,-3028.0
exp_kp_001,SA_KP[base]_n100_inst3_run0,base,24200,24201,24201.0,0.29532175000349525,88.63848717161292,-3685.0,-3309.0
exp_kp_001,SA_KP[base]_n100_inst3_run0,base,24400,24401,24401.0,0.297736791006173,88.63848717161292,-3685.0,-3263.0
exp_kp_001,SA_KP[base]_n100_inst3_run0,base,24600,24601,24601.0,0.30014616600237787,88.63848717161292,-3685.0,-3104.0
exp_kp_001,SA_KP[base]_n100_inst3_run0,base,24800,24801,24801.0,0.3026122910086997,88.63848717161292,-3685.0,-3081.0
exp_kp_001,SA_KP[base]_n100_inst3_run0,base,25000,25001,25001.0,0.30519129100139253,88.63848717161292,-3685.0,-3275.0
exp_kp_001,SA_KP[base]_n100_inst3_run0,base,25200,25201,25201.0,0.3075740830099676,88.63848717161292,-3685.0,-2869.0
exp_kp_001,SA_KP[base]_n100_inst3_run0,base,25400,25401,25401.0,0.30996637500356883,88.63848717161292,-3685.0,-3185.0
exp_kp_001,SA_KP[base]_n100_inst3_run0,base,25600,25601,25601.0,0.31244341599813197,88.63848717161292,-3685.0,-3068.0
exp_kp_001,SA_KP[base]_n100_inst3_run0,base,25800,25801,25801.0,0.3149503330059815,88.63848717161292,-3685.0,-3288.0
exp_kp_001,SA_KP[base]_n100_inst3_run0,base,26000,26001,26001.0,0.3174987500096904,88.63848717161292,-3685.0,-3309.0
exp_kp_001,SA_KP[base]_n100_inst3_run0,base,26200,26201,26201.0,0.319894625004963,87.75210229989679,-3685.0,-3194.0
exp_kp_001,SA_KP[base]_n100_inst3_run0,base,26400,26401,26401.0,0.32237166599952616,87.75210229989679,-3685.0,-3097.0
exp_kp_001,SA_KP[base]_n100_inst3_run0,base,26600,26601,26601.0,0.32488087500678375,87.75210229989679,-3685.0,-3020.0
exp_kp_001,SA_KP[base]_n100_inst3_run0,base,26800,26801,26801.0,0.3275328330055345,87.75210229989679,-3685.0,-3358.0
exp_kp_001,SA_KP[base]_n100_inst3_run0,base,27000,27001,27001.0,0.3299558330036234,87.75210229989679,-3685.0,-2670.0
exp_kp_001,SA_KP[base]_n100_inst3_run0,base,27200,27201,27201.0,0.33234045800054446,87.75210229989679,-3685.0,-3275.0
exp_kp_001,SA_KP[base]_n100_inst3_run0,base,27400,27401,27401.0,0.3347498329967493,87.75210229989679,-3685.0,-3245.0
exp_kp_001,SA_KP[base]_n100_inst3_run0,base,27600,27601,27601.0,0.3372732910065679,87.75210229989679,-3685.0,-3083.0
exp_kp_001,SA_KP[base]_n100_inst3_run0,base,27800,27801,27801.0,0.3396495409979252,87.75210229989679,-3685.0,-3234.0
exp_kp_001,SA_KP[base]_n100_inst3_run0,base,28000,28001,28001.0,0.3420693329971982,87.75210229989679,-3685.0,-3080.0
exp_kp_001,SA_KP[base]_n100_inst3_run0,base,28200,28201,28201.0,0.3444333329971414,86.87458127689783,-3685.0,-2959.0
exp_kp_001,SA_KP[base]_n100_inst3_run0,base,28400,28401,28401.0,0.3469350000086706,86.87458127689783,-3685.0,-3452.0
exp_kp_001,SA_KP[base]_n100_inst3_run0,base,28600,28601,28601.0,0.34936808299971744,86.87458127689783,-3685.0,-3079.0
exp_kp_001,SA_KP[base]_n100_inst3_run0,base,28800,28801,28801.0,0.35186391600291245,86.87458127689783,-3685.0,-3104.0
exp_kp_001,SA_KP[base]_n100_inst3_run0,base,29000,29001,29001.0,0.3542419580044225,86.87458127689783,-3685.0,-3045.0
exp_kp_001,SA_KP[base]_n100_inst3_run0,base,29200,29201,29201.0,0.35686329100281,86.87458127689783,-3685.0,-3338.0
exp_kp_001,SA_KP[base]_n100_inst3_run0,base,29400,29401,29401.0,0.3593935000099009,86.87458127689783,-3685.0,-3487.0
exp_kp_001,SA_KP[base]_n100_inst3_run0,base,29600,29601,29601.0,0.3619079159980174,86.87458127689783,-3685.0,-3207.0
exp_kp_001,SA_KP[base]_n100_inst3_run0,base,29800,29801,29801.0,0.3644237910048105,86.87458127689783,-3685.0,-3241.0
exp_kp_001,SA_KP[base]_n100_inst3_run0,base,30000,30001,30001.0,0.3668152500031283,86.87458127689783,-3685.0,-2755.0
exp_kp_001,SA_KP[base]_n100_inst3_run0,base,30200,30201,30201.0,0.369150875005289,86.00583546412885,-3685.0,-3296.0
exp_kp_001,SA_KP[base]_n100_inst3_run0,base,30400,30401,30401.0,0.3715793330047745,86.00583546412885,-3685.0,-2980.0
exp_kp_001,SA_KP[base]_n100_inst3_run0,base,30600,30601,30601.0,0.37397612500353716,86.00583546412885,-3685.0,-3206.0
exp_kp_001,SA_KP[base]_n100_inst3_run0,base,30800,30801,30801.0,0.3763630000030389,86.00583546412885,-3685.0,-2772.0
exp_kp_001,SA_KP[base]_n100_inst3_run0,base,31000,31001,31001.0,0.37865683301060926,86.00583546412885,-3685.0,-2947.0
exp_kp_001,SA_KP[base]_n100_inst3_run0,base,31200,31201,31201.0,0.38122287500300445,86.00583546412885,-3685.0,-3066.0
exp_kp_001,SA_KP[base]_n100_inst3_run0,base,31400,31401,31401.0,0.3838181250030175,86.00583546412885,-3685.0,-2962.0
exp_kp_001,SA_KP[base]_n100_inst3_run0,base,31600,31601,31601.0,0.3862176249967888,86.00583546412885,-3685.0,-2788.0
exp_kp_001,SA_KP[base]_n100_inst3_run0,base,31800,31801,31801.0,0.38884183300251607,86.00583546412885,-3685.0,-3466.0
exp_kp_001,SA_KP[base]_n100_inst3_run0,base,32000,32001,32001.0,0.3914145000017015,86.00583546412885,-3725.0,-3338.0
exp_kp_001,SA_KP[base]_n100_inst3_run0,base,32200,32201,32201.0,0.3938969580049161,85.14577710948755,-3725.0,-2838.0
exp_kp_001,SA_KP[base]_n100_inst3_run0,base,32400,32401,32401.0,0.3963061660033418,85.14577710948755,-3725.0,-3288.0
exp_kp_001,SA_KP[base]_n100_inst3_run0,base,32600,32601,32601.0,0.3989047500072047,85.14577710948755,-3725.0,-3297.0
exp_kp_001,SA_KP[base]_n100_inst3_run0,base,32800,32801,32801.0,0.40130779100582004,85.14577710948755,-3725.0,-3076.0
exp_kp_001,SA_KP[base]_n100_inst3_run0,base,33000,33001,33001.0,0.4037092500075232,85.14577710948755,-3725.0,-3279.0
exp_kp_001,SA_KP[base]_n100_inst3_run0,base,33200,33201,33201.0,0.4062504580069799,85.14577710948755,-3725.0,-3223.0
exp_kp_001,SA_KP[base]_n100_inst3_run0,base,33400,33401,33401.0,0.40874100000655744,85.14577710948755,-3725.0,-3153.0
exp_kp_001,SA_KP[base]_n100_inst3_run0,base,33600,33601,33601.0,0.4112293330108514,85.14577710948755,-3725.0,-3284.0
exp_kp_001,SA_KP[base]_n100_inst3_run0,base,33800,33801,33801.0,0.4137245830061147,85.14577710948755,-3725.0,-3323.0
exp_kp_001,SA_KP[base]_n100_inst3_run0,base,34000,34001,34001.0,0.4161497080058325,85.14577710948755,-3725.0,-2835.0
exp_kp_001,SA_KP[base]_n100_inst3_run0,base,34200,34201,34201.0,0.4186237079993589,84.29431933839268,-3725.0,-3261.0
exp_kp_001,SA_KP[base]_n100_inst3_run0,base,34400,34401,34401.0,0.4211747500085039,84.29431933839268,-3725.0,-3303.0
exp_kp_001,SA_KP[base]_n100_inst3_run0,base,34600,34601,34601.0,0.4235913750017062,84.29431933839268,-3725.0,-2920.0
exp_kp_001,SA_KP[base]_n100_inst3_run0,base,34800,34801,34801.0,0.4259875830030069,84.29431933839268,-3725.0,-2948.0
exp_kp_001,SA_KP[base]_n100_inst3_run0,base,35000,35001,35001.0,0.4285925410076743,84.29431933839268,-3725.0,-3307.0
exp_kp_001,SA_KP[base]_n100_inst3_run0,base,35200,35201,35201.0,0.43107816600240767,84.29431933839268,-3725.0,-3102.0
exp_kp_001,SA_KP[base]_n100_inst3_run0,base,35400,35401,35401.0,0.4334669160016347,84.29431933839268,-3725.0,-3121.0
exp_kp_001,SA_KP[base]_n100_inst3_run0,base,35600,35601,35601.0,0.4359985409973888,84.29431933839268,-3725.0,-3307.0
exp_kp_001,SA_KP[base]_n100_inst3_run0,base,35800,35801,35801.0,0.4385095000034198,84.29431933839268,-3725.0,-3169.0
exp_kp_001,SA_KP[base]_n100_inst3_run0,base,36000,36001,36001.0,0.4410932500031777,84.29431933839268,-3725.0,-2955.0
exp_kp_001,SA_KP[base]_n100_inst3_run0,base,36200,36201,36201.0,0.44360679099918343,83.45137614500875,-3725.0,-3299.0
exp_kp_001,SA_KP[base]_n100_inst3_run0,base,36400,36401,36401.0,0.44607020801049657,83.45137614500875,-3725.0,-2943.0
exp_kp_001,SA_KP[base]_n100_inst3_run0,base,36600,36601,36601.0,0.4484471250034403,83.45137614500875,-3725.0,-2950.0
exp_kp_001,SA_KP[base]_n100_inst3_run0,base,36800,36801,36801.0,0.45102575000782963,83.45137614500875,-3725.0,-3290.0
exp_kp_001,SA_KP[base]_n100_inst3_run0,base,37000,37001,37001.0,0.45341070801077876,83.45137614500875,-3725.0,-3308.0
exp_kp_001,SA_KP[base]_n100_inst3_run0,base,37200,37201,37201.0,0.4559577500040177,83.45137614500875,-3725.0,-3283.0
exp_kp_001,SA_KP[base]_n100_inst3_run0,base,37400,37401,37401.0,0.458476250001695,83.45137614500875,-3725.0,-3247.0
exp_kp_001,SA_KP[base]_n100_inst3_run0,base,37600,37601,37601.0,0.4608919160091318,83.45137614500875,-3725.0,-3098.0
exp_kp_001,SA_KP[base]_n100_inst3_run0,base,37800,37801,37801.0,0.4633440830075415,83.45137614500875,-3725.0,-2790.0
exp_kp_001,SA_KP[base]_n100_inst3_run0,base,38000,38001,38001.0,0.4657920410099905,83.45137614500875,-3725.0,-2791.0
exp_kp_001,SA_KP[base]_n100_inst3_run0,base,38200,38201,38201.0,0.4682659579993924,82.61686238355867,-3725.0,-3397.0
exp_kp_001,SA_KP[base]_n100_inst3_run0,base,38400,38401,38401.0,0.4707824579963926,82.61686238355867,-3725.0,-3260.0
exp_kp_001,SA_KP[base]_n100_inst3_run0,base,38600,38601,38601.0,0.47317429100803565,82.61686238355867,-3725.0,-3087.0
exp_kp_001,SA_KP[base]_n100_inst3_run0,base,38800,38801,38801.0,0.4757305829989491,82.61686238355867,-3725.0,-3340.0
exp_kp_001,SA_KP[base]_n100_inst3_run0,base,39000,39001,39001.0,0.47805954099749215,82.61686238355867,-3725.0,-3098.0
exp_kp_001,SA_KP[base]_n100_inst3_run0,base,39200,39201,39201.0,0.4807226660050219,82.61686238355867,-3725.0,-3030.0
exp_kp_001,SA_KP[base]_n100_inst3_run0,base,39400,39401,39401.0,0.48313733300892636,82.61686238355867,-3725.0,-3100.0
exp_kp_001,SA_KP[base]_n100_inst3_run0,base,39600,39601,39601.0,0.48560141600319184,82.61686238355867,-3725.0,-3127.0
exp_kp_001,SA_KP[base]_n100_inst3_run0,base,39800,39801,39801.0,0.4882080829993356,82.61686238355867,-3725.0,-3248.0
exp_kp_001,SA_KP[base]_n100_inst3_run0,base,40000,40001,40001.0,0.49061291600810364,82.61686238355867,-3725.0,-2977.0
exp_kp_001,SA_KP[base]_n100_inst3_run0,base,40200,40201,40201.0,0.4930823330068961,81.79069375972308,-3725.0,-3478.0
exp_kp_001,SA_KP[base]_n100_inst3_run0,base,40400,40401,40401.0,0.4956765410024673,81.79069375972308,-3725.0,-3292.0
exp_kp_001,SA_KP[base]_n100_inst3_run0,base,40600,40601,40601.0,0.49810379100381397,81.79069375972308,-3725.0,-2997.0
exp_kp_001,SA_KP[base]_n100_inst3_run0,base,40800,40801,40801.0,0.500587832997553,81.79069375972308,-3725.0,-3013.0
exp_kp_001,SA_KP[base]_n100_inst3_run0,base,41000,41001,41001.0,0.5032475830084877,81.79069375972308,-3725.0,-3520.0
exp_kp_001,SA_KP[base]_n100_inst3_run0,base,41200,41201,41201.0,0.5057266250078101,81.79069375972308,-3725.0,-3236.0
exp_kp_001,SA_KP[base]_n100_inst3_run0,base,41400,41401,41401.0,0.5081474160106154,81.79069375972308,-3725.0,-3201.0
exp_kp_001,SA_KP[base]_n100_inst3_run0,base,41600,41601,41601.0,0.510665333000361,81.79069375972308,-3725.0,-3374.0
exp_kp_001,SA_KP[base]_n100_inst3_run0,base,41800,41801,41801.0,0.5131413330091164,81.79069375972308,-3725.0,-2989.0
exp_kp_001,SA_KP[base]_n100_inst3_run0,base,42000,42001,42001.0,0.5155674999987241,81.79069375972308,-3725.0,-3086.0
exp_kp_001,SA_KP[base]_n100_inst3_run0,base,42200,42201,42201.0,0.5181421660090564,80.97278682212585,-3725.0,-3221.0
exp_kp_001,SA_KP[base]_n100_inst3_run0,base,42400,42401,42401.0,0.5205327910080086,80.97278682212585,-3725.0,-3160.0
exp_kp_001,SA_KP[base]_n100_inst3_run0,base,42600,42601,42601.0,0.5229488330078311,80.97278682212585,-3725.0,-3389.0
exp_kp_001,SA_KP[base]_n100_inst3_run0,base,42800,42801,42801.0,0.5254094580013771,80.97278682212585,-3725.0,-3105.0
exp_kp_001,SA_KP[base]_n100_inst3_run0,base,43000,43001,43001.0,0.5279094580037054,80.97278682212585,-3725.0,-3105.0
exp_kp_001,SA_KP[base]_n100_inst3_run0,base,43200,43201,43201.0,0.5304593330074567,80.97278682212585,-3725.0,-3317.0
exp_kp_001,SA_KP[base]_n100_inst3_run0,base,43400,43401,43401.0,0.532929041000898,80.97278682212585,-3725.0,-3116.0
exp_kp_001,SA_KP[base]_n100_inst3_run0,base,43600,43601,43601.0,0.5352663750090869,80.97278682212585,-3725.0,-3420.0
exp_kp_001,SA_KP[base]_n100_inst3_run0,base,43800,43801,43801.0,0.5376746249967255,80.97278682212585,-3725.0,-2883.0
exp_kp_001,SA_KP[base]_n100_inst3_run0,base,44000,44001,44001.0,0.5402263750002021,80.97278682212585,-3725.0,-3259.0
exp_kp_001,SA_KP[base]_n100_inst3_run0,base,44200,44201,44201.0,0.5428380829980597,80.1630589539046,-3725.0,-3300.0
exp_kp_001,SA_KP[base]_n100_inst3_run0,base,44400,44401,44401.0,0.5452963749994524,80.1630589539046,-3725.0,-3479.0
exp_kp_001,SA_KP[base]_n100_inst3_run0,base,44600,44601,44601.0,0.5478199159988435,80.1630589539046,-3725.0,-3244.0
exp_kp_001,SA_KP[base]_n100_inst3_run0,base,44800,44801,44801.0,0.5501802500075428,80.1630589539046,-3725.0,-3202.0
exp_kp_001,SA_KP[base]_n100_inst3_run0,base,45000,45001,45001.0,0.5527230000006966,80.1630589539046,-3725.0,-3304.0
exp_kp_001,SA_KP[base]_n100_inst3_run0,base,45200,45201,45201.0,0.5551942910096841,80.1630589539046,-3725.0,-3180.0
exp_kp_001,SA_KP[base]_n100_inst3_run0,base,45400,45401,45401.0,0.5575982910086168,80.1630589539046,-3725.0,-2940.0
exp_kp_001,SA_KP[base]_n100_inst3_run0,base,45600,45601,45601.0,0.5600777080107946,80.1630589539046,-3725.0,-3041.0
exp_kp_001,SA_KP[base]_n100_inst3_run0,base,45800,45801,45801.0,0.562407000004896,80.1630589539046,-3725.0,-2886.0
exp_kp_001,SA_KP[base]_n100_inst3_run0,base,46000,46001,46001.0,0.5648385000095004,80.1630589539046,-3725.0,-3294.0
exp_kp_001,SA_KP[base]_n100_inst3_run0,base,46200,46201,46201.0,0.5671867909986759,79.36142836436555,-3725.0,-2969.0
exp_kp_001,SA_KP[base]_n100_inst3_run0,base,46400,46401,46401.0,0.5696293750079349,79.36142836436555,-3725.0,-3017.0
exp_kp_001,SA_KP[base]_n100_inst3_run0,base,46600,46601,46601.0,0.5720183750090655,79.36142836436555,-3725.0,-3373.0
exp_kp_001,SA_KP[base]_n100_inst3_run0,base,46800,46801,46801.0,0.5744350410095649,79.36142836436555,-3725.0,-3041.0
exp_kp_001,SA_KP[base]_n100_inst3_run0,base,47000,47001,47001.0,0.5769017080019694,79.36142836436555,-3725.0,-3171.0
exp_kp_001,SA_KP[base]_n100_inst3_run0,base,47200,47201,47201.0,0.5793735409970395,79.36142836436555,-3725.0,-3061.0
exp_kp_001,SA_KP[base]_n100_inst3_run0,base,47400,47401,47401.0,0.5819865410012426,79.36142836436555,-3725.0,-3027.0
exp_kp_001,SA_KP[base]_n100_inst3_run0,base,47600,47601,47601.0,0.5845178330055205,79.36142836436555,-3725.0,-3106.0
exp_kp_001,SA_KP[base]_n100_inst3_run0,base,47800,47801,47801.0,0.5870524580095662,79.36142836436555,-3725.0,-3258.0
exp_kp_001,SA_KP[base]_n100_inst3_run0,base,48000,48001,48001.0,0.5895878750015981,79.36142836436555,-3725.0,-3069.0
exp_kp_001,SA_KP[base]_n100_inst3_run0,base,48200,48201,48201.0,0.5923162499966566,78.56781408072189,-3725.0,-3446.0
exp_kp_001,SA_KP[base]_n100_inst3_run0,base,48400,48401,48401.0,0.5947478750022128,78.56781408072189,-3725.0,-3150.0
exp_kp_001,SA_KP[base]_n100_inst3_run0,base,48600,48601,48601.0,0.5973111250059446,78.56781408072189,-3725.0,-3088.0
exp_kp_001,SA_KP[base]_n100_inst3_run0,base,48800,48801,48801.0,0.599948957999004,78.56781408072189,-3725.0,-3073.0
exp_kp_001,SA_KP[base]_n100_inst3_run0,base,49000,49001,49001.0,0.6023902080050902,78.56781408072189,-3725.0,-3133.0
exp_kp_001,SA_KP[base]_n100_inst3_run0,base,49200,49201,49201.0,0.6047807080030907,78.56781408072189,-3725.0,-3314.0
exp_kp_001,SA_KP[base]_n100_inst3_run0,base,49400,49401,49401.0,0.6072467909980332,78.56781408072189,-3725.0,-3228.0
exp_kp_001,SA_KP[base]_n100_inst3_run0,base,49600,49601,49601.0,0.6096556249976857,78.56781408072189,-3725.0,-3400.0
exp_kp_001,SA_KP[base]_n100_inst3_run0,base,49800,49801,49801.0,0.6122655409999425,78.56781408072189,-3725.0,-3275.0
exp_kp_001,SA_KP[base]_n100_inst3_run0,base,49999,50000,50000.0,0.6148349580034846,0.00099,-3725.0,-3397.0
exp_kp_001,SA_KP[base]_n100_inst3_run1,base,0,1,1.0,1.012500433716923e-05,100.0,-2363.0,-2363.0
exp_kp_001,SA_KP[base]_n100_inst3_run1,base,200,201,201.0,0.0023861249937908724,100.0,-3096.0,-2741.0
exp_kp_001,SA_KP[base]_n100_inst3_run1,base,400,401,401.0,0.004794416003278457,100.0,-3366.0,-3366.0
exp_kp_001,SA_KP[base]_n100_inst3_run1,base,600,601,601.0,0.007391915991320275,100.0,-3545.0,-3147.0
exp_kp_001,SA_KP[base]_n100_inst3_run1,base,800,801,801.0,0.009781790999113582,100.0,-3545.0,-2862.0
exp_kp_001,SA_KP[base]_n100_inst3_run1,base,1000,1001,1001.0,0.012141208004322834,100.0,-3545.0,-3187.0
exp_kp_001,SA_KP[base]_n100_inst3_run1,base,1200,1201,1201.0,0.014529166001011617,100.0,-3545.0,-2992.0
exp_kp_001,SA_KP[base]_n100_inst3_run1,base,1400,1401,1401.0,0.01694429099734407,100.0,-3545.0,-3063.0
exp_kp_001,SA_KP[base]_n100_inst3_run1,base,1600,1601,1601.0,0.019324875000165775,100.0,-3545.0,-2773.0
exp_kp_001,SA_KP[base]_n100_inst3_run1,base,1800,1801,1801.0,0.021727208004449494,100.0,-3545.0,-2909.0
exp_kp_001,SA_KP[base]_n100_inst3_run1,base,2000,2001,2001.0,0.0241337079933146,100.0,-3545.0,-3400.0
exp_kp_001,SA_KP[base]_n100_inst3_run1,base,2200,2201,2201.0,0.026500416002818383,99.0,-3545.0,-3271.0
exp_kp_001,SA_KP[base]_n100_inst3_run1,base,2400,2401,2401.0,0.028821999992942438,99.0,-3545.0,-3059.0
exp_kp_001,SA_KP[base]_n100_inst3_run1,base,2600,2601,2601.0,0.0312886250030715,99.0,-3545.0,-3167.0
exp_kp_001,SA_KP[base]_n100_inst3_run1,base,2800,2801,2801.0,0.03365050000138581,99.0,-3545.0,-3146.0
exp_kp_001,SA_KP[base]_n100_inst3_run1,base,3000,3001,3001.0,0.03600066600483842,99.0,-3545.0,-3212.0
exp_kp_001,SA_KP[base]_n100_inst3_run1,base,3200,3201,3201.0,0.03843912499723956,99.0,-3545.0,-3048.0
exp_kp_001,SA_KP[base]_n100_inst3_run1,base,3400,3401,3401.0,0.04088945800322108,99.0,-3545.0,-3008.0
exp_kp_001,SA_KP[base]_n100_inst3_run1,base,3600,3601,3601.0,0.04324437500326894,99.0,-3545.0,-2933.0
exp_kp_001,SA_KP[base]_n100_inst3_run1,base,3800,3801,3801.0,0.04554812499554828,99.0,-3545.0,-3081.0
exp_kp_001,SA_KP[base]_n100_inst3_run1,base,4000,4001,4001.0,0.0480940409906907,99.0,-3545.0,-2775.0
exp_kp_001,SA_KP[base]_n100_inst3_run1,base,4200,4201,4201.0,0.05043887499778066,98.01,-3545.0,-3110.0
exp_kp_001,SA_KP[base]_n100_inst3_run1,base,4400,4401,4401.0,0.05275950000213925,98.01,-3545.0,-3078.0
exp_kp_001,SA_KP[base]_n100_inst3_run1,base,4600,4601,4601.0,0.05527783300203737,98.01,-3545.0,-3423.0
exp_kp_001,SA_KP[base]_n100_inst3_run1,base,4800,4801,4801.0,0.05770054100139532,98.01,-3545.0,-2968.0
exp_kp_001,SA_KP[base]_n100_inst3_run1,base,5000,5001,5001.0,0.060100665999925695,98.01,-3545.0,-3322.0
exp_kp_001,SA_KP[base]_n100_inst3_run1,base,5200,5201,5201.0,0.06262783300189767,98.01,-3545.0,-2987.0
exp_kp_001,SA_KP[base]_n100_inst3_run1,base,5400,5401,5401.0,0.06517750000057276,98.01,-3545.0,-3150.0
exp_kp_001,SA_KP[base]_n100_inst3_run1,base,5600,5601,5601.0,0.06764483300503343,98.01,-3545.0,-3246.0
exp_kp_001,SA_KP[base]_n100_inst3_run1,base,5800,5801,5801.0,0.07023837500310037,98.01,-3545.0,-3179.0
exp_kp_001,SA_KP[base]_n100_inst3_run1,base,6000,6001,6001.0,0.07272533299692441,98.01,-3545.0,-3061.0
exp_kp_001,SA_KP[base]_n100_inst3_run1,base,6200,6201,6201.0,0.07527258299523965,97.0299,-3545.0,-3271.0
exp_kp_001,SA_KP[base]_n100_inst3_run1,base,6400,6401,6401.0,0.07772108299832325,97.0299,-3545.0,-3420.0
exp_kp_001,SA_KP[base]_n100_inst3_run1,base,6600,6601,6601.0,0.08026233299460728,97.0299,-3545.0,-3218.0
exp_kp_001,SA_KP[base]_n100_inst3_run1,base,6800,6801,6801.0,0.0827701249945676,97.0299,-3545.0,-3033.0
exp_kp_001,SA_KP[base]_n100_inst3_run1,base,7000,7001,7001.0,0.0850780000037048,97.0299,-3545.0,-3035.0
exp_kp_001,SA_KP[base]_n100_inst3_run1,base,7200,7201,7201.0,0.08761441599926911,97.0299,-3545.0,-3137.0
exp_kp_001,SA_KP[base]_n100_inst3_run1,base,7400,7401,7401.0,0.0900599579908885,97.0299,-3545.0,-2956.0
exp_kp_001,SA_KP[base]_n100_inst3_run1,base,7600,7601,7601.0,0.09256437499425374,97.0299,-3545.0,-3331.0
exp_kp_001,SA_KP[base]_n100_inst3_run1,base,7800,7801,7801.0,0.09490054099296685,97.0299,-3545.0,-3094.0
exp_kp_001,SA_KP[base]_n100_inst3_run1,base,8000,8001,8001.0,0.09747020799841266,97.0299,-3545.0,-3001.0
exp_kp_001,SA_KP[base]_n100_inst3_run1,base,8200,8201,8201.0,0.09980829099367838,96.059601,-3545.0,-3235.0
exp_kp_001,SA_KP[base]_n100_inst3_run1,base,8400,8401,8401.0,0.1022192910022568,96.059601,-3545.0,-3119.0
exp_kp_001,SA_KP[base]_n100_inst3_run1,base,8600,8601,8601.0,0.1047497910039965,96.059601,-3545.0,-3223.0
exp_kp_001,SA_KP[base]_n100_inst3_run1,base,8800,8801,8801.0,0.10712579099345021,96.059601,-3545.0,-2828.0
exp_kp_001,SA_KP[base]_n100_inst3_run1,base,9000,9001,9001.0,0.10956637500203215,96.059601,-3545.0,-2832.0
exp_kp_001,SA_KP[base]_n100_inst3_run1,base,9200,9201,9201.0,0.11207254100008868,96.059601,-3545.0,-3209.0
exp_kp_001,SA_KP[base]_n100_inst3_run1,base,9400,9401,9401.0,0.11443583299114835,96.059601,-3545.0,-2783.0
exp_kp_001,SA_KP[base]_n100_inst3_run1,base,9600,9601,9601.0,0.1169498749950435,96.059601,-3545.0,-2981.0
exp_kp_001,SA_KP[base]_n100_inst3_run1,base,9800,9801,9801.0,0.11925429099937901,96.059601,-3545.0,-3143.0
exp_kp_001,SA_KP[base]_n100_inst3_run1,base,10000,10001,10001.0,0.1217787909990875,96.059601,-3545.0,-3064.0
exp_kp_001,SA_KP[base]_n100_inst3_run1,base,10200,10201,10201.0,0.12446245799947064,95.09900499,-3545.0,-3202.0
exp_kp_001,SA_KP[base]_n100_inst3_run1,base,10400,10401,10401.0,0.12691095800255425,95.09900499,-3545.0,-3299.0
exp_kp_001,SA_KP[base]_n100_inst3_run1,base,10600,10601,10601.0,0.12925487499160226,95.09900499,-3545.0,-3050.0
exp_kp_001,SA_KP[base]_n100_inst3_run1,base,10800,10801,10801.0,0.13174787499883678,95.09900499,-3545.0,-3442.0
exp_kp_001,SA_KP[base]_n100_inst3_run1,base,11000,11001,11001.0,0.1342821659927722,95.09900499,-3545.0,-3236.0
exp_kp_001,SA_KP[base]_n100_inst3_run1,base,11200,11201,11201.0,0.13673495799594093,95.09900499,-3545.0,-3120.0
exp_kp_001,SA_KP[base]_n100_inst3_run1,base,11400,11401,11401.0,0.1392666250030743,95.09900499,-3545.0,-3104.0
exp_kp_001,SA_KP[base]_n100_inst3_run1,base,11600,11601,11601.0,0.14172050000343006,95.09900499,-3545.0,-3230.0
exp_kp_001,SA_KP[base]_n100_inst3_run1,base,11800,11801,11801.0,0.14413754099223297,95.09900499,-3545.0,-3091.0
exp_kp_001,SA_KP[base]_n100_inst3_run1,base,12000,12001,12001.0,0.14655108300212305,95.09900499,-3545.0,-2680.0
exp_kp_001,SA_KP[base]_n100_inst3_run1,base,12200,12201,12201.0,0.14904483300051652,94.1480149401,-3545.0,-3009.0
exp_kp_001,SA_KP[base]_n100_inst3_run1,base,12400,12401,12401.0,0.15143595800327603,94.1480149401,-3545.0,-3261.0
exp_kp_001,SA_KP[base]_n100_inst3_run1,base,12600,12601,12601.0,0.15378083300311118,94.1480149401,-3545.0,-3052.0
exp_kp_001,SA_KP[base]_n100_inst3_run1,base,12800,12801,12801.0,0.1562416660017334,94.1480149401,-3545.0,-2842.0
exp_kp_001,SA_KP[base]_n100_inst3_run1,base,13000,13001,13001.0,0.15869608300272375,94.1480149401,-3545.0,-3215.0
exp_kp_001,SA_KP[base]_n100_inst3_run1,base,13200,13201,13201.0,0.16117791600117926,94.1480149401,-3545.0,-3173.0
exp_kp_001,SA_KP[base]_n100_inst3_run1,base,13400,13401,13401.0,0.16359683299378958,94.1480149401,-3545.0,-3027.0
exp_kp_001,SA_KP[base]_n100_inst3_run1,base,13600,13601,13601.0,0.16588991599564906,94.1480149401,-3545.0,-2847.0
exp_kp_001,SA_KP[base]_n100_inst3_run1,base,13800,13801,13801.0,0.16824487499252427,94.1480149401,-3545.0,-2980.0
exp_kp_001,SA_KP[base]_n100_inst3_run1,base,14000,14001,14001.0,0.17075399999157526,94.1480149401,-3545.0,-3107.0
exp_kp_001,SA_KP[base]_n100_inst3_run1,base,14200,14201,14201.0,0.17332658299710602,93.206534790699,-3545.0,-3337.0
exp_kp_001,SA_KP[base]_n100_inst3_run1,base,14400,14401,14401.0,0.17568979099451099,93.206534790699,-3545.0,-2988.0
exp_kp_001,SA_KP[base]_n100_inst3_run1,base,14600,14601,14601.0,0.17811858300410677,93.206534790699,-3545.0,-3108.0
exp_kp_001,SA_KP[base]_n100_inst3_run1,base,14800,14801,14801.0,0.18060929099738132,93.206534790699,-3545.0,-3281.0
exp_kp_001,SA_KP[base]_n100_inst3_run1,base,15000,15001,15001.0,0.18302020800183527,93.206534790699,-3545.0,-3352.0
exp_kp_001,SA_KP[base]_n100_inst3_run1,base,15200,15201,15201.0,0.18538937499397434,93.206534790699,-3545.0,-2758.0
exp_kp_001,SA_KP[base]_n100_inst3_run1,base,15400,15401,15401.0,0.18774516599660274,93.206534790699,-3545.0,-2651.0
exp_kp_001,SA_KP[base]_n100_inst3_run1,base,15600,15601,15601.0,0.19014495800365694,93.206534790699,-3545.0,-3290.0
exp_kp_001,SA_KP[base]_n100_inst3_run1,base,15800,15801,15801.0,0.19263187500473578,93.206534790699,-3545.0,-2782.0
exp_kp_001,SA_KP[base]_n100_inst3_run1,base,16000,16001,16001.0,0.19501620800292585,93.206534790699,-3545.0,-3042.0
exp_kp_001,SA_KP[base]_n100_inst3_run1,base,16200,16201,16201.0,0.19734691600024235,92.27446944279201,-3545.0,-2752.0
exp_kp_001,SA_KP[base]_n100_inst3_run1,base,16400,16401,16401.0,0.19976533300359733,92.27446944279201,-3545.0,-2816.0
exp_kp_001,SA_KP[base]_n100_inst3_run1,base,16600,16601,16601.0,0.20224108299589716,92.27446944279201,-3545.0,-3118.0
exp_kp_001,SA_KP[base]_n100_inst3_run1,base,16800,16801,16801.0,0.20460958300100174,92.27446944279201,-3545.0,-2883.0
exp_kp_001,SA_KP[base]_n100_inst3_run1,base,17000,17001,17001.0,0.20694595799432136,92.27446944279201,-3545.0,-3019.0
exp_kp_001,SA_KP[base]_n100_inst3_run1,base,17200,17201,17201.0,0.20947529100521933,92.27446944279201,-3545.0,-3173.0
exp_kp_001,SA_KP[base]_n100_inst3_run1,base,17400,17401,17401.0,0.2120690830051899,92.27446944279201,-3545.0,-3353.0
exp_kp_001,SA_KP[base]_n100_inst3_run1,base,17600,17601,17601.0,0.2144672080030432,92.27446944279201,-3545.0,-3279.0
exp_kp_001,SA_KP[base]_n100_inst3_run1,base,17800,17801,17801.0,0.21709933299280237,92.27446944279201,-3545.0,-3249.0
exp_kp_001,SA_KP[base]_n100_inst3_run1,base,18000,18001,18001.0,0.21945775000494905,92.27446944279201,-3545.0,-2822.0
exp_kp_001,SA_KP[base]_n100_inst3_run1,base,18200,18201,18201.0,0.22206008300418034,91.35172474836409,-3545.0,-3190.0
exp_kp_001,SA_KP[base]_n100_inst3_run1,base,18400,18401,18401.0,0.22457266600395087,91.35172474836409,-3545.0,-3100.0
exp_kp_001,SA_KP[base]_n100_inst3_run1,base,18600,18601,18601.0,0.22692762500082608,91.35172474836409,-3545.0,-3286.0
exp_kp_001,SA_KP[base]_n100_inst3_run1,base,18800,18801,18801.0,0.22946916599175893,91.35172474836409,-3545.0,-3047.0
exp_kp_001,SA_KP[base]_n100_inst3_run1,base,19000,19001,19001.0,0.23199649999151006,91.35172474836409,-3545.0,-3184.0
exp_kp_001,SA_KP[base]_n100_inst3_run1,base,19200,19201,19201.0,0.23440904100425541,91.35172474836409,-3545.0,-2907.0
exp_kp_001,SA_KP[base]_n100_inst3_run1,base,19400,19401,19401.0,0.23683224999695085,91.35172474836409,-3545.0,-2889.0
exp_kp_001,SA_KP[base]_n100_inst3_run1,base,19600,19601,19601.0,0.23931029099912848,91.35172474836409,-3545.0,-3078.0
exp_kp_001,SA_KP[base]_n100_inst3_run1,base,19800,19801,19801.0,0.2416605409962358,91.35172474836409,-3545.0,-2907.0
exp_kp_001,SA_KP[base]_n100_inst3_run1,base,20000,20001,20001.0,0.24425466600223444,91.35172474836409,-3545.0,-3225.0
exp_kp_001,SA_KP[base]_n100_inst3_run1,base,20200,20201,20201.0,0.24668766600370873,90.43820750088045,-3545.0,-3059.0
exp_kp_001,SA_KP[base]_n100_inst3_run1,base,20400,20401,20401.0,0.24923916599072982,90.43820750088045,-3545.0,-3142.0
exp_kp_001,SA_KP[base]_n100_inst3_run1,base,20600,20601,20601.0,0.2516858750022948,90.43820750088045,-3545.0,-3185.0
exp_kp_001,SA_KP[base]_n100_inst3_run1,base,20800,20801,20801.0,0.2540668750007171,90.43820750088045,-3545.0,-3030.0
exp_kp_001,SA_KP[base]_n100_inst3_run1,base,21000,21001,21001.0,0.2564436660031788,90.43820750088045,-3545.0,-3267.0
exp_kp_001,SA_KP[base]_n100_inst3_run1,base,21200,21201,21201.0,0.2590138749947073,90.43820750088045,-3554.0,-3170.0
exp_kp_001,SA_KP[base]_n100_inst3_run1,base,21400,21401,21401.0,0.26158716599456966,90.43820750088045,-3554.0,-3020.0
exp_kp_001,SA_KP[base]_n100_inst3_run1,base,21600,21601,21601.0,0.26402445799612906,90.43820750088045,-3554.0,-3015.0
exp_kp_001,SA_KP[base]_n100_inst3_run1,base,21800,21801,21801.0,0.2664162909932202,90.43820750088045,-3554.0,-2951.0
exp_kp_001,SA_KP[base]_n100_inst3_run1,base,22000,22001,22001.0,0.268891874991823,90.43820750088045,-3554.0,-2782.0
exp_kp_001,SA_KP[base]_n100_inst3_run1,base,22200,22201,22201.0,0.2714419160038233,89.53382542587164,-3554.0,-2836.0
exp_kp_001,SA_KP[base]_n100_inst3_run1,base,22400,22401,22401.0,0.27387616600026377,89.53382542587164,-3554.0,-3471.0
exp_kp_001,SA_KP[base]_n100_inst3_run1,base,22600,22601,22601.0,0.27627775000291876,89.53382542587164,-3572.0,-3449.0
exp_kp_001,SA_KP[base]_n100_inst3_run1,base,22800,22801,22801.0,0.27870866599550936,89.53382542587164,-3582.0,-2952.0
exp_kp_001,SA_KP[base]_n100_inst3_run1,base,23000,23001,23001.0,0.2811501660034992,89.53382542587164,-3582.0,-3245.0
exp_kp_001,SA_KP[base]_n100_inst3_run1,base,23200,23201,23201.0,0.28358820799621753,89.53382542587164,-3582.0,-3480.0
exp_kp_001,SA_KP[base]_n100_inst3_run1,base,23400,23401,23401.0,0.2860744159988826,89.53382542587164,-3582.0,-3077.0
exp_kp_001,SA_KP[base]_n100_inst3_run1,base,23600,23601,23601.0,0.28853658300067764,89.53382542587164,-3608.0,-3172.0
exp_kp_001,SA_KP[base]_n100_inst3_run1,base,23800,23801,23801.0,0.2910297499911394,89.53382542587164,-3608.0,-3261.0
exp_kp_001,SA_KP[base]_n100_inst3_run1,base,24000,24001,24001.0,0.2935756249935366,89.53382542587164,-3608.0,-3242.0
exp_kp_001,SA_KP[base]_n100_inst3_run1,base,24200,24201,24201.0,0.29614700000092853,88.63848717161292,-3608.0,-3054.0
exp_kp_001,SA_KP[base]_n100_inst3_run1,base,24400,24401,24401.0,0.29863341599411797,88.63848717161292,-3608.0,-2963.0
exp_kp_001,SA_KP[base]_n100_inst3_run1,base,24600,24601,24601.0,0.30116487499617506,88.63848717161292,-3608.0,-3000.0
exp_kp_001,SA_KP[base]_n100_inst3_run1,base,24800,24801,24801.0,0.3035373750026338,88.63848717161292,-3608.0,-2530.0
exp_kp_001,SA_KP[base]_n100_inst3_run1,base,25000,25001,25001.0,0.30595262499991804,88.63848717161292,-3608.0,-3403.0
exp_kp_001,SA_KP[base]_n100_inst3_run1,base,25200,25201,25201.0,0.30845141600002535,88.63848717161292,-3608.0,-3415.0
exp_kp_001,SA_KP[base]_n100_inst3_run1,base,25400,25401,25401.0,0.3109487909969175,88.63848717161292,-3608.0,-3176.0
exp_kp_001,SA_KP[base]_n100_inst3_run1,base,25600,25601,25601.0,0.3135217079980066,88.63848717161292,-3608.0,-3036.0
exp_kp_001,SA_KP[base]_n100_inst3_run1,base,25800,25801,25801.0,0.31598991599457804,88.63848717161292,-3608.0,-3227.0
exp_kp_001,SA_KP[base]_n100_inst3_run1,base,26000,26001,26001.0,0.31858029100112617,88.63848717161292,-3608.0,-3337.0
exp_kp_001,SA_KP[base]_n100_inst3_run1,base,26200,26201,26201.0,0.3211467079963768,87.75210229989679,-3608.0,-3174.0
exp_kp_001,SA_KP[base]_n100_inst3_run1,base,26400,26401,26401.0,0.32358983300218824,87.75210229989679,-3608.0,-3359.0
exp_kp_001,SA_KP[base]_n100_inst3_run1,base,26600,26601,26601.0,0.32611412499682046,87.75210229989679,-3608.0,-3043.0
exp_kp_001,SA_KP[base]_n100_inst3_run1,base,26800,26801,26801.0,0.32869487500283867,87.75210229989679,-3608.0,-3318.0
exp_kp_001,SA_KP[base]_n100_inst3_run1,base,27000,27001,27001.0,0.3312725409923587,87.75210229989679,-3608.0,-3526.0
exp_kp_001,SA_KP[base]_n100_inst3_run1,base,27200,27201,27201.0,0.3338495409989264,87.75210229989679,-3680.0,-3207.0
exp_kp_001,SA_KP[base]_n100_inst3_run1,base,27400,27401,27401.0,0.33614279099856503,87.75210229989679,-3680.0,-2934.0
exp_kp_001,SA_KP[base]_n100_inst3_run1,base,27600,27601,27601.0,0.3387780409975676,87.75210229989679,-3680.0,-3405.0
exp_kp_001,SA_KP[base]_n100_inst3_run1,base,27800,27801,27801.0,0.34121574999880977,87.75210229989679,-3680.0,-3202.0
exp_kp_001,SA_KP[base]_n100_inst3_run1,base,28000,28001,28001.0,0.34362695799791254,87.75210229989679,-3680.0,-3185.0
exp_kp_001,SA_KP[base]_n100_inst3_run1,base,28200,28201,28201.0,0.34595216599700507,86.87458127689783,-3680.0,-3128.0
exp_kp_001,SA_KP[base]_n100_inst3_run1,base,28400,28401,28401.0,0.34838695799408015,86.87458127689783,-3680.0,-3225.0
exp_kp_001,SA_KP[base]_n100_inst3_run1,base,28600,28601,28601.0,0.3508589999983087,86.87458127689783,-3680.0,-3171.0
exp_kp_001,SA_KP[base]_n100_inst3_run1,base,28800,28801,28801.0,0.35331479099113494,86.87458127689783,-3680.0,-2758.0
exp_kp_001,SA_KP[base]_n100_inst3_run1,base,29000,29001,29001.0,0.355697291000979,86.87458127689783,-3680.0,-2868.0
exp_kp_001,SA_KP[base]_n100_inst3_run1,base,29200,29201,29201.0,0.35814854099589866,86.87458127689783,-3680.0,-3289.0
exp_kp_001,SA_KP[base]_n100_inst3_run1,base,29400,29401,29401.0,0.36067424999782816,86.87458127689783,-3680.0,-3286.0
exp_kp_001,SA_KP[base]_n100_inst3_run1,base,29600,29601,29601.0,0.36318849999224767,86.87458127689783,-3680.0,-3027.0
exp_kp_001,SA_KP[base]_n100_inst3_run1,base,29800,29801,29801.0,0.36562979099107906,86.87458127689783,-3680.0,-2938.0
exp_kp_001,SA_KP[base]_n100_inst3_run1,base,30000,30001,30001.0,0.36803949999739416,86.87458127689783,-3680.0,-3129.0
exp_kp_001,SA_KP[base]_n100_inst3_run1,base,30200,30201,30201.0,0.3706734159932239,86.00583546412885,-3680.0,-3268.0
exp_kp_001,SA_KP[base]_n100_inst3_run1,base,30400,30401,30401.0,0.3731696250033565,86.00583546412885,-3680.0,-3019.0
exp_kp_001,SA_KP[base]_n100_inst3_run1,base,30600,30601,30601.0,0.3756088749942137,86.00583546412885,-3680.0,-3066.0
exp_kp_001,SA_KP[base]_n100_inst3_run1,base,30800,30801,30801.0,0.37806004099547863,86.00583546412885,-3680.0,-3202.0
exp_kp_001,SA_KP[base]_n100_inst3_run1,base,31000,31001,31001.0,0.3803180410031928,86.00583546412885,-3680.0,-2992.0
exp_kp_001,SA_KP[base]_n100_inst3_run1,base,31200,31201,31201.0,0.3826354999910109,86.00583546412885,-3680.0,-2975.0
exp_kp_001,SA_KP[base]_n100_inst3_run1,base,31400,31401,31401.0,0.3851437499979511,86.00583546412885,-3680.0,-3230.0
exp_kp_001,SA_KP[base]_n100_inst3_run1,base,31600,31601,31601.0,0.38773195799149107,86.00583546412885,-3680.0,-3431.0
exp_kp_001,SA_KP[base]_n100_inst3_run1,base,31800,31801,31801.0,0.39011558299534954,86.00583546412885,-3680.0,-2993.0
exp_kp_001,SA_KP[base]_n100_inst3_run1,base,32000,32001,32001.0,0.39255370799219236,86.00583546412885,-3680.0,-3333.0
exp_kp_001,SA_KP[base]_n100_inst3_run1,base,32200,32201,32201.0,0.39498012499825563,85.14577710948755,-3680.0,-3490.0
exp_kp_001,SA_KP[base]_n100_inst3_run1,base,32400,32401,32401.0,0.3974610409932211,85.14577710948755,-3680.0,-3027.0
exp_kp_001,SA_KP[base]_n100_inst3_run1,base,32600,32601,32601.0,0.39987804100383073,85.14577710948755,-3680.0,-3189.0
exp_kp_001,SA_KP[base]_n100_inst3_run1,base,32800,32801,32801.0,0.40229333299794234,85.14577710948755,-3680.0,-3358.0
exp_kp_001,SA_KP[base]_n100_inst3_run1,base,33000,33001,33001.0,0.4047669580031652,85.14577710948755,-3680.0,-3429.0
exp_kp_001,SA_KP[base]_n100_inst3_run1,base,33200,33201,33201.0,0.40733600000385195,85.14577710948755,-3680.0,-3261.0
exp_kp_001,SA_KP[base]_n100_inst3_run1,base,33400,33401,33401.0,0.4100382500037085,85.14577710948755,-3680.0,-3397.0
exp_kp_001,SA_KP[base]_n100_inst3_run1,base,33600,33601,33601.0,0.41249066599993967,85.14577710948755,-3680.0,-3112.0
exp_kp_001,SA_KP[base]_n100_inst3_run1,base,33800,33801,33801.0,0.41501620800409,85.14577710948755,-3680.0,-3355.0
exp_kp_001,SA_KP[base]_n100_inst3_run1,base,34000,34001,34001.0,0.4174546249996638,85.14577710948755,-3680.0,-3315.0
exp_kp_001,SA_KP[base]_n100_inst3_run1,base,34200,34201,34201.0,0.4200187910028035,84.29431933839268,-3680.0,-3064.0
exp_kp_001,SA_KP[base]_n100_inst3_run1,base,34400,34401,34401.0,0.4223575409996556,84.29431933839268,-3680.0,-2943.0
exp_kp_001,SA_KP[base]_n100_inst3_run1,base,34600,34601,34601.0,0.42482920800102875,84.29431933839268,-3680.0,-2877.0
exp_kp_001,SA_KP[base]_n100_inst3_run1,base,34800,34801,34801.0,0.427377375002834,84.29431933839268,-3680.0,-3050.0
exp_kp_001,SA_KP[base]_n100_inst3_run1,base,35000,35001,35001.0,0.42980399999942165,84.29431933839268,-3680.0,-3034.0
exp_kp_001,SA_KP[base]_n100_inst3_run1,base,35200,35201,35201.0,0.4322310830029892,84.29431933839268,-3680.0,-3302.0
exp_kp_001,SA_KP[base]_n100_inst3_run1,base,35400,35401,35401.0,0.4347308750002412,84.29431933839268,-3680.0,-3244.0
exp_kp_001,SA_KP[base]_n100_inst3_run1,base,35600,35601,35601.0,0.43731020799896214,84.29431933839268,-3680.0,-2878.0
exp_kp_001,SA_KP[base]_n100_inst3_run1,base,35800,35801,35801.0,0.43971500000043306,84.29431933839268,-3680.0,-3051.0
exp_kp_001,SA_KP[base]_n100_inst3_run1,base,36000,36001,36001.0,0.4420364999969024,84.29431933839268,-3680.0,-3336.0
exp_kp_001,SA_KP[base]_n100_inst3_run1,base,36200,36201,36201.0,0.4444757079909323,83.45137614500875,-3680.0,-2967.0
exp_kp_001,SA_KP[base]_n100_inst3_run1,base,36400,36401,36401.0,0.44697858300060034,83.45137614500875,-3680.0,-3029.0
exp_kp_001,SA_KP[base]_n100_inst3_run1,base,36600,36601,36601.0,0.449629750000895,83.45137614500875,-3680.0,-3069.0
exp_kp_001,SA_KP[base]_n100_inst3_run1,base,36800,36801,36801.0,0.4518810830049915,83.45137614500875,-3680.0,-2744.0
exp_kp_001,SA_KP[base]_n100_inst3_run1,base,37000,37001,37001.0,0.45435583300422877,83.45137614500875,-3680.0,-3329.0
exp_kp_001,SA_KP[base]_n100_inst3_run1,base,37200,37201,37201.0,0.4567089579941239,83.45137614500875,-3680.0,-2983.0
exp_kp_001,SA_KP[base]_n100_inst3_run1,base,37400,37401,37401.0,0.45910549999098293,83.45137614500875,-3680.0,-3276.0
exp_kp_001,SA_KP[base]_n100_inst3_run1,base,37600,37601,37601.0,0.46148445799190085,83.45137614500875,-3680.0,-3278.0
exp_kp_001,SA_KP[base]_n100_inst3_run1,base,37800,37801,37801.0,0.4639183330000378,83.45137614500875,-3680.0,-3293.0
exp_kp_001,SA_KP[base]_n100_inst3_run1,base,38000,38001,38001.0,0.4664234160009073,83.45137614500875,-3680.0,-3298.0
exp_kp_001,SA_KP[base]_n100_inst3_run1,base,38200,38201,38201.0,0.46886120799172204,82.61686238355867,-3680.0,-3144.0
exp_kp_001,SA_KP[base]_n100_inst3_run1,base,38400,38401,38401.0,0.47140333299466874,82.61686238355867,-3680.0,-3100.0
exp_kp_001,SA_KP[base]_n100_inst3_run1,base,38600,38601,38601.0,0.4738786249945406,82.61686238355867,-3680.0,-3025.0
exp_kp_001,SA_KP[base]_n100_inst3_run1,base,38800,38801,38801.0,0.47646341599465813,82.61686238355867,-3680.0,-3590.0
exp_kp_001,SA_KP[base]_n100_inst3_run1,base,39000,39001,39001.0,0.4789658329973463,82.61686238355867,-3680.0,-3362.0
exp_kp_001,SA_KP[base]_n100_inst3_run1,base,39200,39201,39201.0,0.4813904159964295,82.61686238355867,-3680.0,-3270.0
exp_kp_001,SA_KP[base]_n100_inst3_run1,base,39400,39401,39401.0,0.48376804099825677,82.61686238355867,-3680.0,-2836.0
exp_kp_001,SA_KP[base]_n100_inst3_run1,base,39600,39601,39601.0,0.4863014580041636,82.61686238355867,-3680.0,-3229.0
exp_kp_001,SA_KP[base]_n100_inst3_run1,base,39800,39801,39801.0,0.48871445799886715,82.61686238355867,-3680.0,-2966.0
exp_kp_001,SA_KP[base]_n100_inst3_run1,base,40000,40001,40001.0,0.4910768330009887,82.61686238355867,-3680.0,-3093.0
exp_kp_001,SA_KP[base]_n100_inst3_run1,base,40200,40201,40201.0,0.4935197909944691,81.79069375972308,-3680.0,-3022.0
exp_kp_001,SA_KP[base]_n100_inst3_run1,base,40400,40401,40401.0,0.4961034159932751,81.79069375972308,-3680.0,-3071.0
exp_kp_001,SA_KP[base]_n100_inst3_run1,base,40600,40601,40601.0,0.4986744159978116,81.79069375972308,-3680.0,-3385.0
exp_kp_001,SA_KP[base]_n100_inst3_run1,base,40800,40801,40801.0,0.5010984580003424,81.79069375972308,-3680.0,-3042.0
exp_kp_001,SA_KP[base]_n100_inst3_run1,base,41000,41001,41001.0,0.5035635410022223,81.79069375972308,-3680.0,-2690.0
exp_kp_001,SA_KP[base]_n100_inst3_run1,base,41200,41201,41201.0,0.5060482499975478,81.79069375972308,-3680.0,-2935.0
exp_kp_001,SA_KP[base]_n100_inst3_run1,base,41400,41401,41401.0,0.5084219159907661,81.79069375972308,-3680.0,-3224.0
exp_kp_001,SA_KP[base]_n100_inst3_run1,base,41600,41601,41601.0,0.5108155829948373,81.79069375972308,-3680.0,-3200.0
exp_kp_001,SA_KP[base]_n100_inst3_run1,base,41800,41801,41801.0,0.5131211660045665,81.79069375972308,-3680.0,-3077.0
exp_kp_001,SA_KP[base]_n100_inst3_run1,base,42000,42001,42001.0,0.5153991660044994,81.79069375972308,-3680.0,-3386.0
exp_kp_001,SA_KP[base]_n100_inst3_run1,base,42200,42201,42201.0,0.518068499994115,80.97278682212585,-3680.0,-3482.0
exp_kp_001,SA_KP[base]_n100_inst3_run1,base,42400,42401,42401.0,0.5206235829973593,80.97278682212585,-3680.0,-2931.0
exp_kp_001,SA_KP[base]_n100_inst3_run1,base,42600,42601,42601.0,0.5232531249930616,80.97278682212585,-3680.0,-3264.0
exp_kp_001,SA_KP[base]_n100_inst3_run1,base,42800,42801,42801.0,0.5256907500006491,80.97278682212585,-3680.0,-3179.0
exp_kp_001,SA_KP[base]_n100_inst3_run1,base,43000,43001,43001.0,0.5281807499995921,80.97278682212585,-3680.0,-3196.0
exp_kp_001,SA_KP[base]_n100_inst3_run1,base,43200,43201,43201.0,0.5306154999998398,80.97278682212585,-3680.0,-3072.0
exp_kp_001,SA_KP[base]_n100_inst3_run1,base,43400,43401,43401.0,0.5331155409949133,80.97278682212585,-3680.0,-3341.0
exp_kp_001,SA_KP[base]_n100_inst3_run1,base,43600,43601,43601.0,0.5355391250050161,80.97278682212585,-3680.0,-3239.0
exp_kp_001,SA_KP[base]_n100_inst3_run1,base,43800,43801,43801.0,0.5378878749907017,80.97278682212585,-3680.0,-3103.0
exp_kp_001,SA_KP[base]_n100_inst3_run1,base,44000,44001,44001.0,0.5405666659935378,80.97278682212585,-3680.0,-3340.0
exp_kp_001,SA_KP[base]_n100_inst3_run1,base,44200,44201,44201.0,0.543059457995696,80.1630589539046,-3680.0,-3173.0
exp_kp_001,SA_KP[base]_n100_inst3_run1,base,44400,44401,44401.0,0.5455293749982957,80.1630589539046,-3680.0,-3126.0
exp_kp_001,SA_KP[base]_n100_inst3_run1,base,44600,44601,44601.0,0.5478797079995275,80.1630589539046,-3680.0,-2970.0
exp_kp_001,SA_KP[base]_n100_inst3_run1,base,44800,44801,44801.0,0.5503667909943033,80.1630589539046,-3680.0,-3298.0
exp_kp_001,SA_KP[base]_n100_inst3_run1,base,45000,45001,45001.0,0.5527477499999804,80.1630589539046,-3680.0,-3119.0
exp_kp_001,SA_KP[base]_n100_inst3_run1,base,45200,45201,45201.0,0.5551555830024881,80.1630589539046,-3680.0,-3025.0
exp_kp_001,SA_KP[base]_n100_inst3_run1,base,45400,45401,45401.0,0.5575404160044855,80.1630589539046,-3680.0,-2750.0
exp_kp_001,SA_KP[base]_n100_inst3_run1,base,45600,45601,45601.0,0.5599783749930793,80.1630589539046,-3680.0,-3329.0
exp_kp_001,SA_KP[base]_n100_inst3_run1,base,45800,45801,45801.0,0.5623834159923717,80.1630589539046,-3680.0,-3259.0
exp_kp_001,SA_KP[base]_n100_inst3_run1,base,46000,46001,46001.0,0.5648194999957923,80.1630589539046,-3680.0,-3224.0
exp_kp_001,SA_KP[base]_n100_inst3_run1,base,46200,46201,46201.0,0.567443166000885,79.36142836436555,-3680.0,-3108.0
exp_kp_001,SA_KP[base]_n100_inst3_run1,base,46400,46401,46401.0,0.5699640829989221,79.36142836436555,-3680.0,-3346.0
exp_kp_001,SA_KP[base]_n100_inst3_run1,base,46600,46601,46601.0,0.5725499160034815,79.36142836436555,-3680.0,-2905.0
exp_kp_001,SA_KP[base]_n100_inst3_run1,base,46800,46801,46801.0,0.5750822499976493,79.36142836436555,-3680.0,-3135.0
exp_kp_001,SA_KP[base]_n100_inst3_run1,base,47000,47001,47001.0,0.5775577500025975,79.36142836436555,-3680.0,-3345.0
exp_kp_001,SA_KP[base]_n100_inst3_run1,base,47200,47201,47201.0,0.5801643330050865,79.36142836436555,-3680.0,-3278.0
exp_kp_001,SA_KP[base]_n100_inst3_run1,base,47400,47401,47401.0,0.5826659159938572,79.36142836436555,-3680.0,-3034.0
exp_kp_001,SA_KP[base]_n100_inst3_run1,base,47600,47601,47601.0,0.5852407499914989,79.36142836436555,-3680.0,-3191.0
exp_kp_001,SA_KP[base]_n100_inst3_run1,base,47800,47801,47801.0,0.5876913749962114,79.36142836436555,-3680.0,-3023.0
exp_kp_001,SA_KP[base]_n100_inst3_run1,base,48000,48001,48001.0,0.5902347079972969,79.36142836436555,-3680.0,-3399.0
exp_kp_001,SA_KP[base]_n100_inst3_run1,base,48200,48201,48201.0,0.592736499995226,78.56781408072189,-3680.0,-3299.0
exp_kp_001,SA_KP[base]_n100_inst3_run1,base,48400,48401,48401.0,0.5952885000006063,78.56781408072189,-3680.0,-3429.0
exp_kp_001,SA_KP[base]_n100_inst3_run1,base,48600,48601,48601.0,0.5977720829978352,78.56781408072189,-3680.0,-3240.0
exp_kp_001,SA_KP[base]_n100_inst3_run1,base,48800,48801,48801.0,0.6003905410034349,78.56781408072189,-3688.0,-3436.0
exp_kp_001,SA_KP[base]_n100_inst3_run1,base,49000,49001,49001.0,0.6029285410040757,78.56781408072189,-3688.0,-3465.0
exp_kp_001,SA_KP[base]_n100_inst3_run1,base,49200,49201,49201.0,0.6053971249930328,78.56781408072189,-3716.0,-2853.0
exp_kp_001,SA_KP[base]_n100_inst3_run1,base,49400,49401,49401.0,0.6078067079943139,78.56781408072189,-3716.0,-2834.0
exp_kp_001,SA_KP[base]_n100_inst3_run1,base,49600,49601,49601.0,0.6101843749929685,78.56781408072189,-3716.0,-2881.0
exp_kp_001,SA_KP[base]_n100_inst3_run1,base,49800,49801,49801.0,0.6126149999909103,78.56781408072189,-3716.0,-3134.0
exp_kp_001,SA_KP[base]_n100_inst3_run1,base,49999,50000,50000.0,0.6150385829969309,0.00099,-3716.0,-3032.0
exp_kp_001,SA_KP[base]_n100_inst3_run2,base,0,1,1.0,1.0041010682471097e-05,100.0,-2832.0,-2832.0
exp_kp_001,SA_KP[base]_n100_inst3_run2,base,200,201,201.0,0.0024206250091083348,100.0,-3605.0,-2626.0
exp_kp_001,SA_KP[base]_n100_inst3_run2,base,400,401,401.0,0.004816416010726243,100.0,-3605.0,-3022.0
exp_kp_001,SA_KP[base]_n100_inst3_run2,base,600,601,601.0,0.007325708007556386,100.0,-3605.0,-2857.0
exp_kp_001,SA_KP[base]_n100_inst3_run2,base,800,801,801.0,0.0096988750010496,100.0,-3605.0,-2880.0
exp_kp_001,SA_KP[base]_n100_inst3_run2,base,1000,1001,1001.0,0.011962166012381203,100.0,-3605.0,-3181.0
exp_kp_001,SA_KP[base]_n100_inst3_run2,base,1200,1201,1201.0,0.01443808300246019,100.0,-3605.0,-2830.0
exp_kp_001,SA_KP[base]_n100_inst3_run2,base,1400,1401,1401.0,0.016823625002871267,100.0,-3605.0,-3209.0
exp_kp_001,SA_KP[base]_n100_inst3_run2,base,1600,1601,1601.0,0.019160833006026223,100.0,-3605.0,-3149.0
exp_kp_001,SA_KP[base]_n100_inst3_run2,base,1800,1801,1801.0,0.021602041000733152,100.0,-3605.0,-3144.0
exp_kp_001,SA_KP[base]_n100_inst3_run2,base,2000,2001,2001.0,0.02397700000437908,100.0,-3605.0,-3112.0
exp_kp_001,SA_KP[base]_n100_inst3_run2,base,2200,2201,2201.0,0.026411166007164866,99.0,-3605.0,-2834.0
exp_kp_001,SA_KP[base]_n100_inst3_run2,base,2400,2401,2401.0,0.028887250009574927,99.0,-3605.0,-3227.0
exp_kp_001,SA_KP[base]_n100_inst3_run2,base,2600,2601,2601.0,0.031286208002711646,99.0,-3605.0,-2901.0
exp_kp_001,SA_KP[base]_n100_inst3_run2,base,2800,2801,2801.0,0.03375200000300538,99.0,-3605.0,-3126.0
exp_kp_001,SA_KP[base]_n100_inst3_run2,base,3000,3001,3001.0,0.03629770800762344,99.0,-3605.0,-3283.0
exp_kp_001,SA_KP[base]_n100_inst3_run2,base,3200,3201,3201.0,0.038805708012660034,99.0,-3605.0,-2973.0
exp_kp_001,SA_KP[base]_n100_inst3_run2,base,3400,3401,3401.0,0.04124091600533575,99.0,-3605.0,-3232.0
exp_kp_001,SA_KP[base]_n100_inst3_run2,base,3600,3601,3601.0,0.04377066600136459,99.0,-3605.0,-2932.0
exp_kp_001,SA_KP[base]_n100_inst3_run2,base,3800,3801,3801.0,0.04603729100199416,99.0,-3605.0,-3015.0
exp_kp_001,SA_KP[base]_n100_inst3_run2,base,4000,4001,4001.0,0.04840412500197999,99.0,-3605.0,-3032.0
exp_kp_001,SA_KP[base]_n100_inst3_run2,base,4200,4201,4201.0,0.05080079101026058,98.01,-3605.0,-3246.0
exp_kp_001,SA_KP[base]_n100_inst3_run2,base,4400,4401,4401.0,0.05320820800261572,98.01,-3605.0,-3144.0
exp_kp_001,SA_KP[base]_n100_inst3_run2,base,4600,4601,4601.0,0.055672958013019525,98.01,-3605.0,-3143.0
exp_kp_001,SA_KP[base]_n100_inst3_run2,base,4800,4801,4801.0,0.05813104100525379,98.01,-3605.0,-2737.0
exp_kp_001,SA_KP[base]_n100_inst3_run2,base,5000,5001,5001.0,0.0605005830002483,98.01,-3605.0,-3305.0
exp_kp_001,SA_KP[base]_n100_inst3_run2,base,5200,5201,5201.0,0.062957208006992,98.01,-3605.0,-2818.0
exp_kp_001,SA_KP[base]_n100_inst3_run2,base,5400,5401,5401.0,0.06537695800943766,98.01,-3605.0,-2989.0
exp_kp_001,SA_KP[base]_n100_inst3_run2,base,5600,5601,5601.0,0.06783808300679084,98.01,-3605.0,-3218.0
exp_kp_001,SA_KP[base]_n100_inst3_run2,base,5800,5801,5801.0,0.0704318750067614,98.01,-3605.0,-3238.0
exp_kp_001,SA_KP[base]_n100_inst3_run2,base,6000,6001,6001.0,0.07298370799981058,98.01,-3605.0,-3137.0
exp_kp_001,SA_KP[base]_n100_inst3_run2,base,6200,6201,6201.0,0.0757338750117924,97.0299,-3605.0,-3207.0
exp_kp_001,SA_KP[base]_n100_inst3_run2,base,6400,6401,6401.0,0.07817700000305194,97.0299,-3605.0,-3115.0
exp_kp_001,SA_KP[base]_n100_inst3_run2,base,6600,6601,6601.0,0.08070537500316277,97.0299,-3605.0,-3333.0
exp_kp_001,SA_KP[base]_n100_inst3_run2,base,6800,6801,6801.0,0.08328154101036489,97.0299,-3605.0,-3188.0
exp_kp_001,SA_KP[base]_n100_inst3_run2,base,7000,7001,7001.0,0.08568604101310484,97.0299,-3605.0,-3076.0
exp_kp_001,SA_KP[base]_n100_inst3_run2,base,7200,7201,7201.0,0.08812487500836141,97.0299,-3605.0,-2744.0
exp_kp_001,SA_KP[base]_n100_inst3_run2,base,7400,7401,7401.0,0.09035004100587685,97.0299,-3605.0,-2933.0
exp_kp_001,SA_KP[base]_n100_inst3_run2,base,7600,7601,7601.0,0.09268916600558441,97.0299,-3605.0,-3056.0
exp_kp_001,SA_KP[base]_n100_inst3_run2,base,7800,7801,7801.0,0.09516337500826921,97.0299,-3605.0,-3234.0
exp_kp_001,SA_KP[base]_n100_inst3_run2,base,8000,8001,8001.0,0.09761466601048596,97.0299,-3605.0,-2745.0
exp_kp_001,SA_KP[base]_n100_inst3_run2,base,8200,8201,8201.0,0.10007787500217091,96.059601,-3605.0,-2991.0
exp_kp_001,SA_KP[base]_n100_inst3_run2,base,8400,8401,8401.0,0.10235383300459944,96.059601,-3605.0,-2495.0
exp_kp_001,SA_KP[base]_n100_inst3_run2,base,8600,8601,8601.0,0.1047730410064105,96.059601,-3605.0,-3301.0
exp_kp_001,SA_KP[base]_n100_inst3_run2,base,8800,8801,8801.0,0.10720129100081977,96.059601,-3605.0,-2828.0
exp_kp_001,SA_KP[base]_n100_inst3_run2,base,9000,9001,9001.0,0.10983241601206828,96.059601,-3605.0,-3166.0
exp_kp_001,SA_KP[base]_n100_inst3_run2,base,9200,9201,9201.0,0.11229620801168494,96.059601,-3605.0,-2965.0
exp_kp_001,SA_KP[base]_n100_inst3_run2,base,9400,9401,9401.0,0.11458700000366662,96.059601,-3605.0,-3103.0
exp_kp_001,SA_KP[base]_n100_inst3_run2,base,9600,9601,9601.0,0.11710679100360721,96.059601,-3605.0,-2909.0
exp_kp_001,SA_KP[base]_n100_inst3_run2,base,9800,9801,9801.0,0.11956137500237674,96.059601,-3605.0,-3192.0
exp_kp_001,SA_KP[base]_n100_inst3_run2,base,10000,10001,10001.0,0.1220537910121493,96.059601,-3605.0,-2873.0
exp_kp_001,SA_KP[base]_n100_inst3_run2,base,10200,10201,10201.0,0.12439079101022799,95.09900499,-3605.0,-3074.0
exp_kp_001,SA_KP[base]_n100_inst3_run2,base,10400,10401,10401.0,0.12678874999983236,95.09900499,-3605.0,-3197.0
exp_kp_001,SA_KP[base]_n100_inst3_run2,base,10600,10601,10601.0,0.12930504100222606,95.09900499,-3626.0,-3051.0
exp_kp_001,SA_KP[base]_n100_inst3_run2,base,10800,10801,10801.0,0.13167883300047833,95.09900499,-3626.0,-3145.0
exp_kp_001,SA_KP[base]_n100_inst3_run2,base,11000,11001,11001.0,0.13418729101249482,95.09900499,-3626.0,-3201.0
exp_kp_001,SA_KP[base]_n100_inst3_run2,base,11200,11201,11201.0,0.13665366600616835,95.09900499,-3626.0,-2910.0
exp_kp_001,SA_KP[base]_n100_inst3_run2,base,11400,11401,11401.0,0.13911479100352153,95.09900499,-3626.0,-2904.0
exp_kp_001,SA_KP[base]_n100_inst3_run2,base,11600,11601,11601.0,0.14136733300983906,95.09900499,-3626.0,-3266.0
exp_kp_001,SA_KP[base]_n100_inst3_run2,base,11800,11801,11801.0,0.1438812500127824,95.09900499,-3626.0,-2875.0
exp_kp_001,SA_KP[base]_n100_inst3_run2,base,12000,12001,12001.0,0.14624491600261535,95.09900499,-3626.0,-2888.0
exp_kp_001,SA_KP[base]_n100_inst3_run2,base,12200,12201,12201.0,0.14865379100956488,94.1480149401,-3626.0,-3029.0
exp_kp_001,SA_KP[base]_n100_inst3_run2,base,12400,12401,12401.0,0.15119708300335333,94.1480149401,-3626.0,-2925.0
exp_kp_001,SA_KP[base]_n100_inst3_run2,base,12600,12601,12601.0,0.1536162500124192,94.1480149401,-3626.0,-3046.0
exp_kp_001,SA_KP[base]_n100_inst3_run2,base,12800,12801,12801.0,0.1559372910123784,94.1480149401,-3626.0,-2594.0
exp_kp_001,SA_KP[base]_n100_inst3_run2,base,13000,13001,13001.0,0.15834733301016968,94.1480149401,-3626.0,-3228.0
exp_kp_001,SA_KP[base]_n100_inst3_run2,base,13200,13201,13201.0,0.16082387500500772,94.1480149401,-3626.0,-3434.0
exp_kp_001,SA_KP[base]_n100_inst3_run2,base,13400,13401,13401.0,0.16338291601277888,94.1480149401,-3626.0,-3101.0
exp_kp_001,SA_KP[base]_n100_inst3_run2,base,13600,13601,13601.0,0.1659745409997413,94.1480149401,-3626.0,-3217.0
exp_kp_001,SA_KP[base]_n100_inst3_run2,base,13800,13801,13801.0,0.16852925000421237,94.1480149401,-3626.0,-3309.0
exp_kp_001,SA_KP[base]_n100_inst3_run2,base,14000,14001,14001.0,0.17111087500234134,94.1480149401,-3626.0,-3234.0
exp_kp_001,SA_KP[base]_n100_inst3_run2,base,14200,14201,14201.0,0.1734908750077011,93.206534790699,-3626.0,-3133.0
exp_kp_001,SA_KP[base]_n100_inst3_run2,base,14400,14401,14401.0,0.17601866601035,93.206534790699,-3626.0,-3119.0
exp_kp_001,SA_KP[base]_n100_inst3_run2,base,14600,14601,14601.0,0.17850866600929294,93.206534790699,-3626.0,-2959.0
exp_kp_001,SA_KP[base]_n100_inst3_run2,base,14800,14801,14801.0,0.18101779100834392,93.206534790699,-3626.0,-3102.0
exp_kp_001,SA_KP[base]_n100_inst3_run2,base,15000,15001,15001.0,0.18348383301054128,93.206534790699,-3626.0,-3303.0
exp_kp_001,SA_KP[base]_n100_inst3_run2,base,15200,15201,15201.0,0.18584450001071673,93.206534790699,-3626.0,-3146.0
exp_kp_001,SA_KP[base]_n100_inst3_run2,base,15400,15401,15401.0,0.18822766600351315,93.206534790699,-3626.0,-3135.0
exp_kp_001,SA_KP[base]_n100_inst3_run2,base,15600,15601,15601.0,0.19057437501032837,93.206534790699,-3626.0,-3093.0
exp_kp_001,SA_KP[base]_n100_inst3_run2,base,15800,15801,15801.0,0.19296558300266042,93.206534790699,-3626.0,-3071.0
exp_kp_001,SA_KP[base]_n100_inst3_run2,base,16000,16001,16001.0,0.1953731250105193,93.206534790699,-3626.0,-3265.0
exp_kp_001,SA_KP[base]_n100_inst3_run2,base,16200,16201,16201.0,0.19781875000626314,92.27446944279201,-3626.0,-2794.0
exp_kp_001,SA_KP[base]_n100_inst3_run2,base,16400,16401,16401.0,0.2003919160051737,92.27446944279201,-3626.0,-3286.0
exp_kp_001,SA_KP[base]_n100_inst3_run2,base,16600,16601,16601.0,0.20284016600635368,92.27446944279201,-3626.0,-2974.0
exp_kp_001,SA_KP[base]_n100_inst3_run2,base,16800,16801,16801.0,0.20528566600114573,92.27446944279201,-3626.0,-3346.0
exp_kp_001,SA_KP[base]_n100_inst3_run2,base,17000,17001,17001.0,0.20771800000511575,92.27446944279201,-3626.0,-2993.0
exp_kp_001,SA_KP[base]_n100_inst3_run2,base,17200,17201,17201.0,0.21013716601009946,92.27446944279201,-3626.0,-3070.0
exp_kp_001,SA_KP[base]_n100_inst3_run2,base,17400,17401,17401.0,0.21251641600974835,92.27446944279201,-3626.0,-3069.0
exp_kp_001,SA_KP[base]_n100_inst3_run2,base,17600,17601,17601.0,0.21484000000054948,92.27446944279201,-3626.0,-3010.0
exp_kp_001,SA_KP[base]_n100_inst3_run2,base,17800,17801,17801.0,0.217324916011421,92.27446944279201,-3626.0,-2911.0
exp_kp_001,SA_KP[base]_n100_inst3_run2,base,18000,18001,18001.0,0.21974937499908265,92.27446944279201,-3626.0,-3134.0
exp_kp_001,SA_KP[base]_n100_inst3_run2,base,18200,18201,18201.0,0.22231295800884254,91.35172474836409,-3626.0,-3140.0
exp_kp_001,SA_KP[base]_n100_inst3_run2,base,18400,18401,18401.0,0.2248657500022091,91.35172474836409,-3626.0,-3136.0
exp_kp_001,SA_KP[base]_n100_inst3_run2,base,18600,18601,18601.0,0.22728312500112224,91.35172474836409,-3626.0,-3137.0
exp_kp_001,SA_KP[base]_n100_inst3_run2,base,18800,18801,18801.0,0.2297812910110224,91.35172474836409,-3626.0,-3298.0
exp_kp_001,SA_KP[base]_n100_inst3_run2,base,19000,19001,19001.0,0.2324041660031071,91.35172474836409,-3626.0,-2872.0
exp_kp_001,SA_KP[base]_n100_inst3_run2,base,19200,19201,19201.0,0.23474600000190549,91.35172474836409,-3626.0,-2739.0
exp_kp_001,SA_KP[base]_n100_inst3_run2,base,19400,19401,19401.0,0.23735062500054482,91.35172474836409,-3626.0,-3274.0
exp_kp_001,SA_KP[base]_n100_inst3_run2,base,19600,19601,19601.0,0.2397706660121912,91.35172474836409,-3626.0,-3261.0
exp_kp_001,SA_KP[base]_n100_inst3_run2,base,19800,19801,19801.0,0.24219041600008495,91.35172474836409,-3626.0,-3251.0
exp_kp_001,SA_KP[base]_n100_inst3_run2,base,20000,20001,20001.0,0.24456991600163747,91.35172474836409,-3626.0,-2651.0
exp_kp_001,SA_KP[base]_n100_inst3_run2,base,20200,20201,20201.0,0.24692754101124592,90.43820750088045,-3626.0,-2973.0
exp_kp_001,SA_KP[base]_n100_inst3_run2,base,20400,20401,20401.0,0.2493704580119811,90.43820750088045,-3626.0,-3256.0
exp_kp_001,SA_KP[base]_n100_inst3_run2,base,20600,20601,20601.0,0.2519236660009483,90.43820750088045,-3626.0,-3519.0
exp_kp_001,SA_KP[base]_n100_inst3_run2,base,20800,20801,20801.0,0.2545149159996072,90.43820750088045,-3626.0,-3145.0
exp_kp_001,SA_KP[base]_n100_inst3_run2,base,21000,21001,21001.0,0.2569920829992043,90.43820750088045,-3626.0,-3111.0
exp_kp_001,SA_KP[base]_n100_inst3_run2,base,21200,21201,21201.0,0.25935245800064877,90.43820750088045,-3626.0,-2987.0
exp_kp_001,SA_KP[base]_n100_inst3_run2,base,21400,21401,21401.0,0.2618124160071602,90.43820750088045,-3626.0,-3177.0
exp_kp_001,SA_KP[base]_n100_inst3_run2,base,21600,21601,21601.0,0.26433458300016355,90.43820750088045,-3626.0,-3141.0
exp_kp_001,SA_KP[base]_n100_inst3_run2,base,21800,21801,21801.0,0.2668357500078855,90.43820750088045,-3626.0,-3120.0
exp_kp_001,SA_KP[base]_n100_inst3_run2,base,22000,22001,22001.0,0.26926195800479036,90.43820750088045,-3626.0,-3350.0
exp_kp_001,SA_KP[base]_n100_inst3_run2,base,22200,22201,22201.0,0.2717520830046851,89.53382542587164,-3626.0,-3000.0
exp_kp_001,SA_KP[base]_n100_inst3_run2,base,22400,22401,22401.0,0.27417020800930914,89.53382542587164,-3626.0,-3260.0
exp_kp_001,SA_KP[base]_n100_inst3_run2,base,22600,22601,22601.0,0.2766881249990547,89.53382542587164,-3626.0,-3027.0
exp_kp_001,SA_KP[base]_n100_inst3_run2,base,22800,22801,22801.0,0.2792560830130242,89.53382542587164,-3626.0,-3397.0
exp_kp_001,SA_KP[base]_n100_inst3_run2,base,23000,23001,23001.0,0.28178775000560563,89.53382542587164,-3626.0,-3409.0
exp_kp_001,SA_KP[base]_n100_inst3_run2,base,23200,23201,23201.0,0.2841716660041129,89.53382542587164,-3626.0,-3411.0
exp_kp_001,SA_KP[base]_n100_inst3_run2,base,23400,23401,23401.0,0.2866476660128683,89.53382542587164,-3626.0,-3149.0
exp_kp_001,SA_KP[base]_n100_inst3_run2,base,23600,23601,23601.0,0.2892480830050772,89.53382542587164,-3626.0,-3205.0
exp_kp_001,SA_KP[base]_n100_inst3_run2,base,23800,23801,23801.0,0.2916807500005234,89.53382542587164,-3626.0,-2973.0
exp_kp_001,SA_KP[base]_n100_inst3_run2,base,24000,24001,24001.0,0.2941770410106983,89.53382542587164,-3626.0,-3327.0
exp_kp_001,SA_KP[base]_n100_inst3_run2,base,24200,24201,24201.0,0.29673058300977573,88.63848717161292,-3626.0,-3239.0
exp_kp_001,SA_KP[base]_n100_inst3_run2,base,24400,24401,24401.0,0.29923987500660587,88.63848717161292,-3626.0,-3194.0
exp_kp_001,SA_KP[base]_n100_inst3_run2,base,24600,24601,24601.0,0.3016733750118874,88.63848717161292,-3626.0,-3050.0
exp_kp_001,SA_KP[base]_n100_inst3_run2,base,24800,24801,24801.0,0.3040909580013249,88.63848717161292,-3626.0,-2840.0
exp_kp_001,SA_KP[base]_n100_inst3_run2,base,25000,25001,25001.0,0.30665391600632574,88.63848717161292,-3626.0,-3136.0
exp_kp_001,SA_KP[base]_n100_inst3_run2,base,25200,25201,25201.0,0.3095448329986539,88.63848717161292,-3626.0,-3012.0
exp_kp_001,SA_KP[base]_n100_inst3_run2,base,25400,25401,25401.0,0.3119899580051424,88.63848717161292,-3626.0,-3089.0
exp_kp_001,SA_KP[base]_n100_inst3_run2,base,25600,25601,25601.0,0.31448404100956395,88.63848717161292,-3626.0,-2971.0
exp_kp_001,SA_KP[base]_n100_inst3_run2,base,25800,25801,25801.0,0.31691716601199005,88.63848717161292,-3626.0,-3078.0
exp_kp_001,SA_KP[base]_n100_inst3_run2,base,26000,26001,26001.0,0.3192808750027325,88.63848717161292,-3626.0,-3357.0
exp_kp_001,SA_KP[base]_n100_inst3_run2,base,26200,26201,26201.0,0.32178962499892805,87.75210229989679,-3626.0,-3351.0
exp_kp_001,SA_KP[base]_n100_inst3_run2,base,26400,26401,26401.0,0.3242493750003632,87.75210229989679,-3626.0,-3022.0
exp_kp_001,SA_KP[base]_n100_inst3_run2,base,26600,26601,26601.0,0.3268135410035029,87.75210229989679,-3626.0,-3024.0
exp_kp_001,SA_KP[base]_n100_inst3_run2,base,26800,26801,26801.0,0.32923791601206176,87.75210229989679,-3626.0,-3009.0
exp_kp_001,SA_KP[base]_n100_inst3_run2,base,27000,27001,27001.0,0.3317008750018431,87.75210229989679,-3626.0,-3256.0
exp_kp_001,SA_KP[base]_n100_inst3_run2,base,27200,27201,27201.0,0.3340338330017403,87.75210229989679,-3626.0,-2709.0
exp_kp_001,SA_KP[base]_n100_inst3_run2,base,27400,27401,27401.0,0.33654354100872297,87.75210229989679,-3626.0,-3129.0
exp_kp_001,SA_KP[base]_n100_inst3_run2,base,27600,27601,27601.0,0.33901275000243913,87.75210229989679,-3626.0,-3126.0
exp_kp_001,SA_KP[base]_n100_inst3_run2,base,27800,27801,27801.0,0.3413945830106968,87.75210229989679,-3626.0,-3056.0
exp_kp_001,SA_KP[base]_n100_inst3_run2,base,28000,28001,28001.0,0.343885541005875,87.75210229989679,-3626.0,-3097.0
exp_kp_001,SA_KP[base]_n100_inst3_run2,base,28200,28201,28201.0,0.3463639580004383,86.87458127689783,-3626.0,-3096.0
exp_kp_001,SA_KP[base]_n100_inst3_run2,base,28400,28401,28401.0,0.3488002500089351,86.87458127689783,-3626.0,-2884.0
exp_kp_001,SA_KP[base]_n100_inst3_run2,base,28600,28601,28601.0,0.3512872910068836,86.87458127689783,-3626.0,-3154.0
exp_kp_001,SA_KP[base]_n100_inst3_run2,base,28800,28801,28801.0,0.35382387500430923,86.87458127689783,-3626.0,-3294.0
exp_kp_001,SA_KP[base]_n100_inst3_run2,base,29000,29001,29001.0,0.3563266660057707,86.87458127689783,-3626.0,-3103.0
exp_kp_001,SA_KP[base]_n100_inst3_run2,base,29200,29201,29201.0,0.3589885410037823,86.87458127689783,-3626.0,-2856.0
exp_kp_001,SA_KP[base]_n100_inst3_run2,base,29400,29401,29401.0,0.3616004580107983,86.87458127689783,-3626.0,-3224.0
exp_kp_001,SA_KP[base]_n100_inst3_run2,base,29600,29601,29601.0,0.36412125000788365,86.87458127689783,-3626.0,-3100.0
exp_kp_001,SA_KP[base]_n100_inst3_run2,base,29800,29801,29801.0,0.366490625005099,86.87458127689783,-3626.0,-3195.0
exp_kp_001,SA_KP[base]_n100_inst3_run2,base,30000,30001,30001.0,0.36901104100979865,86.87458127689783,-3626.0,-3249.0
exp_kp_001,SA_KP[base]_n100_inst3_run2,base,30200,30201,30201.0,0.37142687500454485,86.00583546412885,-3626.0,-2821.0
exp_kp_001,SA_KP[base]_n100_inst3_run2,base,30400,30401,30401.0,0.37394358300662134,86.00583546412885,-3626.0,-3215.0
exp_kp_001,SA_KP[base]_n100_inst3_run2,base,30600,30601,30601.0,0.3764895409985911,86.00583546412885,-3626.0,-3319.0
exp_kp_001,SA_KP[base]_n100_inst3_run2,base,30800,30801,30801.0,0.37901816600060556,86.00583546412885,-3626.0,-3172.0
exp_kp_001,SA_KP[base]_n100_inst3_run2,base,31000,31001,31001.0,0.38153774999955203,86.00583546412885,-3626.0,-3155.0
exp_kp_001,SA_KP[base]_n100_inst3_run2,base,31200,31201,31201.0,0.3840691250079544,86.00583546412885,-3626.0,-3192.0
exp_kp_001,SA_KP[base]_n100_inst3_run2,base,31400,31401,31401.0,0.3865928330051247,86.00583546412885,-3626.0,-3095.0
exp_kp_001,SA_KP[base]_n100_inst3_run2,base,31600,31601,31601.0,0.3892089580040192,86.00583546412885,-3626.0,-3306.0
exp_kp_001,SA_KP[base]_n100_inst3_run2,base,31800,31801,31801.0,0.39165395800955594,86.00583546412885,-3626.0,-3007.0
exp_kp_001,SA_KP[base]_n100_inst3_run2,base,32000,32001,32001.0,0.3940041250025388,86.00583546412885,-3626.0,-2884.0
exp_kp_001,SA_KP[base]_n100_inst3_run2,base,32200,32201,32201.0,0.3966137079987675,85.14577710948755,-3626.0,-3360.0
exp_kp_001,SA_KP[base]_n100_inst3_run2,base,32400,32401,32401.0,0.39908833301160485,85.14577710948755,-3626.0,-2907.0
exp_kp_001,SA_KP[base]_n100_inst3_run2,base,32600,32601,32601.0,0.4015728750091512,85.14577710948755,-3626.0,-2857.0
exp_kp_001,SA_KP[base]_n100_inst3_run2,base,32800,32801,32801.0,0.4040060830011498,85.14577710948755,-3626.0,-3016.0
exp_kp_001,SA_KP[base]_n100_inst3_run2,base,33000,33001,33001.0,0.40656370800570585,85.14577710948755,-3626.0,-2955.0
exp_kp_001,SA_KP[base]_n100_inst3_run2,base,33200,33201,33201.0,0.40901041599863674,85.14577710948755,-3626.0,-3133.0
exp_kp_001,SA_KP[base]_n100_inst3_run2,base,33400,33401,33401.0,0.41171275000669993,85.14577710948755,-3626.0,-3433.0
exp_kp_001,SA_KP[base]_n100_inst3_run2,base,33600,33601,33601.0,0.4142255830083741,85.14577710948755,-3626.0,-3328.0
exp_kp_001,SA_KP[base]_n100_inst3_run2,base,33800,33801,33801.0,0.41672158300934825,85.14577710948755,-3626.0,-3241.0
exp_kp_001,SA_KP[base]_n100_inst3_run2,base,34000,34001,34001.0,0.4192547499987995,85.14577710948755,-3626.0,-3215.0
exp_kp_001,SA_KP[base]_n100_inst3_run2,base,34200,34201,34201.0,0.42178766601136886,84.29431933839268,-3626.0,-3135.0
exp_kp_001,SA_KP[base]_n100_inst3_run2,base,34400,34401,34401.0,0.4242063749989029,84.29431933839268,-3626.0,-3521.0
exp_kp_001,SA_KP[base]_n100_inst3_run2,base,34600,34601,34601.0,0.42684137501055375,84.29431933839268,-3626.0,-3500.0
exp_kp_001,SA_KP[base]_n100_inst3_run2,base,34800,34801,34801.0,0.42925770800502505,84.29431933839268,-3667.0,-3071.0
exp_kp_001,SA_KP[base]_n100_inst3_run2,base,35000,35001,35001.0,0.4318052080052439,84.29431933839268,-3667.0,-3189.0
exp_kp_001,SA_KP[base]_n100_inst3_run2,base,35200,35201,35201.0,0.434117041004356,84.29431933839268,-3667.0,-2775.0
exp_kp_001,SA_KP[base]_n100_inst3_run2,base,35400,35401,35401.0,0.4366440000012517,84.29431933839268,-3667.0,-3006.0
exp_kp_001,SA_KP[base]_n100_inst3_run2,base,35600,35601,35601.0,0.43917908301227726,84.29431933839268,-3667.0,-2757.0
exp_kp_001,SA_KP[base]_n100_inst3_run2,base,35800,35801,35801.0,0.4417280000052415,84.29431933839268,-3667.0,-3181.0
exp_kp_001,SA_KP[base]_n100_inst3_run2,base,36000,36001,36001.0,0.44427383301081136,84.29431933839268,-3667.0,-3089.0
exp_kp_001,SA_KP[base]_n100_inst3_run2,base,36200,36201,36201.0,0.4466122500016354,83.45137614500875,-3667.0,-3049.0
exp_kp_001,SA_KP[base]_n100_inst3_run2,base,36400,36401,36401.0,0.4489796660054708,83.45137614500875,-3667.0,-2806.0
exp_kp_001,SA_KP[base]_n100_inst3_run2,base,36600,36601,36601.0,0.4515023330022814,83.45137614500875,-3667.0,-3145.0
exp_kp_001,SA_KP[base]_n100_inst3_run2,base,36800,36801,36801.0,0.45402141600789037,83.45137614500875,-3667.0,-2890.0
exp_kp_001,SA_KP[base]_n100_inst3_run2,base,37000,37001,37001.0,0.45649204100482166,83.45137614500875,-3667.0,-3258.0
exp_kp_001,SA_KP[base]_n100_inst3_run2,base,37200,37201,37201.0,0.4589866660098778,83.45137614500875,-3667.0,-3360.0
exp_kp_001,SA_KP[base]_n100_inst3_run2,base,37400,37401,37401.0,0.4615671250066953,83.45137614500875,-3667.0,-3200.0
exp_kp_001,SA_KP[base]_n100_inst3_run2,base,37600,37601,37601.0,0.4640560830011964,83.45137614500875,-3667.0,-3057.0
exp_kp_001,SA_KP[base]_n100_inst3_run2,base,37800,37801,37801.0,0.4668334580055671,83.45137614500875,-3667.0,-3371.0
exp_kp_001,SA_KP[base]_n100_inst3_run2,base,38000,38001,38001.0,0.469264250001288,83.45137614500875,-3667.0,-2827.0
exp_kp_001,SA_KP[base]_n100_inst3_run2,base,38200,38201,38201.0,0.4716493750020163,82.61686238355867,-3667.0,-3286.0
exp_kp_001,SA_KP[base]_n100_inst3_run2,base,38400,38401,38401.0,0.4740302080026595,82.61686238355867,-3667.0,-3063.0
exp_kp_001,SA_KP[base]_n100_inst3_run2,base,38600,38601,38601.0,0.47641912499966566,82.61686238355867,-3667.0,-3151.0
exp_kp_001,SA_KP[base]_n100_inst3_run2,base,38800,38801,38801.0,0.4788589580130065,82.61686238355867,-3667.0,-2989.0
exp_kp_001,SA_KP[base]_n100_inst3_run2,base,39000,39001,39001.0,0.481173291002051,82.61686238355867,-3667.0,-2824.0
exp_kp_001,SA_KP[base]_n100_inst3_run2,base,39200,39201,39201.0,0.4834963330067694,82.61686238355867,-3667.0,-2639.0
exp_kp_001,SA_KP[base]_n100_inst3_run2,base,39400,39401,39401.0,0.4860367080109427,82.61686238355867,-3667.0,-3435.0
exp_kp_001,SA_KP[base]_n100_inst3_run2,base,39600,39601,39601.0,0.48867708300531376,82.61686238355867,-3667.0,-3082.0
exp_kp_001,SA_KP[base]_n100_inst3_run2,base,39800,39801,39801.0,0.49117412501072977,82.61686238355867,-3667.0,-3296.0
exp_kp_001,SA_KP[base]_n100_inst3_run2,base,40000,40001,40001.0,0.49370020801143255,82.61686238355867,-3667.0,-2904.0
exp_kp_001,SA_KP[base]_n100_inst3_run2,base,40200,40201,40201.0,0.4961370410019299,81.79069375972308,-3667.0,-3196.0
exp_kp_001,SA_KP[base]_n100_inst3_run2,base,40400,40401,40401.0,0.49861529099871404,81.79069375972308,-3667.0,-3256.0
exp_kp_001,SA_KP[base]_n100_inst3_run2,base,40600,40601,40601.0,0.5011452910111984,81.79069375972308,-3667.0,-3202.0
exp_kp_001,SA_KP[base]_n100_inst3_run2,base,40800,40801,40801.0,0.5038396250020014,81.79069375972308,-3667.0,-3300.0
exp_kp_001,SA_KP[base]_n100_inst3_run2,base,41000,41001,41001.0,0.5064017080003396,81.79069375972308,-3667.0,-3507.0
exp_kp_001,SA_KP[base]_n100_inst3_run2,base,41200,41201,41201.0,0.5089462910109432,81.79069375972308,-3667.0,-3482.0
exp_kp_001,SA_KP[base]_n100_inst3_run2,base,41400,41401,41401.0,0.5113272910093656,81.79069375972308,-3667.0,-2953.0
exp_kp_001,SA_KP[base]_n100_inst3_run2,base,41600,41601,41601.0,0.5138273330085212,81.79069375972308,-3667.0,-3200.0
exp_kp_001,SA_KP[base]_n100_inst3_run2,base,41800,41801,41801.0,0.5163325000030454,81.79069375972308,-3667.0,-3258.0
exp_kp_001,SA_KP[base]_n100_inst3_run2,base,42000,42001,42001.0,0.5188373749988386,81.79069375972308,-3667.0,-3255.0
exp_kp_001,SA_KP[base]_n100_inst3_run2,base,42200,42201,42201.0,0.521442625002237,80.97278682212585,-3667.0,-2919.0
exp_kp_001,SA_KP[base]_n100_inst3_run2,base,42400,42401,42401.0,0.5239232500025537,80.97278682212585,-3667.0,-2838.0
exp_kp_001,SA_KP[base]_n100_inst3_run2,base,42600,42601,42601.0,0.5262577079993207,80.97278682212585,-3667.0,-2923.0
exp_kp_001,SA_KP[base]_n100_inst3_run2,base,42800,42801,42801.0,0.5286473330052104,80.97278682212585,-3667.0,-2744.0
exp_kp_001,SA_KP[base]_n100_inst3_run2,base,43000,43001,43001.0,0.5312635000009323,80.97278682212585,-3667.0,-3330.0
exp_kp_001,SA_KP[base]_n100_inst3_run2,base,43200,43201,43201.0,0.5335336660064058,80.97278682212585,-3667.0,-2879.0
exp_kp_001,SA_KP[base]_n100_inst3_run2,base,43400,43401,43401.0,0.5361460410058498,80.97278682212585,-3667.0,-3351.0
exp_kp_001,SA_KP[base]_n100_inst3_run2,base,43600,43601,43601.0,0.5387595409993082,80.97278682212585,-3667.0,-3560.0
exp_kp_001,SA_KP[base]_n100_inst3_run2,base,43800,43801,43801.0,0.5413372910115868,80.97278682212585,-3693.0,-3256.0
exp_kp_001,SA_KP[base]_n100_inst3_run2,base,44000,44001,44001.0,0.5438770000037039,80.97278682212585,-3693.0,-3104.0
exp_kp_001,SA_KP[base]_n100_inst3_run2,base,44200,44201,44201.0,0.5462933750095544,80.1630589539046,-3693.0,-3235.0
exp_kp_001,SA_KP[base]_n100_inst3_run2,base,44400,44401,44401.0,0.5485921660001623,80.1630589539046,-3693.0,-3210.0
exp_kp_001,SA_KP[base]_n100_inst3_run2,base,44600,44601,44601.0,0.5511189160024514,80.1630589539046,-3693.0,-3136.0
exp_kp_001,SA_KP[base]_n100_inst3_run2,base,44800,44801,44801.0,0.5536096249998081,80.1630589539046,-3693.0,-3079.0
exp_kp_001,SA_KP[base]_n100_inst3_run2,base,45000,45001,45001.0,0.556094583007507,80.1630589539046,-3693.0,-3376.0
exp_kp_001,SA_KP[base]_n100_inst3_run2,base,45200,45201,45201.0,0.5584763330116402,80.1630589539046,-3693.0,-3225.0
exp_kp_001,SA_KP[base]_n100_inst3_run2,base,45400,45401,45401.0,0.5609178750019055,80.1630589539046,-3693.0,-3216.0
exp_kp_001,SA_KP[base]_n100_inst3_run2,base,45600,45601,45601.0,0.5631977080047363,80.1630589539046,-3693.0,-3255.0
exp_kp_001,SA_KP[base]_n100_inst3_run2,base,45800,45801,45801.0,0.5658448330068495,80.1630589539046,-3693.0,-3182.0
exp_kp_001,SA_KP[base]_n100_inst3_run2,base,46000,46001,46001.0,0.5684539580106502,80.1630589539046,-3693.0,-3148.0
exp_kp_001,SA_KP[base]_n100_inst3_run2,base,46200,46201,46201.0,0.5707634580030572,79.36142836436555,-3693.0,-2926.0
exp_kp_001,SA_KP[base]_n100_inst3_run2,base,46400,46401,46401.0,0.5731800409994321,79.36142836436555,-3693.0,-3194.0
exp_kp_001,SA_KP[base]_n100_inst3_run2,base,46600,46601,46601.0,0.5758065410045674,79.36142836436555,-3693.0,-3223.0
exp_kp_001,SA_KP[base]_n100_inst3_run2,base,46800,46801,46801.0,0.5783655000122963,79.36142836436555,-3693.0,-3031.0
exp_kp_001,SA_KP[base]_n100_inst3_run2,base,47000,47001,47001.0,0.5810239160055062,79.36142836436555,-3693.0,-3388.0
exp_kp_001,SA_KP[base]_n100_inst3_run2,base,47200,47201,47201.0,0.583674500012421,79.36142836436555,-3693.0,-3024.0
exp_kp_001,SA_KP[base]_n100_inst3_run2,base,47400,47401,47401.0,0.5861942500050645,79.36142836436555,-3693.0,-3301.0
exp_kp_001,SA_KP[base]_n100_inst3_run2,base,47600,47601,47601.0,0.5887891250022221,79.36142836436555,-3693.0,-3464.0
exp_kp_001,SA_KP[base]_n100_inst3_run2,base,47800,47801,47801.0,0.5911986249993788,79.36142836436555,-3693.0,-3053.0
exp_kp_001,SA_KP[base]_n100_inst3_run2,base,48000,48001,48001.0,0.5937400830007391,79.36142836436555,-3693.0,-3055.0
exp_kp_001,SA_KP[base]_n100_inst3_run2,base,48200,48201,48201.0,0.5962811250064988,78.56781408072189,-3693.0,-3252.0
exp_kp_001,SA_KP[base]_n100_inst3_run2,base,48400,48401,48401.0,0.5989933750097407,78.56781408072189,-3693.0,-3250.0
exp_kp_001,SA_KP[base]_n100_inst3_run2,base,48600,48601,48601.0,0.6014802499994403,78.56781408072189,-3693.0,-3001.0
exp_kp_001,SA_KP[base]_n100_inst3_run2,base,48800,48801,48801.0,0.6039883750054287,78.56781408072189,-3693.0,-2846.0
exp_kp_001,SA_KP[base]_n100_inst3_run2,base,49000,49001,49001.0,0.6064829579991056,78.56781408072189,-3693.0,-3172.0
exp_kp_001,SA_KP[base]_n100_inst3_run2,base,49200,49201,49201.0,0.60879866599862,78.56781408072189,-3693.0,-2955.0
exp_kp_001,SA_KP[base]_n100_inst3_run2,base,49400,49401,49401.0,0.6113033750007162,78.56781408072189,-3693.0,-3013.0
exp_kp_001,SA_KP[base]_n100_inst3_run2,base,49600,49601,49601.0,0.6138553330092691,78.56781408072189,-3693.0,-3177.0
exp_kp_001,SA_KP[base]_n100_inst3_run2,base,49800,49801,49801.0,0.6163307500100927,78.56781408072189,-3693.0,-3320.0
exp_kp_001,SA_KP[base]_n100_inst3_run2,base,49999,50000,50000.0,0.6187056250055321,0.00099,-3693.0,-3146.0
exp_kp_001,SA_KP[base]_n100_inst4_run0,base,0,1,1.0,1.0167001164518297e-05,100.0,-2110.0,-2110.0
exp_kp_001,SA_KP[base]_n100_inst4_run0,base,200,201,201.0,0.002417249997961335,100.0,-3090.0,-2839.0
exp_kp_001,SA_KP[base]_n100_inst4_run0,base,400,401,401.0,0.004734083995572291,100.0,-3090.0,-2776.0
exp_kp_001,SA_KP[base]_n100_inst4_run0,base,600,601,601.0,0.0071082920039771125,100.0,-3126.0,-2947.0
exp_kp_001,SA_KP[base]_n100_inst4_run0,base,800,801,801.0,0.009395959001267329,100.0,-3126.0,-2674.0
exp_kp_001,SA_KP[base]_n100_inst4_run0,base,1000,1001,1001.0,0.011900750003405847,100.0,-3295.0,-2614.0
exp_kp_001,SA_KP[base]_n100_inst4_run0,base,1200,1201,1201.0,0.014315334003185853,100.0,-3374.0,-3283.0
exp_kp_001,SA_KP[base]_n100_inst4_run0,base,1400,1401,1401.0,0.01687583400052972,100.0,-3478.0,-3263.0
exp_kp_001,SA_KP[base]_n100_inst4_run0,base,1600,1601,1601.0,0.019302917004097253,100.0,-3478.0,-3078.0
exp_kp_001,SA_KP[base]_n100_inst4_run0,base,1800,1801,1801.0,0.021868374999030493,100.0,-3478.0,-3059.0
exp_kp_001,SA_KP[base]_n100_inst4_run0,base,2000,2001,2001.0,0.024248375004390255,100.0,-3478.0,-3173.0
exp_kp_001,SA_KP[base]_n100_inst4_run0,base,2200,2201,2201.0,0.026845999993383884,99.0,-3478.0,-2896.0
exp_kp_001,SA_KP[base]_n100_inst4_run0,base,2400,2401,2401.0,0.02928383399557788,99.0,-3478.0,-3043.0
exp_kp_001,SA_KP[base]_n100_inst4_run0,base,2600,2601,2601.0,0.031741291997605,99.0,-3478.0,-2875.0
exp_kp_001,SA_KP[base]_n100_inst4_run0,base,2800,2801,2801.0,0.03417349999654107,99.0,-3478.0,-3172.0
exp_kp_001,SA_KP[base]_n100_inst4_run0,base,3000,3001,3001.0,0.036625958993681706,99.0,-3478.0,-3051.0
exp_kp_001,SA_KP[base]_n100_inst4_run0,base,3200,3201,3201.0,0.03912387500167824,99.0,-3478.0,-3245.0
exp_kp_001,SA_KP[base]_n100_inst4_run0,base,3400,3401,3401.0,0.04146954200405162,99.0,-3478.0,-2748.0
exp_kp_001,SA_KP[base]_n100_inst4_run0,base,3600,3601,3601.0,0.04388079199998174,99.0,-3478.0,-3327.0
exp_kp_001,SA_KP[base]_n100_inst4_run0,base,3800,3801,3801.0,0.04627674999937881,99.0,-3559.0,-3104.0
exp_kp_001,SA_KP[base]_n100_inst4_run0,base,4000,4001,4001.0,0.0488867090025451,99.0,-3610.0,-3199.0
exp_kp_001,SA_KP[base]_n100_inst4_run0,base,4200,4201,4201.0,0.05114283399598207,98.01,-3610.0,-3408.0
exp_kp_001,SA_KP[base]_n100_inst4_run0,base,4400,4401,4401.0,0.053597374993842095,98.01,-3610.0,-3023.0
exp_kp_001,SA_KP[base]_n100_inst4_run0,base,4600,4601,4601.0,0.056078791996696964,98.01,-3610.0,-3276.0
exp_kp_001,SA_KP[base]_n100_inst4_run0,base,4800,4801,4801.0,0.058514624994131736,98.01,-3610.0,-2922.0
exp_kp_001,SA_KP[base]_n100_inst4_run0,base,5000,5001,5001.0,0.06084208399988711,98.01,-3610.0,-3032.0
exp_kp_001,SA_KP[base]_n100_inst4_run0,base,5200,5201,5201.0,0.06325570899934974,98.01,-3610.0,-2907.0
exp_kp_001,SA_KP[base]_n100_inst4_run0,base,5400,5401,5401.0,0.06562824999855366,98.01,-3610.0,-3054.0
exp_kp_001,SA_KP[base]_n100_inst4_run0,base,5600,5601,5601.0,0.06796320900321007,98.01,-3610.0,-3166.0
exp_kp_001,SA_KP[base]_n100_inst4_run0,base,5800,5801,5801.0,0.07030029200541321,98.01,-3610.0,-3082.0
exp_kp_001,SA_KP[base]_n100_inst4_run0,base,6000,6001,6001.0,0.07272633399406914,98.01,-3610.0,-3020.0
exp_kp_001,SA_KP[base]_n100_inst4_run0,base,6200,6201,6201.0,0.07512204199156258,97.0299,-3610.0,-2896.0
exp_kp_001,SA_KP[base]_n100_inst4_run0,base,6400,6401,6401.0,0.07747745899541769,97.0299,-3610.0,-3012.0
exp_kp_001,SA_KP[base]_n100_inst4_run0,base,6600,6601,6601.0,0.07985412499692757,97.0299,-3610.0,-3169.0
exp_kp_001,SA_KP[base]_n100_inst4_run0,base,6800,6801,6801.0,0.08214820899593178,97.0299,-3610.0,-2853.0
exp_kp_001,SA_KP[base]_n100_inst4_run0,base,7000,7001,7001.0,0.08453841699520126,97.0299,-3610.0,-3196.0
exp_kp_001,SA_KP[base]_n100_inst4_run0,base,7200,7201,7201.0,0.0869385840051109,97.0299,-3610.0,-2961.0
exp_kp_001,SA_KP[base]_n100_inst4_run0,base,7400,7401,7401.0,0.08931912499247119,97.0299,-3610.0,-2790.0
exp_kp_001,SA_KP[base]_n100_inst4_run0,base,7600,7601,7601.0,0.09165366699744482,97.0299,-3610.0,-2799.0
exp_kp_001,SA_KP[base]_n100_inst4_run0,base,7800,7801,7801.0,0.0941206669958774,97.0299,-3610.0,-3143.0
exp_kp_001,SA_KP[base]_n100_inst4_run0,base,8000,8001,8001.0,0.09651400000439025,97.0299,-3610.0,-3202.0
exp_kp_001,SA_KP[base]_n100_inst4_run0,base,8200,8201,8201.0,0.09901508399343584,96.059601,-3610.0,-3058.0
exp_kp_001,SA_KP[base]_n100_inst4_run0,base,8400,8401,8401.0,0.10143333399901167,96.059601,-3610.0,-2997.0
exp_kp_001,SA_KP[base]_n100_inst4_run0,base,8600,8601,8601.0,0.10381020899512805,96.059601,-3610.0,-2975.0
exp_kp_001,SA_KP[base]_n100_inst4_run0,base,8800,8801,8801.0,0.10613808399648406,96.059601,-3610.0,-2726.0
exp_kp_001,SA_KP[base]_n100_inst4_run0,base,9000,9001,9001.0,0.10865987499710172,96.059601,-3610.0,-3076.0
exp_kp_001,SA_KP[base]_n100_inst4_run0,base,9200,9201,9201.0,0.11099929199554026,96.059601,-3610.0,-2652.0
exp_kp_001,SA_KP[base]_n100_inst4_run0,base,9400,9401,9401.0,0.11347275000298396,96.059601,-3610.0,-2982.0
exp_kp_001,SA_KP[base]_n100_inst4_run0,base,9600,9601,9601.0,0.11579145900032017,96.059601,-3610.0,-2930.0
exp_kp_001,SA_KP[base]_n100_inst4_run0,base,9800,9801,9801.0,0.11842979199718684,96.059601,-3610.0,-3380.0
exp_kp_001,SA_KP[base]_n100_inst4_run0,base,10000,10001,10001.0,0.12111420900328085,96.059601,-3610.0,-3148.0
exp_kp_001,SA_KP[base]_n100_inst4_run0,base,10200,10201,10201.0,0.12358958399272524,95.09900499,-3610.0,-3213.0
exp_kp_001,SA_KP[base]_n100_inst4_run0,base,10400,10401,10401.0,0.1260703750012908,95.09900499,-3610.0,-3168.0
exp_kp_001,SA_KP[base]_n100_inst4_run0,base,10600,10601,10601.0,0.12842254199495073,95.09900499,-3610.0,-3085.0
exp_kp_001,SA_KP[base]_n100_inst4_run0,base,10800,10801,10801.0,0.13088854200032074,95.09900499,-3610.0,-3178.0
exp_kp_001,SA_KP[base]_n100_inst4_run0,base,11000,11001,11001.0,0.13321983399509918,95.09900499,-3610.0,-2709.0
exp_kp_001,SA_KP[base]_n100_inst4_run0,base,11200,11201,11201.0,0.1354876669938676,95.09900499,-3610.0,-3136.0
exp_kp_001,SA_KP[base]_n100_inst4_run0,base,11400,11401,11401.0,0.1379852919926634,95.09900499,-3610.0,-3231.0
exp_kp_001,SA_KP[base]_n100_inst4_run0,base,11600,11601,11601.0,0.1405797920015175,95.09900499,-3610.0,-2948.0
exp_kp_001,SA_KP[base]_n100_inst4_run0,base,11800,11801,11801.0,0.14301208399410825,95.09900499,-3610.0,-3150.0
exp_kp_001,SA_KP[base]_n100_inst4_run0,base,12000,12001,12001.0,0.1454807090049144,95.09900499,-3610.0,-3066.0
exp_kp_001,SA_KP[base]_n100_inst4_run0,base,12200,12201,12201.0,0.14809554199746344,94.1480149401,-3610.0,-3130.0
exp_kp_001,SA_KP[base]_n100_inst4_run0,base,12400,12401,12401.0,0.15049445899785496,94.1480149401,-3610.0,-2885.0
exp_kp_001,SA_KP[base]_n100_inst4_run0,base,12600,12601,12601.0,0.15301158399961423,94.1480149401,-3610.0,-2948.0
exp_kp_001,SA_KP[base]_n100_inst4_run0,base,12800,12801,12801.0,0.15557495900429785,94.1480149401,-3610.0,-3044.0
exp_kp_001,SA_KP[base]_n100_inst4_run0,base,13000,13001,13001.0,0.15804616699460894,94.1480149401,-3610.0,-3027.0
exp_kp_001,SA_KP[base]_n100_inst4_run0,base,13200,13201,13201.0,0.16046145900327247,94.1480149401,-3610.0,-2700.0
exp_kp_001,SA_KP[base]_n100_inst4_run0,base,13400,13401,13401.0,0.1628955420019338,94.1480149401,-3610.0,-2853.0
exp_kp_001,SA_KP[base]_n100_inst4_run0,base,13600,13601,13601.0,0.16525595900020562,94.1480149401,-3610.0,-3010.0
exp_kp_001,SA_KP[base]_n100_inst4_run0,base,13800,13801,13801.0,0.16772075000335462,94.1480149401,-3610.0,-2958.0
exp_kp_001,SA_KP[base]_n100_inst4_run0,base,14000,14001,14001.0,0.17027116699318867,94.1480149401,-3610.0,-3165.0
exp_kp_001,SA_KP[base]_n100_inst4_run0,base,14200,14201,14201.0,0.17269816699263174,93.206534790699,-3610.0,-3200.0
exp_kp_001,SA_KP[base]_n100_inst4_run0,base,14400,14401,14401.0,0.17509712500032037,93.206534790699,-3610.0,-2821.0
exp_kp_001,SA_KP[base]_n100_inst4_run0,base,14600,14601,14601.0,0.17753804200037848,93.206534790699,-3610.0,-3166.0
exp_kp_001,SA_KP[base]_n100_inst4_run0,base,14800,14801,14801.0,0.18003908399259672,93.206534790699,-3610.0,-2624.0
exp_kp_001,SA_KP[base]_n100_inst4_run0,base,15000,15001,15001.0,0.18249274999834597,93.206534790699,-3610.0,-2885.0
exp_kp_001,SA_KP[base]_n100_inst4_run0,base,15200,15201,15201.0,0.18472345899499487,93.206534790699,-3610.0,-3172.0
exp_kp_001,SA_KP[base]_n100_inst4_run0,base,15400,15401,15401.0,0.1872191250004107,93.206534790699,-3610.0,-3259.0
exp_kp_001,SA_KP[base]_n100_inst4_run0,base,15600,15601,15601.0,0.18970291699224617,93.206534790699,-3610.0,-2627.0
exp_kp_001,SA_KP[base]_n100_inst4_run0,base,15800,15801,15801.0,0.19208350000553764,93.206534790699,-3610.0,-2953.0
exp_kp_001,SA_KP[base]_n100_inst4_run0,base,16000,16001,16001.0,0.19447745899378788,93.206534790699,-3610.0,-2682.0
exp_kp_001,SA_KP[base]_n100_inst4_run0,base,16200,16201,16201.0,0.19674712499545421,92.27446944279201,-3610.0,-2712.0
exp_kp_001,SA_KP[base]_n100_inst4_run0,base,16400,16401,16401.0,0.19917633400473278,92.27446944279201,-3610.0,-3152.0
exp_kp_001,SA_KP[base]_n100_inst4_run0,base,16600,16601,16601.0,0.20157954200112727,92.27446944279201,-3610.0,-3068.0
exp_kp_001,SA_KP[base]_n100_inst4_run0,base,16800,16801,16801.0,0.20407287499983795,92.27446944279201,-3610.0,-3079.0
exp_kp_001,SA_KP[base]_n100_inst4_run0,base,17000,17001,17001.0,0.20647291699424386,92.27446944279201,-3610.0,-3003.0
exp_kp_001,SA_KP[base]_n100_inst4_run0,base,17200,17201,17201.0,0.2087729170016246,92.27446944279201,-3610.0,-2871.0
exp_kp_001,SA_KP[base]_n100_inst4_run0,base,17400,17401,17401.0,0.21115845900203567,92.27446944279201,-3610.0,-3313.0
exp_kp_001,SA_KP[base]_n100_inst4_run0,base,17600,17601,17601.0,0.21372945899202023,92.27446944279201,-3610.0,-3157.0
exp_kp_001,SA_KP[base]_n100_inst4_run0,base,17800,17801,17801.0,0.21604666700295638,92.27446944279201,-3610.0,-2627.0
exp_kp_001,SA_KP[base]_n100_inst4_run0,base,18000,18001,18001.0,0.21862658399913926,92.27446944279201,-3610.0,-3192.0
exp_kp_001,SA_KP[base]_n100_inst4_run0,base,18200,18201,18201.0,0.22109474999888334,91.35172474836409,-3610.0,-3187.0
exp_kp_001,SA_KP[base]_n100_inst4_run0,base,18400,18401,18401.0,0.2235098340024706,91.35172474836409,-3610.0,-2938.0
exp_kp_001,SA_KP[base]_n100_inst4_run0,base,18600,18601,18601.0,0.22596641699783504,91.35172474836409,-3610.0,-3032.0
exp_kp_001,SA_KP[base]_n100_inst4_run0,base,18800,18801,18801.0,0.22840474999975413,91.35172474836409,-3610.0,-3041.0
exp_kp_001,SA_KP[base]_n100_inst4_run0,base,19000,19001,19001.0,0.2308175840007607,91.35172474836409,-3610.0,-2747.0
exp_kp_001,SA_KP[base]_n100_inst4_run0,base,19200,19201,19201.0,0.23331304200110026,91.35172474836409,-3610.0,-2854.0
exp_kp_001,SA_KP[base]_n100_inst4_run0,base,19400,19401,19401.0,0.23585379199357703,91.35172474836409,-3610.0,-2757.0
exp_kp_001,SA_KP[base]_n100_inst4_run0,base,19600,19601,19601.0,0.23815424999338575,91.35172474836409,-3610.0,-2861.0
exp_kp_001,SA_KP[base]_n100_inst4_run0,base,19800,19801,19801.0,0.24049508399912156,91.35172474836409,-3610.0,-2590.0
exp_kp_001,SA_KP[base]_n100_inst4_run0,base,20000,20001,20001.0,0.24288691699621268,91.35172474836409,-3610.0,-3608.0
exp_kp_001,SA_KP[base]_n100_inst4_run0,base,20200,20201,20201.0,0.2453067500027828,90.43820750088045,-3613.0,-3024.0
exp_kp_001,SA_KP[base]_n100_inst4_run0,base,20400,20401,20401.0,0.247813291993225,90.43820750088045,-3613.0,-3137.0
exp_kp_001,SA_KP[base]_n100_inst4_run0,base,20600,20601,20601.0,0.2502651669929037,90.43820750088045,-3613.0,-2875.0
exp_kp_001,SA_KP[base]_n100_inst4_run0,base,20800,20801,20801.0,0.2526739169989014,90.43820750088045,-3613.0,-3215.0
exp_kp_001,SA_KP[base]_n100_inst4_run0,base,21000,21001,21001.0,0.2552788339962717,90.43820750088045,-3613.0,-3237.0
exp_kp_001,SA_KP[base]_n100_inst4_run0,base,21200,21201,21201.0,0.257710459001828,90.43820750088045,-3613.0,-2965.0
exp_kp_001,SA_KP[base]_n100_inst4_run0,base,21400,21401,21401.0,0.26023324999550823,90.43820750088045,-3613.0,-2932.0
exp_kp_001,SA_KP[base]_n100_inst4_run0,base,21600,21601,21601.0,0.26275937499303836,90.43820750088045,-3613.0,-2969.0
exp_kp_001,SA_KP[base]_n100_inst4_run0,base,21800,21801,21801.0,0.2652851669990923,90.43820750088045,-3613.0,-3128.0
exp_kp_001,SA_KP[base]_n100_inst4_run0,base,22000,22001,22001.0,0.26768829200591426,90.43820750088045,-3613.0,-2759.0
exp_kp_001,SA_KP[base]_n100_inst4_run0,base,22200,22201,22201.0,0.2702637920010602,89.53382542587164,-3613.0,-2679.0
exp_kp_001,SA_KP[base]_n100_inst4_run0,base,22400,22401,22401.0,0.27276858399272896,89.53382542587164,-3613.0,-2897.0
exp_kp_001,SA_KP[base]_n100_inst4_run0,base,22600,22601,22601.0,0.27524737500061747,89.53382542587164,-3613.0,-3040.0
exp_kp_001,SA_KP[base]_n100_inst4_run0,base,22800,22801,22801.0,0.27774133399361745,89.53382542587164,-3613.0,-2906.0
exp_kp_001,SA_KP[base]_n100_inst4_run0,base,23000,23001,23001.0,0.28025908400013577,89.53382542587164,-3613.0,-3176.0
exp_kp_001,SA_KP[base]_n100_inst4_run0,base,23200,23201,23201.0,0.282678458999726,89.53382542587164,-3613.0,-3210.0
exp_kp_001,SA_KP[base]_n100_inst4_run0,base,23400,23401,23401.0,0.28508254200278316,89.53382542587164,-3613.0,-2901.0
exp_kp_001,SA_KP[base]_n100_inst4_run0,base,23600,23601,23601.0,0.2875959170050919,89.53382542587164,-3613.0,-2754.0
exp_kp_001,SA_KP[base]_n100_inst4_run0,base,23800,23801,23801.0,0.2900394589960342,89.53382542587164,-3613.0,-3174.0
exp_kp_001,SA_KP[base]_n100_inst4_run0,base,24000,24001,24001.0,0.29239991700160317,89.53382542587164,-3613.0,-2978.0
exp_kp_001,SA_KP[base]_n100_inst4_run0,base,24200,24201,24201.0,0.2948935839958722,88.63848717161292,-3613.0,-3111.0
exp_kp_001,SA_KP[base]_n100_inst4_run0,base,24400,24401,24401.0,0.29735695899580605,88.63848717161292,-3613.0,-3469.0
exp_kp_001,SA_KP[base]_n100_inst4_run0,base,24600,24601,24601.0,0.29984870899352245,88.63848717161292,-3613.0,-3021.0
exp_kp_001,SA_KP[base]_n100_inst4_run0,base,24800,24801,24801.0,0.3023059590050252,88.63848717161292,-3613.0,-3358.0
exp_kp_001,SA_KP[base]_n100_inst4_run0,base,25000,25001,25001.0,0.3047202500019921,88.63848717161292,-3613.0,-2949.0
exp_kp_001,SA_KP[base]_n100_inst4_run0,base,25200,25201,25201.0,0.3072124169993913,88.63848717161292,-3613.0,-2881.0
exp_kp_001,SA_KP[base]_n100_inst4_run0,base,25400,25401,25401.0,0.30974941699241754,88.63848717161292,-3613.0,-3370.0
exp_kp_001,SA_KP[base]_n100_inst4_run0,base,25600,25601,25601.0,0.31209320899506565,88.63848717161292,-3613.0,-3100.0
exp_kp_001,SA_KP[base]_n100_inst4_run0,base,25800,25801,25801.0,0.31448533400543965,88.63848717161292,-3613.0,-2744.0
exp_kp_001,SA_KP[base]_n100_inst4_run0,base,26000,26001,26001.0,0.3171294170024339,88.63848717161292,-3613.0,-2999.0
exp_kp_001,SA_KP[base]_n100_inst4_run0,base,26200,26201,26201.0,0.3196142919914564,87.75210229989679,-3613.0,-3047.0
exp_kp_001,SA_KP[base]_n100_inst4_run0,base,26400,26401,26401.0,0.3220243749965448,87.75210229989679,-3613.0,-3159.0
exp_kp_001,SA_KP[base]_n100_inst4_run0,base,26600,26601,26601.0,0.3243699589947937,87.75210229989679,-3613.0,-2936.0
exp_kp_001,SA_KP[base]_n100_inst4_run0,base,26800,26801,26801.0,0.3268396670027869,87.75210229989679,-3613.0,-2934.0
exp_kp_001,SA_KP[base]_n100_inst4_run0,base,27000,27001,27001.0,0.3293943339958787,87.75210229989679,-3613.0,-3273.0
exp_kp_001,SA_KP[base]_n100_inst4_run0,base,27200,27201,27201.0,0.3317612919927342,87.75210229989679,-3613.0,-2976.0
exp_kp_001,SA_KP[base]_n100_inst4_run0,base,27400,27401,27401.0,0.33411870899726637,87.75210229989679,-3613.0,-3203.0
exp_kp_001,SA_KP[base]_n100_inst4_run0,base,27600,27601,27601.0,0.3366160419973312,87.75210229989679,-3613.0,-2787.0
exp_kp_001,SA_KP[base]_n100_inst4_run0,base,27800,27801,27801.0,0.33919445899664424,87.75210229989679,-3613.0,-3196.0
exp_kp_001,SA_KP[base]_n100_inst4_run0,base,28000,28001,28001.0,0.34170158399501815,87.75210229989679,-3613.0,-3307.0
exp_kp_001,SA_KP[base]_n100_inst4_run0,base,28200,28201,28201.0,0.3441564999957336,86.87458127689783,-3613.0,-3177.0
exp_kp_001,SA_KP[base]_n100_inst4_run0,base,28400,28401,28401.0,0.34651691699400544,86.87458127689783,-3613.0,-2938.0
exp_kp_001,SA_KP[base]_n100_inst4_run0,base,28600,28601,28601.0,0.348998917004792,86.87458127689783,-3613.0,-2980.0
exp_kp_001,SA_KP[base]_n100_inst4_run0,base,28800,28801,28801.0,0.3512840839975979,86.87458127689783,-3613.0,-2748.0
exp_kp_001,SA_KP[base]_n100_inst4_run0,base,29000,29001,29001.0,0.35382854199269786,86.87458127689783,-3613.0,-3012.0
exp_kp_001,SA_KP[base]_n100_inst4_run0,base,29200,29201,29201.0,0.3562442919937894,86.87458127689783,-3613.0,-3124.0
exp_kp_001,SA_KP[base]_n100_inst4_run0,base,29400,29401,29401.0,0.35875970899360254,86.87458127689783,-3613.0,-2886.0
exp_kp_001,SA_KP[base]_n100_inst4_run0,base,29600,29601,29601.0,0.3611747499962803,86.87458127689783,-3613.0,-2993.0
exp_kp_001,SA_KP[base]_n100_inst4_run0,base,29800,29801,29801.0,0.36365658399881795,86.87458127689783,-3613.0,-3298.0
exp_kp_001,SA_KP[base]_n100_inst4_run0,base,30000,30001,30001.0,0.3661634169984609,86.87458127689783,-3613.0,-3113.0
exp_kp_001,SA_KP[base]_n100_inst4_run0,base,30200,30201,30201.0,0.3685955419932725,86.00583546412885,-3613.0,-2927.0
exp_kp_001,SA_KP[base]_n100_inst4_run0,base,30400,30401,30401.0,0.37101020899717696,86.00583546412885,-3613.0,-2587.0
exp_kp_001,SA_KP[base]_n100_inst4_run0,base,30600,30601,30601.0,0.3734651249978924,86.00583546412885,-3613.0,-2880.0
exp_kp_001,SA_KP[base]_n100_inst4_run0,base,30800,30801,30801.0,0.37602004199288785,86.00583546412885,-3613.0,-2690.0
exp_kp_001,SA_KP[base]_n100_inst4_run0,base,31000,31001,31001.0,0.37841733399545774,86.00583546412885,-3613.0,-2974.0
exp_kp_001,SA_KP[base]_n100_inst4_run0,base,31200,31201,31201.0,0.38078150000364985,86.00583546412885,-3613.0,-3208.0
exp_kp_001,SA_KP[base]_n100_inst4_run0,base,31400,31401,31401.0,0.38315133399737533,86.00583546412885,-3613.0,-2757.0
exp_kp_001,SA_KP[base]_n100_inst4_run0,base,31600,31601,31601.0,0.3856511670019245,86.00583546412885,-3613.0,-3158.0
exp_kp_001,SA_KP[base]_n100_inst4_run0,base,31800,31801,31801.0,0.38799933399423026,86.00583546412885,-3613.0,-3120.0
exp_kp_001,SA_KP[base]_n100_inst4_run0,base,32000,32001,32001.0,0.3903937919967575,86.00583546412885,-3613.0,-2983.0
exp_kp_001,SA_KP[base]_n100_inst4_run0,base,32200,32201,32201.0,0.3928839589934796,85.14577710948755,-3613.0,-3191.0
exp_kp_001,SA_KP[base]_n100_inst4_run0,base,32400,32401,32401.0,0.3954467089934042,85.14577710948755,-3613.0,-3214.0
exp_kp_001,SA_KP[base]_n100_inst4_run0,base,32600,32601,32601.0,0.3979754169995431,85.14577710948755,-3613.0,-3174.0
exp_kp_001,SA_KP[base]_n100_inst4_run0,base,32800,32801,32801.0,0.4003062499978114,85.14577710948755,-3613.0,-2838.0
exp_kp_001,SA_KP[base]_n100_inst4_run0,base,33000,33001,33001.0,0.40275308399577625,85.14577710948755,-3613.0,-3334.0
exp_kp_001,SA_KP[base]_n100_inst4_run0,base,33200,33201,33201.0,0.4052217499993276,85.14577710948755,-3613.0,-3062.0
exp_kp_001,SA_KP[base]_n100_inst4_run0,base,33400,33401,33401.0,0.40775045899499673,85.14577710948755,-3613.0,-3217.0
exp_kp_001,SA_KP[base]_n100_inst4_run0,base,33600,33601,33601.0,0.4102435419918038,85.14577710948755,-3613.0,-2974.0
exp_kp_001,SA_KP[base]_n100_inst4_run0,base,33800,33801,33801.0,0.4127461250027409,85.14577710948755,-3613.0,-3215.0
exp_kp_001,SA_KP[base]_n100_inst4_run0,base,34000,34001,34001.0,0.4151687919948017,85.14577710948755,-3613.0,-3146.0
exp_kp_001,SA_KP[base]_n100_inst4_run0,base,34200,34201,34201.0,0.41771508399688173,84.29431933839268,-3613.0,-2894.0
exp_kp_001,SA_KP[base]_n100_inst4_run0,base,34400,34401,34401.0,0.4201868749951245,84.29431933839268,-3613.0,-3136.0
exp_kp_001,SA_KP[base]_n100_inst4_run0,base,34600,34601,34601.0,0.4227078749972861,84.29431933839268,-3613.0,-3215.0
exp_kp_001,SA_KP[base]_n100_inst4_run0,base,34800,34801,34801.0,0.4251295419962844,84.29431933839268,-3613.0,-3289.0
exp_kp_001,SA_KP[base]_n100_inst4_run0,base,35000,35001,35001.0,0.427572833999875,84.29431933839268,-3613.0,-2934.0
exp_kp_001,SA_KP[base]_n100_inst4_run0,base,35200,35201,35201.0,0.4301279589999467,84.29431933839268,-3613.0,-3369.0
exp_kp_001,SA_KP[base]_n100_inst4_run0,base,35400,35401,35401.0,0.43267216699314304,84.29431933839268,-3670.0,-3321.0
exp_kp_001,SA_KP[base]_n100_inst4_run0,base,35600,35601,35601.0,0.4352203339949483,84.29431933839268,-3670.0,-3037.0
exp_kp_001,SA_KP[base]_n100_inst4_run0,base,35800,35801,35801.0,0.4377203750045737,84.29431933839268,-3670.0,-3338.0
exp_kp_001,SA_KP[base]_n100_inst4_run0,base,36000,36001,36001.0,0.44011537499318365,84.29431933839268,-3670.0,-3241.0
exp_kp_001,SA_KP[base]_n100_inst4_run0,base,36200,36201,36201.0,0.442700125000556,83.45137614500875,-3670.0,-2914.0
exp_kp_001,SA_KP[base]_n100_inst4_run0,base,36400,36401,36401.0,0.44512333399325144,83.45137614500875,-3670.0,-3326.0
exp_kp_001,SA_KP[base]_n100_inst4_run0,base,36600,36601,36601.0,0.4475515840022126,83.45137614500875,-3670.0,-2928.0
exp_kp_001,SA_KP[base]_n100_inst4_run0,base,36800,36801,36801.0,0.4500020840059733,83.45137614500875,-3670.0,-3169.0
exp_kp_001,SA_KP[base]_n100_inst4_run0,base,37000,37001,37001.0,0.4524223750049714,83.45137614500875,-3670.0,-2952.0
exp_kp_001,SA_KP[base]_n100_inst4_run0,base,37200,37201,37201.0,0.4548504169943044,83.45137614500875,-3670.0,-2950.0
exp_kp_001,SA_KP[base]_n100_inst4_run0,base,37400,37401,37401.0,0.45733045900124125,83.45137614500875,-3670.0,-3144.0
exp_kp_001,SA_KP[base]_n100_inst4_run0,base,37600,37601,37601.0,0.4597690840018913,83.45137614500875,-3670.0,-3378.0
exp_kp_001,SA_KP[base]_n100_inst4_run0,base,37800,37801,37801.0,0.4620810420019552,83.45137614500875,-3670.0,-3065.0
exp_kp_001,SA_KP[base]_n100_inst4_run0,base,38000,38001,38001.0,0.4644562089961255,83.45137614500875,-3670.0,-3062.0
exp_kp_001,SA_KP[base]_n100_inst4_run0,base,38200,38201,38201.0,0.46686749999935273,82.61686238355867,-3670.0,-2760.0
exp_kp_001,SA_KP[base]_n100_inst4_run0,base,38400,38401,38401.0,0.46922820899635553,82.61686238355867,-3670.0,-3129.0
exp_kp_001,SA_KP[base]_n100_inst4_run0,base,38600,38601,38601.0,0.4717084169969894,82.61686238355867,-3670.0,-3014.0
exp_kp_001,SA_KP[base]_n100_inst4_run0,base,38800,38801,38801.0,0.47426895900571253,82.61686238355867,-3670.0,-3296.0
exp_kp_001,SA_KP[base]_n100_inst4_run0,base,39000,39001,39001.0,0.47679012500157114,82.61686238355867,-3670.0,-3083.0
exp_kp_001,SA_KP[base]_n100_inst4_run0,base,39200,39201,39201.0,0.47936116700293496,82.61686238355867,-3670.0,-3310.0
exp_kp_001,SA_KP[base]_n100_inst4_run0,base,39400,39401,39401.0,0.4818796250037849,82.61686238355867,-3670.0,-3275.0
exp_kp_001,SA_KP[base]_n100_inst4_run0,base,39600,39601,39601.0,0.48415295900485944,82.61686238355867,-3670.0,-2961.0
exp_kp_001,SA_KP[base]_n100_inst4_run0,base,39800,39801,39801.0,0.4866532919986639,82.61686238355867,-3670.0,-3312.0
exp_kp_001,SA_KP[base]_n100_inst4_run0,base,40000,40001,40001.0,0.48911220900481567,82.61686238355867,-3670.0,-2982.0
exp_kp_001,SA_KP[base]_n100_inst4_run0,base,40200,40201,40201.0,0.49154887499753386,81.79069375972308,-3670.0,-3152.0
exp_kp_001,SA_KP[base]_n100_inst4_run0,base,40400,40401,40401.0,0.49398041699896567,81.79069375972308,-3670.0,-3106.0
exp_kp_001,SA_KP[base]_n100_inst4_run0,base,40600,40601,40601.0,0.49643904199183453,81.79069375972308,-3670.0,-3050.0
exp_kp_001,SA_KP[base]_n100_inst4_run0,base,40800,40801,40801.0,0.4989728340005968,81.79069375972308,-3670.0,-2957.0
exp_kp_001,SA_KP[base]_n100_inst4_run0,base,41000,41001,41001.0,0.5013762500020675,81.79069375972308,-3670.0,-3120.0
exp_kp_001,SA_KP[base]_n100_inst4_run0,base,41200,41201,41201.0,0.5039299170020968,81.79069375972308,-3670.0,-3276.0
exp_kp_001,SA_KP[base]_n100_inst4_run0,base,41400,41401,41401.0,0.5064332500041928,81.79069375972308,-3670.0,-3231.0
exp_kp_001,SA_KP[base]_n100_inst4_run0,base,41600,41601,41601.0,0.5088494590017945,81.79069375972308,-3670.0,-3187.0
exp_kp_001,SA_KP[base]_n100_inst4_run0,base,41800,41801,41801.0,0.5113799590035342,81.79069375972308,-3670.0,-2957.0
exp_kp_001,SA_KP[base]_n100_inst4_run0,base,42000,42001,42001.0,0.5139197499956936,81.79069375972308,-3670.0,-3263.0
exp_kp_001,SA_KP[base]_n100_inst4_run0,base,42200,42201,42201.0,0.5164220839942573,80.97278682212585,-3670.0,-3430.0
exp_kp_001,SA_KP[base]_n100_inst4_run0,base,42400,42401,42401.0,0.5188111669995124,80.97278682212585,-3670.0,-3247.0
exp_kp_001,SA_KP[base]_n100_inst4_run0,base,42600,42601,42601.0,0.5212739999988116,80.97278682212585,-3670.0,-2896.0
exp_kp_001,SA_KP[base]_n100_inst4_run0,base,42800,42801,42801.0,0.5237117090000538,80.97278682212585,-3670.0,-3193.0
exp_kp_001,SA_KP[base]_n100_inst4_run0,base,43000,43001,43001.0,0.5261461670015706,80.97278682212585,-3670.0,-2963.0
exp_kp_001,SA_KP[base]_n100_inst4_run0,base,43200,43201,43201.0,0.5285728750022827,80.97278682212585,-3670.0,-2987.0
exp_kp_001,SA_KP[base]_n100_inst4_run0,base,43400,43401,43401.0,0.531159292004304,80.97278682212585,-3670.0,-3084.0
exp_kp_001,SA_KP[base]_n100_inst4_run0,base,43600,43601,43601.0,0.5337197500048205,80.97278682212585,-3670.0,-3041.0
exp_kp_001,SA_KP[base]_n100_inst4_run0,base,43800,43801,43801.0,0.5360847090050811,80.97278682212585,-3670.0,-2825.0
exp_kp_001,SA_KP[base]_n100_inst4_run0,base,44000,44001,44001.0,0.5386448749923147,80.97278682212585,-3670.0,-3168.0
exp_kp_001,SA_KP[base]_n100_inst4_run0,base,44200,44201,44201.0,0.5410065420001047,80.1630589539046,-3670.0,-3313.0
exp_kp_001,SA_KP[base]_n100_inst4_run0,base,44400,44401,44401.0,0.5436011669953587,80.1630589539046,-3670.0,-3183.0
exp_kp_001,SA_KP[base]_n100_inst4_run0,base,44600,44601,44601.0,0.5459916669933591,80.1630589539046,-3670.0,-2815.0
exp_kp_001,SA_KP[base]_n100_inst4_run0,base,44800,44801,44801.0,0.5484702919929987,80.1630589539046,-3670.0,-3039.0
exp_kp_001,SA_KP[base]_n100_inst4_run0,base,45000,45001,45001.0,0.5509880000026897,80.1630589539046,-3670.0,-3320.0
exp_kp_001,SA_KP[base]_n100_inst4_run0,base,45200,45201,45201.0,0.5534386670042295,80.1630589539046,-3670.0,-3468.0
exp_kp_001,SA_KP[base]_n100_inst4_run0,base,45400,45401,45401.0,0.5559378750040196,80.1630589539046,-3670.0,-3192.0
exp_kp_001,SA_KP[base]_n100_inst4_run0,base,45600,45601,45601.0,0.5583793749974575,80.1630589539046,-3670.0,-2998.0
exp_kp_001,SA_KP[base]_n100_inst4_run0,base,45800,45801,45801.0,0.5607222919934429,80.1630589539046,-3670.0,-2646.0
exp_kp_001,SA_KP[base]_n100_inst4_run0,base,46000,46001,46001.0,0.5631657920021098,80.1630589539046,-3670.0,-3121.0
exp_kp_001,SA_KP[base]_n100_inst4_run0,base,46200,46201,46201.0,0.5655617089942098,79.36142836436555,-3670.0,-2983.0
exp_kp_001,SA_KP[base]_n100_inst4_run0,base,46400,46401,46401.0,0.5679900419927435,79.36142836436555,-3670.0,-3281.0
exp_kp_001,SA_KP[base]_n100_inst4_run0,base,46600,46601,46601.0,0.5704568340006517,79.36142836436555,-3670.0,-3281.0
exp_kp_001,SA_KP[base]_n100_inst4_run0,base,46800,46801,46801.0,0.5729142089985544,79.36142836436555,-3670.0,-3047.0
exp_kp_001,SA_KP[base]_n100_inst4_run0,base,47000,47001,47001.0,0.5754023750050692,79.36142836436555,-3670.0,-3212.0
exp_kp_001,SA_KP[base]_n100_inst4_run0,base,47200,47201,47201.0,0.5778751670004567,79.36142836436555,-3670.0,-3023.0
exp_kp_001,SA_KP[base]_n100_inst4_run0,base,47400,47401,47401.0,0.5801697919960134,79.36142836436555,-3670.0,-2964.0
exp_kp_001,SA_KP[base]_n100_inst4_run0,base,47600,47601,47601.0,0.5826584589958657,79.36142836436555,-3670.0,-3111.0
exp_kp_001,SA_KP[base]_n100_inst4_run0,base,47800,47801,47801.0,0.5850357089948375,79.36142836436555,-3670.0,-3046.0
exp_kp_001,SA_KP[base]_n100_inst4_run0,base,48000,48001,48001.0,0.5875585839967243,79.36142836436555,-3670.0,-3131.0
exp_kp_001,SA_KP[base]_n100_inst4_run0,base,48200,48201,48201.0,0.5900810419989284,78.56781408072189,-3670.0,-3069.0
exp_kp_001,SA_KP[base]_n100_inst4_run0,base,48400,48401,48401.0,0.5923956250044284,78.56781408072189,-3670.0,-3025.0
exp_kp_001,SA_KP[base]_n100_inst4_run0,base,48600,48601,48601.0,0.5950098339963006,78.56781408072189,-3670.0,-3252.0
exp_kp_001,SA_KP[base]_n100_inst4_run0,base,48800,48801,48801.0,0.597421583996038,78.56781408072189,-3670.0,-3096.0
exp_kp_001,SA_KP[base]_n100_inst4_run0,base,49000,49001,49001.0,0.5999452090036357,78.56781408072189,-3670.0,-3425.0
exp_kp_001,SA_KP[base]_n100_inst4_run0,base,49200,49201,49201.0,0.6026215839956421,78.56781408072189,-3670.0,-3240.0
exp_kp_001,SA_KP[base]_n100_inst4_run0,base,49400,49401,49401.0,0.6051886249915697,78.56781408072189,-3670.0,-2995.0
exp_kp_001,SA_KP[base]_n100_inst4_run0,base,49600,49601,49601.0,0.6076904170040507,78.56781408072189,-3670.0,-3232.0
exp_kp_001,SA_KP[base]_n100_inst4_run0,base,49800,49801,49801.0,0.6102480419940548,78.56781408072189,-3670.0,-3139.0
exp_kp_001,SA_KP[base]_n100_inst4_run0,base,49999,50000,50000.0,0.6125661669939291,0.00099,-3670.0,-3171.0
exp_kp_001,SA_KP[base]_n100_inst4_run1,base,0,1,1.0,1.054200401995331e-05,100.0,-2540.0,-2540.0
exp_kp_001,SA_KP[base]_n100_inst4_run1,base,200,201,201.0,0.002355917007662356,100.0,-3202.0,-2609.0
exp_kp_001,SA_KP[base]_n100_inst4_run1,base,400,401,401.0,0.004701917001511902,100.0,-3202.0,-2820.0
exp_kp_001,SA_KP[base]_n100_inst4_run1,base,600,601,601.0,0.007184125002822839,100.0,-3202.0,-2814.0
exp_kp_001,SA_KP[base]_n100_inst4_run1,base,800,801,801.0,0.009406750003108755,100.0,-3202.0,-2836.0
exp_kp_001,SA_KP[base]_n100_inst4_run1,base,1000,1001,1001.0,0.012003792013274506,100.0,-3300.0,-3262.0
exp_kp_001,SA_KP[base]_n100_inst4_run1,base,1200,1201,1201.0,0.014411000011023134,100.0,-3437.0,-3028.0
exp_kp_001,SA_KP[base]_n100_inst4_run1,base,1400,1401,1401.0,0.016884125012438744,100.0,-3601.0,-3308.0
exp_kp_001,SA_KP[base]_n100_inst4_run1,base,1600,1601,1601.0,0.019359750003786758,100.0,-3601.0,-3347.0
exp_kp_001,SA_KP[base]_n100_inst4_run1,base,1800,1801,1801.0,0.021838125001522712,100.0,-3601.0,-3129.0
exp_kp_001,SA_KP[base]_n100_inst4_run1,base,2000,2001,2001.0,0.024199292005505413,100.0,-3601.0,-3105.0
exp_kp_001,SA_KP[base]_n100_inst4_run1,base,2200,2201,2201.0,0.026394250002340414,99.0,-3601.0,-2881.0
exp_kp_001,SA_KP[base]_n100_inst4_run1,base,2400,2401,2401.0,0.02876325001125224,99.0,-3601.0,-2828.0
exp_kp_001,SA_KP[base]_n100_inst4_run1,base,2600,2601,2601.0,0.031226500010234304,99.0,-3601.0,-3150.0
exp_kp_001,SA_KP[base]_n100_inst4_run1,base,2800,2801,2801.0,0.03356141700351145,99.0,-3601.0,-2886.0
exp_kp_001,SA_KP[base]_n100_inst4_run1,base,3000,3001,3001.0,0.0358903750020545,99.0,-3601.0,-3244.0
exp_kp_001,SA_KP[base]_n100_inst4_run1,base,3200,3201,3201.0,0.03827129201090429,99.0,-3601.0,-2978.0
exp_kp_001,SA_KP[base]_n100_inst4_run1,base,3400,3401,3401.0,0.04070391700952314,99.0,-3601.0,-3039.0
exp_kp_001,SA_KP[base]_n100_inst4_run1,base,3600,3601,3601.0,0.042998125005397014,99.0,-3601.0,-3214.0
exp_kp_001,SA_KP[base]_n100_inst4_run1,base,3800,3801,3801.0,0.04548583300493192,99.0,-3601.0,-2913.0
exp_kp_001,SA_KP[base]_n100_inst4_run1,base,4000,4001,4001.0,0.0477952500077663,99.0,-3601.0,-2816.0
exp_kp_001,SA_KP[base]_n100_inst4_run1,base,4200,4201,4201.0,0.05029129200556781,98.01,-3601.0,-3156.0
exp_kp_001,SA_KP[base]_n100_inst4_run1,base,4400,4401,4401.0,0.05269895801029634,98.01,-3601.0,-3176.0
exp_kp_001,SA_KP[base]_n100_inst4_run1,base,4600,4601,4601.0,0.05517445800069254,98.01,-3601.0,-2872.0
exp_kp_001,SA_KP[base]_n100_inst4_run1,base,4800,4801,4801.0,0.05748875001154374,98.01,-3601.0,-2882.0
exp_kp_001,SA_KP[base]_n100_inst4_run1,base,5000,5001,5001.0,0.05991670800722204,98.01,-3601.0,-2775.0
exp_kp_001,SA_KP[base]_n100_inst4_run1,base,5200,5201,5201.0,0.06246020800608676,98.01,-3601.0,-3360.0
exp_kp_001,SA_KP[base]_n100_inst4_run1,base,5400,5401,5401.0,0.06491354200989008,98.01,-3601.0,-2777.0
exp_kp_001,SA_KP[base]_n100_inst4_run1,base,5600,5601,5601.0,0.06746508300420828,98.01,-3601.0,-2754.0
exp_kp_001,SA_KP[base]_n100_inst4_run1,base,5800,5801,5801.0,0.06983616700745188,98.01,-3601.0,-3075.0
exp_kp_001,SA_KP[base]_n100_inst4_run1,base,6000,6001,6001.0,0.07217850000597537,98.01,-3601.0,-3160.0
exp_kp_001,SA_KP[base]_n100_inst4_run1,base,6200,6201,6201.0,0.07463250000728294,97.0299,-3601.0,-3013.0
exp_kp_001,SA_KP[base]_n100_inst4_run1,base,6400,6401,6401.0,0.0771584169997368,97.0299,-3601.0,-3079.0
exp_kp_001,SA_KP[base]_n100_inst4_run1,base,6600,6601,6601.0,0.07966016700083856,97.0299,-3601.0,-2800.0
exp_kp_001,SA_KP[base]_n100_inst4_run1,base,6800,6801,6801.0,0.08202466700458899,97.0299,-3601.0,-2780.0
exp_kp_001,SA_KP[base]_n100_inst4_run1,base,7000,7001,7001.0,0.08445870800642297,97.0299,-3601.0,-3037.0
exp_kp_001,SA_KP[base]_n100_inst4_run1,base,7200,7201,7201.0,0.0869087080063764,97.0299,-3601.0,-3131.0
exp_kp_001,SA_KP[base]_n100_inst4_run1,base,7400,7401,7401.0,0.0892201670067152,97.0299,-3601.0,-2925.0
exp_kp_001,SA_KP[base]_n100_inst4_run1,base,7600,7601,7601.0,0.09170054200512823,97.0299,-3601.0,-3096.0
exp_kp_001,SA_KP[base]_n100_inst4_run1,base,7800,7801,7801.0,0.09422070800792426,97.0299,-3601.0,-2947.0
exp_kp_001,SA_KP[base]_n100_inst4_run1,base,8000,8001,8001.0,0.09667516700574197,97.0299,-3601.0,-3330.0
exp_kp_001,SA_KP[base]_n100_inst4_run1,base,8200,8201,8201.0,0.09915245800220873,96.059601,-3601.0,-2988.0
exp_kp_001,SA_KP[base]_n100_inst4_run1,base,8400,8401,8401.0,0.10163725000165869,96.059601,-3601.0,-3456.0
exp_kp_001,SA_KP[base]_n100_inst4_run1,base,8600,8601,8601.0,0.10405383301258553,96.059601,-3601.0,-2618.0
exp_kp_001,SA_KP[base]_n100_inst4_run1,base,8800,8801,8801.0,0.10629995800263714,96.059601,-3601.0,-2733.0
exp_kp_001,SA_KP[base]_n100_inst4_run1,base,9000,9001,9001.0,0.10866775001341011,96.059601,-3601.0,-2828.0
exp_kp_001,SA_KP[base]_n100_inst4_run1,base,9200,9201,9201.0,0.11112766701262444,96.059601,-3601.0,-3177.0
exp_kp_001,SA_KP[base]_n100_inst4_run1,base,9400,9401,9401.0,0.11349854200670961,96.059601,-3601.0,-2724.0
exp_kp_001,SA_KP[base]_n100_inst4_run1,base,9600,9601,9601.0,0.1159069170098519,96.059601,-3601.0,-2918.0
exp_kp_001,SA_KP[base]_n100_inst4_run1,base,9800,9801,9801.0,0.11823225000989623,96.059601,-3601.0,-2728.0
exp_kp_001,SA_KP[base]_n100_inst4_run1,base,10000,10001,10001.0,0.12053825000475626,96.059601,-3601.0,-3181.0
exp_kp_001,SA_KP[base]_n100_inst4_run1,base,10200,10201,10201.0,0.12278916701325215,95.09900499,-3601.0,-2744.0
exp_kp_001,SA_KP[base]_n100_inst4_run1,base,10400,10401,10401.0,0.12521995800489094,95.09900499,-3601.0,-2826.0
exp_kp_001,SA_KP[base]_n100_inst4_run1,base,10600,10601,10601.0,0.1277087920025224,95.09900499,-3601.0,-2780.0
exp_kp_001,SA_KP[base]_n100_inst4_run1,base,10800,10801,10801.0,0.13004195800749585,95.09900499,-3601.0,-2761.0
exp_kp_001,SA_KP[base]_n100_inst4_run1,base,11000,11001,11001.0,0.13247100000444334,95.09900499,-3601.0,-3026.0
exp_kp_001,SA_KP[base]_n100_inst4_run1,base,11200,11201,11201.0,0.13486266700783744,95.09900499,-3601.0,-2959.0
exp_kp_001,SA_KP[base]_n100_inst4_run1,base,11400,11401,11401.0,0.1373608330031857,95.09900499,-3601.0,-3276.0
exp_kp_001,SA_KP[base]_n100_inst4_run1,base,11600,11601,11601.0,0.13987904200621415,95.09900499,-3601.0,-3106.0
exp_kp_001,SA_KP[base]_n100_inst4_run1,base,11800,11801,11801.0,0.14221016700321343,95.09900499,-3601.0,-3149.0
exp_kp_001,SA_KP[base]_n100_inst4_run1,base,12000,12001,12001.0,0.14462945800914895,95.09900499,-3601.0,-2793.0
exp_kp_001,SA_KP[base]_n100_inst4_run1,base,12200,12201,12201.0,0.1470557499997085,94.1480149401,-3601.0,-2552.0
exp_kp_001,SA_KP[base]_n100_inst4_run1,base,12400,12401,12401.0,0.14955737499985844,94.1480149401,-3601.0,-3384.0
exp_kp_001,SA_KP[base]_n100_inst4_run1,base,12600,12601,12601.0,0.15199441699951421,94.1480149401,-3601.0,-3489.0
exp_kp_001,SA_KP[base]_n100_inst4_run1,base,12800,12801,12801.0,0.1543946669989964,94.1480149401,-3601.0,-3118.0
exp_kp_001,SA_KP[base]_n100_inst4_run1,base,13000,13001,13001.0,0.15686929201183375,94.1480149401,-3601.0,-3183.0
exp_kp_001,SA_KP[base]_n100_inst4_run1,base,13200,13201,13201.0,0.1592205000051763,94.1480149401,-3601.0,-2739.0
exp_kp_001,SA_KP[base]_n100_inst4_run1,base,13400,13401,13401.0,0.16163708300155122,94.1480149401,-3601.0,-3036.0
exp_kp_001,SA_KP[base]_n100_inst4_run1,base,13600,13601,13601.0,0.16418504201283213,94.1480149401,-3601.0,-2858.0
exp_kp_001,SA_KP[base]_n100_inst4_run1,base,13800,13801,13801.0,0.1665756670117844,94.1480149401,-3601.0,-3162.0
exp_kp_001,SA_KP[base]_n100_inst4_run1,base,14000,14001,14001.0,0.1690283750067465,94.1480149401,-3601.0,-2981.0
exp_kp_001,SA_KP[base]_n100_inst4_run1,base,14200,14201,14201.0,0.17148841700691264,93.206534790699,-3601.0,-3126.0
exp_kp_001,SA_KP[base]_n100_inst4_run1,base,14400,14401,14401.0,0.1740042919991538,93.206534790699,-3601.0,-3200.0
exp_kp_001,SA_KP[base]_n100_inst4_run1,base,14600,14601,14601.0,0.1763659580028616,93.206534790699,-3601.0,-3166.0
exp_kp_001,SA_KP[base]_n100_inst4_run1,base,14800,14801,14801.0,0.17883358300605323,93.206534790699,-3601.0,-2814.0
exp_kp_001,SA_KP[base]_n100_inst4_run1,base,15000,15001,15001.0,0.18132687501201872,93.206534790699,-3601.0,-3047.0
exp_kp_001,SA_KP[base]_n100_inst4_run1,base,15200,15201,15201.0,0.18394308300048579,93.206534790699,-3601.0,-3008.0
exp_kp_001,SA_KP[base]_n100_inst4_run1,base,15400,15401,15401.0,0.18633562501054257,93.206534790699,-3601.0,-3193.0
exp_kp_001,SA_KP[base]_n100_inst4_run1,base,15600,15601,15601.0,0.18867541701183654,93.206534790699,-3601.0,-2791.0
exp_kp_001,SA_KP[base]_n100_inst4_run1,base,15800,15801,15801.0,0.19123091700021178,93.206534790699,-3601.0,-3154.0
exp_kp_001,SA_KP[base]_n100_inst4_run1,base,16000,16001,16001.0,0.19355162500869483,93.206534790699,-3601.0,-2937.0
exp_kp_001,SA_KP[base]_n100_inst4_run1,base,16200,16201,16201.0,0.19605020800372586,92.27446944279201,-3659.0,-3113.0
exp_kp_001,SA_KP[base]_n100_inst4_run1,base,16400,16401,16401.0,0.198570667009335,92.27446944279201,-3659.0,-2758.0
exp_kp_001,SA_KP[base]_n100_inst4_run1,base,16600,16601,16601.0,0.20094104199961293,92.27446944279201,-3659.0,-2766.0
exp_kp_001,SA_KP[base]_n100_inst4_run1,base,16800,16801,16801.0,0.203358583006775,92.27446944279201,-3659.0,-2852.0
exp_kp_001,SA_KP[base]_n100_inst4_run1,base,17000,17001,17001.0,0.2057848330005072,92.27446944279201,-3659.0,-3051.0
exp_kp_001,SA_KP[base]_n100_inst4_run1,base,17200,17201,17201.0,0.20808912500797305,92.27446944279201,-3659.0,-3073.0
exp_kp_001,SA_KP[base]_n100_inst4_run1,base,17400,17401,17401.0,0.21053820800443646,92.27446944279201,-3659.0,-3370.0
exp_kp_001,SA_KP[base]_n100_inst4_run1,base,17600,17601,17601.0,0.21309420801117085,92.27446944279201,-3659.0,-3047.0
exp_kp_001,SA_KP[base]_n100_inst4_run1,base,17800,17801,17801.0,0.21541950000391807,92.27446944279201,-3659.0,-3046.0
exp_kp_001,SA_KP[base]_n100_inst4_run1,base,18000,18001,18001.0,0.217819249999593,92.27446944279201,-3659.0,-3143.0
exp_kp_001,SA_KP[base]_n100_inst4_run1,base,18200,18201,18201.0,0.220201417003409,91.35172474836409,-3659.0,-3118.0
exp_kp_001,SA_KP[base]_n100_inst4_run1,base,18400,18401,18401.0,0.22271966699918266,91.35172474836409,-3659.0,-3060.0
exp_kp_001,SA_KP[base]_n100_inst4_run1,base,18600,18601,18601.0,0.22517091700865421,91.35172474836409,-3659.0,-3011.0
exp_kp_001,SA_KP[base]_n100_inst4_run1,base,18800,18801,18801.0,0.2275384580134414,91.35172474836409,-3659.0,-2865.0
exp_kp_001,SA_KP[base]_n100_inst4_run1,base,19000,19001,19001.0,0.22995145800814498,91.35172474836409,-3659.0,-2984.0
exp_kp_001,SA_KP[base]_n100_inst4_run1,base,19200,19201,19201.0,0.2324577079998562,91.35172474836409,-3659.0,-3161.0
exp_kp_001,SA_KP[base]_n100_inst4_run1,base,19400,19401,19401.0,0.23505825000756886,91.35172474836409,-3659.0,-2988.0
exp_kp_001,SA_KP[base]_n100_inst4_run1,base,19600,19601,19601.0,0.2375240420078626,91.35172474836409,-3659.0,-3152.0
exp_kp_001,SA_KP[base]_n100_inst4_run1,base,19800,19801,19801.0,0.2399697500077309,91.35172474836409,-3659.0,-3252.0
exp_kp_001,SA_KP[base]_n100_inst4_run1,base,20000,20001,20001.0,0.2424422920012148,91.35172474836409,-3659.0,-3344.0
exp_kp_001,SA_KP[base]_n100_inst4_run1,base,20200,20201,20201.0,0.24504141700163018,90.43820750088045,-3659.0,-3204.0
exp_kp_001,SA_KP[base]_n100_inst4_run1,base,20400,20401,20401.0,0.24750266699993517,90.43820750088045,-3659.0,-3315.0
exp_kp_001,SA_KP[base]_n100_inst4_run1,base,20600,20601,20601.0,0.2501200420083478,90.43820750088045,-3659.0,-3155.0
exp_kp_001,SA_KP[base]_n100_inst4_run1,base,20800,20801,20801.0,0.252586083006463,90.43820750088045,-3659.0,-3131.0
exp_kp_001,SA_KP[base]_n100_inst4_run1,base,21000,21001,21001.0,0.25483379200159106,90.43820750088045,-3659.0,-2828.0
exp_kp_001,SA_KP[base]_n100_inst4_run1,base,21200,21201,21201.0,0.25734937500965316,90.43820750088045,-3659.0,-3157.0
exp_kp_001,SA_KP[base]_n100_inst4_run1,base,21400,21401,21401.0,0.25980433300719596,90.43820750088045,-3659.0,-3132.0
exp_kp_001,SA_KP[base]_n100_inst4_run1,base,21600,21601,21601.0,0.2622125420020893,90.43820750088045,-3659.0,-3376.0
exp_kp_001,SA_KP[base]_n100_inst4_run1,base,21800,21801,21801.0,0.26463195800897665,90.43820750088045,-3659.0,-2823.0
exp_kp_001,SA_KP[base]_n100_inst4_run1,base,22000,22001,22001.0,0.26706212499993853,90.43820750088045,-3659.0,-2916.0
exp_kp_001,SA_KP[base]_n100_inst4_run1,base,22200,22201,22201.0,0.2695612920069834,89.53382542587164,-3659.0,-3105.0
exp_kp_001,SA_KP[base]_n100_inst4_run1,base,22400,22401,22401.0,0.27210708300117403,89.53382542587164,-3709.0,-3165.0
exp_kp_001,SA_KP[base]_n100_inst4_run1,base,22600,22601,22601.0,0.2745854170061648,89.53382542587164,-3709.0,-3238.0
exp_kp_001,SA_KP[base]_n100_inst4_run1,base,22800,22801,22801.0,0.27715741700376384,89.53382542587164,-3709.0,-3002.0
exp_kp_001,SA_KP[base]_n100_inst4_run1,base,23000,23001,23001.0,0.2796950000047218,89.53382542587164,-3709.0,-2964.0
exp_kp_001,SA_KP[base]_n100_inst4_run1,base,23200,23201,23201.0,0.2821054170053685,89.53382542587164,-3709.0,-2562.0
exp_kp_001,SA_KP[base]_n100_inst4_run1,base,23400,23401,23401.0,0.2845245420030551,89.53382542587164,-3709.0,-3175.0
exp_kp_001,SA_KP[base]_n100_inst4_run1,base,23600,23601,23601.0,0.2869552920019487,89.53382542587164,-3709.0,-3221.0
exp_kp_001,SA_KP[base]_n100_inst4_run1,base,23800,23801,23801.0,0.2894333750009537,89.53382542587164,-3709.0,-3077.0
exp_kp_001,SA_KP[base]_n100_inst4_run1,base,24000,24001,24001.0,0.2918860830104677,89.53382542587164,-3709.0,-2824.0
exp_kp_001,SA_KP[base]_n100_inst4_run1,base,24200,24201,24201.0,0.2944420830026502,88.63848717161292,-3709.0,-3169.0
exp_kp_001,SA_KP[base]_n100_inst4_run1,base,24400,24401,24401.0,0.2969879170123022,88.63848717161292,-3709.0,-2977.0
exp_kp_001,SA_KP[base]_n100_inst4_run1,base,24600,24601,24601.0,0.29945354200026486,88.63848717161292,-3709.0,-3017.0
exp_kp_001,SA_KP[base]_n100_inst4_run1,base,24800,24801,24801.0,0.3019195000088075,88.63848717161292,-3709.0,-3045.0
exp_kp_001,SA_KP[base]_n100_inst4_run1,base,25000,25001,25001.0,0.3045323330006795,88.63848717161292,-3709.0,-2924.0
exp_kp_001,SA_KP[base]_n100_inst4_run1,base,25200,25201,25201.0,0.30706862499937415,88.63848717161292,-3709.0,-3137.0
exp_kp_001,SA_KP[base]_n100_inst4_run1,base,25400,25401,25401.0,0.30979574999946635,88.63848717161292,-3709.0,-3256.0
exp_kp_001,SA_KP[base]_n100_inst4_run1,base,25600,25601,25601.0,0.31228220800403506,88.63848717161292,-3709.0,-3164.0
exp_kp_001,SA_KP[base]_n100_inst4_run1,base,25800,25801,25801.0,0.3147728750045644,88.63848717161292,-3709.0,-2843.0
exp_kp_001,SA_KP[base]_n100_inst4_run1,base,26000,26001,26001.0,0.3171791250060778,88.63848717161292,-3709.0,-3197.0
exp_kp_001,SA_KP[base]_n100_inst4_run1,base,26200,26201,26201.0,0.3196199580124812,87.75210229989679,-3709.0,-3119.0
exp_kp_001,SA_KP[base]_n100_inst4_run1,base,26400,26401,26401.0,0.322111458008294,87.75210229989679,-3709.0,-3009.0
exp_kp_001,SA_KP[base]_n100_inst4_run1,base,26600,26601,26601.0,0.32439441700989846,87.75210229989679,-3709.0,-2518.0
exp_kp_001,SA_KP[base]_n100_inst4_run1,base,26800,26801,26801.0,0.3268219170131488,87.75210229989679,-3709.0,-3238.0
exp_kp_001,SA_KP[base]_n100_inst4_run1,base,27000,27001,27001.0,0.3294230419996893,87.75210229989679,-3709.0,-3284.0
exp_kp_001,SA_KP[base]_n100_inst4_run1,base,27200,27201,27201.0,0.33177145800436847,87.75210229989679,-3709.0,-3032.0
exp_kp_001,SA_KP[base]_n100_inst4_run1,base,27400,27401,27401.0,0.33426529201096855,87.75210229989679,-3709.0,-3129.0
exp_kp_001,SA_KP[base]_n100_inst4_run1,base,27600,27601,27601.0,0.33682745801343117,87.75210229989679,-3709.0,-2942.0
exp_kp_001,SA_KP[base]_n100_inst4_run1,base,27800,27801,27801.0,0.3392691670014756,87.75210229989679,-3709.0,-2983.0
exp_kp_001,SA_KP[base]_n100_inst4_run1,base,28000,28001,28001.0,0.341790292004589,87.75210229989679,-3709.0,-3090.0
exp_kp_001,SA_KP[base]_n100_inst4_run1,base,28200,28201,28201.0,0.3442740830068942,86.87458127689783,-3709.0,-3403.0
exp_kp_001,SA_KP[base]_n100_inst4_run1,base,28400,28401,28401.0,0.3466342500032624,86.87458127689783,-3709.0,-3068.0
exp_kp_001,SA_KP[base]_n100_inst4_run1,base,28600,28601,28601.0,0.3491110420000041,86.87458127689783,-3709.0,-2891.0
exp_kp_001,SA_KP[base]_n100_inst4_run1,base,28800,28801,28801.0,0.3514085830101976,86.87458127689783,-3709.0,-3057.0
exp_kp_001,SA_KP[base]_n100_inst4_run1,base,29000,29001,29001.0,0.35369595800875686,86.87458127689783,-3709.0,-2940.0
exp_kp_001,SA_KP[base]_n100_inst4_run1,base,29200,29201,29201.0,0.3562593330134405,86.87458127689783,-3709.0,-3015.0
exp_kp_001,SA_KP[base]_n100_inst4_run1,base,29400,29401,29401.0,0.35883145801199134,86.87458127689783,-3709.0,-3108.0
exp_kp_001,SA_KP[base]_n100_inst4_run1,base,29600,29601,29601.0,0.3610302920133108,86.87458127689783,-3709.0,-2916.0
exp_kp_001,SA_KP[base]_n100_inst4_run1,base,29800,29801,29801.0,0.3632795420126058,86.87458127689783,-3709.0,-2859.0
exp_kp_001,SA_KP[base]_n100_inst4_run1,base,30000,30001,30001.0,0.3657442920084577,86.87458127689783,-3709.0,-3220.0
exp_kp_001,SA_KP[base]_n100_inst4_run1,base,30200,30201,30201.0,0.3681141670094803,86.00583546412885,-3709.0,-2731.0
exp_kp_001,SA_KP[base]_n100_inst4_run1,base,30400,30401,30401.0,0.3702944579999894,86.00583546412885,-3709.0,-2636.0
exp_kp_001,SA_KP[base]_n100_inst4_run1,base,30600,30601,30601.0,0.37268504200619645,86.00583546412885,-3709.0,-3118.0
exp_kp_001,SA_KP[base]_n100_inst4_run1,base,30800,30801,30801.0,0.3751759170118021,86.00583546412885,-3709.0,-3306.0
exp_kp_001,SA_KP[base]_n100_inst4_run1,base,31000,31001,31001.0,0.3774940000002971,86.00583546412885,-3709.0,-2806.0
exp_kp_001,SA_KP[base]_n100_inst4_run1,base,31200,31201,31201.0,0.37995904200943187,86.00583546412885,-3709.0,-2853.0
exp_kp_001,SA_KP[base]_n100_inst4_run1,base,31400,31401,31401.0,0.3824499580077827,86.00583546412885,-3709.0,-3048.0
exp_kp_001,SA_KP[base]_n100_inst4_run1,base,31600,31601,31601.0,0.38479491700127255,86.00583546412885,-3709.0,-2903.0
exp_kp_001,SA_KP[base]_n100_inst4_run1,base,31800,31801,31801.0,0.3873619170044549,86.00583546412885,-3709.0,-3297.0
exp_kp_001,SA_KP[base]_n100_inst4_run1,base,32000,32001,32001.0,0.3897362499992596,86.00583546412885,-3709.0,-2927.0
exp_kp_001,SA_KP[base]_n100_inst4_run1,base,32200,32201,32201.0,0.3922649580053985,85.14577710948755,-3709.0,-3125.0
exp_kp_001,SA_KP[base]_n100_inst4_run1,base,32400,32401,32401.0,0.3947309580107685,85.14577710948755,-3709.0,-3097.0
exp_kp_001,SA_KP[base]_n100_inst4_run1,base,32600,32601,32601.0,0.3970557499997085,85.14577710948755,-3709.0,-3176.0
exp_kp_001,SA_KP[base]_n100_inst4_run1,base,32800,32801,32801.0,0.3993769580119988,85.14577710948755,-3709.0,-2866.0
exp_kp_001,SA_KP[base]_n100_inst4_run1,base,33000,33001,33001.0,0.40189308300614357,85.14577710948755,-3709.0,-3159.0
exp_kp_001,SA_KP[base]_n100_inst4_run1,base,33200,33201,33201.0,0.4043450830067741,85.14577710948755,-3709.0,-3095.0
exp_kp_001,SA_KP[base]_n100_inst4_run1,base,33400,33401,33401.0,0.4067475000047125,85.14577710948755,-3709.0,-3180.0
exp_kp_001,SA_KP[base]_n100_inst4_run1,base,33600,33601,33601.0,0.4092181250016438,85.14577710948755,-3709.0,-3427.0
exp_kp_001,SA_KP[base]_n100_inst4_run1,base,33800,33801,33801.0,0.41161054201074876,85.14577710948755,-3709.0,-2992.0
exp_kp_001,SA_KP[base]_n100_inst4_run1,base,34000,34001,34001.0,0.4140834999998333,85.14577710948755,-3709.0,-3021.0
exp_kp_001,SA_KP[base]_n100_inst4_run1,base,34200,34201,34201.0,0.41653441700327676,84.29431933839268,-3709.0,-3386.0
exp_kp_001,SA_KP[base]_n100_inst4_run1,base,34400,34401,34401.0,0.41897008300293237,84.29431933839268,-3709.0,-3060.0
exp_kp_001,SA_KP[base]_n100_inst4_run1,base,34600,34601,34601.0,0.42137437500059605,84.29431933839268,-3709.0,-3131.0
exp_kp_001,SA_KP[base]_n100_inst4_run1,base,34800,34801,34801.0,0.4237851670040982,84.29431933839268,-3709.0,-2918.0
exp_kp_001,SA_KP[base]_n100_inst4_run1,base,35000,35001,35001.0,0.42624675000843126,84.29431933839268,-3709.0,-3240.0
exp_kp_001,SA_KP[base]_n100_inst4_run1,base,35200,35201,35201.0,0.42877408300410025,84.29431933839268,-3709.0,-3260.0
exp_kp_001,SA_KP[base]_n100_inst4_run1,base,35400,35401,35401.0,0.4311738329997752,84.29431933839268,-3709.0,-3180.0
exp_kp_001,SA_KP[base]_n100_inst4_run1,base,35600,35601,35601.0,0.43380191700998694,84.29431933839268,-3709.0,-3128.0
exp_kp_001,SA_KP[base]_n100_inst4_run1,base,35800,35801,35801.0,0.4364187080063857,84.29431933839268,-3709.0,-3408.0
exp_kp_001,SA_KP[base]_n100_inst4_run1,base,36000,36001,36001.0,0.4389292920095613,84.29431933839268,-3709.0,-2873.0
exp_kp_001,SA_KP[base]_n100_inst4_run1,base,36200,36201,36201.0,0.4414895830122987,83.45137614500875,-3709.0,-3134.0
exp_kp_001,SA_KP[base]_n100_inst4_run1,base,36400,36401,36401.0,0.4439312080066884,83.45137614500875,-3709.0,-2823.0
exp_kp_001,SA_KP[base]_n100_inst4_run1,base,36600,36601,36601.0,0.44637079200765584,83.45137614500875,-3709.0,-3103.0
exp_kp_001,SA_KP[base]_n100_inst4_run1,base,36800,36801,36801.0,0.4487029580050148,83.45137614500875,-3709.0,-2717.0
exp_kp_001,SA_KP[base]_n100_inst4_run1,base,37000,37001,37001.0,0.45117170800222084,83.45137614500875,-3709.0,-3204.0
exp_kp_001,SA_KP[base]_n100_inst4_run1,base,37200,37201,37201.0,0.4534812080091797,83.45137614500875,-3709.0,-3048.0
exp_kp_001,SA_KP[base]_n100_inst4_run1,base,37400,37401,37401.0,0.455921708009555,83.45137614500875,-3709.0,-3138.0
exp_kp_001,SA_KP[base]_n100_inst4_run1,base,37600,37601,37601.0,0.45820566700422205,83.45137614500875,-3709.0,-2828.0
exp_kp_001,SA_KP[base]_n100_inst4_run1,base,37800,37801,37801.0,0.46070341700396966,83.45137614500875,-3709.0,-3102.0
exp_kp_001,SA_KP[base]_n100_inst4_run1,base,38000,38001,38001.0,0.46313250000821427,83.45137614500875,-3709.0,-3129.0
exp_kp_001,SA_KP[base]_n100_inst4_run1,base,38200,38201,38201.0,0.4655978750088252,82.61686238355867,-3709.0,-3445.0
exp_kp_001,SA_KP[base]_n100_inst4_run1,base,38400,38401,38401.0,0.46853579200978857,82.61686238355867,-3709.0,-3209.0
exp_kp_001,SA_KP[base]_n100_inst4_run1,base,38600,38601,38601.0,0.4711657920124708,82.61686238355867,-3709.0,-3161.0
exp_kp_001,SA_KP[base]_n100_inst4_run1,base,38800,38801,38801.0,0.47374970800592564,82.61686238355867,-3709.0,-3342.0
exp_kp_001,SA_KP[base]_n100_inst4_run1,base,39000,39001,39001.0,0.47613312500470784,82.61686238355867,-3709.0,-2965.0
exp_kp_001,SA_KP[base]_n100_inst4_run1,base,39200,39201,39201.0,0.47854187501070555,82.61686238355867,-3709.0,-3318.0
exp_kp_001,SA_KP[base]_n100_inst4_run1,base,39400,39401,39401.0,0.48106258299958427,82.61686238355867,-3709.0,-2976.0
exp_kp_001,SA_KP[base]_n100_inst4_run1,base,39600,39601,39601.0,0.48335633300303016,82.61686238355867,-3709.0,-2951.0
exp_kp_001,SA_KP[base]_n100_inst4_run1,base,39800,39801,39801.0,0.4856338750105351,82.61686238355867,-3709.0,-2785.0
exp_kp_001,SA_KP[base]_n100_inst4_run1,base,40000,40001,40001.0,0.48799641701043583,82.61686238355867,-3709.0,-2577.0
exp_kp_001,SA_KP[base]_n100_inst4_run1,base,40200,40201,40201.0,0.49057954200543463,81.79069375972308,-3709.0,-3288.0
exp_kp_001,SA_KP[base]_n100_inst4_run1,base,40400,40401,40401.0,0.493133250012761,81.79069375972308,-3709.0,-3283.0
exp_kp_001,SA_KP[base]_n100_inst4_run1,base,40600,40601,40601.0,0.49549779201333877,81.79069375972308,-3709.0,-3006.0
exp_kp_001,SA_KP[base]_n100_inst4_run1,base,40800,40801,40801.0,0.4980427080008667,81.79069375972308,-3709.0,-3136.0
exp_kp_001,SA_KP[base]_n100_inst4_run1,base,41000,41001,41001.0,0.5003755420038942,81.79069375972308,-3709.0,-2878.0
exp_kp_001,SA_KP[base]_n100_inst4_run1,base,41200,41201,41201.0,0.5028680000104941,81.79069375972308,-3709.0,-3344.0
exp_kp_001,SA_KP[base]_n100_inst4_run1,base,41400,41401,41401.0,0.5053043330117362,81.79069375972308,-3709.0,-2964.0
exp_kp_001,SA_KP[base]_n100_inst4_run1,base,41600,41601,41601.0,0.5078331250115298,81.79069375972308,-3709.0,-3103.0
exp_kp_001,SA_KP[base]_n100_inst4_run1,base,41800,41801,41801.0,0.5103838750073919,81.79069375972308,-3709.0,-3256.0
exp_kp_001,SA_KP[base]_n100_inst4_run1,base,42000,42001,42001.0,0.5129146670078626,81.79069375972308,-3709.0,-3151.0
exp_kp_001,SA_KP[base]_n100_inst4_run1,base,42200,42201,42201.0,0.5153993330022786,80.97278682212585,-3709.0,-3189.0
exp_kp_001,SA_KP[base]_n100_inst4_run1,base,42400,42401,42401.0,0.5177607080113376,80.97278682212585,-3709.0,-3142.0
exp_kp_001,SA_KP[base]_n100_inst4_run1,base,42600,42601,42601.0,0.5203371670068009,80.97278682212585,-3709.0,-3226.0
exp_kp_001,SA_KP[base]_n100_inst4_run1,base,42800,42801,42801.0,0.5227914170100121,80.97278682212585,-3709.0,-2867.0
exp_kp_001,SA_KP[base]_n100_inst4_run1,base,43000,43001,43001.0,0.5252013330027694,80.97278682212585,-3709.0,-3208.0
exp_kp_001,SA_KP[base]_n100_inst4_run1,base,43200,43201,43201.0,0.5275224580109352,80.97278682212585,-3709.0,-2816.0
exp_kp_001,SA_KP[base]_n100_inst4_run1,base,43400,43401,43401.0,0.5299346250103554,80.97278682212585,-3709.0,-2909.0
exp_kp_001,SA_KP[base]_n100_inst4_run1,base,43600,43601,43601.0,0.5325211670133285,80.97278682212585,-3709.0,-3482.0
exp_kp_001,SA_KP[base]_n100_inst4_run1,base,43800,43801,43801.0,0.5349990000104299,80.97278682212585,-3709.0,-2834.0
exp_kp_001,SA_KP[base]_n100_inst4_run1,base,44000,44001,44001.0,0.5374028330115834,80.97278682212585,-3709.0,-3176.0
exp_kp_001,SA_KP[base]_n100_inst4_run1,base,44200,44201,44201.0,0.5397834580071503,80.1630589539046,-3709.0,-3095.0
exp_kp_001,SA_KP[base]_n100_inst4_run1,base,44400,44401,44401.0,0.5422256250021746,80.1630589539046,-3709.0,-3404.0
exp_kp_001,SA_KP[base]_n100_inst4_run1,base,44600,44601,44601.0,0.5446826250117738,80.1630589539046,-3709.0,-3438.0
exp_kp_001,SA_KP[base]_n100_inst4_run1,base,44800,44801,44801.0,0.5471145000046818,80.1630589539046,-3709.0,-2852.0
exp_kp_001,SA_KP[base]_n100_inst4_run1,base,45000,45001,45001.0,0.5495843750104541,80.1630589539046,-3709.0,-3248.0
exp_kp_001,SA_KP[base]_n100_inst4_run1,base,45200,45201,45201.0,0.5521179580100579,80.1630589539046,-3709.0,-3201.0
exp_kp_001,SA_KP[base]_n100_inst4_run1,base,45400,45401,45401.0,0.5545883330050856,80.1630589539046,-3709.0,-3090.0
exp_kp_001,SA_KP[base]_n100_inst4_run1,base,45600,45601,45601.0,0.5572092500078725,80.1630589539046,-3709.0,-3009.0
exp_kp_001,SA_KP[base]_n100_inst4_run1,base,45800,45801,45801.0,0.5597864580049645,80.1630589539046,-3709.0,-3211.0
exp_kp_001,SA_KP[base]_n100_inst4_run1,base,46000,46001,46001.0,0.5622305830038385,80.1630589539046,-3709.0,-3007.0
exp_kp_001,SA_KP[base]_n100_inst4_run1,base,46200,46201,46201.0,0.5648357080062851,79.36142836436555,-3709.0,-3404.0
exp_kp_001,SA_KP[base]_n100_inst4_run1,base,46400,46401,46401.0,0.5673438330122735,79.36142836436555,-3709.0,-3038.0
exp_kp_001,SA_KP[base]_n100_inst4_run1,base,46600,46601,46601.0,0.569836499998928,79.36142836436555,-3709.0,-3334.0
exp_kp_001,SA_KP[base]_n100_inst4_run1,base,46800,46801,46801.0,0.5723782499990193,79.36142836436555,-3709.0,-3443.0
exp_kp_001,SA_KP[base]_n100_inst4_run1,base,47000,47001,47001.0,0.574834875005763,79.36142836436555,-3709.0,-3000.0
exp_kp_001,SA_KP[base]_n100_inst4_run1,base,47200,47201,47201.0,0.5774207920039771,79.36142836436555,-3709.0,-3384.0
exp_kp_001,SA_KP[base]_n100_inst4_run1,base,47400,47401,47401.0,0.5798105420108186,79.36142836436555,-3709.0,-2963.0
exp_kp_001,SA_KP[base]_n100_inst4_run1,base,47600,47601,47601.0,0.5823753750009928,79.36142836436555,-3709.0,-3066.0
exp_kp_001,SA_KP[base]_n100_inst4_run1,base,47800,47801,47801.0,0.5847726250067353,79.36142836436555,-3709.0,-3103.0
exp_kp_001,SA_KP[base]_n100_inst4_run1,base,48000,48001,48001.0,0.5873595420125639,79.36142836436555,-3709.0,-3179.0
exp_kp_001,SA_KP[base]_n100_inst4_run1,base,48200,48201,48201.0,0.5896856670005945,78.56781408072189,-3709.0,-2725.0
exp_kp_001,SA_KP[base]_n100_inst4_run1,base,48400,48401,48401.0,0.5920107920101145,78.56781408072189,-3709.0,-2886.0
exp_kp_001,SA_KP[base]_n100_inst4_run1,base,48600,48601,48601.0,0.5946274170128163,78.56781408072189,-3709.0,-2965.0
exp_kp_001,SA_KP[base]_n100_inst4_run1,base,48800,48801,48801.0,0.5970021670073038,78.56781408072189,-3709.0,-3016.0
exp_kp_001,SA_KP[base]_n100_inst4_run1,base,49000,49001,49001.0,0.5993783330050064,78.56781408072189,-3709.0,-3304.0
exp_kp_001,SA_KP[base]_n100_inst4_run1,base,49200,49201,49201.0,0.6019216250133468,78.56781408072189,-3709.0,-3328.0
exp_kp_001,SA_KP[base]_n100_inst4_run1,base,49400,49401,49401.0,0.6042899170133751,78.56781408072189,-3709.0,-3260.0
exp_kp_001,SA_KP[base]_n100_inst4_run1,base,49600,49601,49601.0,0.606846750000841,78.56781408072189,-3709.0,-3123.0
exp_kp_001,SA_KP[base]_n100_inst4_run1,base,49800,49801,49801.0,0.6092432500008726,78.56781408072189,-3709.0,-3129.0
exp_kp_001,SA_KP[base]_n100_inst4_run1,base,49999,50000,50000.0,0.6117019580124179,0.00099,-3709.0,-3424.0
exp_kp_001,SA_KP[base]_n100_inst4_run2,base,0,1,1.0,1.0207993909716606e-05,100.0,-2156.0,-2156.0
exp_kp_001,SA_KP[base]_n100_inst4_run2,base,200,201,201.0,0.00244583300082013,100.0,-3104.0,-2848.0
exp_kp_001,SA_KP[base]_n100_inst4_run2,base,400,401,401.0,0.004743666999274865,100.0,-3153.0,-2780.0
exp_kp_001,SA_KP[base]_n100_inst4_run2,base,600,601,601.0,0.007155458006309345,100.0,-3397.0,-2928.0
exp_kp_001,SA_KP[base]_n100_inst4_run2,base,800,801,801.0,0.009434874998987652,100.0,-3397.0,-3187.0
exp_kp_001,SA_KP[base]_n100_inst4_run2,base,1000,1001,1001.0,0.01194545799808111,100.0,-3449.0,-3094.0
exp_kp_001,SA_KP[base]_n100_inst4_run2,base,1200,1201,1201.0,0.014248207997297868,100.0,-3449.0,-2921.0
exp_kp_001,SA_KP[base]_n100_inst4_run2,base,1400,1401,1401.0,0.01661883300403133,100.0,-3449.0,-2461.0
exp_kp_001,SA_KP[base]_n100_inst4_run2,base,1600,1601,1601.0,0.018985917005920783,100.0,-3449.0,-2917.0
exp_kp_001,SA_KP[base]_n100_inst4_run2,base,1800,1801,1801.0,0.021457374998135492,100.0,-3449.0,-3267.0
exp_kp_001,SA_KP[base]_n100_inst4_run2,base,2000,2001,2001.0,0.023957416997291148,100.0,-3449.0,-2705.0
exp_kp_001,SA_KP[base]_n100_inst4_run2,base,2200,2201,2201.0,0.02628545800689608,99.0,-3449.0,-2523.0
exp_kp_001,SA_KP[base]_n100_inst4_run2,base,2400,2401,2401.0,0.028754124999977648,99.0,-3449.0,-2883.0
exp_kp_001,SA_KP[base]_n100_inst4_run2,base,2600,2601,2601.0,0.031219208001857623,99.0,-3449.0,-2959.0
exp_kp_001,SA_KP[base]_n100_inst4_run2,base,2800,2801,2801.0,0.03362695800024085,99.0,-3449.0,-3066.0
exp_kp_001,SA_KP[base]_n100_inst4_run2,base,3000,3001,3001.0,0.03608345800603274,99.0,-3449.0,-3331.0
exp_kp_001,SA_KP[base]_n100_inst4_run2,base,3200,3201,3201.0,0.03839570800482761,99.0,-3465.0,-3233.0
exp_kp_001,SA_KP[base]_n100_inst4_run2,base,3400,3401,3401.0,0.040708333006477915,99.0,-3465.0,-2791.0
exp_kp_001,SA_KP[base]_n100_inst4_run2,base,3600,3601,3601.0,0.043087500002002344,99.0,-3465.0,-2854.0
exp_kp_001,SA_KP[base]_n100_inst4_run2,base,3800,3801,3801.0,0.04530108299513813,99.0,-3465.0,-3051.0
exp_kp_001,SA_KP[base]_n100_inst4_run2,base,4000,4001,4001.0,0.047782875000848435,99.0,-3465.0,-2805.0
exp_kp_001,SA_KP[base]_n100_inst4_run2,base,4200,4201,4201.0,0.050033207997330464,98.01,-3465.0,-2882.0
exp_kp_001,SA_KP[base]_n100_inst4_run2,base,4400,4401,4401.0,0.05245120800100267,98.01,-3526.0,-2967.0
exp_kp_001,SA_KP[base]_n100_inst4_run2,base,4600,4601,4601.0,0.055025499998009764,98.01,-3526.0,-2845.0
exp_kp_001,SA_KP[base]_n100_inst4_run2,base,4800,4801,4801.0,0.05744987500656862,98.01,-3526.0,-2771.0
exp_kp_001,SA_KP[base]_n100_inst4_run2,base,5000,5001,5001.0,0.05971754199708812,98.01,-3526.0,-3020.0
exp_kp_001,SA_KP[base]_n100_inst4_run2,base,5200,5201,5201.0,0.062150832993211225,98.01,-3526.0,-3148.0
exp_kp_001,SA_KP[base]_n100_inst4_run2,base,5400,5401,5401.0,0.06436404200212564,98.01,-3526.0,-2421.0
exp_kp_001,SA_KP[base]_n100_inst4_run2,base,5600,5601,5601.0,0.0668460419983603,98.01,-3526.0,-3396.0
exp_kp_001,SA_KP[base]_n100_inst4_run2,base,5800,5801,5801.0,0.06917704199440777,98.01,-3526.0,-2727.0
exp_kp_001,SA_KP[base]_n100_inst4_run2,base,6000,6001,6001.0,0.07172045799961779,98.01,-3526.0,-3175.0
exp_kp_001,SA_KP[base]_n100_inst4_run2,base,6200,6201,6201.0,0.07415554199542385,97.0299,-3526.0,-3285.0
exp_kp_001,SA_KP[base]_n100_inst4_run2,base,6400,6401,6401.0,0.07662766700377688,97.0299,-3526.0,-3022.0
exp_kp_001,SA_KP[base]_n100_inst4_run2,base,6600,6601,6601.0,0.07907887500186916,97.0299,-3526.0,-2908.0
exp_kp_001,SA_KP[base]_n100_inst4_run2,base,6800,6801,6801.0,0.0817542080039857,97.0299,-3526.0,-3240.0
exp_kp_001,SA_KP[base]_n100_inst4_run2,base,7000,7001,7001.0,0.08402824999939185,97.0299,-3526.0,-3226.0
exp_kp_001,SA_KP[base]_n100_inst4_run2,base,7200,7201,7201.0,0.08637233299668878,97.0299,-3526.0,-2994.0
exp_kp_001,SA_KP[base]_n100_inst4_run2,base,7400,7401,7401.0,0.08866808300081175,97.0299,-3526.0,-2915.0
exp_kp_001,SA_KP[base]_n100_inst4_run2,base,7600,7601,7601.0,0.09107741700427141,97.0299,-3526.0,-2853.0
exp_kp_001,SA_KP[base]_n100_inst4_run2,base,7800,7801,7801.0,0.09341474999382626,97.0299,-3526.0,-2897.0
exp_kp_001,SA_KP[base]_n100_inst4_run2,base,8000,8001,8001.0,0.09573745800298639,97.0299,-3526.0,-2748.0
exp_kp_001,SA_KP[base]_n100_inst4_run2,base,8200,8201,8201.0,0.0982095420040423,96.059601,-3526.0,-2996.0
exp_kp_001,SA_KP[base]_n100_inst4_run2,base,8400,8401,8401.0,0.10055641700455453,96.059601,-3526.0,-2771.0
exp_kp_001,SA_KP[base]_n100_inst4_run2,base,8600,8601,8601.0,0.10302395799953956,96.059601,-3526.0,-3035.0
exp_kp_001,SA_KP[base]_n100_inst4_run2,base,8800,8801,8801.0,0.1055566249997355,96.059601,-3526.0,-3182.0
exp_kp_001,SA_KP[base]_n100_inst4_run2,base,9000,9001,9001.0,0.10781654200400226,96.059601,-3526.0,-2826.0
exp_kp_001,SA_KP[base]_n100_inst4_run2,base,9200,9201,9201.0,0.11006195799564011,96.059601,-3526.0,-3144.0
exp_kp_001,SA_KP[base]_n100_inst4_run2,base,9400,9401,9401.0,0.11269125000399072,96.059601,-3533.0,-2955.0
exp_kp_001,SA_KP[base]_n100_inst4_run2,base,9600,9601,9601.0,0.11501533299451694,96.059601,-3533.0,-3172.0
exp_kp_001,SA_KP[base]_n100_inst4_run2,base,9800,9801,9801.0,0.11737570799596142,96.059601,-3533.0,-2852.0
exp_kp_001,SA_KP[base]_n100_inst4_run2,base,10000,10001,10001.0,0.11999775000731461,96.059601,-3533.0,-2945.0
exp_kp_001,SA_KP[base]_n100_inst4_run2,base,10200,10201,10201.0,0.12238179199630395,95.09900499,-3533.0,-2545.0
exp_kp_001,SA_KP[base]_n100_inst4_run2,base,10400,10401,10401.0,0.12471629200445022,95.09900499,-3533.0,-2802.0
exp_kp_001,SA_KP[base]_n100_inst4_run2,base,10600,10601,10601.0,0.12720920800347812,95.09900499,-3533.0,-3144.0
exp_kp_001,SA_KP[base]_n100_inst4_run2,base,10800,10801,10801.0,0.12975079199532047,95.09900499,-3533.0,-3217.0
exp_kp_001,SA_KP[base]_n100_inst4_run2,base,11000,11001,11001.0,0.13214337499812245,95.09900499,-3533.0,-2655.0
exp_kp_001,SA_KP[base]_n100_inst4_run2,base,11200,11201,11201.0,0.13444862500182353,95.09900499,-3533.0,-2896.0
exp_kp_001,SA_KP[base]_n100_inst4_run2,base,11400,11401,11401.0,0.13668595800118055,95.09900499,-3533.0,-3029.0
exp_kp_001,SA_KP[base]_n100_inst4_run2,base,11600,11601,11601.0,0.13905845799308736,95.09900499,-3533.0,-2910.0
exp_kp_001,SA_KP[base]_n100_inst4_run2,base,11800,11801,11801.0,0.1412432500073919,95.09900499,-3533.0,-2601.0
exp_kp_001,SA_KP[base]_n100_inst4_run2,base,12000,12001,12001.0,0.14354904199717566,95.09900499,-3533.0,-2868.0
exp_kp_001,SA_KP[base]_n100_inst4_run2,base,12200,12201,12201.0,0.1459306250035297,94.1480149401,-3533.0,-3160.0
exp_kp_001,SA_KP[base]_n100_inst4_run2,base,12400,12401,12401.0,0.148316207996686,94.1480149401,-3533.0,-2999.0
exp_kp_001,SA_KP[base]_n100_inst4_run2,base,12600,12601,12601.0,0.15075966699805576,94.1480149401,-3533.0,-2863.0
exp_kp_001,SA_KP[base]_n100_inst4_run2,base,12800,12801,12801.0,0.1533700419968227,94.1480149401,-3533.0,-2940.0
exp_kp_001,SA_KP[base]_n100_inst4_run2,base,13000,13001,13001.0,0.1558821250073379,94.1480149401,-3533.0,-3081.0
exp_kp_001,SA_KP[base]_n100_inst4_run2,base,13200,13201,13201.0,0.15817125000467058,94.1480149401,-3533.0,-3068.0
exp_kp_001,SA_KP[base]_n100_inst4_run2,base,13400,13401,13401.0,0.16047016700031236,94.1480149401,-3533.0,-2982.0
exp_kp_001,SA_KP[base]_n100_inst4_run2,base,13600,13601,13601.0,0.16278166699339636,94.1480149401,-3533.0,-3027.0
exp_kp_001,SA_KP[base]_n100_inst4_run2,base,13800,13801,13801.0,0.16528391699830536,94.1480149401,-3533.0,-3310.0
exp_kp_001,SA_KP[base]_n100_inst4_run2,base,14000,14001,14001.0,0.16779045799921732,94.1480149401,-3533.0,-3043.0
exp_kp_001,SA_KP[base]_n100_inst4_run2,base,14200,14201,14201.0,0.17020387499360368,93.206534790699,-3533.0,-2703.0
exp_kp_001,SA_KP[base]_n100_inst4_run2,base,14400,14401,14401.0,0.17268025000521448,93.206534790699,-3533.0,-2734.0
exp_kp_001,SA_KP[base]_n100_inst4_run2,base,14600,14601,14601.0,0.1752000419946853,93.206534790699,-3533.0,-3328.0
exp_kp_001,SA_KP[base]_n100_inst4_run2,base,14800,14801,14801.0,0.17762129199400079,93.206534790699,-3533.0,-2813.0
exp_kp_001,SA_KP[base]_n100_inst4_run2,base,15000,15001,15001.0,0.17996991699328646,93.206534790699,-3533.0,-2873.0
exp_kp_001,SA_KP[base]_n100_inst4_run2,base,15200,15201,15201.0,0.18237045800196938,93.206534790699,-3533.0,-2703.0
exp_kp_001,SA_KP[base]_n100_inst4_run2,base,15400,15401,15401.0,0.18468024999310728,93.206534790699,-3533.0,-3267.0
exp_kp_001,SA_KP[base]_n100_inst4_run2,base,15600,15601,15601.0,0.18721062499389518,93.206534790699,-3533.0,-3288.0
exp_kp_001,SA_KP[base]_n100_inst4_run2,base,15800,15801,15801.0,0.1896203750075074,93.206534790699,-3533.0,-2961.0
exp_kp_001,SA_KP[base]_n100_inst4_run2,base,16000,16001,16001.0,0.1920132920058677,93.206534790699,-3533.0,-2942.0
exp_kp_001,SA_KP[base]_n100_inst4_run2,base,16200,16201,16201.0,0.19444716699945275,92.27446944279201,-3533.0,-2940.0
exp_kp_001,SA_KP[base]_n100_inst4_run2,base,16400,16401,16401.0,0.19694737500685733,92.27446944279201,-3533.0,-2811.0
exp_kp_001,SA_KP[base]_n100_inst4_run2,base,16600,16601,16601.0,0.19945383300364483,92.27446944279201,-3533.0,-2960.0
exp_kp_001,SA_KP[base]_n100_inst4_run2,base,16800,16801,16801.0,0.2019781669951044,92.27446944279201,-3533.0,-3077.0
exp_kp_001,SA_KP[base]_n100_inst4_run2,base,17000,17001,17001.0,0.2042822920047911,92.27446944279201,-3533.0,-2870.0
exp_kp_001,SA_KP[base]_n100_inst4_run2,base,17200,17201,17201.0,0.20684183300181758,92.27446944279201,-3568.0,-3321.0
exp_kp_001,SA_KP[base]_n100_inst4_run2,base,17400,17401,17401.0,0.2094163750007283,92.27446944279201,-3568.0,-3231.0
exp_kp_001,SA_KP[base]_n100_inst4_run2,base,17600,17601,17601.0,0.2119859170052223,92.27446944279201,-3568.0,-2743.0
exp_kp_001,SA_KP[base]_n100_inst4_run2,base,17800,17801,17801.0,0.2144579580053687,92.27446944279201,-3568.0,-2974.0
exp_kp_001,SA_KP[base]_n100_inst4_run2,base,18000,18001,18001.0,0.2169046250055544,92.27446944279201,-3568.0,-3079.0
exp_kp_001,SA_KP[base]_n100_inst4_run2,base,18200,18201,18201.0,0.21948883299774025,91.35172474836409,-3568.0,-2931.0
exp_kp_001,SA_KP[base]_n100_inst4_run2,base,18400,18401,18401.0,0.22198849999404047,91.35172474836409,-3568.0,-2804.0
exp_kp_001,SA_KP[base]_n100_inst4_run2,base,18600,18601,18601.0,0.22444691699638497,91.35172474836409,-3568.0,-2929.0
exp_kp_001,SA_KP[base]_n100_inst4_run2,base,18800,18801,18801.0,0.22671324999828357,91.35172474836409,-3568.0,-2890.0
exp_kp_001,SA_KP[base]_n100_inst4_run2,base,19000,19001,19001.0,0.2291339999937918,91.35172474836409,-3568.0,-2865.0
exp_kp_001,SA_KP[base]_n100_inst4_run2,base,19200,19201,19201.0,0.23168812500080094,91.35172474836409,-3568.0,-3232.0
exp_kp_001,SA_KP[base]_n100_inst4_run2,base,19400,19401,19401.0,0.23416150000412017,91.35172474836409,-3568.0,-3491.0
exp_kp_001,SA_KP[base]_n100_inst4_run2,base,19600,19601,19601.0,0.23670291699818335,91.35172474836409,-3568.0,-3263.0
exp_kp_001,SA_KP[base]_n100_inst4_run2,base,19800,19801,19801.0,0.23918666699319147,91.35172474836409,-3568.0,-3040.0
exp_kp_001,SA_KP[base]_n100_inst4_run2,base,20000,20001,20001.0,0.24175850000756327,91.35172474836409,-3568.0,-2915.0
exp_kp_001,SA_KP[base]_n100_inst4_run2,base,20200,20201,20201.0,0.24433312499604654,90.43820750088045,-3568.0,-3236.0
exp_kp_001,SA_KP[base]_n100_inst4_run2,base,20400,20401,20401.0,0.246795667000697,90.43820750088045,-3568.0,-3228.0
exp_kp_001,SA_KP[base]_n100_inst4_run2,base,20600,20601,20601.0,0.24932699999772012,90.43820750088045,-3568.0,-3069.0
exp_kp_001,SA_KP[base]_n100_inst4_run2,base,20800,20801,20801.0,0.25205170799745247,90.43820750088045,-3568.0,-3134.0
exp_kp_001,SA_KP[base]_n100_inst4_run2,base,21000,21001,21001.0,0.25439304200699553,90.43820750088045,-3568.0,-3086.0
exp_kp_001,SA_KP[base]_n100_inst4_run2,base,21200,21201,21201.0,0.2568379169970285,90.43820750088045,-3568.0,-2838.0
exp_kp_001,SA_KP[base]_n100_inst4_run2,base,21400,21401,21401.0,0.25980349999736063,90.43820750088045,-3568.0,-2741.0
exp_kp_001,SA_KP[base]_n100_inst4_run2,base,21600,21601,21601.0,0.2625942080048844,90.43820750088045,-3568.0,-2823.0
exp_kp_001,SA_KP[base]_n100_inst4_run2,base,21800,21801,21801.0,0.26507512500393204,90.43820750088045,-3568.0,-2777.0
exp_kp_001,SA_KP[base]_n100_inst4_run2,base,22000,22001,22001.0,0.26757679200090934,90.43820750088045,-3568.0,-2930.0
exp_kp_001,SA_KP[base]_n100_inst4_run2,base,22200,22201,22201.0,0.2701637499994831,89.53382542587164,-3568.0,-3321.0
exp_kp_001,SA_KP[base]_n100_inst4_run2,base,22400,22401,22401.0,0.2726245420053601,89.53382542587164,-3568.0,-2886.0
exp_kp_001,SA_KP[base]_n100_inst4_run2,base,22600,22601,22601.0,0.27495841699419543,89.53382542587164,-3568.0,-3271.0
exp_kp_001,SA_KP[base]_n100_inst4_run2,base,22800,22801,22801.0,0.2775668329995824,89.53382542587164,-3568.0,-2707.0
exp_kp_001,SA_KP[base]_n100_inst4_run2,base,23000,23001,23001.0,0.28013308299705386,89.53382542587164,-3568.0,-3106.0
exp_kp_001,SA_KP[base]_n100_inst4_run2,base,23200,23201,23201.0,0.2826311670069117,89.53382542587164,-3568.0,-2917.0
exp_kp_001,SA_KP[base]_n100_inst4_run2,base,23400,23401,23401.0,0.28603362500143703,89.53382542587164,-3568.0,-3132.0
exp_kp_001,SA_KP[base]_n100_inst4_run2,base,23600,23601,23601.0,0.2886406250036089,89.53382542587164,-3568.0,-3199.0
exp_kp_001,SA_KP[base]_n100_inst4_run2,base,23800,23801,23801.0,0.29094849999819417,89.53382542587164,-3568.0,-3057.0
exp_kp_001,SA_KP[base]_n100_inst4_run2,base,24000,24001,24001.0,0.29358512499311473,89.53382542587164,-3568.0,-3074.0
exp_kp_001,SA_KP[base]_n100_inst4_run2,base,24200,24201,24201.0,0.29625316700548865,88.63848717161292,-3568.0,-2446.0
exp_kp_001,SA_KP[base]_n100_inst4_run2,base,24400,24401,24401.0,0.29869549999420997,88.63848717161292,-3568.0,-2732.0
exp_kp_001,SA_KP[base]_n100_inst4_run2,base,24600,24601,24601.0,0.30143974999373313,88.63848717161292,-3568.0,-3097.0
exp_kp_001,SA_KP[base]_n100_inst4_run2,base,24800,24801,24801.0,0.3039642079966143,88.63848717161292,-3568.0,-3049.0
exp_kp_001,SA_KP[base]_n100_inst4_run2,base,25000,25001,25001.0,0.3064247080037603,88.63848717161292,-3568.0,-3153.0
exp_kp_001,SA_KP[base]_n100_inst4_run2,base,25200,25201,25201.0,0.3088671669975156,88.63848717161292,-3568.0,-2861.0
exp_kp_001,SA_KP[base]_n100_inst4_run2,base,25400,25401,25401.0,0.3112989170040237,88.63848717161292,-3568.0,-3018.0
exp_kp_001,SA_KP[base]_n100_inst4_run2,base,25600,25601,25601.0,0.3138268750044517,88.63848717161292,-3568.0,-2985.0
exp_kp_001,SA_KP[base]_n100_inst4_run2,base,25800,25801,25801.0,0.3163511250022566,88.63848717161292,-3568.0,-2907.0
exp_kp_001,SA_KP[base]_n100_inst4_run2,base,26000,26001,26001.0,0.31907391699496657,88.63848717161292,-3568.0,-3012.0
exp_kp_001,SA_KP[base]_n100_inst4_run2,base,26200,26201,26201.0,0.3214408329949947,87.75210229989679,-3568.0,-3077.0
exp_kp_001,SA_KP[base]_n100_inst4_run2,base,26400,26401,26401.0,0.32391541700053494,87.75210229989679,-3568.0,-2936.0
exp_kp_001,SA_KP[base]_n100_inst4_run2,base,26600,26601,26601.0,0.32640070799971,87.75210229989679,-3568.0,-3418.0
exp_kp_001,SA_KP[base]_n100_inst4_run2,base,26800,26801,26801.0,0.3288364580075722,87.75210229989679,-3568.0,-2988.0
exp_kp_001,SA_KP[base]_n100_inst4_run2,base,27000,27001,27001.0,0.3313192500063451,87.75210229989679,-3568.0,-3128.0
exp_kp_001,SA_KP[base]_n100_inst4_run2,base,27200,27201,27201.0,0.3337575420009671,87.75210229989679,-3568.0,-3148.0
exp_kp_001,SA_KP[base]_n100_inst4_run2,base,27400,27401,27401.0,0.33630754200567026,87.75210229989679,-3568.0,-3222.0
exp_kp_001,SA_KP[base]_n100_inst4_run2,base,27600,27601,27601.0,0.33876487500674557,87.75210229989679,-3568.0,-2954.0
exp_kp_001,SA_KP[base]_n100_inst4_run2,base,27800,27801,27801.0,0.34117491700453684,87.75210229989679,-3568.0,-3027.0
exp_kp_001,SA_KP[base]_n100_inst4_run2,base,28000,28001,28001.0,0.34395574999507517,87.75210229989679,-3568.0,-3265.0
exp_kp_001,SA_KP[base]_n100_inst4_run2,base,28200,28201,28201.0,0.3465628330013715,86.87458127689783,-3568.0,-2916.0
exp_kp_001,SA_KP[base]_n100_inst4_run2,base,28400,28401,28401.0,0.3491998749959748,86.87458127689783,-3568.0,-3075.0
exp_kp_001,SA_KP[base]_n100_inst4_run2,base,28600,28601,28601.0,0.3518063749943394,86.87458127689783,-3568.0,-2798.0
exp_kp_001,SA_KP[base]_n100_inst4_run2,base,28800,28801,28801.0,0.3562715830048546,86.87458127689783,-3568.0,-3076.0
exp_kp_001,SA_KP[base]_n100_inst4_run2,base,29000,29001,29001.0,0.360795667002094,86.87458127689783,-3568.0,-3219.0
exp_kp_001,SA_KP[base]_n100_inst4_run2,base,29200,29201,29201.0,0.3638587500026915,86.87458127689783,-3568.0,-3223.0
exp_kp_001,SA_KP[base]_n100_inst4_run2,base,29400,29401,29401.0,0.36668620799900964,86.87458127689783,-3568.0,-3052.0
exp_kp_001,SA_KP[base]_n100_inst4_run2,base,29600,29601,29601.0,0.3703001670073718,86.87458127689783,-3568.0,-2850.0
exp_kp_001,SA_KP[base]_n100_inst4_run2,base,29800,29801,29801.0,0.3732382080052048,86.87458127689783,-3568.0,-2966.0
exp_kp_001,SA_KP[base]_n100_inst4_run2,base,30000,30001,30001.0,0.3760848329984583,86.87458127689783,-3568.0,-3363.0
exp_kp_001,SA_KP[base]_n100_inst4_run2,base,30200,30201,30201.0,0.3787407079944387,86.00583546412885,-3568.0,-2860.0
exp_kp_001,SA_KP[base]_n100_inst4_run2,base,30400,30401,30401.0,0.3816759579931386,86.00583546412885,-3568.0,-3255.0
exp_kp_001,SA_KP[base]_n100_inst4_run2,base,30600,30601,30601.0,0.38461037499655504,86.00583546412885,-3568.0,-3087.0
exp_kp_001,SA_KP[base]_n100_inst4_run2,base,30800,30801,30801.0,0.3879076669982169,86.00583546412885,-3568.0,-2914.0
exp_kp_001,SA_KP[base]_n100_inst4_run2,base,31000,31001,31001.0,0.39072091699927114,86.00583546412885,-3568.0,-2994.0
exp_kp_001,SA_KP[base]_n100_inst4_run2,base,31200,31201,31201.0,0.3936614999984158,86.00583546412885,-3568.0,-3156.0
exp_kp_001,SA_KP[base]_n100_inst4_run2,base,31400,31401,31401.0,0.3964538750005886,86.00583546412885,-3568.0,-2969.0
exp_kp_001,SA_KP[base]_n100_inst4_run2,base,31600,31601,31601.0,0.3993057079933351,86.00583546412885,-3568.0,-3421.0
exp_kp_001,SA_KP[base]_n100_inst4_run2,base,31800,31801,31801.0,0.40243170800385997,86.00583546412885,-3568.0,-3300.0
exp_kp_001,SA_KP[base]_n100_inst4_run2,base,32000,32001,32001.0,0.40528183299466036,86.00583546412885,-3568.0,-2802.0
exp_kp_001,SA_KP[base]_n100_inst4_run2,base,32200,32201,32201.0,0.40779579199443106,85.14577710948755,-3568.0,-2722.0
exp_kp_001,SA_KP[base]_n100_inst4_run2,base,32400,32401,32401.0,0.41042304200527724,85.14577710948755,-3568.0,-2740.0
exp_kp_001,SA_KP[base]_n100_inst4_run2,base,32600,32601,32601.0,0.4130798749974929,85.14577710948755,-3568.0,-3052.0
exp_kp_001,SA_KP[base]_n100_inst4_run2,base,32800,32801,32801.0,0.4156670420052251,85.14577710948755,-3568.0,-3083.0
exp_kp_001,SA_KP[base]_n100_inst4_run2,base,33000,33001,33001.0,0.4195995829941239,85.14577710948755,-3568.0,-2804.0
exp_kp_001,SA_KP[base]_n100_inst4_run2,base,33200,33201,33201.0,0.42231612499745097,85.14577710948755,-3568.0,-3244.0
exp_kp_001,SA_KP[base]_n100_inst4_run2,base,33400,33401,33401.0,0.42485595800098963,85.14577710948755,-3568.0,-3008.0
exp_kp_001,SA_KP[base]_n100_inst4_run2,base,33600,33601,33601.0,0.4276954999950249,85.14577710948755,-3568.0,-3136.0
exp_kp_001,SA_KP[base]_n100_inst4_run2,base,33800,33801,33801.0,0.43036779199610464,85.14577710948755,-3568.0,-3118.0
exp_kp_001,SA_KP[base]_n100_inst4_run2,base,34000,34001,34001.0,0.4327671250066487,85.14577710948755,-3568.0,-2999.0
exp_kp_001,SA_KP[base]_n100_inst4_run2,base,34200,34201,34201.0,0.4351636250066804,84.29431933839268,-3568.0,-3145.0
exp_kp_001,SA_KP[base]_n100_inst4_run2,base,34400,34401,34401.0,0.4377713750000112,84.29431933839268,-3568.0,-2762.0
exp_kp_001,SA_KP[base]_n100_inst4_run2,base,34600,34601,34601.0,0.44017441700270865,84.29431933839268,-3568.0,-3140.0
exp_kp_001,SA_KP[base]_n100_inst4_run2,base,34800,34801,34801.0,0.4429085000010673,84.29431933839268,-3568.0,-3316.0
exp_kp_001,SA_KP[base]_n100_inst4_run2,base,35000,35001,35001.0,0.4456714580010157,84.29431933839268,-3568.0,-2955.0
exp_kp_001,SA_KP[base]_n100_inst4_run2,base,35200,35201,35201.0,0.4480926249962067,84.29431933839268,-3568.0,-3017.0
exp_kp_001,SA_KP[base]_n100_inst4_run2,base,35400,35401,35401.0,0.4504839580040425,84.29431933839268,-3568.0,-3160.0
exp_kp_001,SA_KP[base]_n100_inst4_run2,base,35600,35601,35601.0,0.45342604200413916,84.29431933839268,-3568.0,-2781.0
exp_kp_001,SA_KP[base]_n100_inst4_run2,base,35800,35801,35801.0,0.45601866699871607,84.29431933839268,-3568.0,-3208.0
exp_kp_001,SA_KP[base]_n100_inst4_run2,base,36000,36001,36001.0,0.4585550829942804,84.29431933839268,-3568.0,-3102.0
exp_kp_001,SA_KP[base]_n100_inst4_run2,base,36200,36201,36201.0,0.4613926669990178,83.45137614500875,-3568.0,-3195.0
exp_kp_001,SA_KP[base]_n100_inst4_run2,base,36400,36401,36401.0,0.4640144169970881,83.45137614500875,-3568.0,-3065.0
exp_kp_001,SA_KP[base]_n100_inst4_run2,base,36600,36601,36601.0,0.4665175419941079,83.45137614500875,-3568.0,-3298.0
exp_kp_001,SA_KP[base]_n100_inst4_run2,base,36800,36801,36801.0,0.46915699999954086,83.45137614500875,-3568.0,-3052.0
exp_kp_001,SA_KP[base]_n100_inst4_run2,base,37000,37001,37001.0,0.4716509580030106,83.45137614500875,-3680.0,-3397.0
exp_kp_001,SA_KP[base]_n100_inst4_run2,base,37200,37201,37201.0,0.47424854199925903,83.45137614500875,-3680.0,-3150.0
exp_kp_001,SA_KP[base]_n100_inst4_run2,base,37400,37401,37401.0,0.47710583299340215,83.45137614500875,-3680.0,-2986.0
exp_kp_001,SA_KP[base]_n100_inst4_run2,base,37600,37601,37601.0,0.4799979999952484,83.45137614500875,-3680.0,-3233.0
exp_kp_001,SA_KP[base]_n100_inst4_run2,base,37800,37801,37801.0,0.4825687080010539,83.45137614500875,-3680.0,-3084.0
exp_kp_001,SA_KP[base]_n100_inst4_run2,base,38000,38001,38001.0,0.4851254999957746,83.45137614500875,-3680.0,-3114.0
exp_kp_001,SA_KP[base]_n100_inst4_run2,base,38200,38201,38201.0,0.48772970799473114,82.61686238355867,-3680.0,-3179.0
exp_kp_001,SA_KP[base]_n100_inst4_run2,base,38400,38401,38401.0,0.49009379200288095,82.61686238355867,-3680.0,-2758.0
exp_kp_001,SA_KP[base]_n100_inst4_run2,base,38600,38601,38601.0,0.4926661250065081,82.61686238355867,-3680.0,-3054.0
exp_kp_001,SA_KP[base]_n100_inst4_run2,base,38800,38801,38801.0,0.4951327919989126,82.61686238355867,-3680.0,-3547.0
exp_kp_001,SA_KP[base]_n100_inst4_run2,base,39000,39001,39001.0,0.49760387500282377,82.61686238355867,-3680.0,-2858.0
exp_kp_001,SA_KP[base]_n100_inst4_run2,base,39200,39201,39201.0,0.5000950420071604,82.61686238355867,-3680.0,-3250.0
exp_kp_001,SA_KP[base]_n100_inst4_run2,base,39400,39401,39401.0,0.5025899580068653,82.61686238355867,-3680.0,-2804.0
exp_kp_001,SA_KP[base]_n100_inst4_run2,base,39600,39601,39601.0,0.5049107079976238,82.61686238355867,-3680.0,-2880.0
exp_kp_001,SA_KP[base]_n100_inst4_run2,base,39800,39801,39801.0,0.5073576669965405,82.61686238355867,-3680.0,-3274.0
exp_kp_001,SA_KP[base]_n100_inst4_run2,base,40000,40001,40001.0,0.5099757499992847,82.61686238355867,-3680.0,-3275.0
exp_kp_001,SA_KP[base]_n100_inst4_run2,base,40200,40201,40201.0,0.5127295830025105,81.79069375972308,-3680.0,-3098.0
exp_kp_001,SA_KP[base]_n100_inst4_run2,base,40400,40401,40401.0,0.5152948330069194,81.79069375972308,-3680.0,-3346.0
exp_kp_001,SA_KP[base]_n100_inst4_run2,base,40600,40601,40601.0,0.5179108330048621,81.79069375972308,-3680.0,-3482.0
exp_kp_001,SA_KP[base]_n100_inst4_run2,base,40800,40801,40801.0,0.5204822499945294,81.79069375972308,-3680.0,-3169.0
exp_kp_001,SA_KP[base]_n100_inst4_run2,base,41000,41001,41001.0,0.5232073749939445,81.79069375972308,-3750.0,-3562.0
exp_kp_001,SA_KP[base]_n100_inst4_run2,base,41200,41201,41201.0,0.5258043750072829,81.79069375972308,-3750.0,-2902.0
exp_kp_001,SA_KP[base]_n100_inst4_run2,base,41400,41401,41401.0,0.5283478329947684,81.79069375972308,-3750.0,-3197.0
exp_kp_001,SA_KP[base]_n100_inst4_run2,base,41600,41601,41601.0,0.5308837920019869,81.79069375972308,-3750.0,-2816.0
exp_kp_001,SA_KP[base]_n100_inst4_run2,base,41800,41801,41801.0,0.5334912499965867,81.79069375972308,-3750.0,-2825.0
exp_kp_001,SA_KP[base]_n100_inst4_run2,base,42000,42001,42001.0,0.5359985420072917,81.79069375972308,-3750.0,-2967.0
exp_kp_001,SA_KP[base]_n100_inst4_run2,base,42200,42201,42201.0,0.5385354169993661,80.97278682212585,-3750.0,-3151.0
exp_kp_001,SA_KP[base]_n100_inst4_run2,base,42400,42401,42401.0,0.5408934580045752,80.97278682212585,-3750.0,-3194.0
exp_kp_001,SA_KP[base]_n100_inst4_run2,base,42600,42601,42601.0,0.5433932080049999,80.97278682212585,-3750.0,-2824.0
exp_kp_001,SA_KP[base]_n100_inst4_run2,base,42800,42801,42801.0,0.5459368750016438,80.97278682212585,-3750.0,-3213.0
exp_kp_001,SA_KP[base]_n100_inst4_run2,base,43000,43001,43001.0,0.5484303749981336,80.97278682212585,-3750.0,-2704.0
exp_kp_001,SA_KP[base]_n100_inst4_run2,base,43200,43201,43201.0,0.5509774579986697,80.97278682212585,-3750.0,-3006.0
exp_kp_001,SA_KP[base]_n100_inst4_run2,base,43400,43401,43401.0,0.5535597499983851,80.97278682212585,-3750.0,-3301.0
exp_kp_001,SA_KP[base]_n100_inst4_run2,base,43600,43601,43601.0,0.5560402919945773,80.97278682212585,-3750.0,-3020.0
exp_kp_001,SA_KP[base]_n100_inst4_run2,base,43800,43801,43801.0,0.5584646250063088,80.97278682212585,-3750.0,-2941.0
exp_kp_001,SA_KP[base]_n100_inst4_run2,base,44000,44001,44001.0,0.5611123330018017,80.97278682212585,-3750.0,-3213.0
exp_kp_001,SA_KP[base]_n100_inst4_run2,base,44200,44201,44201.0,0.5637073749967385,80.1630589539046,-3750.0,-3402.0
exp_kp_001,SA_KP[base]_n100_inst4_run2,base,44400,44401,44401.0,0.5663391249981942,80.1630589539046,-3750.0,-3093.0
exp_kp_001,SA_KP[base]_n100_inst4_run2,base,44600,44601,44601.0,0.5689048750064103,80.1630589539046,-3750.0,-3087.0
exp_kp_001,SA_KP[base]_n100_inst4_run2,base,44800,44801,44801.0,0.5716625000059139,80.1630589539046,-3750.0,-3014.0
exp_kp_001,SA_KP[base]_n100_inst4_run2,base,45000,45001,45001.0,0.5743966250010999,80.1630589539046,-3750.0,-3245.0
exp_kp_001,SA_KP[base]_n100_inst4_run2,base,45200,45201,45201.0,0.577011917004711,80.1630589539046,-3750.0,-3406.0
exp_kp_001,SA_KP[base]_n100_inst4_run2,base,45400,45401,45401.0,0.5795609170017997,80.1630589539046,-3750.0,-3256.0
exp_kp_001,SA_KP[base]_n100_inst4_run2,base,45600,45601,45601.0,0.5820024580025347,80.1630589539046,-3750.0,-3033.0
exp_kp_001,SA_KP[base]_n100_inst4_run2,base,45800,45801,45801.0,0.5845094999967841,80.1630589539046,-3750.0,-2971.0
exp_kp_001,SA_KP[base]_n100_inst4_run2,base,46000,46001,46001.0,0.5871367920044577,80.1630589539046,-3750.0,-3204.0
exp_kp_001,SA_KP[base]_n100_inst4_run2,base,46200,46201,46201.0,0.5897068329941249,79.36142836436555,-3750.0,-3004.0
exp_kp_001,SA_KP[base]_n100_inst4_run2,base,46400,46401,46401.0,0.5923738330020569,79.36142836436555,-3750.0,-3011.0
exp_kp_001,SA_KP[base]_n100_inst4_run2,base,46600,46601,46601.0,0.5946690830023726,79.36142836436555,-3750.0,-3219.0
exp_kp_001,SA_KP[base]_n100_inst4_run2,base,46800,46801,46801.0,0.5971902080054861,79.36142836436555,-3750.0,-2906.0
exp_kp_001,SA_KP[base]_n100_inst4_run2,base,47000,47001,47001.0,0.5995905419986229,79.36142836436555,-3750.0,-3181.0
exp_kp_001,SA_KP[base]_n100_inst4_run2,base,47200,47201,47201.0,0.6021627919981256,79.36142836436555,-3750.0,-3128.0
exp_kp_001,SA_KP[base]_n100_inst4_run2,base,47400,47401,47401.0,0.6047706249955809,79.36142836436555,-3750.0,-3127.0
exp_kp_001,SA_KP[base]_n100_inst4_run2,base,47600,47601,47601.0,0.6073331249936018,79.36142836436555,-3750.0,-3326.0
exp_kp_001,SA_KP[base]_n100_inst4_run2,base,47800,47801,47801.0,0.6098499170038849,79.36142836436555,-3750.0,-2967.0
exp_kp_001,SA_KP[base]_n100_inst4_run2,base,48000,48001,48001.0,0.6122631250036648,79.36142836436555,-3750.0,-3238.0
exp_kp_001,SA_KP[base]_n100_inst4_run2,base,48200,48201,48201.0,0.6147852080030134,78.56781408072189,-3750.0,-3496.0
exp_kp_001,SA_KP[base]_n100_inst4_run2,base,48400,48401,48401.0,0.6173158750025323,78.56781408072189,-3750.0,-3339.0
exp_kp_001,SA_KP[base]_n100_inst4_run2,base,48600,48601,48601.0,0.6197591249947436,78.56781408072189,-3750.0,-3073.0
exp_kp_001,SA_KP[base]_n100_inst4_run2,base,48800,48801,48801.0,0.6223040829936508,78.56781408072189,-3750.0,-3014.0
exp_kp_001,SA_KP[base]_n100_inst4_run2,base,49000,49001,49001.0,0.6249529170017922,78.56781408072189,-3750.0,-3116.0
exp_kp_001,SA_KP[base]_n100_inst4_run2,base,49200,49201,49201.0,0.62773858300352,78.56781408072189,-3750.0,-3228.0
exp_kp_001,SA_KP[base]_n100_inst4_run2,base,49400,49401,49401.0,0.6302633750019595,78.56781408072189,-3750.0,-3176.0
exp_kp_001,SA_KP[base]_n100_inst4_run2,base,49600,49601,49601.0,0.6327839580044383,78.56781408072189,-3750.0,-2942.0
exp_kp_001,SA_KP[base]_n100_inst4_run2,base,49800,49801,49801.0,0.6352576670033159,78.56781408072189,-3750.0,-2966.0
exp_kp_001,SA_KP[base]_n100_inst4_run2,base,49999,50000,50000.0,0.6383122919942252,0.00099,-3750.0,-2913.0
