experiment_id,run_id,param_tag,iter,evals_cost,normalized_evals,time_sec,temp,best_cost,current_cost
exp_001,ACO_n30_inst0_run0,base,0,0,0.0,3.04199056699872e-06,,inf,inf
exp_001,ACO_n30_inst0_run0,base,10,500,15000.0,0.30311308399541304,,527.7162378803611,547.7004459091297
exp_001,ACO_n30_inst0_run0,base,20,1000,30000.0,0.6046560839895392,,474.78097184678,528.5213525323816
exp_001,ACO_n30_inst0_run0,base,30,1500,45000.0,0.9076790839899331,,474.78097184678,498.3588892212773
exp_001,ACO_n30_inst0_run0,base,40,2000,60000.0,1.2073473339987686,,474.78097184678,510.8689849962929
exp_001,ACO_n30_inst0_run0,base,50,2500,75000.0,1.5091988749918528,,474.78097184678,515.2477052511291
exp_001,ACO_n30_inst0_run0,base,60,3000,90000.0,1.8166449169948464,,474.78097184678,516.6107066772485
exp_001,ACO_n30_inst0_run0,base,70,3500,105000.0,2.1207262919924688,,474.78097184678,528.3737037658068
exp_001,ACO_n30_inst0_run0,base,80,4000,120000.0,2.4248848749994067,,474.78097184678,501.4514844989763
exp_001,ACO_n30_inst0_run0,base,90,4500,135000.0,2.72633366700029,,474.78097184678,499.1960651652896
exp_001,ACO_n30_inst0_run0,base,100,5000,150000.0,3.02803645899985,,474.78097184678,502.3968639984112
exp_001,ACO_n30_inst0_run0,base,110,5500,165000.0,3.3289520839898614,,474.78097184678,525.3373886084912
exp_001,ACO_n30_inst0_run0,base,120,6000,180000.0,3.6381094999960624,,474.78097184678,544.8690687534654
exp_001,ACO_n30_inst0_run0,base,130,6500,195000.0,3.9744092499895487,,474.78097184678,533.3781088838745
exp_001,ACO_n30_inst0_run0,base,140,7000,210000.0,4.280274916993221,,474.78097184678,499.2476020063093
exp_001,ACO_n30_inst0_run0,base,150,7500,225000.0,4.581780041989987,,474.78097184678,503.2930876681911
exp_001,ACO_n30_inst0_run0,base,160,8000,240000.0,4.883056749997195,,474.78097184678,497.0851490745948
exp_001,ACO_n30_inst0_run0,base,170,8500,255000.0,5.1841984589991625,,474.78097184678,495.6575324279592
exp_001,ACO_n30_inst0_run0,base,180,9000,270000.0,5.484540416990058,,474.78097184678,527.2178172463529
exp_001,ACO_n30_inst0_run0,base,190,9500,285000.0,5.785405583999818,,474.78097184678,499.4472216086709
exp_001,ACO_n30_inst0_run0,base,200,10000,300000.0,6.085807833995204,,474.78097184678,502.15453308601633
exp_001,ACO_n30_inst0_run0,base,210,10500,315000.0,6.384194874990499,,474.78097184677995,532.2969677581788
exp_001,ACO_n30_inst0_run0,base,220,11000,330000.0,6.6844701249938225,,474.78097184677995,492.3881254758673
exp_001,ACO_n30_inst0_run0,base,230,11500,345000.0,6.983073041992611,,474.78097184677995,507.9745744083267
exp_001,ACO_n30_inst0_run0,base,240,12000,360000.0,7.480282874996192,,474.78097184677995,519.0001078125067
exp_001,ACO_n30_inst0_run0,base,250,12500,375000.0,8.063079458996071,,474.78097184677995,514.7077254105465
exp_001,ACO_n30_inst0_run0,base,260,13000,390000.0,8.418322999990778,,474.78097184677995,485.97954396423677
exp_001,ACO_n30_inst0_run0,base,270,13500,405000.0,8.741435459000058,,474.78097184677995,527.469498625271
exp_001,ACO_n30_inst0_run0,base,280,14000,420000.0,9.05174999999872,,474.78097184677995,503.2694026554125
exp_001,ACO_n30_inst0_run0,base,290,14500,435000.0,9.360711916990113,,474.78097184677995,549.484126801781
exp_001,ACO_n30_inst0_run0,base,300,15000,450000.0,9.676344416991924,,474.78097184677995,528.773346232654
exp_001,ACO_n30_inst0_run0,base,310,15500,465000.0,9.980309291990125,,474.78097184677995,513.7508317357771
exp_001,ACO_n30_inst0_run0,base,320,16000,480000.0,10.278288583998801,,474.78097184677995,534.1624308010634
exp_001,ACO_n30_inst0_run0,base,330,16500,495000.0,10.57764658400265,,474.78097184677995,521.9244578841697
exp_001,ACO_n30_inst0_run0,base,340,17000,510000.0,10.8766897089954,,474.78097184677995,522.8285946190603
exp_001,ACO_n30_inst0_run0,base,350,17500,525000.0,11.174805167000159,,474.78097184677995,511.83210036725694
exp_001,ACO_n30_inst0_run0,base,360,18000,540000.0,11.473915084003238,,474.78097184677995,533.0955908845283
exp_001,ACO_n30_inst0_run0,base,370,18500,555000.0,11.771964041996398,,474.78097184677995,504.1666762074039
exp_001,ACO_n30_inst0_run0,base,380,19000,570000.0,12.071140333995572,,474.78097184677995,506.18679438049315
exp_001,ACO_n30_inst0_run0,base,390,19500,585000.0,12.370607124990784,,474.78097184677995,499.25535920104096
exp_001,ACO_n30_inst0_run0,base,400,20000,600000.0,12.671287334000226,,474.78097184677995,511.05514083442523
exp_001,ACO_n30_inst0_run0,base,410,20500,615000.0,13.147644124997896,,474.78097184677995,512.8048596416609
exp_001,ACO_n30_inst0_run0,base,420,21000,630000.0,13.482127958995989,,474.78097184677995,516.2046647802175
exp_001,ACO_n30_inst0_run0,base,430,21500,645000.0,13.783121166998171,,474.78097184677995,543.0617580840059
exp_001,ACO_n30_inst0_run0,base,440,22000,660000.0,14.083222959001432,,474.78097184677995,522.1087996313893
exp_001,ACO_n30_inst0_run0,base,450,22500,675000.0,14.384139916990534,,474.78097184677995,515.3175071549971
exp_001,ACO_n30_inst0_run0,base,460,23000,690000.0,14.68576820899034,,474.78097184677995,506.4547818306411
exp_001,ACO_n30_inst0_run0,base,470,23500,705000.0,14.986510666989489,,474.78097184677995,530.7260246816344
exp_001,ACO_n30_inst0_run0,base,480,24000,720000.0,15.285608459002106,,474.78097184677995,494.18258748388075
exp_001,ACO_n30_inst0_run0,base,490,24500,735000.0,15.585962416997063,,474.78097184677995,503.3346414401242
exp_001,ACO_n30_inst0_run0,base,500,25000,750000.0,15.885967916998197,,474.78097184677995,511.7887071316435
exp_001,ACO_n30_inst0_run0,base,510,25500,765000.0,16.186192875000415,,474.78097184677995,499.4472216086709
exp_001,ACO_n30_inst0_run0,base,520,26000,780000.0,16.48600062499463,,474.78097184677995,485.9795439642367
exp_001,ACO_n30_inst0_run0,base,530,26500,795000.0,16.785933209001087,,474.78097184677995,503.7713363324478
exp_001,ACO_n30_inst0_run0,base,540,27000,810000.0,17.086222333993646,,474.78097184677995,522.7873080094712
exp_001,ACO_n30_inst0_run0,base,550,27500,825000.0,17.38477029200294,,474.78097184677995,501.65611041785337
exp_001,ACO_n30_inst0_run0,base,560,28000,840000.0,17.69433683399984,,474.78097184677995,516.1306886490088
exp_001,ACO_n30_inst0_run0,base,570,28500,855000.0,17.99627462499484,,474.78097184677995,516.3916984541036
exp_001,ACO_n30_inst0_run0,base,580,29000,870000.0,18.29446345899487,,474.78097184677995,503.2930876681911
exp_001,ACO_n30_inst0_run0,base,590,29500,885000.0,18.594078166992404,,474.78097184677995,496.7456231521645
exp_001,ACO_n30_inst0_run0,base,600,30000,900000.0,18.894352000002982,,474.78097184677995,512.4827222607499
exp_001,ACO_n30_inst0_run0,base,610,30500,915000.0,19.19697587499104,,474.78097184677995,522.3433881266309
exp_001,ACO_n30_inst0_run0,base,620,31000,930000.0,19.50094333400193,,474.78097184677995,506.1867943804931
exp_001,ACO_n30_inst0_run0,base,630,31500,945000.0,19.80074095899181,,474.78097184677995,502.6213442028038
exp_001,ACO_n30_inst0_run0,base,640,32000,960000.0,20.111003166995943,,474.78097184677995,518.1280282475138
exp_001,ACO_n30_inst0_run0,base,650,32500,975000.0,20.41564437499619,,474.78097184677995,521.1326676382771
exp_001,ACO_n30_inst0_run0,base,660,33000,990000.0,20.718683792001684,,474.78097184677995,500.7729307716263
exp_001,ACO_n30_inst0_run0,base,670,33500,1005000.0,21.026196334001725,,474.78097184677995,518.6591851446711
exp_001,ACO_n30_inst0_run0,base,680,34000,1020000.0,21.325254291994497,,474.78097184677995,549.0094259955064
exp_001,ACO_n30_inst0_run0,base,690,34500,1035000.0,21.738137249994907,,474.78097184677995,490.9482918076137
exp_001,ACO_n30_inst0_run0,base,700,35000,1050000.0,22.16979633399751,,474.78097184677995,522.9476101993702
exp_001,ACO_n30_inst0_run0,base,710,35500,1065000.0,22.49916912500339,,474.78097184677995,520.224129759715
exp_001,ACO_n30_inst0_run0,base,720,36000,1080000.0,22.827675958993495,,474.78097184677995,506.18679438049315
exp_001,ACO_n30_inst0_run0,base,730,36500,1095000.0,23.222466459003044,,474.78097184677995,525.5726756175284
exp_001,ACO_n30_inst0_run0,base,740,37000,1110000.0,23.53221120899252,,474.78097184677995,528.1778664822796
exp_001,ACO_n30_inst0_run0,base,750,37500,1125000.0,23.836321541995858,,474.78097184677995,502.15453308601633
exp_001,ACO_n30_inst0_run0,base,760,38000,1140000.0,24.136256208992563,,474.78097184677995,496.7398023465708
exp_001,ACO_n30_inst0_run0,base,770,38500,1155000.0,24.45280712499516,,474.78097184677995,534.904409135144
exp_001,ACO_n30_inst0_run0,base,780,39000,1170000.0,24.777102666994324,,474.78097184677995,503.7713363324478
exp_001,ACO_n30_inst0_run0,base,790,39500,1185000.0,25.084525917001883,,474.78097184677995,506.60295631294906
exp_001,ACO_n30_inst0_run0,base,800,40000,1200000.0,25.385737042000983,,474.78097184677995,514.2714997481662
exp_001,ACO_n30_inst0_run0,base,810,40500,1215000.0,25.68557062499167,,474.78097184677995,513.8105191571665
exp_001,ACO_n30_inst0_run0,base,820,41000,1230000.0,25.98412283399375,,474.78097184677995,550.0122315531621
exp_001,ACO_n30_inst0_run0,base,830,41500,1245000.0,26.282483959003002,,474.78097184677995,525.7005786892278
exp_001,ACO_n30_inst0_run0,base,840,42000,1260000.0,26.58472037500178,,474.78097184677995,532.0986747528361
exp_001,ACO_n30_inst0_run0,base,850,42500,1275000.0,26.884885084000416,,474.78097184677995,502.0395970369971
exp_001,ACO_n30_inst0_run0,base,860,43000,1290000.0,27.184195583991823,,474.78097184677995,506.00454764463825
exp_001,ACO_n30_inst0_run0,base,870,43500,1305000.0,27.50588329198945,,474.78097184677995,510.21817003150204
exp_001,ACO_n30_inst0_run0,base,880,44000,1320000.0,27.808807791996514,,474.78097184677995,485.97954396423677
exp_001,ACO_n30_inst0_run0,base,890,44500,1335000.0,28.106495959000313,,474.78097184677995,502.15453308601633
exp_001,ACO_n30_inst0_run0,base,900,45000,1350000.0,28.404383417000645,,474.78097184677995,499.4457507347465
exp_001,ACO_n30_inst0_run0,base,910,45500,1365000.0,28.704132749990094,,474.48655643929123,497.3348346440517
exp_001,ACO_n30_inst0_run0,base,920,46000,1380000.0,29.002596334001282,,474.48655643929123,499.4457507347465
exp_001,ACO_n30_inst0_run0,base,930,46500,1395000.0,29.302454916993156,,474.48655643929123,513.4767602254722
exp_001,ACO_n30_inst0_run0,base,940,47000,1410000.0,29.60088016699592,,474.48655643929123,495.4871161556629
exp_001,ACO_n30_inst0_run0,base,950,47500,1425000.0,29.90059870899131,,474.48655643929123,514.4732681836942
exp_001,ACO_n30_inst0_run0,base,960,48000,1440000.0,30.19953104200249,,474.48655643929123,502.62134420280387
exp_001,ACO_n30_inst0_run0,base,970,48500,1455000.0,30.498688666993985,,474.48655643929123,532.2568906638276
exp_001,ACO_n30_inst0_run0,base,980,49000,1470000.0,30.797951916989405,,474.48655643929123,507.50270627823346
exp_001,ACO_n30_inst0_run0,base,990,49500,1485000.0,31.0971354170033,,474.48655643929123,520.6753246804403
exp_001,ACO_n30_inst0_run0,base,1000,50000,1500000.0,31.395752208991325,,474.48655643929123,511.1899610584964
exp_001,ACO_n30_inst0_run1,base,0,0,0.0,1.9169965526089072e-06,,inf,inf
exp_001,ACO_n30_inst0_run1,base,10,500,15000.0,0.29856341700360645,,537.8717390120175,537.8717390120175
exp_001,ACO_n30_inst0_run1,base,20,1000,30000.0,0.6008587499964051,,499.7633881993717,513.1643049841371
exp_001,ACO_n30_inst0_run1,base,30,1500,45000.0,0.9075050420069601,,481.2868684363139,507.3372859631921
exp_001,ACO_n30_inst0_run1,base,40,2000,60000.0,1.2068404169986024,,481.2868684363139,535.1931970912067
exp_001,ACO_n30_inst0_run1,base,50,2500,75000.0,1.5057884590059984,,481.2868684363139,512.0496402475712
exp_001,ACO_n30_inst0_run1,base,60,3000,90000.0,1.807644458996947,,481.2868684363139,503.3346414401242
exp_001,ACO_n30_inst0_run1,base,70,3500,105000.0,2.111341875002836,,476.8969395975506,520.6753246804403
exp_001,ACO_n30_inst0_run1,base,80,4000,120000.0,2.4275789999956032,,476.8969395975506,535.3552484992925
exp_001,ACO_n30_inst0_run1,base,90,4500,135000.0,2.9695876670011785,,476.8969395975506,522.9476101993702
exp_001,ACO_n30_inst0_run1,base,100,5000,150000.0,3.269851709002978,,476.8969395975506,529.4038816072047
exp_001,ACO_n30_inst0_run1,base,110,5500,165000.0,3.569557459006319,,476.8969395975506,521.4410873895645
exp_001,ACO_n30_inst0_run1,base,120,6000,180000.0,3.868733750001411,,476.8969395975506,524.8931688627233
exp_001,ACO_n30_inst0_run1,base,130,6500,195000.0,4.168444708993775,,476.8969395975506,517.4459466554536
exp_001,ACO_n30_inst0_run1,base,140,7000,210000.0,4.468585708993487,,476.8969395975506,516.4717168124654
exp_001,ACO_n30_inst0_run1,base,150,7500,225000.0,4.768368125005509,,476.8969395975506,511.472971747425
exp_001,ACO_n30_inst0_run1,base,160,8000,240000.0,5.066951792003238,,476.8969395975506,540.1544511768195
exp_001,ACO_n30_inst0_run1,base,170,8500,255000.0,5.3728147499932675,,476.8969395975506,519.6328072302078
exp_001,ACO_n30_inst0_run1,base,180,9000,270000.0,5.6895400420035,,476.8969395975506,485.12022818865546
exp_001,ACO_n30_inst0_run1,base,190,9500,285000.0,5.98994404199766,,476.8969395975506,492.5263022447994
exp_001,ACO_n30_inst0_run1,base,200,10000,300000.0,6.299533416997292,,474.78097184678,474.78097184678
exp_001,ACO_n30_inst0_run1,base,210,10500,315000.0,6.607555875001708,,474.78097184678,508.0556491505164
exp_001,ACO_n30_inst0_run1,base,220,11000,330000.0,6.913178625007276,,474.78097184678,502.62071179281094
exp_001,ACO_n30_inst0_run1,base,230,11500,345000.0,7.213070249999873,,474.78097184678,504.4163617768608
exp_001,ACO_n30_inst0_run1,base,240,12000,360000.0,7.512767874999554,,474.78097184678,511.8321003672569
exp_001,ACO_n30_inst0_run1,base,250,12500,375000.0,7.811632084005396,,474.78097184678,535.0871757432294
exp_001,ACO_n30_inst0_run1,base,260,13000,390000.0,8.108132209003088,,474.78097184678,528.8822334720813
exp_001,ACO_n30_inst0_run1,base,270,13500,405000.0,8.406120625004405,,474.78097184678,502.62134420280387
exp_001,ACO_n30_inst0_run1,base,280,14000,420000.0,8.703253125000629,,474.78097184678,513.1381432817863
exp_001,ACO_n30_inst0_run1,base,290,14500,435000.0,8.999743167005363,,474.78097184678,512.6188479950442
exp_001,ACO_n30_inst0_run1,base,300,15000,450000.0,9.29738741699839,,474.78097184678,520.2591783551491
exp_001,ACO_n30_inst0_run1,base,310,15500,465000.0,9.594673750005313,,474.78097184678,527.1922107890642
exp_001,ACO_n30_inst0_run1,base,320,16000,480000.0,9.892830249998951,,474.78097184678,524.0403672132178
exp_001,ACO_n30_inst0_run1,base,330,16500,495000.0,10.191035084004398,,474.78097184678,522.3436987388645
exp_001,ACO_n30_inst0_run1,base,340,17000,510000.0,10.489419999998063,,474.78097184678,528.4465230778194
exp_001,ACO_n30_inst0_run1,base,350,17500,525000.0,10.786467291996814,,474.78097184678,496.7234081812402
exp_001,ACO_n30_inst0_run1,base,360,18000,540000.0,11.083276959005161,,474.78097184678,482.5869433593082
exp_001,ACO_n30_inst0_run1,base,370,18500,555000.0,11.382134291998227,,474.78097184678,502.62071179281094
exp_001,ACO_n30_inst0_run1,base,380,19000,570000.0,11.680456333997427,,474.78097184678,498.8421164805276
exp_001,ACO_n30_inst0_run1,base,390,19500,585000.0,11.978104666995932,,474.78097184678,527.9633781444289
exp_001,ACO_n30_inst0_run1,base,400,20000,600000.0,12.275604167007259,,474.78097184678,519.0184020838961
exp_001,ACO_n30_inst0_run1,base,410,20500,615000.0,12.572680500001297,,474.78097184678,500.6127095467472
exp_001,ACO_n30_inst0_run1,base,420,21000,630000.0,12.869298292003805,,474.78097184678,500.8533611889022
exp_001,ACO_n30_inst0_run1,base,430,21500,645000.0,13.167630084004486,,474.78097184678,518.7962007603966
exp_001,ACO_n30_inst0_run1,base,440,22000,660000.0,13.465912667001248,,474.78097184678,496.096172091936
exp_001,ACO_n30_inst0_run1,base,450,22500,675000.0,13.762609084005817,,474.78097184678,476.8969395975506
exp_001,ACO_n30_inst0_run1,base,460,23000,690000.0,14.05978966699331,,474.78097184678,516.9733533446025
exp_001,ACO_n30_inst0_run1,base,470,23500,705000.0,14.356798459004494,,474.78097184678,528.3623361159949
exp_001,ACO_n30_inst0_run1,base,480,24000,720000.0,14.655920916993637,,474.78097184678,512.4434243588275
exp_001,ACO_n30_inst0_run1,base,490,24500,735000.0,14.955279709000024,,474.78097184678,532.1200886743608
exp_001,ACO_n30_inst0_run1,base,500,25000,750000.0,15.254011375000118,,474.78097184678,551.8221756362864
exp_001,ACO_n30_inst0_run1,base,510,25500,765000.0,15.552560124997399,,474.78097184678,499.3353342445803
exp_001,ACO_n30_inst0_run1,base,520,26000,780000.0,15.852243000001181,,474.78097184678,501.45148449897624
exp_001,ACO_n30_inst0_run1,base,530,26500,795000.0,16.151592209003866,,474.78097184678,506.18679438049315
exp_001,ACO_n30_inst0_run1,base,540,27000,810000.0,16.450394750005216,,474.78097184678,522.6729634863709
exp_001,ACO_n30_inst0_run1,base,550,27500,825000.0,16.747891209000954,,474.78097184678,502.62046837978653
exp_001,ACO_n30_inst0_run1,base,560,28000,840000.0,17.050944000002346,,474.78097184678,518.7056972294314
exp_001,ACO_n30_inst0_run1,base,570,28500,855000.0,17.349375834004604,,474.78097184678,494.4770028913696
exp_001,ACO_n30_inst0_run1,base,580,29000,870000.0,17.648684500003583,,474.78097184678,525.6848903062141
exp_001,ACO_n30_inst0_run1,base,590,29500,885000.0,17.946538167001563,,474.78097184678,506.18679438049315
exp_001,ACO_n30_inst0_run1,base,600,30000,900000.0,18.24341937499412,,474.78097184678,541.3112594957369
exp_001,ACO_n30_inst0_run1,base,610,30500,915000.0,18.541184292000253,,474.78097184678,513.2547143990021
exp_001,ACO_n30_inst0_run1,base,620,31000,930000.0,18.838809209002648,,474.78097184678,531.088304309004
exp_001,ACO_n30_inst0_run1,base,630,31500,945000.0,19.134991375001846,,474.78097184678,511.0531349084107
exp_001,ACO_n30_inst0_run1,base,640,32000,960000.0,19.435440834000474,,474.78097184678,508.9327387690847
exp_001,ACO_n30_inst0_run1,base,650,32500,975000.0,19.732304417004343,,474.78097184678,517.6129827942002
exp_001,ACO_n30_inst0_run1,base,660,33000,990000.0,20.02947579200554,,474.78097184678,502.1545330860163
exp_001,ACO_n30_inst0_run1,base,670,33500,1005000.0,20.32774787499511,,474.78097184678,511.1188031299366
exp_001,ACO_n30_inst0_run1,base,680,34000,1020000.0,20.625988708998193,,474.78097184678,505.37156444391434
exp_001,ACO_n30_inst0_run1,base,690,34500,1035000.0,20.9228312500054,,474.78097184678,508.9327387690847
exp_001,ACO_n30_inst0_run1,base,700,35000,1050000.0,21.221107250006753,,474.78097184678,504.9245826949384
exp_001,ACO_n30_inst0_run1,base,710,35500,1065000.0,21.518745833993307,,474.78097184678,514.6323267589233
exp_001,ACO_n30_inst0_run1,base,720,36000,1080000.0,21.815551541993045,,474.78097184678,505.0123648386985
exp_001,ACO_n30_inst0_run1,base,730,36500,1095000.0,22.11294912500307,,474.78097184678,517.203119762095
exp_001,ACO_n30_inst0_run1,base,740,37000,1110000.0,22.40889716699894,,474.78097184678,523.7649486037736
exp_001,ACO_n30_inst0_run1,base,750,37500,1125000.0,22.70494854199933,,474.78097184678,502.1301982931632
exp_001,ACO_n30_inst0_run1,base,760,38000,1140000.0,23.00085133399989,,474.78097184678,529.606657073154
exp_001,ACO_n30_inst0_run1,base,770,38500,1155000.0,23.297065374994418,,474.78097184678,516.5226679716395
exp_001,ACO_n30_inst0_run1,base,780,39000,1170000.0,23.593134833994554,,474.78097184678,524.8106540728147
exp_001,ACO_n30_inst0_run1,base,790,39500,1185000.0,23.89129050000338,,474.78097184678,487.7102334388681
exp_001,ACO_n30_inst0_run1,base,800,40000,1200000.0,24.204377874993952,,474.78097184678,522.8285946190603
exp_001,ACO_n30_inst0_run1,base,810,40500,1215000.0,24.527961166997557,,474.78097184678,520.7295984075022
exp_001,ACO_n30_inst0_run1,base,820,41000,1230000.0,24.82619366700237,,474.78097184678,511.03312013472566
exp_001,ACO_n30_inst0_run1,base,830,41500,1245000.0,25.12457825000456,,474.78097184678,488.6288730714946
exp_001,ACO_n30_inst0_run1,base,840,42000,1260000.0,25.423452167000505,,474.78097184678,494.4770028913696
exp_001,ACO_n30_inst0_run1,base,850,42500,1275000.0,25.721617041999707,,474.78097184678,497.7406748895196
exp_001,ACO_n30_inst0_run1,base,860,43000,1290000.0,26.01872370899946,,474.78097184678,536.450203199186
exp_001,ACO_n30_inst0_run1,base,870,43500,1305000.0,26.31532808400516,,474.78097184678,511.62092069202697
exp_001,ACO_n30_inst0_run1,base,880,44000,1320000.0,26.612618416998885,,474.78097184678,526.4168762545631
exp_001,ACO_n30_inst0_run1,base,890,44500,1335000.0,26.910615792003227,,474.78097184678,502.6213442028038
exp_001,ACO_n30_inst0_run1,base,900,45000,1350000.0,27.217619292001473,,474.78097184678,512.4827222607499
exp_001,ACO_n30_inst0_run1,base,910,45500,1365000.0,27.5150762090052,,474.78097184678,510.92061945901315
exp_001,ACO_n30_inst0_run1,base,920,46000,1380000.0,27.814383000004455,,474.78097184678,484.4478523132753
exp_001,ACO_n30_inst0_run1,base,930,46500,1395000.0,28.11079737500404,,474.78097184678,526.6804989783144
exp_001,ACO_n30_inst0_run1,base,940,47000,1410000.0,28.408532208995894,,474.78097184678,528.3130469781454
exp_001,ACO_n30_inst0_run1,base,950,47500,1425000.0,28.706359250005335,,474.78097184678,502.15453308601633
exp_001,ACO_n30_inst0_run1,base,960,48000,1440000.0,29.004343749998952,,474.78097184678,514.9334616307956
exp_001,ACO_n30_inst0_run1,base,970,48500,1455000.0,29.30305537499953,,474.78097184678,517.203119762095
exp_001,ACO_n30_inst0_run1,base,980,49000,1470000.0,29.602072167006554,,474.78097184678,495.7812600528756
exp_001,ACO_n30_inst0_run1,base,990,49500,1485000.0,29.901505250003538,,474.78097184678,493.68117937921403
exp_001,ACO_n30_inst0_run1,base,1000,50000,1500000.0,30.199606708993088,,474.78097184678,525.0337077623176
exp_001,ACO_n30_inst0_run2,base,0,0,0.0,1.91599247045815e-06,,inf,inf
exp_001,ACO_n30_inst0_run2,base,10,500,15000.0,0.3097509159997571,,501.62296935898087,503.27727040163995
exp_001,ACO_n30_inst0_run2,base,20,1000,30000.0,0.6081226660026005,,484.4478523132754,496.29194545246264
exp_001,ACO_n30_inst0_run2,base,30,1500,45000.0,0.9079858329932904,,484.4478523132754,493.8662129723891
exp_001,ACO_n30_inst0_run2,base,40,2000,60000.0,1.2058769159921212,,482.58694335930824,532.8385092778956
exp_001,ACO_n30_inst0_run2,base,50,2500,75000.0,1.5042766660044435,,482.58694335930824,514.6899321199392
exp_001,ACO_n30_inst0_run2,base,60,3000,90000.0,1.8026534999953583,,482.58694335930824,544.1164074761901
exp_001,ACO_n30_inst0_run2,base,70,3500,105000.0,2.100627791005536,,482.58694335930824,508.9327387690847
exp_001,ACO_n30_inst0_run2,base,80,4000,120000.0,2.3983797910041176,,482.58694335930824,502.15453308601633
exp_001,ACO_n30_inst0_run2,base,90,4500,135000.0,2.6966041249979753,,482.58694335930824,544.8093862441388
exp_001,ACO_n30_inst0_run2,base,100,5000,150000.0,2.9939149580022786,,482.58694335930824,485.12022818865546
exp_001,ACO_n30_inst0_run2,base,110,5500,165000.0,3.291815290998784,,482.58694335930824,525.0833930980111
exp_001,ACO_n30_inst0_run2,base,120,6000,180000.0,3.590294082998298,,482.58694335930824,534.5582172379825
exp_001,ACO_n30_inst0_run2,base,130,6500,195000.0,3.8884554160031257,,482.58694335930824,510.52881396834175
exp_001,ACO_n30_inst0_run2,base,140,7000,210000.0,4.186085166002158,,482.58694335930824,545.8016205537068
exp_001,ACO_n30_inst0_run2,base,150,7500,225000.0,4.482674333004979,,482.58694335930824,501.8601176785275
exp_001,ACO_n30_inst0_run2,base,160,8000,240000.0,4.780163332994562,,482.58694335930824,530.3034646612601
exp_001,ACO_n30_inst0_run2,base,170,8500,255000.0,5.077406875003362,,482.58694335930824,518.7296274131173
exp_001,ACO_n30_inst0_run2,base,180,9000,270000.0,5.375198915993678,,482.58694335930824,547.4282405780757
exp_001,ACO_n30_inst0_run2,base,190,9500,285000.0,5.6740616250026505,,482.58694335930824,529.2470589020927
exp_001,ACO_n30_inst0_run2,base,200,10000,300000.0,5.9747246250044554,,482.58694335930824,506.52874874147994
exp_001,ACO_n30_inst0_run2,base,210,10500,315000.0,6.272994582992396,,482.58694335930824,521.9798830120548
exp_001,ACO_n30_inst0_run2,base,220,11000,330000.0,6.571418833002099,,482.58694335930824,502.81863189255324
exp_001,ACO_n30_inst0_run2,base,230,11500,345000.0,6.869037041004049,,482.58694335930824,534.5537122583746
exp_001,ACO_n30_inst0_run2,base,240,12000,360000.0,7.27469508300419,,482.5869433593081,516.2685702794176
exp_001,ACO_n30_inst0_run2,base,250,12500,375000.0,7.600049000000581,,482.5869433593081,522.0376762832107
exp_001,ACO_n30_inst0_run2,base,260,13000,390000.0,7.899293958005728,,482.5869433593081,522.8284620548734
exp_001,ACO_n30_inst0_run2,base,270,13500,405000.0,8.1962502499955,,482.5869433593081,527.0754917001974
exp_001,ACO_n30_inst0_run2,base,280,14000,420000.0,8.492611958005,,482.5869433593081,518.8576697287209
exp_001,ACO_n30_inst0_run2,base,290,14500,435000.0,8.790205249999417,,481.9145674839281,516.4018972777412
exp_001,ACO_n30_inst0_run2,base,300,15000,450000.0,9.088020041002892,,481.9145674839281,533.3781088838746
exp_001,ACO_n30_inst0_run2,base,310,15500,465000.0,9.385017291002441,,481.9145674839281,528.872196911275
exp_001,ACO_n30_inst0_run2,base,320,16000,480000.0,9.683257750002667,,481.9145674839281,513.4767602254722
exp_001,ACO_n30_inst0_run2,base,330,16500,495000.0,9.979741707997164,,481.9145674839281,514.3792833689322
exp_001,ACO_n30_inst0_run2,base,340,17000,510000.0,10.276072499997099,,481.9145674839281,539.5023450692795
exp_001,ACO_n30_inst0_run2,base,350,17500,525000.0,10.574567374991602,,481.9145674839281,511.6224928130436
exp_001,ACO_n30_inst0_run2,base,360,18000,540000.0,10.873196375003317,,481.9145674839281,496.09617209193595
exp_001,ACO_n30_inst0_run2,base,370,18500,555000.0,11.171553915992263,,481.9145674839281,509.9251062225558
exp_001,ACO_n30_inst0_run2,base,380,19000,570000.0,11.468909125003847,,481.9145674839281,520.44937385116
exp_001,ACO_n30_inst0_run2,base,390,19500,585000.0,11.766283749995637,,481.9145674839281,509.8539646050687
exp_001,ACO_n30_inst0_run2,base,400,20000,600000.0,12.063098790997174,,481.9145674839281,506.18679438049315
exp_001,ACO_n30_inst0_run2,base,410,20500,615000.0,12.360461250005756,,479.3052381704837,506.0045476446382
exp_001,ACO_n30_inst0_run2,base,420,21000,630000.0,12.657998416005285,,479.3052381704837,494.1953320771043
exp_001,ACO_n30_inst0_run2,base,430,21500,645000.0,12.956260708000627,,479.3052381704837,487.23118876914515
exp_001,ACO_n30_inst0_run2,base,440,22000,660000.0,13.254108915993129,,479.3052381704837,519.9490641506866
exp_001,ACO_n30_inst0_run2,base,450,22500,675000.0,13.55166204100533,,479.3052381704837,529.2703009862701
exp_001,ACO_n30_inst0_run2,base,460,23000,690000.0,13.848946625003009,,479.3052381704837,527.0954264170978
exp_001,ACO_n30_inst0_run2,base,470,23500,705000.0,14.147362332994817,,479.3052381704837,500.55676793358174
exp_001,ACO_n30_inst0_run2,base,480,24000,720000.0,14.44584549999854,,479.3052381704837,494.7417779154099
exp_001,ACO_n30_inst0_run2,base,490,24500,735000.0,14.744418290996691,,479.3052381704837,503.4219084512506
exp_001,ACO_n30_inst0_run2,base,500,25000,750000.0,15.04305804100295,,479.3052381704837,531.2664399978582
exp_001,ACO_n30_inst0_run2,base,510,25500,765000.0,15.341035833000205,,479.3052381704837,506.18784323324724
exp_001,ACO_n30_inst0_run2,base,520,26000,780000.0,15.639301832998171,,479.3052381704837,530.4723375183825
exp_001,ACO_n30_inst0_run2,base,530,26500,795000.0,15.937537165998947,,479.3052381704837,503.2930876681911
exp_001,ACO_n30_inst0_run2,base,540,27000,810000.0,16.23828241600131,,479.3052381704837,514.8912820000266
exp_001,ACO_n30_inst0_run2,base,550,27500,825000.0,16.537101291003637,,479.3052381704837,529.5180533479768
exp_001,ACO_n30_inst0_run2,base,560,28000,840000.0,16.834448249996058,,479.3052381704837,532.6750602968344
exp_001,ACO_n30_inst0_run2,base,570,28500,855000.0,17.131947582995053,,479.3052381704837,517.203119762095
exp_001,ACO_n30_inst0_run2,base,580,29000,870000.0,17.42978266600403,,479.3052381704837,488.43107294533957
exp_001,ACO_n30_inst0_run2,base,590,29500,885000.0,17.727419540999108,,479.3052381704837,506.67916123206203
exp_001,ACO_n30_inst0_run2,base,600,30000,900000.0,18.026982708004653,,479.3052381704837,508.7341351111778
exp_001,ACO_n30_inst0_run2,base,610,30500,915000.0,18.32582395800273,,479.3052381704837,508.9327387690847
exp_001,ACO_n30_inst0_run2,base,620,31000,930000.0,18.624239832992316,,479.3052381704837,497.3348346440516
exp_001,ACO_n30_inst0_run2,base,630,31500,945000.0,18.922712750005303,,479.3052381704837,520.8954132080673
exp_001,ACO_n30_inst0_run2,base,640,32000,960000.0,19.221056958005647,,479.3052381704837,506.18679438049315
exp_001,ACO_n30_inst0_run2,base,650,32500,975000.0,19.52232016599737,,479.3052381704837,519.9615035099238
exp_001,ACO_n30_inst0_run2,base,660,33000,990000.0,19.8199328329938,,479.3052381704837,501.8601176785275
exp_001,ACO_n30_inst0_run2,base,670,33500,1005000.0,20.11807458299154,,479.3052381704837,534.3706820304965
exp_001,ACO_n30_inst0_run2,base,680,34000,1020000.0,20.41490249999333,,479.3052381704837,512.8048596416609
exp_001,ACO_n30_inst0_run2,base,690,34500,1035000.0,20.712025415996322,,479.3052381704837,511.75102333116695
exp_001,ACO_n30_inst0_run2,base,700,35000,1050000.0,21.009129750003922,,479.3052381704837,524.8399356167982
exp_001,ACO_n30_inst0_run2,base,710,35500,1065000.0,21.30673924999428,,479.3052381704837,531.5222187623958
exp_001,ACO_n30_inst0_run2,base,720,36000,1080000.0,21.605383665999398,,479.3052381704837,509.43163266171126
exp_001,ACO_n30_inst0_run2,base,730,36500,1095000.0,21.903548874994158,,479.3052381704837,511.11880312993657
exp_001,ACO_n30_inst0_run2,base,740,37000,1110000.0,22.20250762499927,,474.78097184677995,484.45579812933147
exp_001,ACO_n30_inst0_run2,base,750,37500,1125000.0,22.499478333003935,,474.78097184677995,524.0499628861803
exp_001,ACO_n30_inst0_run2,base,760,38000,1140000.0,22.796515374997398,,474.78097184677995,504.13506637772684
exp_001,ACO_n30_inst0_run2,base,770,38500,1155000.0,23.09242970800551,,474.78097184677995,502.1545330860163
exp_001,ACO_n30_inst0_run2,base,780,39000,1170000.0,23.389614540996263,,474.78097184677995,524.4434860128937
exp_001,ACO_n30_inst0_run2,base,790,39500,1185000.0,23.686047374998452,,474.78097184677995,530.4789349988991
exp_001,ACO_n30_inst0_run2,base,800,40000,1200000.0,23.98208975000307,,474.78097184677995,535.544324090372
exp_001,ACO_n30_inst0_run2,base,810,40500,1215000.0,24.277723040999263,,474.78097184677995,502.62071179281094
exp_001,ACO_n30_inst0_run2,base,820,41000,1230000.0,24.573533624992706,,474.78097184677995,502.15453308601633
exp_001,ACO_n30_inst0_run2,base,830,41500,1245000.0,24.87109570800385,,474.78097184677995,511.9249065500685
exp_001,ACO_n30_inst0_run2,base,840,42000,1260000.0,25.16796991600131,,474.78097184677995,508.6755791824364
exp_001,ACO_n30_inst0_run2,base,850,42500,1275000.0,25.46607033300097,,474.78097184677995,509.8976500852242
exp_001,ACO_n30_inst0_run2,base,860,43000,1290000.0,25.764728082998772,,474.78097184677995,502.6213442028038
exp_001,ACO_n30_inst0_run2,base,870,43500,1305000.0,26.06229266599985,,474.78097184677995,533.6641758728131
exp_001,ACO_n30_inst0_run2,base,880,44000,1320000.0,26.360446499995305,,474.78097184677995,514.0966931085377
exp_001,ACO_n30_inst0_run2,base,890,44500,1335000.0,26.65891491599905,,474.78097184677995,517.4147310101935
exp_001,ACO_n30_inst0_run2,base,900,45000,1350000.0,26.95690341599402,,474.78097184677995,535.5401422974977
exp_001,ACO_n30_inst0_run2,base,910,45500,1365000.0,27.255583833000856,,474.78097184677995,520.6517005126987
exp_001,ACO_n30_inst0_run2,base,920,46000,1380000.0,27.553164750002907,,474.78097184677995,508.0647512035542
exp_001,ACO_n30_inst0_run2,base,930,46500,1395000.0,27.853520082993782,,474.78097184677995,527.5155212503208
exp_001,ACO_n30_inst0_run2,base,940,47000,1410000.0,28.150371499999892,,474.78097184677995,515.5612313698039
exp_001,ACO_n30_inst0_run2,base,950,47500,1425000.0,28.45935437499429,,474.78097184677995,522.8285946190603
exp_001,ACO_n30_inst0_run2,base,960,48000,1440000.0,28.757814500000677,,474.78097184677995,521.1603558066032
exp_001,ACO_n30_inst0_run2,base,970,48500,1455000.0,29.056347958001425,,474.78097184677995,531.8251901605415
exp_001,ACO_n30_inst0_run2,base,980,49000,1470000.0,29.355052040991723,,474.78097184677995,502.28742815268555
exp_001,ACO_n30_inst0_run2,base,990,49500,1485000.0,29.65296787499392,,474.78097184677995,502.62134420280387
exp_001,ACO_n30_inst0_run2,base,1000,50000,1500000.0,29.951197040994884,,474.78097184677995,502.28742815268555
exp_001,ACO_n30_inst1_run0,base,0,0,0.0,1.9160070223733783e-06,,inf,inf
exp_001,ACO_n30_inst1_run0,base,10,500,15000.0,0.3020005830039736,,450.5648733247956,450.5648733247956
exp_001,ACO_n30_inst1_run0,base,20,1000,30000.0,0.6004095829994185,,423.79222498198726,434.6144703053993
exp_001,ACO_n30_inst1_run0,base,30,1500,45000.0,0.9003805000102147,,422.6308380095809,436.88007654493174
exp_001,ACO_n30_inst1_run0,base,40,2000,60000.0,1.199621500010835,,422.6308380095809,426.98242916257067
exp_001,ACO_n30_inst1_run0,base,50,2500,75000.0,1.4969154160062317,,415.8555021210753,424.2839026347115
exp_001,ACO_n30_inst1_run0,base,60,3000,90000.0,1.793516666002688,,415.8555021210753,431.47044867249144
exp_001,ACO_n30_inst1_run0,base,70,3500,105000.0,2.0915851250028936,,415.8555021210753,423.5706116888532
exp_001,ACO_n30_inst1_run0,base,80,4000,120000.0,2.3898650000046473,,415.85550212107523,426.8313736554107
exp_001,ACO_n30_inst1_run0,base,90,4500,135000.0,2.6889926250005374,,415.85550212107523,446.319726440936
exp_001,ACO_n30_inst1_run0,base,100,5000,150000.0,2.986765291003394,,415.8555021210752,415.8555021210754
exp_001,ACO_n30_inst1_run0,base,110,5500,165000.0,3.285358666005777,,415.8555021210752,415.8555021210752
exp_001,ACO_n30_inst1_run0,base,120,6000,180000.0,3.5830184160004137,,415.8555021210752,428.66045267247335
exp_001,ACO_n30_inst1_run0,base,130,6500,195000.0,3.881402375001926,,415.8555021210752,424.2839026347115
exp_001,ACO_n30_inst1_run0,base,140,7000,210000.0,4.180317291000392,,415.8555021210752,428.1155446135784
exp_001,ACO_n30_inst1_run0,base,150,7500,225000.0,4.477360083008534,,415.8555021210752,431.92507306287
exp_001,ACO_n30_inst1_run0,base,160,8000,240000.0,4.774039000010816,,415.8555021210752,424.5838561258664
exp_001,ACO_n30_inst1_run0,base,170,8500,255000.0,5.070687583007384,,415.8555021210752,433.75776505107626
exp_001,ACO_n30_inst1_run0,base,180,9000,270000.0,5.367907874999219,,415.8555021210752,429.49416432278787
exp_001,ACO_n30_inst1_run0,base,190,9500,285000.0,5.664892291009892,,415.8555021210752,431.47044867249144
exp_001,ACO_n30_inst1_run0,base,200,10000,300000.0,5.961448958012625,,415.8555021210752,424.5838561258666
exp_001,ACO_n30_inst1_run0,base,210,10500,315000.0,6.259217875005561,,415.8555021210752,431.4704486724915
exp_001,ACO_n30_inst1_run0,base,220,11000,330000.0,6.556626375007909,,415.8555021210752,423.92515198304073
exp_001,ACO_n30_inst1_run0,base,230,11500,345000.0,6.853836958005559,,415.8555021210752,424.58385612586653
exp_001,ACO_n30_inst1_run0,base,240,12000,360000.0,7.152221875003306,,415.5555486299203,434.45152879432544
exp_001,ACO_n30_inst1_run0,base,250,12500,375000.0,7.451022000008379,,415.5555486299203,415.85550212107523
exp_001,ACO_n30_inst1_run0,base,260,13000,390000.0,7.748267750008381,,415.5555486299203,424.58385612586653
exp_001,ACO_n30_inst1_run0,base,270,13500,405000.0,8.04574733300251,,415.5555486299203,433.3426825869526
exp_001,ACO_n30_inst1_run0,base,280,14000,420000.0,8.521252291000565,,415.5555486299203,415.85550212107523
exp_001,ACO_n30_inst1_run0,base,290,14500,435000.0,8.818829416006338,,415.5555486299203,420.04528207080494
exp_001,ACO_n30_inst1_run0,base,300,15000,450000.0,9.117343958001584,,415.5555486299203,423.9251519830409
exp_001,ACO_n30_inst1_run0,base,310,15500,465000.0,9.414199375009048,,415.5555486299203,431.6402615508188
exp_001,ACO_n30_inst1_run0,base,320,16000,480000.0,9.711260416006553,,415.5555486299203,431.92507306287
exp_001,ACO_n30_inst1_run0,base,330,16500,495000.0,10.008475791008095,,415.5555486299203,424.5838561258664
exp_001,ACO_n30_inst1_run0,base,340,17000,510000.0,10.305524958006572,,415.5555486299203,437.8376082274581
exp_001,ACO_n30_inst1_run0,base,350,17500,525000.0,10.60317941600806,,415.5555486299203,429.84870461697557
exp_001,ACO_n30_inst1_run0,base,360,18000,540000.0,10.901283500003046,,415.5555486299203,425.6275730191747
exp_001,ACO_n30_inst1_run0,base,370,18500,555000.0,11.19960004099994,,415.5555486299203,415.85550212107523
exp_001,ACO_n30_inst1_run0,base,380,19000,570000.0,11.497417625010712,,415.5555486299203,424.5838561258664
exp_001,ACO_n30_inst1_run0,base,390,19500,585000.0,11.794599625005503,,415.5555486299203,430.72201512096467
exp_001,ACO_n30_inst1_run0,base,400,20000,600000.0,12.093814583000494,,415.5555486299203,422.6308380095809
exp_001,ACO_n30_inst1_run0,base,410,20500,615000.0,12.393126541006495,,415.5555486299203,437.41643475318614
exp_001,ACO_n30_inst1_run0,base,420,21000,630000.0,12.692240166012198,,415.5555486299203,421.77905475500995
exp_001,ACO_n30_inst1_run0,base,430,21500,645000.0,12.991428291003103,,412.3301725030269,429.3323850787619
exp_001,ACO_n30_inst1_run0,base,440,22000,660000.0,13.288965250001638,,412.3301725030269,431.64026155081865
exp_001,ACO_n30_inst1_run0,base,450,22500,675000.0,13.58547304100648,,412.3301725030269,423.92515198304085
exp_001,ACO_n30_inst1_run0,base,460,23000,690000.0,13.882941083007609,,412.3301725030269,430.7004878715465
exp_001,ACO_n30_inst1_run0,base,470,23500,705000.0,14.179588791012065,,412.3301725030269,423.9251519830408
exp_001,ACO_n30_inst1_run0,base,480,24000,720000.0,14.478492041002028,,412.3301725030269,431.6402615508188
exp_001,ACO_n30_inst1_run0,base,490,24500,735000.0,14.777181750003365,,412.3301725030269,430.70048787154644
exp_001,ACO_n30_inst1_run0,base,500,25000,750000.0,15.075150625008973,,412.3301725030269,431.6402615508188
exp_001,ACO_n30_inst1_run0,base,510,25500,765000.0,15.373262541004806,,412.3301725030269,439.18555824026936
exp_001,ACO_n30_inst1_run0,base,520,26000,780000.0,15.671924375012168,,412.3301725030269,431.6402615508188
exp_001,ACO_n30_inst1_run0,base,530,26500,795000.0,15.970324041001732,,412.3301725030269,422.6308380095809
exp_001,ACO_n30_inst1_run0,base,540,27000,810000.0,16.26872758301033,,412.3301725030269,437.58887740865725
exp_001,ACO_n30_inst1_run0,base,550,27500,825000.0,16.566250583011424,,412.3301725030269,432.2989656936444
exp_001,ACO_n30_inst1_run0,base,560,28000,840000.0,16.86394491601095,,412.3301725030269,426.9824291625706
exp_001,ACO_n30_inst1_run0,base,570,28500,855000.0,17.164483583008405,,412.3301725030269,432.29896569364445
exp_001,ACO_n30_inst1_run0,base,580,29000,870000.0,17.46380220800347,,412.3301725030269,423.9251519830408
exp_001,ACO_n30_inst1_run0,base,590,29500,885000.0,17.79810295801144,,412.3301725030269,423.3535561480944
exp_001,ACO_n30_inst1_run0,base,600,30000,900000.0,18.10282112500863,,412.3301725030269,423.9251519830409
exp_001,ACO_n30_inst1_run0,base,610,30500,915000.0,18.406153875010205,,412.3301725030269,431.3591920143721
exp_001,ACO_n30_inst1_run0,base,620,31000,930000.0,18.757633333007107,,412.3301725030269,423.9251519830409
exp_001,ACO_n30_inst1_run0,base,630,31500,945000.0,19.26120483300474,,412.3301725030269,423.5706116888532
exp_001,ACO_n30_inst1_run0,base,640,32000,960000.0,19.62958900000376,,412.3301725030269,432.29896569364445
exp_001,ACO_n30_inst1_run0,base,650,32500,975000.0,19.935138625005493,,412.3301725030269,415.85550212107523
exp_001,ACO_n30_inst1_run0,base,660,33000,990000.0,20.24100433300191,,412.3301725030269,424.5838561258664
exp_001,ACO_n30_inst1_run0,base,670,33500,1005000.0,20.539856583010987,,412.3301725030269,424.020106411904
exp_001,ACO_n30_inst1_run0,base,680,34000,1020000.0,20.836885125012486,,412.3301725030269,435.945386657204
exp_001,ACO_n30_inst1_run0,base,690,34500,1035000.0,21.135486791012227,,412.3301725030269,431.6402615508187
exp_001,ACO_n30_inst1_run0,base,700,35000,1050000.0,21.431471125004464,,412.3301725030269,430.7220151209646
exp_001,ACO_n30_inst1_run0,base,710,35500,1065000.0,21.729193666003994,,412.3301725030269,424.5838561258665
exp_001,ACO_n30_inst1_run0,base,720,36000,1080000.0,22.026841333004995,,412.3301725030269,424.020106411904
exp_001,ACO_n30_inst1_run0,base,730,36500,1095000.0,22.32422462500108,,412.3301725030269,437.60593329442344
exp_001,ACO_n30_inst1_run0,base,740,37000,1110000.0,22.62361116601096,,412.3301725030269,435.93273165692165
exp_001,ACO_n30_inst1_run0,base,750,37500,1125000.0,22.921233958011726,,412.3301725030269,431.47044867249144
exp_001,ACO_n30_inst1_run0,base,760,38000,1140000.0,23.283433291013353,,412.3301725030269,428.993353039997
exp_001,ACO_n30_inst1_run0,base,770,38500,1155000.0,23.66884145801305,,412.3301725030269,424.5838561258666
exp_001,ACO_n30_inst1_run0,base,780,39000,1170000.0,23.97060900001088,,412.3301725030269,424.5838561258664
exp_001,ACO_n30_inst1_run0,base,790,39500,1185000.0,24.35635341600573,,412.3301725030269,423.57061168885315
exp_001,ACO_n30_inst1_run0,base,800,40000,1200000.0,24.68302270800632,,412.3301725030269,423.5706116888532
exp_001,ACO_n30_inst1_run0,base,810,40500,1215000.0,24.998049833011464,,412.3301725030269,415.8555021210753
exp_001,ACO_n30_inst1_run0,base,820,41000,1230000.0,25.299389083011192,,412.3301725030269,430.9842575534099
exp_001,ACO_n30_inst1_run0,base,830,41500,1245000.0,25.627198333007982,,412.3301725030269,423.57061168885326
exp_001,ACO_n30_inst1_run0,base,840,42000,1260000.0,25.934486166006536,,412.3301725030269,415.8555021210752
exp_001,ACO_n30_inst1_run0,base,850,42500,1275000.0,26.238419666013215,,412.3301725030269,424.20996349509204
exp_001,ACO_n30_inst1_run0,base,860,43000,1290000.0,26.539887708000606,,412.3301725030269,428.55439064351566
exp_001,ACO_n30_inst1_run0,base,870,43500,1305000.0,26.839089833010803,,412.3301725030269,421.0585265078182
exp_001,ACO_n30_inst1_run0,base,880,44000,1320000.0,27.13835570801166,,412.3301725030269,424.5838561258666
exp_001,ACO_n30_inst1_run0,base,890,44500,1335000.0,27.44904416600184,,412.3301725030269,430.3492947388691
exp_001,ACO_n30_inst1_run0,base,900,45000,1350000.0,27.751283833000343,,412.3301725030269,412.3301725030271
exp_001,ACO_n30_inst1_run0,base,910,45500,1365000.0,28.04991820800933,,412.3301725030269,423.92515198304085
exp_001,ACO_n30_inst1_run0,base,920,46000,1380000.0,28.353314040999976,,412.3301725030269,415.85550212107535
exp_001,ACO_n30_inst1_run0,base,930,46500,1395000.0,28.657164083007956,,412.3301725030269,431.84924064023363
exp_001,ACO_n30_inst1_run0,base,940,47000,1410000.0,28.98107575000904,,412.3301725030269,434.4515287943255
exp_001,ACO_n30_inst1_run0,base,950,47500,1425000.0,29.28373975001159,,412.3301725030269,415.8555021210753
exp_001,ACO_n30_inst1_run0,base,960,48000,1440000.0,29.587847125003464,,412.3301725030269,431.64026155081876
exp_001,ACO_n30_inst1_run0,base,970,48500,1455000.0,29.893405000009807,,412.3301725030269,423.9251519830408
exp_001,ACO_n30_inst1_run0,base,980,49000,1470000.0,30.267930625006557,,412.3301725030269,426.83137365541074
exp_001,ACO_n30_inst1_run0,base,990,49500,1485000.0,30.708948041006806,,412.3301725030269,432.29896569364445
exp_001,ACO_n30_inst1_run0,base,1000,50000,1500000.0,31.01855391600111,,412.3301725030269,423.2706581976982
exp_001,ACO_n30_inst1_run1,base,0,0,0.0,1.8749997252598405e-06,,inf,inf
exp_001,ACO_n30_inst1_run1,base,10,500,15000.0,0.29917341700638644,,438.12334823936226,438.12334823936226
exp_001,ACO_n30_inst1_run1,base,20,1000,30000.0,0.6022360829956597,,424.5838561258666,431.17220911230027
exp_001,ACO_n30_inst1_run1,base,30,1500,45000.0,0.922886041997117,,415.85550212107535,432.85192910210617
exp_001,ACO_n30_inst1_run1,base,40,2000,60000.0,1.2732068750046892,,415.85550212107535,445.32566594428926
exp_001,ACO_n30_inst1_run1,base,50,2500,75000.0,1.5880089169950224,,415.85550212107535,434.1217646186934
exp_001,ACO_n30_inst1_run1,base,60,3000,90000.0,1.9718403330043657,,415.85550212107523,424.8007411920722
exp_001,ACO_n30_inst1_run1,base,70,3500,105000.0,2.282024416999775,,415.85550212107523,430.9852993835977
exp_001,ACO_n30_inst1_run1,base,80,4000,120000.0,2.588341833004961,,415.85550212107523,434.355927023966
exp_001,ACO_n30_inst1_run1,base,90,4500,135000.0,2.892436042006011,,415.85550212107523,430.0157311070769
exp_001,ACO_n30_inst1_run1,base,100,5000,150000.0,3.1958023330080323,,415.85550212107523,431.5511256531094
exp_001,ACO_n30_inst1_run1,base,110,5500,165000.0,3.4976151669980027,,415.85550212107523,424.72945755513007
exp_001,ACO_n30_inst1_run1,base,120,6000,180000.0,3.7991690000053495,,415.85550212107523,424.20996349509204
exp_001,ACO_n30_inst1_run1,base,130,6500,195000.0,4.100546957997722,,415.85550212107523,431.6402615508188
exp_001,ACO_n30_inst1_run1,base,140,7000,210000.0,4.401608083004248,,415.85550212107523,432.29896569364445
exp_001,ACO_n30_inst1_run1,base,150,7500,225000.0,4.705881707996014,,415.85550212107523,423.57061168885326
exp_001,ACO_n30_inst1_run1,base,160,8000,240000.0,5.03585283299617,,415.85550212107523,422.630838009581
exp_001,ACO_n30_inst1_run1,base,170,8500,255000.0,5.479221875008079,,415.85550212107523,424.5838561258665
exp_001,ACO_n30_inst1_run1,base,180,9000,270000.0,5.998158041998977,,415.85550212107523,422.5527625338991
exp_001,ACO_n30_inst1_run1,base,190,9500,285000.0,6.357364791998407,,412.3301725030269,428.6436383376602
exp_001,ACO_n30_inst1_run1,base,200,10000,300000.0,7.089568124996731,,412.3301725030269,423.9251519830409
exp_001,ACO_n30_inst1_run1,base,210,10500,315000.0,8.279998166995938,,412.3301725030269,418.25407515777937
exp_001,ACO_n30_inst1_run1,base,220,11000,330000.0,9.30848412499472,,412.3301725030269,431.6402615508188
exp_001,ACO_n30_inst1_run1,base,230,11500,345000.0,10.2764600829978,,412.3301725030269,431.47044867249144
exp_001,ACO_n30_inst1_run1,base,240,12000,360000.0,11.019831166995573,,412.3301725030269,429.84870461697557
exp_001,ACO_n30_inst1_run1,base,250,12500,375000.0,11.912878375005675,,412.3301725030269,415.85550212107523
exp_001,ACO_n30_inst1_run1,base,260,13000,390000.0,12.648499957998865,,412.3301725030269,431.64026155081876
exp_001,ACO_n30_inst1_run1,base,270,13500,405000.0,13.242370417006896,,412.3301725030269,424.8007411920722
exp_001,ACO_n30_inst1_run1,base,280,14000,420000.0,13.94867745800002,,412.3301725030269,422.21624379373503
exp_001,ACO_n30_inst1_run1,base,290,14500,435000.0,14.476651207995019,,412.3301725030269,424.5838561258666
exp_001,ACO_n30_inst1_run1,base,300,15000,450000.0,14.995332708000205,,412.3301725030269,422.63083800958094
exp_001,ACO_n30_inst1_run1,base,310,15500,465000.0,15.347240667004371,,412.3301725030269,431.35919201437224
exp_001,ACO_n30_inst1_run1,base,320,16000,480000.0,15.65608641700237,,412.3301725030269,424.5838561258664
exp_001,ACO_n30_inst1_run1,base,330,16500,495000.0,15.960473875005846,,412.3301725030269,439.1855582402693
exp_001,ACO_n30_inst1_run1,base,340,17000,510000.0,16.264501458004816,,412.3301725030269,439.01580089302865
exp_001,ACO_n30_inst1_run1,base,350,17500,525000.0,16.604592832998605,,412.3301725030269,423.9251519830409
exp_001,ACO_n30_inst1_run1,base,360,18000,540000.0,16.906490749999648,,412.3301725030269,424.5838561258665
exp_001,ACO_n30_inst1_run1,base,370,18500,555000.0,17.20726008299971,,412.3301725030269,423.9251519830408
exp_001,ACO_n30_inst1_run1,base,380,19000,570000.0,17.511827791997348,,412.3301725030269,431.47044867249144
exp_001,ACO_n30_inst1_run1,base,390,19500,585000.0,17.812463292008033,,412.3301725030269,423.9251519830408
exp_001,ACO_n30_inst1_run1,base,400,20000,600000.0,18.191892292001285,,412.3301725030269,437.837608227458
exp_001,ACO_n30_inst1_run1,base,410,20500,615000.0,18.503003000005265,,412.3301725030269,415.85550212107523
exp_001,ACO_n30_inst1_run1,base,420,21000,630000.0,18.809403042003396,,412.3301725030269,428.77363607559613
exp_001,ACO_n30_inst1_run1,base,430,21500,645000.0,19.116538792004576,,412.3301725030269,429.6736971094867
exp_001,ACO_n30_inst1_run1,base,440,22000,660000.0,19.436366958005237,,412.3301725030269,423.92515198304085
exp_001,ACO_n30_inst1_run1,base,450,22500,675000.0,19.73578595800791,,412.3301725030269,423.9251519830409
exp_001,ACO_n30_inst1_run1,base,460,23000,690000.0,20.035475875003613,,412.3301725030269,422.6308380095808
exp_001,ACO_n30_inst1_run1,base,470,23500,705000.0,20.334287417004816,,412.3301725030269,431.64026155081876
exp_001,ACO_n30_inst1_run1,base,480,24000,720000.0,20.633638957995572,,412.3301725030269,430.70048787154656
exp_001,ACO_n30_inst1_run1,base,490,24500,735000.0,20.932501667004544,,412.3301725030269,422.6308380095808
exp_001,ACO_n30_inst1_run1,base,500,25000,750000.0,21.23027075000573,,412.3301725030269,431.4704486724914
exp_001,ACO_n30_inst1_run1,base,510,25500,765000.0,21.52819683299458,,412.3301725030269,423.92515198304073
exp_001,ACO_n30_inst1_run1,base,520,26000,780000.0,21.82912020799995,,412.3301725030269,415.85550212107523
exp_001,ACO_n30_inst1_run1,base,530,26500,795000.0,22.133066666996456,,412.3301725030269,424.5838561258665
exp_001,ACO_n30_inst1_run1,base,540,27000,810000.0,22.44008825000492,,412.3301725030269,423.57061168885315
exp_001,ACO_n30_inst1_run1,base,550,27500,825000.0,22.743919792003,,412.3301725030269,428.68729428284405
exp_001,ACO_n30_inst1_run1,base,560,28000,840000.0,23.04530137500842,,412.3301725030269,423.9251519830408
exp_001,ACO_n30_inst1_run1,base,570,28500,855000.0,23.346435291998205,,412.3301725030269,423.92515198304085
exp_001,ACO_n30_inst1_run1,base,580,29000,870000.0,23.649150458004442,,412.3301725030269,438.5919141406433
exp_001,ACO_n30_inst1_run1,base,590,29500,885000.0,23.95075687499775,,412.3301725030269,423.9251519830408
exp_001,ACO_n30_inst1_run1,base,600,30000,900000.0,24.277091249998193,,412.3301725030269,430.7220151209647
exp_001,ACO_n30_inst1_run1,base,610,30500,915000.0,24.603735416996642,,412.3301725030269,424.5838561258666
exp_001,ACO_n30_inst1_run1,base,620,31000,930000.0,24.923643875008565,,412.3301725030269,429.8487046169755
exp_001,ACO_n30_inst1_run1,base,630,31500,945000.0,25.233991250002873,,412.3301725030269,434.2545431418771
exp_001,ACO_n30_inst1_run1,base,640,32000,960000.0,25.53610650000337,,412.3301725030269,428.55439064351555
exp_001,ACO_n30_inst1_run1,base,650,32500,975000.0,26.199579874999472,,412.3301725030269,422.6308380095809
exp_001,ACO_n30_inst1_run1,base,660,33000,990000.0,26.755135625004186,,412.3301725030269,430.0091790229869
exp_001,ACO_n30_inst1_run1,base,670,33500,1005000.0,27.146478042006493,,412.3301725030269,412.7796672260778
exp_001,ACO_n30_inst1_run1,base,680,34000,1020000.0,27.458748667006148,,412.3301725030269,423.9251519830409
exp_001,ACO_n30_inst1_run1,base,690,34500,1035000.0,27.757563792009023,,412.3301725030269,431.64026155081865
exp_001,ACO_n30_inst1_run1,base,700,35000,1050000.0,28.055612916999962,,412.3301725030269,428.7736360755962
exp_001,ACO_n30_inst1_run1,base,710,35500,1065000.0,28.422722208008054,,412.3301725030269,432.29896569364445
exp_001,ACO_n30_inst1_run1,base,720,36000,1080000.0,29.01380841700302,,412.3301725030269,432.29896569364445
exp_001,ACO_n30_inst1_run1,base,730,36500,1095000.0,29.352718833004474,,412.3301725030269,422.63083800958094
exp_001,ACO_n30_inst1_run1,base,740,37000,1110000.0,29.66818004200468,,412.3301725030269,423.5706116888532
exp_001,ACO_n30_inst1_run1,base,750,37500,1125000.0,29.983257792002405,,412.3301725030269,432.91965243025885
exp_001,ACO_n30_inst1_run1,base,760,38000,1140000.0,30.290993999995408,,412.3301725030269,440.37508142826016
exp_001,ACO_n30_inst1_run1,base,770,38500,1155000.0,30.591575833008392,,412.3301725030269,423.92515198304073
exp_001,ACO_n30_inst1_run1,base,780,39000,1170000.0,30.890868041999056,,412.3301725030269,424.5838561258664
exp_001,ACO_n30_inst1_run1,base,790,39500,1185000.0,31.188045083006728,,412.3301725030269,431.64026155081865
exp_001,ACO_n30_inst1_run1,base,800,40000,1200000.0,31.485576999999466,,412.3301725030269,428.877579289632
exp_001,ACO_n30_inst1_run1,base,810,40500,1215000.0,31.783508125008666,,412.3301725030269,431.84924064023363
exp_001,ACO_n30_inst1_run1,base,820,41000,1230000.0,32.0820144169993,,412.3301725030269,433.50989417003126
exp_001,ACO_n30_inst1_run1,base,830,41500,1245000.0,32.384379167007864,,412.3301725030269,435.9419706767772
exp_001,ACO_n30_inst1_run1,base,840,42000,1260000.0,32.684875457998714,,412.3301725030269,424.5838561258666
exp_001,ACO_n30_inst1_run1,base,850,42500,1275000.0,32.99310216700542,,412.3301725030269,423.92515198304085
exp_001,ACO_n30_inst1_run1,base,860,43000,1290000.0,33.29051779200381,,412.3301725030269,431.6402615508188
exp_001,ACO_n30_inst1_run1,base,870,43500,1305000.0,33.58693737500289,,412.3301725030269,423.57061168885315
exp_001,ACO_n30_inst1_run1,base,880,44000,1320000.0,33.88386349999928,,412.3301725030269,423.92515198304085
exp_001,ACO_n30_inst1_run1,base,890,44500,1335000.0,34.18272066699865,,412.3301725030269,422.6308380095809
exp_001,ACO_n30_inst1_run1,base,900,45000,1350000.0,34.480788667002344,,412.3301725030269,415.85550212107523
exp_001,ACO_n30_inst1_run1,base,910,45500,1365000.0,34.7784926250024,,412.3301725030269,434.2545431418771
exp_001,ACO_n30_inst1_run1,base,920,46000,1380000.0,35.0771797500056,,412.3301725030269,423.92515198304085
exp_001,ACO_n30_inst1_run1,base,930,46500,1395000.0,35.37494012499519,,412.3301725030269,424.28390263471147
exp_001,ACO_n30_inst1_run1,base,940,47000,1410000.0,35.673699958002544,,412.3301725030269,439.18555824026936
exp_001,ACO_n30_inst1_run1,base,950,47500,1425000.0,35.972613167003146,,412.3301725030269,431.92507306286996
exp_001,ACO_n30_inst1_run1,base,960,48000,1440000.0,36.271276957995724,,412.3301725030269,423.92515198304073
exp_001,ACO_n30_inst1_run1,base,970,48500,1455000.0,36.57001629199658,,412.3301725030269,423.57061168885315
exp_001,ACO_n30_inst1_run1,base,980,49000,1470000.0,36.866765667000436,,412.3301725030269,430.8305974059177
exp_001,ACO_n30_inst1_run1,base,990,49500,1485000.0,37.16579887500848,,412.3301725030269,430.44660376224357
exp_001,ACO_n30_inst1_run1,base,1000,50000,1500000.0,37.462272125005256,,412.3301725030269,422.8565493143117
exp_001,ACO_n30_inst1_run2,base,0,0,0.0,2.125001628883183e-06,,inf,inf
exp_001,ACO_n30_inst1_run2,base,10,500,15000.0,0.3019636660028482,,424.5838561258666,443.01881202279634
exp_001,ACO_n30_inst1_run2,base,20,1000,30000.0,0.6024230000039097,,414.21792793689986,435.0142117180106
exp_001,ACO_n30_inst1_run2,base,30,1500,45000.0,0.9048702080035582,,414.21792793689986,429.29520285988525
exp_001,ACO_n30_inst1_run2,base,40,2000,60000.0,1.205412499999511,,414.21792793689986,427.61843341419325
exp_001,ACO_n30_inst1_run2,base,50,2500,75000.0,1.5055653330055065,,414.21792793689986,423.5706116888532
exp_001,ACO_n30_inst1_run2,base,60,3000,90000.0,1.8050802910001948,,414.21792793689986,430.13351612902676
exp_001,ACO_n30_inst1_run2,base,70,3500,105000.0,2.105242375007947,,414.21792793689986,428.19821198475864
exp_001,ACO_n30_inst1_run2,base,80,4000,120000.0,2.4147079160029534,,412.3301725030269,424.0921784731422
exp_001,ACO_n30_inst1_run2,base,90,4500,135000.0,2.715210541005945,,412.3301725030269,429.84870461697557
exp_001,ACO_n30_inst1_run2,base,100,5000,150000.0,3.013023040999542,,412.3301725030269,437.73352761062034
exp_001,ACO_n30_inst1_run2,base,110,5500,165000.0,3.3111252910020994,,412.3301725030269,421.50408142823676
exp_001,ACO_n30_inst1_run2,base,120,6000,180000.0,3.6088951249985257,,412.3301725030269,426.9824291625706
exp_001,ACO_n30_inst1_run2,base,130,6500,195000.0,3.906379708001623,,412.3301725030269,431.6402615508187
exp_001,ACO_n30_inst1_run2,base,140,7000,210000.0,4.204737791005755,,412.3301725030269,423.9251519830408
exp_001,ACO_n30_inst1_run2,base,150,7500,225000.0,4.502616249999846,,412.3301725030269,428.7451899955374
exp_001,ACO_n30_inst1_run2,base,160,8000,240000.0,4.8013393330038525,,412.3301725030269,424.5838561258666
exp_001,ACO_n30_inst1_run2,base,170,8500,255000.0,5.0990543750085635,,412.3301725030269,440.4940860190641
exp_001,ACO_n30_inst1_run2,base,180,9000,270000.0,5.396776833003969,,412.3301725030269,424.5838561258666
exp_001,ACO_n30_inst1_run2,base,190,9500,285000.0,5.695581958003459,,412.3301725030269,437.8376082274582
exp_001,ACO_n30_inst1_run2,base,200,10000,300000.0,5.993477083000471,,412.3301725030269,424.5838561258665
exp_001,ACO_n30_inst1_run2,base,210,10500,315000.0,6.291368625010364,,412.3301725030269,428.9933530399969
exp_001,ACO_n30_inst1_run2,base,220,11000,330000.0,6.5881576250103535,,412.3301725030269,424.5838561258666
exp_001,ACO_n30_inst1_run2,base,230,11500,345000.0,6.885811458007083,,412.3301725030269,424.5838561258666
exp_001,ACO_n30_inst1_run2,base,240,12000,360000.0,7.183748208000907,,412.3301725030269,421.77905475501
exp_001,ACO_n30_inst1_run2,base,250,12500,375000.0,7.481854833007674,,412.3301725030269,439.1855582402694
exp_001,ACO_n30_inst1_run2,base,260,13000,390000.0,7.7810712909995345,,412.3301725030269,415.85550212107523
exp_001,ACO_n30_inst1_run2,base,270,13500,405000.0,8.078984708001371,,412.3301725030269,430.70048787154644
exp_001,ACO_n30_inst1_run2,base,280,14000,420000.0,8.377209750004113,,412.3301725030269,423.92515198304085
exp_001,ACO_n30_inst1_run2,base,290,14500,435000.0,8.674719625007128,,412.3301725030269,429.8487046169755
exp_001,ACO_n30_inst1_run2,base,300,15000,450000.0,8.972443040998769,,412.3301725030269,429.84870461697557
exp_001,ACO_n30_inst1_run2,base,310,15500,465000.0,9.269828916003462,,412.3301725030269,431.35919201437224
exp_001,ACO_n30_inst1_run2,base,320,16000,480000.0,9.566835208010161,,412.3301725030269,432.2989656936444
exp_001,ACO_n30_inst1_run2,base,330,16500,495000.0,9.866231874999357,,412.3301725030269,431.47044867249144
exp_001,ACO_n30_inst1_run2,base,340,17000,510000.0,10.164669666002737,,412.3301725030269,431.64026155081876
exp_001,ACO_n30_inst1_run2,base,350,17500,525000.0,10.4625442079996,,412.3301725030269,422.630838009581
exp_001,ACO_n30_inst1_run2,base,360,18000,540000.0,10.759368958009873,,412.3301725030269,415.8555021210753
exp_001,ACO_n30_inst1_run2,base,370,18500,555000.0,11.058481500003836,,412.3301725030269,423.92515198304096
exp_001,ACO_n30_inst1_run2,base,380,19000,570000.0,11.357191540999338,,412.3301725030269,423.5706116888532
exp_001,ACO_n30_inst1_run2,base,390,19500,585000.0,11.655713208005182,,412.3301725030269,431.6402615508187
exp_001,ACO_n30_inst1_run2,base,400,20000,600000.0,11.954090500003076,,412.3301725030269,431.6402615508187
exp_001,ACO_n30_inst1_run2,base,410,20500,615000.0,12.251978000000236,,412.3301725030269,423.9251519830408
exp_001,ACO_n30_inst1_run2,base,420,21000,630000.0,12.556173083008616,,412.3301725030269,432.2989656936444
exp_001,ACO_n30_inst1_run2,base,430,21500,645000.0,12.860381333011901,,412.3301725030269,432.29896569364445
exp_001,ACO_n30_inst1_run2,base,440,22000,660000.0,13.159831916011171,,412.3301725030269,422.6308380095809
exp_001,ACO_n30_inst1_run2,base,450,22500,675000.0,13.460767041004146,,412.3301725030269,425.62757301917463
exp_001,ACO_n30_inst1_run2,base,460,23000,690000.0,13.759570583002642,,412.3301725030269,437.37199234245145
exp_001,ACO_n30_inst1_run2,base,470,23500,705000.0,14.058110375000979,,412.3301725030269,429.84870461697557
exp_001,ACO_n30_inst1_run2,base,480,24000,720000.0,14.357358916007797,,412.3301725030269,426.3818789323598
exp_001,ACO_n30_inst1_run2,base,490,24500,735000.0,14.657335166004486,,412.3301725030269,424.5838561258664
exp_001,ACO_n30_inst1_run2,base,500,25000,750000.0,14.955759916003444,,412.3301725030269,424.20996349509204
exp_001,ACO_n30_inst1_run2,base,510,25500,765000.0,15.25417795800604,,412.3301725030269,428.58938944986966
exp_001,ACO_n30_inst1_run2,base,520,26000,780000.0,15.554818832999445,,412.3301725030269,415.85550212107523
exp_001,ACO_n30_inst1_run2,base,530,26500,795000.0,15.870268041006057,,412.3301725030269,423.9251519830409
exp_001,ACO_n30_inst1_run2,base,540,27000,810000.0,16.168734541002777,,412.3301725030269,431.64026155081876
exp_001,ACO_n30_inst1_run2,base,550,27500,825000.0,16.467834666007548,,412.3301725030269,416.30499684412615
exp_001,ACO_n30_inst1_run2,base,560,28000,840000.0,16.767190250000567,,412.3301725030269,422.7314941944657
exp_001,ACO_n30_inst1_run2,base,570,28500,855000.0,17.065389208000852,,412.3301725030269,422.21976582152115
exp_001,ACO_n30_inst1_run2,base,580,29000,870000.0,17.362838790999376,,412.3301725030269,432.4000130531596
exp_001,ACO_n30_inst1_run2,base,590,29500,885000.0,17.661847250012215,,412.3301725030269,425.1183087196119
exp_001,ACO_n30_inst1_run2,base,600,30000,900000.0,17.96012287501071,,412.3301725030269,432.29896569364445
exp_001,ACO_n30_inst1_run2,base,610,30500,915000.0,18.25846733301296,,412.3301725030269,429.84870461697557
exp_001,ACO_n30_inst1_run2,base,620,31000,930000.0,18.55626066600962,,412.3301725030269,425.9688347047397
exp_001,ACO_n30_inst1_run2,base,630,31500,945000.0,18.853653583006235,,412.3301725030269,440.39311934072543
exp_001,ACO_n30_inst1_run2,base,640,32000,960000.0,19.151405750002596,,412.3301725030269,416.30499684412604
exp_001,ACO_n30_inst1_run2,base,650,32500,975000.0,19.44890329100599,,412.3301725030269,426.2010025471616
exp_001,ACO_n30_inst1_run2,base,660,33000,990000.0,19.746279666011105,,412.3301725030269,432.21262390089237
exp_001,ACO_n30_inst1_run2,base,670,33500,1005000.0,20.044060250002076,,412.3301725030269,438.62457652873917
exp_001,ACO_n30_inst1_run2,base,680,34000,1020000.0,20.342479416009155,,412.3301725030269,424.20996349509215
exp_001,ACO_n30_inst1_run2,base,690,34500,1035000.0,20.64108162499906,,412.3301725030269,415.85550212107535
exp_001,ACO_n30_inst1_run2,base,700,35000,1050000.0,20.93886249999923,,412.3301725030269,415.85550212107523
exp_001,ACO_n30_inst1_run2,base,710,35500,1065000.0,21.23581587499939,,412.3301725030269,424.58385612586665
exp_001,ACO_n30_inst1_run2,base,720,36000,1080000.0,21.533272958011366,,412.3301725030269,421.77905475500995
exp_001,ACO_n30_inst1_run2,base,730,36500,1095000.0,21.830202583005303,,412.3301725030269,427.02973445047667
exp_001,ACO_n30_inst1_run2,base,740,37000,1110000.0,22.128791583003476,,412.3301725030269,436.62404050548116
exp_001,ACO_n30_inst1_run2,base,750,37500,1125000.0,22.426792791011394,,412.3301725030269,415.85550212107523
exp_001,ACO_n30_inst1_run2,base,760,38000,1140000.0,22.722772958004498,,412.3301725030269,423.57061168885315
exp_001,ACO_n30_inst1_run2,base,770,38500,1155000.0,23.022140916000353,,412.3301725030269,431.3591920143722
exp_001,ACO_n30_inst1_run2,base,780,39000,1170000.0,23.32185591600137,,412.3301725030269,421.0585265078184
exp_001,ACO_n30_inst1_run2,base,790,39500,1185000.0,23.620336083011352,,412.3301725030269,421.0585265078184
exp_001,ACO_n30_inst1_run2,base,800,40000,1200000.0,23.920345208010986,,412.3301725030269,429.3902625544132
exp_001,ACO_n30_inst1_run2,base,810,40500,1215000.0,24.217499125006725,,412.3301725030269,423.9251519830408
exp_001,ACO_n30_inst1_run2,base,820,41000,1230000.0,24.51419508300023,,412.3301725030269,422.6308380095809
exp_001,ACO_n30_inst1_run2,base,830,41500,1245000.0,24.810164458001964,,412.3301725030269,429.931353361513
exp_001,ACO_n30_inst1_run2,base,840,42000,1260000.0,25.107286833008402,,412.3301725030269,431.47044867249144
exp_001,ACO_n30_inst1_run2,base,850,42500,1275000.0,25.404558833004558,,412.3301725030269,434.355927023966
exp_001,ACO_n30_inst1_run2,base,860,43000,1290000.0,25.70353233300557,,412.3301725030269,423.9251519830408
exp_001,ACO_n30_inst1_run2,base,870,43500,1305000.0,26.002101165999193,,412.3301725030269,431.4704486724914
exp_001,ACO_n30_inst1_run2,base,880,44000,1320000.0,26.299435083012213,,412.3301725030269,424.2839026347115
exp_001,ACO_n30_inst1_run2,base,890,44500,1335000.0,26.59661366599903,,412.3301725030269,430.01841804284237
exp_001,ACO_n30_inst1_run2,base,900,45000,1350000.0,26.894066916007432,,412.3301725030269,424.58385612586653
exp_001,ACO_n30_inst1_run2,base,910,45500,1365000.0,27.190984000000753,,412.3301725030269,424.5838561258664
exp_001,ACO_n30_inst1_run2,base,920,46000,1380000.0,27.48944262501027,,412.3301725030269,421.05852650781827
exp_001,ACO_n30_inst1_run2,base,930,46500,1395000.0,27.787833458001842,,412.3301725030269,436.14490704057
exp_001,ACO_n30_inst1_run2,base,940,47000,1410000.0,28.085500541012152,,412.3301725030269,427.0273353850311
exp_001,ACO_n30_inst1_run2,base,950,47500,1425000.0,28.382285583007615,,412.3301725030269,423.9251519830409
exp_001,ACO_n30_inst1_run2,base,960,48000,1440000.0,28.681094291008776,,412.3301725030269,420.04528207080494
exp_001,ACO_n30_inst1_run2,base,970,48500,1455000.0,28.980301458010217,,412.3301725030269,433.3426825869526
exp_001,ACO_n30_inst1_run2,base,980,49000,1470000.0,29.27839145800681,,412.3301725030269,425.62757301917475
exp_001,ACO_n30_inst1_run2,base,990,49500,1485000.0,29.575197666010354,,412.3301725030269,428.77363607559624
exp_001,ACO_n30_inst1_run2,base,1000,50000,1500000.0,29.87384045800718,,412.3301725030269,424.5838561258666
exp_001,ACO_n30_inst2_run0,base,0,0,0.0,1.8750142771750689e-06,,inf,inf
exp_001,ACO_n30_inst2_run0,base,10,500,15000.0,0.407938833013759,,456.0539921848753,469.57759087301457
exp_001,ACO_n30_inst2_run0,base,20,1000,30000.0,0.714355833013542,,426.5376410607542,461.4428467474651
exp_001,ACO_n30_inst2_run0,base,30,1500,45000.0,1.0155366250110092,,412.2858659013541,447.4980977287282
exp_001,ACO_n30_inst2_run0,base,40,2000,60000.0,1.3160375420120545,,412.2858659013541,456.6974589250251
exp_001,ACO_n30_inst2_run0,base,50,2500,75000.0,1.6166090420010732,,412.2858659013541,427.15877334527516
exp_001,ACO_n30_inst2_run0,base,60,3000,90000.0,1.9152925420057727,,404.4220706516929,452.5809858202422
exp_001,ACO_n30_inst2_run0,base,70,3500,105000.0,2.2139847920043394,,404.4220706516929,407.9141666066153
exp_001,ACO_n30_inst2_run0,base,80,4000,120000.0,2.5117328750056913,,404.4220706516929,441.35005379715255
exp_001,ACO_n30_inst2_run0,base,90,4500,135000.0,2.808764333007275,,404.4220706516928,414.4714969333495
exp_001,ACO_n30_inst2_run0,base,100,5000,150000.0,3.1065085000009276,,404.4220706516928,422.2940854541865
exp_001,ACO_n30_inst2_run0,base,110,5500,165000.0,3.4162960829999065,,404.4220706516928,453.429290227837
exp_001,ACO_n30_inst2_run0,base,120,6000,180000.0,3.7152213750086958,,404.4220706516928,413.84446146131495
exp_001,ACO_n30_inst2_run0,base,130,6500,195000.0,4.0144572500139475,,404.4220706516928,431.0858430884451
exp_001,ACO_n30_inst2_run0,base,140,7000,210000.0,4.313671125011751,,404.4220706516928,422.29408545418653
exp_001,ACO_n30_inst2_run0,base,150,7500,225000.0,4.613133750011912,,404.4220706516928,419.2340334273004
exp_001,ACO_n30_inst2_run0,base,160,8000,240000.0,4.911820625013206,,404.4220706516928,437.354242421787
exp_001,ACO_n30_inst2_run0,base,170,8500,255000.0,5.209423083011643,,404.4220706516928,455.491580692179
exp_001,ACO_n30_inst2_run0,base,180,9000,270000.0,5.507004667000729,,404.4220706516928,404.4220706516929
exp_001,ACO_n30_inst2_run0,base,190,9500,285000.0,5.805686417006655,,404.4220706516928,459.6776260621562
exp_001,ACO_n30_inst2_run0,base,200,10000,300000.0,6.102677958013373,,404.4220706516928,412.8716946445644
exp_001,ACO_n30_inst2_run0,base,210,10500,315000.0,6.4010495000111405,,404.4220706516928,449.7148032541441
exp_001,ACO_n30_inst2_run0,base,220,11000,330000.0,6.699385583007825,,404.4220706516928,422.6362190955735
exp_001,ACO_n30_inst2_run0,base,230,11500,345000.0,6.998062833008589,,404.4220706516928,452.5592543190074
exp_001,ACO_n30_inst2_run0,base,240,12000,360000.0,7.297703333009849,,404.4220706516928,440.84633837670947
exp_001,ACO_n30_inst2_run0,base,250,12500,375000.0,7.6539748330105795,,404.4220706516928,437.448181871181
exp_001,ACO_n30_inst2_run0,base,260,13000,390000.0,7.950819167002919,,404.4220706516928,452.5592543190074
exp_001,ACO_n30_inst2_run0,base,270,13500,405000.0,8.24687516700942,,404.4220706516928,452.5592543190074
exp_001,ACO_n30_inst2_run0,base,280,14000,420000.0,8.54424033300893,,404.4220706516928,422.2940854541864
exp_001,ACO_n30_inst2_run0,base,290,14500,435000.0,8.8418137080007,,404.4220706516928,423.80511320125186
exp_001,ACO_n30_inst2_run0,base,300,15000,450000.0,9.140132458007429,,404.4220706516928,431.085843088445
exp_001,ACO_n30_inst2_run0,base,310,15500,465000.0,9.43820941701415,,404.4220706516928,431.085843088445
exp_001,ACO_n30_inst2_run0,base,320,16000,480000.0,9.736579583011917,,404.4220706516928,431.085843088445
exp_001,ACO_n30_inst2_run0,base,330,16500,495000.0,10.034951542009367,,404.4220706516928,426.82259237933397
exp_001,ACO_n30_inst2_run0,base,340,17000,510000.0,10.332603542003199,,404.4220706516928,428.9985578783096
exp_001,ACO_n30_inst2_run0,base,350,17500,525000.0,10.630429417011328,,404.4220706516928,427.4616650169388
exp_001,ACO_n30_inst2_run0,base,360,18000,540000.0,10.929329833001248,,404.4220706516928,430.6125577683308
exp_001,ACO_n30_inst2_run0,base,370,18500,555000.0,11.22904804200516,,404.4220706516928,453.429290227837
exp_001,ACO_n30_inst2_run0,base,380,19000,570000.0,11.531005583005026,,404.4220706516928,422.6362190955735
exp_001,ACO_n30_inst2_run0,base,390,19500,585000.0,11.829813542004558,,404.4220706516928,414.03303470144243
exp_001,ACO_n30_inst2_run0,base,400,20000,600000.0,12.128832500005956,,404.4220706516928,438.08399219793046
exp_001,ACO_n30_inst2_run0,base,410,20500,615000.0,12.428066667009261,,404.4220706516928,412.8716946445644
exp_001,ACO_n30_inst2_run0,base,420,21000,630000.0,12.726917958003469,,404.4220706516928,429.8343710774416
exp_001,ACO_n30_inst2_run0,base,430,21500,645000.0,13.028405333010596,,404.4220706516928,445.5357258650225
exp_001,ACO_n30_inst2_run0,base,440,22000,660000.0,13.327343667013338,,404.4220706516928,420.3431290741639
exp_001,ACO_n30_inst2_run0,base,450,22500,675000.0,13.6296696250065,,404.4220706516928,404.4220706516929
exp_001,ACO_n30_inst2_run0,base,460,23000,690000.0,13.930798125002184,,404.4220706516928,404.42207065169293
exp_001,ACO_n30_inst2_run0,base,470,23500,705000.0,14.229441958013922,,404.4220706516928,409.72080189317234
exp_001,ACO_n30_inst2_run0,base,480,24000,720000.0,14.527265125012491,,404.4220706516928,410.7844094344288
exp_001,ACO_n30_inst2_run0,base,490,24500,735000.0,14.825712542005931,,404.4220706516928,437.2536090568006
exp_001,ACO_n30_inst2_run0,base,500,25000,750000.0,15.12433783301094,,404.4220706516928,406.3496678591409
exp_001,ACO_n30_inst2_run0,base,510,25500,765000.0,15.422491417004494,,404.4220706516928,407.91416660661537
exp_001,ACO_n30_inst2_run0,base,520,26000,780000.0,15.719365542012383,,404.4220706516928,428.63041198244997
exp_001,ACO_n30_inst2_run0,base,530,26500,795000.0,16.017733958011377,,404.4220706516928,422.6362190955735
exp_001,ACO_n30_inst2_run0,base,540,27000,810000.0,16.316185208008392,,404.4220706516928,431.085843088445
exp_001,ACO_n30_inst2_run0,base,550,27500,825000.0,16.614407000000938,,404.4220706516928,437.354242421787
exp_001,ACO_n30_inst2_run0,base,560,28000,840000.0,16.912667292010156,,404.4220706516928,455.4915806921789
exp_001,ACO_n30_inst2_run0,base,570,28500,855000.0,17.210998667011154,,404.4220706516928,440.84633837670947
exp_001,ACO_n30_inst2_run0,base,580,29000,870000.0,17.50855495801079,,404.4220706516928,432.2547371941234
exp_001,ACO_n30_inst2_run0,base,590,29500,885000.0,17.805817208005465,,404.4220706516928,440.94138861862433
exp_001,ACO_n30_inst2_run0,base,600,30000,900000.0,18.103315292013576,,404.4220706516928,431.085843088445
exp_001,ACO_n30_inst2_run0,base,610,30500,915000.0,18.40126691700425,,404.4220706516928,461.4050519862268
exp_001,ACO_n30_inst2_run0,base,620,31000,930000.0,18.699631082999986,,404.4220706516928,453.4292902278371
exp_001,ACO_n30_inst2_run0,base,630,31500,945000.0,18.998831333010457,,404.4220706516928,443.3293783981669
exp_001,ACO_n30_inst2_run0,base,640,32000,960000.0,19.297233417004463,,404.4220706516928,459.3163081603006
exp_001,ACO_n30_inst2_run0,base,650,32500,975000.0,19.595942208005,,404.4220706516928,412.8716946445644
exp_001,ACO_n30_inst2_run0,base,660,33000,990000.0,19.89560329201049,,404.4220706516928,443.3293783981669
exp_001,ACO_n30_inst2_run0,base,670,33500,1005000.0,20.194812792004086,,404.4220706516928,437.3542424217869
exp_001,ACO_n30_inst2_run0,base,680,34000,1020000.0,20.492671167012304,,404.4220706516928,448.43053758194264
exp_001,ACO_n30_inst2_run0,base,690,34500,1035000.0,20.790667208013474,,404.4220706516928,422.63621909557355
exp_001,ACO_n30_inst2_run0,base,700,35000,1050000.0,21.09057766701153,,404.4220706516928,452.3921549581187
exp_001,ACO_n30_inst2_run0,base,710,35500,1065000.0,21.390701500000432,,404.4220706516928,423.89388774297146
exp_001,ACO_n30_inst2_run0,base,720,36000,1080000.0,21.68985562500893,,404.4220706516928,422.6362190955735
exp_001,ACO_n30_inst2_run0,base,730,36500,1095000.0,21.989660708000883,,404.4220706516928,455.4915806921789
exp_001,ACO_n30_inst2_run0,base,740,37000,1110000.0,22.28942683301284,,404.4220706516928,449.55293949373896
exp_001,ACO_n30_inst2_run0,base,750,37500,1125000.0,22.588478500008932,,404.4220706516928,448.4305375819427
exp_001,ACO_n30_inst2_run0,base,760,38000,1140000.0,22.888062125013676,,404.4220706516928,455.49158069217896
exp_001,ACO_n30_inst2_run0,base,770,38500,1155000.0,23.18724879200454,,404.4220706516928,455.49158069217884
exp_001,ACO_n30_inst2_run0,base,780,39000,1170000.0,23.48596620801254,,404.4220706516928,446.7766332314091
exp_001,ACO_n30_inst2_run0,base,790,39500,1185000.0,23.785086083007627,,404.4220706516928,447.0290231400224
exp_001,ACO_n30_inst2_run0,base,800,40000,1200000.0,24.092749792005634,,404.4220706516928,422.6362190955735
exp_001,ACO_n30_inst2_run0,base,810,40500,1215000.0,24.389897042012308,,404.4220706516928,440.8463383767095
exp_001,ACO_n30_inst2_run0,base,820,41000,1230000.0,24.690011625003535,,404.4220706516928,419.3558434594703
exp_001,ACO_n30_inst2_run0,base,830,41500,1245000.0,24.99177233299997,,404.4220706516928,407.91416660661537
exp_001,ACO_n30_inst2_run0,base,840,42000,1260000.0,25.291762500011828,,404.4220706516928,440.84633837670947
exp_001,ACO_n30_inst2_run0,base,850,42500,1275000.0,25.59197970801324,,404.4220706516928,443.3293783981669
exp_001,ACO_n30_inst2_run0,base,860,43000,1290000.0,25.891351750004105,,404.4220706516928,450.3836342060726
exp_001,ACO_n30_inst2_run0,base,870,43500,1305000.0,26.19019662500068,,404.4220706516928,455.4915806921789
exp_001,ACO_n30_inst2_run0,base,880,44000,1320000.0,26.48854350000329,,404.4220706516928,437.35424242178703
exp_001,ACO_n30_inst2_run0,base,890,44500,1335000.0,26.786307500005933,,404.4220706516928,434.0778959484285
exp_001,ACO_n30_inst2_run0,base,900,45000,1350000.0,27.085052417009138,,404.4220706516928,428.13967830890635
exp_001,ACO_n30_inst2_run0,base,910,45500,1365000.0,27.385010958008934,,404.4220706516928,431.0858430884451
exp_001,ACO_n30_inst2_run0,base,920,46000,1380000.0,27.68505341700802,,404.4220706516928,457.8756917927587
exp_001,ACO_n30_inst2_run0,base,930,46500,1395000.0,27.98732725001173,,404.4220706516928,422.6362190955735
exp_001,ACO_n30_inst2_run0,base,940,47000,1410000.0,28.285411208009464,,404.4220706516928,453.429290227837
exp_001,ACO_n30_inst2_run0,base,950,47500,1425000.0,28.58472441699996,,404.4220706516928,453.429290227837
exp_001,ACO_n30_inst2_run0,base,960,48000,1440000.0,28.883910500007914,,404.4220706516928,437.3542424217871
exp_001,ACO_n30_inst2_run0,base,970,48500,1455000.0,29.182504333002726,,404.4220706516928,430.9464697953109
exp_001,ACO_n30_inst2_run0,base,980,49000,1470000.0,29.48181683300936,,404.4220706516928,428.8366941179043
exp_001,ACO_n30_inst2_run0,base,990,49500,1485000.0,29.781296250002924,,404.4220706516928,412.87169464456434
exp_001,ACO_n30_inst2_run0,base,1000,50000,1500000.0,30.080989083013264,,404.4220706516928,428.9985578783095
exp_001,ACO_n30_inst2_run1,base,0,0,0.0,1.9160070223733783e-06,,inf,inf
exp_001,ACO_n30_inst2_run1,base,10,500,15000.0,0.30274525001004804,,421.94838452887166,421.94838452887166
exp_001,ACO_n30_inst2_run1,base,20,1000,30000.0,0.6026637910108548,,418.84683062094433,449.6292636248005
exp_001,ACO_n30_inst2_run1,base,30,1500,45000.0,0.9046537080139387,,410.8843563517209,427.06591323497554
exp_001,ACO_n30_inst2_run1,base,40,2000,60000.0,1.2074646250111982,,410.8843563517209,435.15807482092725
exp_001,ACO_n30_inst2_run1,base,50,2500,75000.0,1.5083625410043169,,404.4220706516928,411.85312707247374
exp_001,ACO_n30_inst2_run1,base,60,3000,90000.0,1.8078613750112709,,404.4220706516928,420.3431290741639
exp_001,ACO_n30_inst2_run1,base,70,3500,105000.0,2.1066951250104466,,404.4220706516928,412.2858659013541
exp_001,ACO_n30_inst2_run1,base,80,4000,120000.0,2.4043295830051647,,404.4220706516928,425.2311761378271
exp_001,ACO_n30_inst2_run1,base,90,4500,135000.0,2.701972041002591,,404.4220706516928,404.4220706516928
exp_001,ACO_n30_inst2_run1,base,100,5000,150000.0,2.9991275830107043,,404.4220706516928,450.4579033774871
exp_001,ACO_n30_inst2_run1,base,110,5500,165000.0,3.2965957910055295,,404.4220706516928,453.42929022783704
exp_001,ACO_n30_inst2_run1,base,120,6000,180000.0,3.5950845000043046,,404.4220706516928,433.4699541890248
exp_001,ACO_n30_inst2_run1,base,130,6500,195000.0,3.8943961660115747,,404.4220706516928,455.4915806921789
exp_001,ACO_n30_inst2_run1,base,140,7000,210000.0,4.201788583013695,,404.4220706516928,437.2630633241415
exp_001,ACO_n30_inst2_run1,base,150,7500,225000.0,4.500537458006875,,404.4220706516928,430.6125577683309
exp_001,ACO_n30_inst2_run1,base,160,8000,240000.0,4.799676250011544,,404.4220706516928,422.1629337754594
exp_001,ACO_n30_inst2_run1,base,170,8500,255000.0,5.095753458008403,,404.4220706516928,422.6362190955735
exp_001,ACO_n30_inst2_run1,base,180,9000,270000.0,5.393802208011039,,404.4220706516928,457.1369569119489
exp_001,ACO_n30_inst2_run1,base,190,9500,285000.0,5.692633375001606,,404.4220706516928,459.786312306643
exp_001,ACO_n30_inst2_run1,base,200,10000,300000.0,6.028734041014104,,404.4220706516928,412.87169464456446
exp_001,ACO_n30_inst2_run1,base,210,10500,315000.0,6.328052083001239,,404.4220706516928,453.429290227837
exp_001,ACO_n30_inst2_run1,base,220,11000,330000.0,6.626817791009671,,404.4220706516928,431.52902527424067
exp_001,ACO_n30_inst2_run1,base,230,11500,345000.0,6.925031875012792,,404.4220706516928,445.6686859252387
exp_001,ACO_n30_inst2_run1,base,240,12000,360000.0,7.221919041010551,,404.4220706516928,461.85391947491485
exp_001,ACO_n30_inst2_run1,base,250,12500,375000.0,7.51836254101363,,404.4220706516928,449.73238517332413
exp_001,ACO_n30_inst2_run1,base,260,13000,390000.0,7.815539875009563,,404.4220706516928,404.42207065169293
exp_001,ACO_n30_inst2_run1,base,270,13500,405000.0,8.112500041010207,,404.4220706516928,419.23403342730046
exp_001,ACO_n30_inst2_run1,base,280,14000,420000.0,8.409682249999605,,404.4220706516928,439.72434097794934
exp_001,ACO_n30_inst2_run1,base,290,14500,435000.0,8.707802458011429,,404.4220706516928,428.8366941179043
exp_001,ACO_n30_inst2_run1,base,300,15000,450000.0,9.005600750009762,,404.4220706516928,450.9118386866995
exp_001,ACO_n30_inst2_run1,base,310,15500,465000.0,9.302640000008978,,404.4220706516928,412.8716946445644
exp_001,ACO_n30_inst2_run1,base,320,16000,480000.0,9.602194833001704,,404.4220706516928,427.66639298879215
exp_001,ACO_n30_inst2_run1,base,330,16500,495000.0,9.901223083012155,,404.4220706516928,437.35424242178703
exp_001,ACO_n30_inst2_run1,base,340,17000,510000.0,10.199771125000552,,404.4220706516928,455.4915806921789
exp_001,ACO_n30_inst2_run1,base,350,17500,525000.0,10.498130583000602,,404.4220706516928,453.429290227837
exp_001,ACO_n30_inst2_run1,base,360,18000,540000.0,10.797107500009588,,404.4220706516928,452.42368876131593
exp_001,ACO_n30_inst2_run1,base,370,18500,555000.0,11.094297791001736,,404.4220706516928,438.55727751804454
exp_001,ACO_n30_inst2_run1,base,380,19000,570000.0,11.392021458013915,,404.4220706516928,463.19532068722924
exp_001,ACO_n30_inst2_run1,base,390,19500,585000.0,11.690455375006422,,404.4220706516928,440.8463383767095
exp_001,ACO_n30_inst2_run1,base,400,20000,600000.0,11.988574041009997,,404.4220706516928,473.32700675945887
exp_001,ACO_n30_inst2_run1,base,410,20500,615000.0,12.287169041010202,,404.4220706516928,450.6223808001741
exp_001,ACO_n30_inst2_run1,base,420,21000,630000.0,12.585283708001953,,404.4220706516928,412.8716946445644
exp_001,ACO_n30_inst2_run1,base,430,21500,645000.0,12.883482291013934,,404.4220706516928,443.3293783981669
exp_001,ACO_n30_inst2_run1,base,440,22000,660000.0,13.181711416007602,,404.4220706516928,454.9704518990323
exp_001,ACO_n30_inst2_run1,base,450,22500,675000.0,13.479297750003752,,404.4220706516928,453.42929022783704
exp_001,ACO_n30_inst2_run1,base,460,23000,690000.0,13.776605500010191,,404.4220706516928,453.429290227837
exp_001,ACO_n30_inst2_run1,base,470,23500,705000.0,14.170004833009443,,404.4220706516928,448.7180145771265
exp_001,ACO_n30_inst2_run1,base,480,24000,720000.0,14.471508833012194,,404.4220706516928,447.0290231400224
exp_001,ACO_n30_inst2_run1,base,490,24500,735000.0,14.768806457999744,,404.4220706516928,446.9652064715365
exp_001,ACO_n30_inst2_run1,base,500,25000,750000.0,15.070678208008758,,404.4220706516928,422.16293377545935
exp_001,ACO_n30_inst2_run1,base,510,25500,765000.0,15.369291083014105,,404.4220706516928,437.354242421787
exp_001,ACO_n30_inst2_run1,base,520,26000,780000.0,15.675882416006061,,404.4220706516928,446.9652064715365
exp_001,ACO_n30_inst2_run1,base,530,26500,795000.0,15.973983208008576,,404.4220706516928,439.6502702222972
exp_001,ACO_n30_inst2_run1,base,540,27000,810000.0,16.273267208001926,,404.4220706516928,430.2622723286618
exp_001,ACO_n30_inst2_run1,base,550,27500,825000.0,16.571604458004003,,404.4220706516928,431.085843088445
exp_001,ACO_n30_inst2_run1,base,560,28000,840000.0,16.8708717910049,,404.4220706516928,451.3359664184503
exp_001,ACO_n30_inst2_run1,base,570,28500,855000.0,17.16852658300195,,404.4220706516928,431.085843088445
exp_001,ACO_n30_inst2_run1,base,580,29000,870000.0,17.466631250004866,,404.4220706516928,455.491580692179
exp_001,ACO_n30_inst2_run1,base,590,29500,885000.0,17.764787541003898,,404.4220706516928,416.3637905994869
exp_001,ACO_n30_inst2_run1,base,600,30000,900000.0,18.064547916001175,,404.4220706516928,420.2083334397314
exp_001,ACO_n30_inst2_run1,base,610,30500,915000.0,18.364325416012434,,404.4220706516928,428.9985578783095
exp_001,ACO_n30_inst2_run1,base,620,31000,930000.0,18.663275000013527,,404.4220706516928,452.2740774257645
exp_001,ACO_n30_inst2_run1,base,630,31500,945000.0,18.961319207999622,,404.4220706516928,453.47205705086577
exp_001,ACO_n30_inst2_run1,base,640,32000,960000.0,19.26109525001084,,404.4220706516928,448.5786294471902
exp_001,ACO_n30_inst2_run1,base,650,32500,975000.0,19.55913429100474,,404.4220706516928,448.5786294471902
exp_001,ACO_n30_inst2_run1,base,660,33000,990000.0,19.857342458009953,,404.4220706516928,416.3637905994869
exp_001,ACO_n30_inst2_run1,base,670,33500,1005000.0,20.15583233301004,,404.4220706516928,430.61255776833093
exp_001,ACO_n30_inst2_run1,base,680,34000,1020000.0,20.453439333010465,,404.4220706516928,450.622380800174
exp_001,ACO_n30_inst2_run1,base,690,34500,1035000.0,20.75210108300962,,404.4220706516928,431.085843088445
exp_001,ACO_n30_inst2_run1,base,700,35000,1050000.0,21.051194500003476,,404.4220706516928,443.4453245817078
exp_001,ACO_n30_inst2_run1,base,710,35500,1065000.0,21.35028075000446,,404.4220706516928,431.085843088445
exp_001,ACO_n30_inst2_run1,base,720,36000,1080000.0,21.6483987080137,,404.4220706516928,450.6223808001741
exp_001,ACO_n30_inst2_run1,base,730,36500,1095000.0,21.947658708013478,,404.4220706516928,452.79428137487713
exp_001,ACO_n30_inst2_run1,base,740,37000,1110000.0,22.246098958014045,,404.4220706516928,422.63621909557355
exp_001,ACO_n30_inst2_run1,base,750,37500,1125000.0,22.54394683300052,,404.4220706516928,431.0858430884451
exp_001,ACO_n30_inst2_run1,base,760,38000,1140000.0,22.842112750004162,,404.4220706516928,439.3757790786291
exp_001,ACO_n30_inst2_run1,base,770,38500,1155000.0,23.140208291006275,,404.4220706516928,455.49158069217884
exp_001,ACO_n30_inst2_run1,base,780,39000,1170000.0,23.43809183301346,,404.4220706516928,453.429290227837
exp_001,ACO_n30_inst2_run1,base,790,39500,1185000.0,23.735967208005604,,404.4220706516928,431.0858430884451
exp_001,ACO_n30_inst2_run1,base,800,40000,1200000.0,24.035005666009965,,404.4220706516928,410.3972066280728
exp_001,ACO_n30_inst2_run1,base,810,40500,1215000.0,24.333672291002586,,404.4220706516928,427.9278228014723
exp_001,ACO_n30_inst2_run1,base,820,41000,1230000.0,24.631649625007412,,404.4220706516928,439.4465248004713
exp_001,ACO_n30_inst2_run1,base,830,41500,1245000.0,24.931537833006587,,404.4220706516928,443.3293783981668
exp_001,ACO_n30_inst2_run1,base,840,42000,1260000.0,25.235603958004504,,404.4220706516928,455.4915806921789
exp_001,ACO_n30_inst2_run1,base,850,42500,1275000.0,25.533746416011127,,404.4220706516928,422.6362190955735
exp_001,ACO_n30_inst2_run1,base,860,43000,1290000.0,25.83124291599961,,404.4220706516928,412.87169464456446
exp_001,ACO_n30_inst2_run1,base,870,43500,1305000.0,26.12892908300273,,404.4220706516928,454.76767417013224
exp_001,ACO_n30_inst2_run1,base,880,44000,1320000.0,26.426311500006705,,404.4220706516928,438.4807986319464
exp_001,ACO_n30_inst2_run1,base,890,44500,1335000.0,26.726569291000487,,404.4220706516928,453.42929022783704
exp_001,ACO_n30_inst2_run1,base,900,45000,1350000.0,27.02725429100974,,404.4220706516928,445.2074008450548
exp_001,ACO_n30_inst2_run1,base,910,45500,1365000.0,27.325686875003157,,404.4220706516928,416.3637905994868
exp_001,ACO_n30_inst2_run1,base,920,46000,1380000.0,27.62360620801337,,404.4220706516928,453.37001768950046
exp_001,ACO_n30_inst2_run1,base,930,46500,1395000.0,27.921759458011365,,404.4220706516928,453.429290227837
exp_001,ACO_n30_inst2_run1,base,940,47000,1410000.0,28.21969800000079,,404.4220706516928,437.3542424217871
exp_001,ACO_n30_inst2_run1,base,950,47500,1425000.0,28.519188083009794,,404.4220706516928,431.0858430884451
exp_001,ACO_n30_inst2_run1,base,960,48000,1440000.0,28.818818791012745,,404.4220706516928,416.5995400265129
exp_001,ACO_n30_inst2_run1,base,970,48500,1455000.0,29.11800487501023,,404.4220706516928,453.429290227837
exp_001,ACO_n30_inst2_run1,base,980,49000,1470000.0,29.41660995800339,,404.4220706516928,453.429290227837
exp_001,ACO_n30_inst2_run1,base,990,49500,1485000.0,29.715285583006334,,404.4220706516928,414.47149693334944
exp_001,ACO_n30_inst2_run1,base,1000,50000,1500000.0,30.0146485830046,,404.4220706516928,437.354242421787
exp_001,ACO_n30_inst2_run2,base,0,0,0.0,1.834006980061531e-06,,inf,inf
exp_001,ACO_n30_inst2_run2,base,10,500,15000.0,0.3029850000020815,,453.1665737813589,497.6780005595639
exp_001,ACO_n30_inst2_run2,base,20,1000,30000.0,0.6027584999974351,,414.79929185201246,461.6585579931931
exp_001,ACO_n30_inst2_run2,base,30,1500,45000.0,0.9037094590021297,,410.3972066280727,410.7844094344288
exp_001,ACO_n30_inst2_run2,base,40,2000,60000.0,1.2029677920072572,,410.3972066280727,433.8737484039677
exp_001,ACO_n30_inst2_run2,base,50,2500,75000.0,1.5015976669965312,,404.42207065169293,455.78602579461096
exp_001,ACO_n30_inst2_run2,base,60,3000,90000.0,1.8010127919988008,,404.42207065169293,426.9932524011742
exp_001,ACO_n30_inst2_run2,base,70,3500,105000.0,2.0995591670071008,,404.42207065169293,451.5733968114866
exp_001,ACO_n30_inst2_run2,base,80,4000,120000.0,2.39891579200048,,404.4220706516928,404.4220706516928
exp_001,ACO_n30_inst2_run2,base,90,4500,135000.0,2.6981272919947514,,404.4220706516928,437.354242421787
exp_001,ACO_n30_inst2_run2,base,100,5000,150000.0,2.9962556670070626,,404.4220706516928,440.34203190159366
exp_001,ACO_n30_inst2_run2,base,110,5500,165000.0,3.2947547500079963,,404.4220706516928,422.16293377545935
exp_001,ACO_n30_inst2_run2,base,120,6000,180000.0,3.5930622089945246,,404.4220706516928,448.68711391523055
exp_001,ACO_n30_inst2_run2,base,130,6500,195000.0,3.891779249999672,,404.4220706516928,450.1433744482845
exp_001,ACO_n30_inst2_run2,base,140,7000,210000.0,4.189410749997478,,404.4220706516928,447.4604339220291
exp_001,ACO_n30_inst2_run2,base,150,7500,225000.0,4.4885656670085154,,404.4220706516928,453.429290227837
exp_001,ACO_n30_inst2_run2,base,160,8000,240000.0,4.786328208996565,,404.4220706516928,457.41917789962696
exp_001,ACO_n30_inst2_run2,base,170,8500,255000.0,5.089413209003396,,404.4220706516928,450.1185398950829
exp_001,ACO_n30_inst2_run2,base,180,9000,270000.0,5.3894657920027385,,404.4220706516928,448.3367055292082
exp_001,ACO_n30_inst2_run2,base,190,9500,285000.0,5.689097084003151,,404.4220706516928,453.429290227837
exp_001,ACO_n30_inst2_run2,base,200,10000,300000.0,5.986910209001508,,404.4220706516928,431.08584308844496
exp_001,ACO_n30_inst2_run2,base,210,10500,315000.0,6.284142792006605,,404.4220706516928,451.16636246939265
exp_001,ACO_n30_inst2_run2,base,220,11000,330000.0,6.581665667006746,,404.4220706516928,442.879179151294
exp_001,ACO_n30_inst2_run2,base,230,11500,345000.0,6.8788090419984655,,404.4220706516928,455.4915806921789
exp_001,ACO_n30_inst2_run2,base,240,12000,360000.0,7.177554334004526,,404.4220706516928,428.5724171377866
exp_001,ACO_n30_inst2_run2,base,250,12500,375000.0,7.477194667008007,,404.4220706516928,455.3568874352851
exp_001,ACO_n30_inst2_run2,base,260,13000,390000.0,7.776515292003751,,404.4220706516928,412.8716946445644
exp_001,ACO_n30_inst2_run2,base,270,13500,405000.0,8.07573254199815,,404.4220706516928,453.429290227837
exp_001,ACO_n30_inst2_run2,base,280,14000,420000.0,8.374007125006756,,404.4220706516928,446.3711755160291
exp_001,ACO_n30_inst2_run2,base,290,14500,435000.0,8.672871959002805,,404.4220706516928,430.450117093558
exp_001,ACO_n30_inst2_run2,base,300,15000,450000.0,8.971633584005758,,404.4220706516928,437.354242421787
exp_001,ACO_n30_inst2_run2,base,310,15500,465000.0,9.27077441700385,,404.4220706516928,404.4220706516928
exp_001,ACO_n30_inst2_run2,base,320,16000,480000.0,9.569424333996722,,404.4220706516928,431.085843088445
exp_001,ACO_n30_inst2_run2,base,330,16500,495000.0,9.867321708996315,,404.4220706516928,429.8343710774416
exp_001,ACO_n30_inst2_run2,base,340,17000,510000.0,10.164877500006696,,404.4220706516928,455.4915806921789
exp_001,ACO_n30_inst2_run2,base,350,17500,525000.0,10.462854416997288,,404.4220706516928,426.03540527842614
exp_001,ACO_n30_inst2_run2,base,360,18000,540000.0,10.759933791996446,,404.4220706516928,451.3051401565566
exp_001,ACO_n30_inst2_run2,base,370,18500,555000.0,11.05705879200832,,404.4220706516928,454.7714002265141
exp_001,ACO_n30_inst2_run2,base,380,19000,570000.0,11.359476750003523,,404.4220706516928,443.32937839816685
exp_001,ACO_n30_inst2_run2,base,390,19500,585000.0,11.657292917006998,,404.4220706516928,443.716581204523
exp_001,ACO_n30_inst2_run2,base,400,20000,600000.0,11.956052624998847,,404.4220706516928,426.9932524011742
exp_001,ACO_n30_inst2_run2,base,410,20500,615000.0,12.253899874995113,,404.4220706516928,431.08584308844496
exp_001,ACO_n30_inst2_run2,base,420,21000,630000.0,12.552097709005466,,404.4220706516928,416.3637905994869
exp_001,ACO_n30_inst2_run2,base,430,21500,645000.0,12.85001791700779,,404.4220706516928,422.63621909557355
exp_001,ACO_n30_inst2_run2,base,440,22000,660000.0,13.147836292002467,,404.4220706516928,430.6125577683308
exp_001,ACO_n30_inst2_run2,base,450,22500,675000.0,13.446325541997794,,404.4220706516928,454.12639497742725
exp_001,ACO_n30_inst2_run2,base,460,23000,690000.0,13.74447170899657,,404.4220706516928,412.87169464456446
exp_001,ACO_n30_inst2_run2,base,470,23500,705000.0,14.042213374996209,,404.4220706516928,437.4268839415364
exp_001,ACO_n30_inst2_run2,base,480,24000,720000.0,14.340961541995057,,404.4220706516928,452.5592543190074
exp_001,ACO_n30_inst2_run2,base,490,24500,735000.0,14.639866875004373,,404.4220706516928,406.34966785914094
exp_001,ACO_n30_inst2_run2,base,500,25000,750000.0,14.937921208998887,,404.4220706516928,422.6362190955736
exp_001,ACO_n30_inst2_run2,base,510,25500,765000.0,15.244872209004825,,404.4220706516928,443.45994025874
exp_001,ACO_n30_inst2_run2,base,520,26000,780000.0,15.54306062500109,,404.4220706516928,422.6362190955735
exp_001,ACO_n30_inst2_run2,base,530,26500,795000.0,15.845504375000019,,404.4220706516928,431.085843088445
exp_001,ACO_n30_inst2_run2,base,540,27000,810000.0,16.14316783400136,,404.4220706516928,455.4915806921789
exp_001,ACO_n30_inst2_run2,base,550,27500,825000.0,16.44162083399715,,404.4220706516928,455.4915806921789
exp_001,ACO_n30_inst2_run2,base,560,28000,840000.0,16.73993608400633,,404.4220706516928,437.3542424217869
exp_001,ACO_n30_inst2_run2,base,570,28500,855000.0,17.038039999999455,,404.4220706516928,438.89974108642946
exp_001,ACO_n30_inst2_run2,base,580,29000,870000.0,17.33538099999714,,404.4220706516928,422.63621909557355
exp_001,ACO_n30_inst2_run2,base,590,29500,885000.0,17.635923249996267,,404.4220706516928,437.354242421787
exp_001,ACO_n30_inst2_run2,base,600,30000,900000.0,17.934898749997956,,404.4220706516928,454.66407745252434
exp_001,ACO_n30_inst2_run2,base,610,30500,915000.0,18.233014541998273,,404.4220706516928,447.1914083925455
exp_001,ACO_n30_inst2_run2,base,620,31000,930000.0,18.530778250002186,,404.4220706516928,464.2001338530218
exp_001,ACO_n30_inst2_run2,base,630,31500,945000.0,18.830370334006147,,404.4220706516928,424.09608166996765
exp_001,ACO_n30_inst2_run2,base,640,32000,960000.0,19.12784008399467,,404.4220706516928,453.429290227837
exp_001,ACO_n30_inst2_run2,base,650,32500,975000.0,19.426022500003455,,404.4220706516928,454.7714002265141
exp_001,ACO_n30_inst2_run2,base,660,33000,990000.0,19.724202625002363,,404.4220706516928,431.0858430884451
exp_001,ACO_n30_inst2_run2,base,670,33500,1005000.0,20.022763708999264,,404.4220706516928,438.55727751804454
exp_001,ACO_n30_inst2_run2,base,680,34000,1020000.0,20.320511084006284,,404.4220706516928,446.7203339205683
exp_001,ACO_n30_inst2_run2,base,690,34500,1035000.0,20.617045334001887,,404.4220706516928,420.3431290741639
exp_001,ACO_n30_inst2_run2,base,700,35000,1050000.0,20.915777125002933,,404.4220706516928,428.13967830890635
exp_001,ACO_n30_inst2_run2,base,710,35500,1065000.0,21.213639042005525,,404.4220706516928,446.141971245353
exp_001,ACO_n30_inst2_run2,base,720,36000,1080000.0,21.511560500002815,,404.4220706516928,430.6125577683309
exp_001,ACO_n30_inst2_run2,base,730,36500,1095000.0,21.809658458994818,,404.4220706516928,420.34312907416387
exp_001,ACO_n30_inst2_run2,base,740,37000,1110000.0,22.11505725000461,,404.4220706516928,439.7243409779494
exp_001,ACO_n30_inst2_run2,base,750,37500,1125000.0,22.414910374995088,,404.4220706516928,430.6125577683309
exp_001,ACO_n30_inst2_run2,base,760,38000,1140000.0,22.714755334003712,,404.4220706516928,443.716581204523
exp_001,ACO_n30_inst2_run2,base,770,38500,1155000.0,23.014256958995247,,404.4220706516928,422.72612938222284
exp_001,ACO_n30_inst2_run2,base,780,39000,1170000.0,23.31260074999591,,404.4220706516928,429.8343710774416
exp_001,ACO_n30_inst2_run2,base,790,39500,1185000.0,23.61133566699573,,404.4220706516928,431.0858430884451
exp_001,ACO_n30_inst2_run2,base,800,40000,1200000.0,23.91072341700783,,404.4220706516928,453.5537471752815
exp_001,ACO_n30_inst2_run2,base,810,40500,1215000.0,24.20971962499607,,404.4220706516928,436.7577768521833
exp_001,ACO_n30_inst2_run2,base,820,41000,1230000.0,24.508015542000066,,404.4220706516928,426.21417724898333
exp_001,ACO_n30_inst2_run2,base,830,41500,1245000.0,24.807516959001077,,404.4220706516928,426.70546785689993
exp_001,ACO_n30_inst2_run2,base,840,42000,1260000.0,25.107152166994638,,404.4220706516928,431.0858430884451
exp_001,ACO_n30_inst2_run2,base,850,42500,1275000.0,25.406528499996057,,404.4220706516928,437.35424242178703
exp_001,ACO_n30_inst2_run2,base,860,43000,1290000.0,25.710488459008047,,404.4220706516928,459.36146267957116
exp_001,ACO_n30_inst2_run2,base,870,43500,1305000.0,26.00914183400164,,404.4220706516928,445.84496696582556
exp_001,ACO_n30_inst2_run2,base,880,44000,1320000.0,26.30668591700669,,404.4220706516928,427.9278228014723
exp_001,ACO_n30_inst2_run2,base,890,44500,1335000.0,26.608756708999863,,404.4220706516928,404.4220706516929
exp_001,ACO_n30_inst2_run2,base,900,45000,1350000.0,26.90764020899951,,404.4220706516928,430.92615508575756
exp_001,ACO_n30_inst2_run2,base,910,45500,1365000.0,27.206565417000093,,404.4220706516928,422.63621909557355
exp_001,ACO_n30_inst2_run2,base,920,46000,1380000.0,27.506485999998404,,404.4220706516928,412.87169464456446
exp_001,ACO_n30_inst2_run2,base,930,46500,1395000.0,27.974263791998965,,404.4220706516928,437.3542424217869
exp_001,ACO_n30_inst2_run2,base,940,47000,1410000.0,28.276260541999363,,404.4220706516928,443.3293783981669
exp_001,ACO_n30_inst2_run2,base,950,47500,1425000.0,28.57488166699477,,404.4220706516928,433.0134402958931
exp_001,ACO_n30_inst2_run2,base,960,48000,1440000.0,28.874053459003335,,404.4220706516928,437.3542424217869
exp_001,ACO_n30_inst2_run2,base,970,48500,1455000.0,29.173756083997432,,404.4220706516928,429.8343710774416
exp_001,ACO_n30_inst2_run2,base,980,49000,1470000.0,29.4730302090029,,404.4220706516928,453.42929022783704
exp_001,ACO_n30_inst2_run2,base,990,49500,1485000.0,29.772192625008756,,404.4220706516928,433.2304776134792
exp_001,ACO_n30_inst2_run2,base,1000,50000,1500000.0,30.07171262499469,,404.4220706516928,451.2767844242655
exp_001,ACO_n30_inst3_run0,base,0,0,0.0,1.791006070561707e-06,,inf,inf
exp_001,ACO_n30_inst3_run0,base,10,500,15000.0,0.30735541600733995,,503.6276189901106,503.6276189901106
exp_001,ACO_n30_inst3_run0,base,20,1000,30000.0,0.6060265410051215,,466.7905791671742,498.33691297414254
exp_001,ACO_n30_inst3_run0,base,30,1500,45000.0,0.9087426250043791,,466.7905791671742,496.9663048762029
exp_001,ACO_n30_inst3_run0,base,40,2000,60000.0,1.2104967080085771,,466.7905791671742,499.74993405398584
exp_001,ACO_n30_inst3_run0,base,50,2500,75000.0,2.3069315000029746,,466.7905791671742,487.15393846755677
exp_001,ACO_n30_inst3_run0,base,60,3000,90000.0,2.9002782500028843,,466.7905791671742,489.49134300192674
exp_001,ACO_n30_inst3_run0,base,70,3500,105000.0,3.2003263750084443,,466.7905791671742,486.68282736360567
exp_001,ACO_n30_inst3_run0,base,80,4000,120000.0,3.4995987500005867,,466.7905791671742,480.6979356358596
exp_001,ACO_n30_inst3_run0,base,90,4500,135000.0,3.7977694580040406,,466.7905791671742,483.95238110058835
exp_001,ACO_n30_inst3_run0,base,100,5000,150000.0,4.094712707999861,,466.7905791671742,498.962052459004
exp_001,ACO_n30_inst3_run0,base,110,5500,165000.0,4.393182625004556,,464.1341476299541,491.01331431704506
exp_001,ACO_n30_inst3_run0,base,120,6000,180000.0,4.692679458006751,,464.1341476299541,496.0575478397998
exp_001,ACO_n30_inst3_run0,base,130,6500,195000.0,4.990651083004195,,464.1341476299541,487.18748268373525
exp_001,ACO_n30_inst3_run0,base,140,7000,210000.0,5.292157290998148,,464.1341476299541,486.733586905243
exp_001,ACO_n30_inst3_run0,base,150,7500,225000.0,5.588617375004105,,464.1341476299541,506.0236470976881
exp_001,ACO_n30_inst3_run0,base,160,8000,240000.0,6.047821416010265,,464.1341476299541,505.6959927688804
exp_001,ACO_n30_inst3_run0,base,170,8500,255000.0,6.356219374996726,,464.1341476299541,485.49567931145725
exp_001,ACO_n30_inst3_run0,base,180,9000,270000.0,6.659704707999481,,464.1341476299541,484.5382091791853
exp_001,ACO_n30_inst3_run0,base,190,9500,285000.0,6.961681125001633,,464.1341476299541,501.4499743162523
exp_001,ACO_n30_inst3_run0,base,200,10000,300000.0,7.261494666003273,,464.1341476299541,479.8033009070786
exp_001,ACO_n30_inst3_run0,base,210,10500,315000.0,7.56032525000046,,464.1341476299541,498.3222584167775
exp_001,ACO_n30_inst3_run0,base,220,11000,330000.0,7.858665791005478,,464.1341476299541,505.1518017710551
exp_001,ACO_n30_inst3_run0,base,230,11500,345000.0,8.157233999998425,,464.1341476299541,480.0732956534144
exp_001,ACO_n30_inst3_run0,base,240,12000,360000.0,8.456040375007433,,464.1341476299541,492.2434158437855
exp_001,ACO_n30_inst3_run0,base,250,12500,375000.0,8.755856165997102,,464.1341476299541,497.27463244479645
exp_001,ACO_n30_inst3_run0,base,260,13000,390000.0,9.05939033300092,,464.1341476299541,487.9691397341813
exp_001,ACO_n30_inst3_run0,base,270,13500,405000.0,9.357708666007966,,464.1341476299541,482.9332026398656
exp_001,ACO_n30_inst3_run0,base,280,14000,420000.0,9.657079166005133,,464.1341476299541,482.5014298471358
exp_001,ACO_n30_inst3_run0,base,290,14500,435000.0,9.955037000006996,,464.1341476299541,502.62967940041267
exp_001,ACO_n30_inst3_run0,base,300,15000,450000.0,10.251056416003848,,464.1341476299541,490.2100145890933
exp_001,ACO_n30_inst3_run0,base,310,15500,465000.0,10.552012125001056,,464.1341476299541,507.8816221633825
exp_001,ACO_n30_inst3_run0,base,320,16000,480000.0,10.850090416002786,,464.1341476299541,498.05220168387376
exp_001,ACO_n30_inst3_run0,base,330,16500,495000.0,11.14745583300828,,464.1341476299541,492.9229573407539
exp_001,ACO_n30_inst3_run0,base,340,17000,510000.0,11.452634875007789,,464.1341476299541,495.8018942313972
exp_001,ACO_n30_inst3_run0,base,350,17500,525000.0,11.751295791007578,,464.1341476299541,480.21352311485856
exp_001,ACO_n30_inst3_run0,base,360,18000,540000.0,12.0495696660073,,464.1341476299541,499.6003942970794
exp_001,ACO_n30_inst3_run0,base,370,18500,555000.0,12.347993125003995,,464.1341476299541,489.01210949250975
exp_001,ACO_n30_inst3_run0,base,380,19000,570000.0,12.646210916005657,,464.1341476299541,493.3867107759174
exp_001,ACO_n30_inst3_run0,base,390,19500,585000.0,12.945214583000052,,464.1341476299541,509.09059697658904
exp_001,ACO_n30_inst3_run0,base,400,20000,600000.0,13.243489416010561,,464.1341476299541,490.35299377614257
exp_001,ACO_n30_inst3_run0,base,410,20500,615000.0,13.54146833300183,,464.1341476299541,489.56201595677965
exp_001,ACO_n30_inst3_run0,base,420,21000,630000.0,13.838646500007599,,464.1341476299541,518.9767211270937
exp_001,ACO_n30_inst3_run0,base,430,21500,645000.0,14.135610291006742,,464.1341476299541,490.10837333582265
exp_001,ACO_n30_inst3_run0,base,440,22000,660000.0,14.433592583009158,,463.7738211606047,496.45707203859865
exp_001,ACO_n30_inst3_run0,base,450,22500,675000.0,14.731391082998016,,463.7738211606047,495.0037965966921
exp_001,ACO_n30_inst3_run0,base,460,23000,690000.0,15.030305082997074,,463.7738211606047,498.425101699062
exp_001,ACO_n30_inst3_run0,base,470,23500,705000.0,15.328898791005486,,463.7738211606047,499.1193270874658
exp_001,ACO_n30_inst3_run0,base,480,24000,720000.0,15.733698791009374,,463.7738211606047,482.26670436295643
exp_001,ACO_n30_inst3_run0,base,490,24500,735000.0,16.052257333009038,,463.7738211606047,489.2380596420814
exp_001,ACO_n30_inst3_run0,base,500,25000,750000.0,16.351756040996406,,463.7738211606047,481.5894789234657
exp_001,ACO_n30_inst3_run0,base,510,25500,765000.0,16.651459000000614,,463.7738211606047,502.8142847759434
exp_001,ACO_n30_inst3_run0,base,520,26000,780000.0,16.952536166005302,,463.7738211606047,485.5649721133099
exp_001,ACO_n30_inst3_run0,base,530,26500,795000.0,17.254038083003252,,463.7738211606047,480.1200591848799
exp_001,ACO_n30_inst3_run0,base,540,27000,810000.0,17.561218415998155,,463.7738211606047,495.8260356949997
exp_001,ACO_n30_inst3_run0,base,550,27500,825000.0,17.86434154100425,,463.7738211606047,474.8580596770531
exp_001,ACO_n30_inst3_run0,base,560,28000,840000.0,18.162329833008698,,463.7738211606047,492.68116076312464
exp_001,ACO_n30_inst3_run0,base,570,28500,855000.0,18.46138525000424,,463.7738211606047,486.11987245487967
exp_001,ACO_n30_inst3_run0,base,580,29000,870000.0,18.759426040996914,,463.7738211606047,496.92644577510066
exp_001,ACO_n30_inst3_run0,base,590,29500,885000.0,19.056373250001343,,463.7738211606047,494.37174143921993
exp_001,ACO_n30_inst3_run0,base,600,30000,900000.0,19.356074166003964,,463.7738211606047,490.84576052456885
exp_001,ACO_n30_inst3_run0,base,610,30500,915000.0,19.6605492910021,,463.7738211606047,481.6033378608056
exp_001,ACO_n30_inst3_run0,base,620,31000,930000.0,19.95961404099944,,463.7738211606047,497.8387927080664
exp_001,ACO_n30_inst3_run0,base,630,31500,945000.0,20.258043541005463,,463.7738211606047,483.1647147846658
exp_001,ACO_n30_inst3_run0,base,640,32000,960000.0,20.55678812500264,,463.7738211606047,487.8908745480688
exp_001,ACO_n30_inst3_run0,base,650,32500,975000.0,20.855418874998577,,463.7738211606047,488.2277552202145
exp_001,ACO_n30_inst3_run0,base,660,33000,990000.0,21.15399808299844,,463.7738211606047,489.5339595556675
exp_001,ACO_n30_inst3_run0,base,670,33500,1005000.0,21.45226225000806,,463.7738211606047,516.4357316976156
exp_001,ACO_n30_inst3_run0,base,680,34000,1020000.0,21.74960412499786,,463.7738211606047,493.44097009284354
exp_001,ACO_n30_inst3_run0,base,690,34500,1035000.0,22.048836458008736,,463.7738211606047,495.24869460895997
exp_001,ACO_n30_inst3_run0,base,700,35000,1050000.0,22.346592415997293,,463.7738211606047,491.2666881713481
exp_001,ACO_n30_inst3_run0,base,710,35500,1065000.0,22.6460802500078,,463.7738211606047,496.03008469647637
exp_001,ACO_n30_inst3_run0,base,720,36000,1080000.0,22.944340916001238,,463.7738211606047,488.2277552202144
exp_001,ACO_n30_inst3_run0,base,730,36500,1095000.0,23.242660875010188,,463.7738211606047,484.2507626066489
exp_001,ACO_n30_inst3_run0,base,740,37000,1110000.0,23.542448708001757,,463.7738211606047,506.442768312519
exp_001,ACO_n30_inst3_run0,base,750,37500,1125000.0,23.84074483301083,,463.7738211606047,472.6847583374831
exp_001,ACO_n30_inst3_run0,base,760,38000,1140000.0,24.14028849999886,,463.7738211606047,493.06167185918736
exp_001,ACO_n30_inst3_run0,base,770,38500,1155000.0,24.441318249999313,,463.7738211606047,494.064291055429
exp_001,ACO_n30_inst3_run0,base,780,39000,1170000.0,24.739495125002577,,463.7738211606047,505.1518017710551
exp_001,ACO_n30_inst3_run0,base,790,39500,1185000.0,25.038139875003253,,463.7738211606047,508.8694439715617
exp_001,ACO_n30_inst3_run0,base,800,40000,1200000.0,25.33588054100983,,463.7738211606047,490.36922073564125
exp_001,ACO_n30_inst3_run0,base,810,40500,1215000.0,25.63302375000785,,463.7738211606047,498.34284696052976
exp_001,ACO_n30_inst3_run0,base,820,41000,1230000.0,25.93211241600511,,463.7738211606047,494.36310596244164
exp_001,ACO_n30_inst3_run0,base,830,41500,1245000.0,26.2313026250049,,463.7738211606047,494.39569555415306
exp_001,ACO_n30_inst3_run0,base,840,42000,1260000.0,26.540759958006674,,463.7738211606047,489.3052079929897
exp_001,ACO_n30_inst3_run0,base,850,42500,1275000.0,26.840142250002827,,463.7738211606047,502.3981672556126
exp_001,ACO_n30_inst3_run0,base,860,43000,1290000.0,27.139710290997755,,463.7738211606047,493.4409700928436
exp_001,ACO_n30_inst3_run0,base,870,43500,1305000.0,27.438792250002734,,463.7738211606047,502.2244212669503
exp_001,ACO_n30_inst3_run0,base,880,44000,1320000.0,27.737929499999154,,463.7738211606047,496.8845915932582
exp_001,ACO_n30_inst3_run0,base,890,44500,1335000.0,28.03641112500918,,463.7738211606047,494.2371668474149
exp_001,ACO_n30_inst3_run0,base,900,45000,1350000.0,28.335245166003006,,463.7738211606047,491.7884552304889
exp_001,ACO_n30_inst3_run0,base,910,45500,1365000.0,28.635089875009726,,463.7738211606047,490.7471360827056
exp_001,ACO_n30_inst3_run0,base,920,46000,1380000.0,28.93589300000167,,463.7738211606047,494.99715328494085
exp_001,ACO_n30_inst3_run0,base,930,46500,1395000.0,29.239518333008164,,463.7738211606047,492.1978480296934
exp_001,ACO_n30_inst3_run0,base,940,47000,1410000.0,29.605179916005,,463.7738211606047,502.95223116689505
exp_001,ACO_n30_inst3_run0,base,950,47500,1425000.0,29.906692290998762,,463.7738211606047,489.28190134264156
exp_001,ACO_n30_inst3_run0,base,960,48000,1440000.0,30.206519541010493,,463.7738211606047,499.15471323403926
exp_001,ACO_n30_inst3_run0,base,970,48500,1455000.0,30.505809333000798,,463.7738211606047,501.3366551430531
exp_001,ACO_n30_inst3_run0,base,980,49000,1470000.0,30.806251540998346,,463.7738211606047,502.7801656057123
exp_001,ACO_n30_inst3_run0,base,990,49500,1485000.0,31.106400582997594,,463.7738211606047,495.9259101540222
exp_001,ACO_n30_inst3_run0,base,1000,50000,1500000.0,31.405742290997296,,463.7738211606047,498.86741725131145
exp_001,ACO_n30_inst3_run1,base,0,0,0.0,2.082990249618888e-06,,inf,inf
exp_001,ACO_n30_inst3_run1,base,10,500,15000.0,0.3049746250035241,,504.132238332728,512.4720097611186
exp_001,ACO_n30_inst3_run1,base,20,1000,30000.0,0.6040983330021845,,488.25049071154876,500.9113965199489
exp_001,ACO_n30_inst3_run1,base,30,1500,45000.0,0.9048330419900594,,469.8497536010894,524.6122237789792
exp_001,ACO_n30_inst3_run1,base,40,2000,60000.0,1.204606707993662,,469.8497536010894,499.7419257499648
exp_001,ACO_n30_inst3_run1,base,50,2500,75000.0,1.5050226250023115,,469.8497536010894,473.45605792731834
exp_001,ACO_n30_inst3_run1,base,60,3000,90000.0,1.8036103329941398,,469.8497536010894,491.93013454426824
exp_001,ACO_n30_inst3_run1,base,70,3500,105000.0,2.1013189169898396,,469.8497536010894,492.5444900748984
exp_001,ACO_n30_inst3_run1,base,80,4000,120000.0,2.3992116669978714,,465.10784485557036,488.29216992055774
exp_001,ACO_n30_inst3_run1,base,90,4500,135000.0,2.697057124998537,,465.10784485557036,494.0605624563154
exp_001,ACO_n30_inst3_run1,base,100,5000,150000.0,2.9953009169985307,,465.10784485557036,485.9533623530715
exp_001,ACO_n30_inst3_run1,base,110,5500,165000.0,3.2931981250003446,,465.10784485557036,497.04312029999636
exp_001,ACO_n30_inst3_run1,base,120,6000,180000.0,3.5920380000025034,,465.10784485557036,488.15504432410233
exp_001,ACO_n30_inst3_run1,base,130,6500,195000.0,3.889749458001461,,465.10784485557036,492.47514072804944
exp_001,ACO_n30_inst3_run1,base,140,7000,210000.0,4.187568499997724,,465.10784485557036,484.25076260664883
exp_001,ACO_n30_inst3_run1,base,150,7500,225000.0,4.4856063749903115,,465.10784485557036,488.58333960639766
exp_001,ACO_n30_inst3_run1,base,160,8000,240000.0,4.783856291993288,,465.10784485557036,487.2676967139898
exp_001,ACO_n30_inst3_run1,base,170,8500,255000.0,5.0815825419995235,,465.10784485557036,497.9661460674793
exp_001,ACO_n30_inst3_run1,base,180,9000,270000.0,5.392634582996834,,465.10784485557036,495.57948403523034
exp_001,ACO_n30_inst3_run1,base,190,9500,285000.0,5.691816332997405,,465.1078448555703,501.2614525893882
exp_001,ACO_n30_inst3_run1,base,200,10000,300000.0,5.99140504199022,,465.1078448555703,482.5014298471358
exp_001,ACO_n30_inst3_run1,base,210,10500,315000.0,6.293661624993547,,465.1078448555703,485.56497211331
exp_001,ACO_n30_inst3_run1,base,220,11000,330000.0,6.589962625002954,,465.1078448555703,501.62549951889133
exp_001,ACO_n30_inst3_run1,base,230,11500,345000.0,6.886571957991691,,465.1078448555703,479.26880540599336
exp_001,ACO_n30_inst3_run1,base,240,12000,360000.0,7.183926917001372,,465.1078448555703,496.52690887197
exp_001,ACO_n30_inst3_run1,base,250,12500,375000.0,7.480602249997901,,463.7738211606047,478.7860354899142
exp_001,ACO_n30_inst3_run1,base,260,13000,390000.0,7.778038958000252,,463.7738211606047,497.8206895390736
exp_001,ACO_n30_inst3_run1,base,270,13500,405000.0,8.075134457991226,,463.7738211606047,484.41291338777063
exp_001,ACO_n30_inst3_run1,base,280,14000,420000.0,8.372267416998511,,463.7738211606047,498.3573298066574
exp_001,ACO_n30_inst3_run1,base,290,14500,435000.0,8.669607707997784,,463.7738211606047,500.0645640091697
exp_001,ACO_n30_inst3_run1,base,300,15000,450000.0,8.966946125001414,,463.7738211606047,487.4306259244571
exp_001,ACO_n30_inst3_run1,base,310,15500,465000.0,9.263998541995534,,463.7738211606047,493.4409700928436
exp_001,ACO_n30_inst3_run1,base,320,16000,480000.0,9.563197249997756,,463.7738211606047,493.5053729950478
exp_001,ACO_n30_inst3_run1,base,330,16500,495000.0,9.982480167003814,,463.7738211606047,498.3578148881077
exp_001,ACO_n30_inst3_run1,base,340,17000,510000.0,10.28159549999691,,463.7738211606047,482.5861318583646
exp_001,ACO_n30_inst3_run1,base,350,17500,525000.0,10.580871208003373,,463.7738211606047,492.1978480296933
exp_001,ACO_n30_inst3_run1,base,360,18000,540000.0,10.88044799999625,,463.7738211606047,488.2277552202145
exp_001,ACO_n30_inst3_run1,base,370,18500,555000.0,11.177809792003245,,463.7738211606047,485.2641671666571
exp_001,ACO_n30_inst3_run1,base,380,19000,570000.0,11.474530999999843,,463.7738211606047,492.738611809216
exp_001,ACO_n30_inst3_run1,base,390,19500,585000.0,11.771924332992057,,463.7738211606047,493.35653650602103
exp_001,ACO_n30_inst3_run1,base,400,20000,600000.0,12.069270583000616,,463.7738211606047,493.9057513383129
exp_001,ACO_n30_inst3_run1,base,410,20500,615000.0,12.366937041995698,,463.7738211606047,503.2685370204049
exp_001,ACO_n30_inst3_run1,base,420,21000,630000.0,12.665389000001596,,463.7738211606047,484.2507626066489
exp_001,ACO_n30_inst3_run1,base,430,21500,645000.0,12.962921041995287,,463.7738211606047,490.93679555644945
exp_001,ACO_n30_inst3_run1,base,440,22000,660000.0,13.260648541996488,,463.7738211606047,485.9612061858712
exp_001,ACO_n30_inst3_run1,base,450,22500,675000.0,13.559592749996227,,463.7738211606047,491.94170218917657
exp_001,ACO_n30_inst3_run1,base,460,23000,690000.0,13.858072417002404,,463.7738211606047,478.7860354899142
exp_001,ACO_n30_inst3_run1,base,470,23500,705000.0,14.155633624992333,,463.7738211606047,490.3556049785466
exp_001,ACO_n30_inst3_run1,base,480,24000,720000.0,14.455713417002698,,463.7738211606047,494.23716684741487
exp_001,ACO_n30_inst3_run1,base,490,24500,735000.0,14.754768124999828,,463.7738211606047,507.0094895800894
exp_001,ACO_n30_inst3_run1,base,500,25000,750000.0,15.054207166991546,,463.7738211606047,507.1334316817507
exp_001,ACO_n30_inst3_run1,base,510,25500,765000.0,15.353325374991982,,463.7738211606047,481.6033378608056
exp_001,ACO_n30_inst3_run1,base,520,26000,780000.0,15.653487582996604,,463.7738211606047,494.6382976026326
exp_001,ACO_n30_inst3_run1,base,530,26500,795000.0,15.95284037500096,,463.7738211606047,497.60901462782317
exp_001,ACO_n30_inst3_run1,base,540,27000,810000.0,16.251408707990777,,463.7738211606047,499.7419257499648
exp_001,ACO_n30_inst3_run1,base,550,27500,825000.0,16.605065583004034,,463.7738211606047,488.652989613206
exp_001,ACO_n30_inst3_run1,base,560,28000,840000.0,16.90158537500247,,463.7738211606047,487.2676967139897
exp_001,ACO_n30_inst3_run1,base,570,28500,855000.0,17.197480666989577,,463.7738211606047,499.9035365395689
exp_001,ACO_n30_inst3_run1,base,580,29000,870000.0,17.494055417002528,,463.7738211606047,488.2277552202144
exp_001,ACO_n30_inst3_run1,base,590,29500,885000.0,17.791403625000385,,463.7738211606047,504.0375919517951
exp_001,ACO_n30_inst3_run1,base,600,30000,900000.0,18.08896916700178,,463.7738211606047,486.3009241892614
exp_001,ACO_n30_inst3_run1,base,610,30500,915000.0,18.386602500002482,,463.7738211606047,497.28337260451394
exp_001,ACO_n30_inst3_run1,base,620,31000,930000.0,18.684413416995085,,463.7738211606047,507.24599758293255
exp_001,ACO_n30_inst3_run1,base,630,31500,945000.0,18.981890458002454,,463.7738211606047,489.98305023664284
exp_001,ACO_n30_inst3_run1,base,640,32000,960000.0,19.279550416991697,,463.7738211606047,490.78180217224497
exp_001,ACO_n30_inst3_run1,base,650,32500,975000.0,19.57856145799451,,463.7738211606047,489.6506217034907
exp_001,ACO_n30_inst3_run1,base,660,33000,990000.0,19.88116487499792,,463.7738211606047,498.0670653225311
exp_001,ACO_n30_inst3_run1,base,670,33500,1005000.0,20.18077695799002,,463.7738211606047,505.4537065923489
exp_001,ACO_n30_inst3_run1,base,680,34000,1020000.0,20.481260457992903,,463.7738211606047,493.38671077591744
exp_001,ACO_n30_inst3_run1,base,690,34500,1035000.0,20.78022204199806,,463.7738211606047,498.730540314204
exp_001,ACO_n30_inst3_run1,base,700,35000,1050000.0,21.079674291991978,,463.7738211606047,490.6142483797687
exp_001,ACO_n30_inst3_run1,base,710,35500,1065000.0,21.37871483300114,,463.7738211606047,488.45926736501457
exp_001,ACO_n30_inst3_run1,base,720,36000,1080000.0,21.677189541995176,,463.7738211606047,483.4679122252176
exp_001,ACO_n30_inst3_run1,base,730,36500,1095000.0,21.97541920799995,,463.7738211606047,489.54196472687556
exp_001,ACO_n30_inst3_run1,base,740,37000,1110000.0,22.272846166990348,,463.7738211606047,484.6391528464104
exp_001,ACO_n30_inst3_run1,base,750,37500,1125000.0,22.570909000001848,,463.7738211606047,492.5566040365049
exp_001,ACO_n30_inst3_run1,base,760,38000,1140000.0,22.869461875001434,,463.7738211606047,496.13929835501403
exp_001,ACO_n30_inst3_run1,base,770,38500,1155000.0,23.168003375001717,,463.7738211606047,494.36310596244164
exp_001,ACO_n30_inst3_run1,base,780,39000,1170000.0,23.46581095799047,,463.7738211606047,491.2666881713481
exp_001,ACO_n30_inst3_run1,base,790,39500,1185000.0,23.764905791991623,,463.7738211606047,470.612279306697
exp_001,ACO_n30_inst3_run1,base,800,40000,1200000.0,24.06273366700043,,463.7738211606047,490.3050438103193
exp_001,ACO_n30_inst3_run1,base,810,40500,1215000.0,24.361367707999307,,463.7738211606047,480.273014331947
exp_001,ACO_n30_inst3_run1,base,820,41000,1230000.0,24.66036145799444,,463.7738211606047,497.20021733795323
exp_001,ACO_n30_inst3_run1,base,830,41500,1245000.0,24.958463916991604,,463.7738211606047,496.04099719558303
exp_001,ACO_n30_inst3_run1,base,840,42000,1260000.0,25.256336833001114,,463.7738211606047,500.62431473553727
exp_001,ACO_n30_inst3_run1,base,850,42500,1275000.0,25.554097999993246,,463.7738211606047,487.6374369455898
exp_001,ACO_n30_inst3_run1,base,860,43000,1290000.0,25.86067554198962,,463.7738211606047,497.13900683779497
exp_001,ACO_n30_inst3_run1,base,870,43500,1305000.0,26.159100791992387,,463.7738211606047,501.6162060522738
exp_001,ACO_n30_inst3_run1,base,880,44000,1320000.0,26.46857770800125,,463.7738211606047,469.03501307562743
exp_001,ACO_n30_inst3_run1,base,890,44500,1335000.0,26.768269666994456,,463.7738211606047,490.9564373186521
exp_001,ACO_n30_inst3_run1,base,900,45000,1350000.0,27.066114874993218,,463.7738211606047,499.5007933896385
exp_001,ACO_n30_inst3_run1,base,910,45500,1365000.0,27.36503200000152,,463.7738211606047,491.26134003627595
exp_001,ACO_n30_inst3_run1,base,920,46000,1380000.0,27.66467612500128,,463.7738211606047,507.4586115880051
exp_001,ACO_n30_inst3_run1,base,930,46500,1395000.0,27.96324966699467,,463.7738211606047,495.57038208659714
exp_001,ACO_n30_inst3_run1,base,940,47000,1410000.0,28.262525457990705,,463.7738211606047,491.0501112848571
exp_001,ACO_n30_inst3_run1,base,950,47500,1425000.0,28.5620404999936,,463.7738211606047,495.8018942313972
exp_001,ACO_n30_inst3_run1,base,960,48000,1440000.0,28.861012875000597,,463.7738211606047,491.19086741835355
exp_001,ACO_n30_inst3_run1,base,970,48500,1455000.0,29.159763916992233,,463.7738211606047,514.523314974357
exp_001,ACO_n30_inst3_run1,base,980,49000,1470000.0,29.458562416999484,,463.7738211606047,498.68438441231586
exp_001,ACO_n30_inst3_run1,base,990,49500,1485000.0,29.7571232499904,,463.7738211606047,480.1200591848799
exp_001,ACO_n30_inst3_run1,base,1000,50000,1500000.0,30.055211124999914,,463.7738211606047,488.0506808797419
exp_001,ACO_n30_inst3_run2,base,0,0,0.0,1.958003849722445e-06,,inf,inf
exp_001,ACO_n30_inst3_run2,base,10,500,15000.0,0.3023497079993831,,488.3510652079993,514.9515391214147
exp_001,ACO_n30_inst3_run2,base,20,1000,30000.0,0.602365375001682,,476.51619730087157,476.51619730087157
exp_001,ACO_n30_inst3_run2,base,30,1500,45000.0,0.9079147910088068,,474.50682997964634,518.4899635997155
exp_001,ACO_n30_inst3_run2,base,40,2000,60000.0,1.2096079160110094,,464.13414762995416,464.13414762995416
exp_001,ACO_n30_inst3_run2,base,50,2500,75000.0,1.5091766660043504,,464.13414762995416,465.1078448555703
exp_001,ACO_n30_inst3_run2,base,60,3000,90000.0,1.8084240000025602,,464.13414762995416,512.8148439080618
exp_001,ACO_n30_inst3_run2,base,70,3500,105000.0,2.1065690410032403,,464.13414762995416,500.7249934639596
exp_001,ACO_n30_inst3_run2,base,80,4000,120000.0,2.4034766660042806,,464.13414762995416,499.10576867042323
exp_001,ACO_n30_inst3_run2,base,90,4500,135000.0,2.7004029160016216,,464.13414762995416,491.06978904989654
exp_001,ACO_n30_inst3_run2,base,100,5000,150000.0,2.997854958011885,,464.13414762995416,486.7628681180671
exp_001,ACO_n30_inst3_run2,base,110,5500,165000.0,3.295873875002144,,464.13414762995416,494.468678992215
exp_001,ACO_n30_inst3_run2,base,120,6000,180000.0,3.594124166003894,,464.13414762995416,482.93320263986567
exp_001,ACO_n30_inst3_run2,base,130,6500,195000.0,3.8928470829996513,,464.13414762995416,493.91467091399426
exp_001,ACO_n30_inst3_run2,base,140,7000,210000.0,4.1900266660086345,,464.13414762995416,491.2857638964713
exp_001,ACO_n30_inst3_run2,base,150,7500,225000.0,4.4881748750049155,,464.13414762995416,489.60277186148375
exp_001,ACO_n30_inst3_run2,base,160,8000,240000.0,4.787190000002738,,464.13414762995416,482.6541442644359
exp_001,ACO_n30_inst3_run2,base,170,8500,255000.0,5.0856951660098275,,464.13414762995416,497.37502089054874
exp_001,ACO_n30_inst3_run2,base,180,9000,270000.0,5.383433958006208,,464.13414762995416,484.9210172032364
exp_001,ACO_n30_inst3_run2,base,190,9500,285000.0,5.6799452080013,,464.13414762995416,507.0958771500943
exp_001,ACO_n30_inst3_run2,base,200,10000,300000.0,5.977320250007324,,464.13414762995416,490.04159831759796
exp_001,ACO_n30_inst3_run2,base,210,10500,315000.0,6.288633791002212,,464.13414762995416,481.08068390506094
exp_001,ACO_n30_inst3_run2,base,220,11000,330000.0,6.589257791012642,,464.13414762995416,498.14115923698694
exp_001,ACO_n30_inst3_run2,base,230,11500,345000.0,6.886825624998892,,464.13414762995416,503.77994058004873
exp_001,ACO_n30_inst3_run2,base,240,12000,360000.0,7.185033500005375,,464.13414762995416,482.50142984713574
exp_001,ACO_n30_inst3_run2,base,250,12500,375000.0,7.483887624999625,,464.13414762995416,488.10324019817097
exp_001,ACO_n30_inst3_run2,base,260,13000,390000.0,7.782363875012379,,464.13414762995416,485.2641671666571
exp_001,ACO_n30_inst3_run2,base,270,13500,405000.0,8.080552625004202,,464.13414762995416,506.55577835198767
exp_001,ACO_n30_inst3_run2,base,280,14000,420000.0,8.378091625010711,,464.13414762995416,493.3718632019917
exp_001,ACO_n30_inst3_run2,base,290,14500,435000.0,8.675005666009383,,464.13414762995416,481.18722034047477
exp_001,ACO_n30_inst3_run2,base,300,15000,450000.0,8.972557416011114,,464.13414762995416,491.93013454426824
exp_001,ACO_n30_inst3_run2,base,310,15500,465000.0,9.270372666011099,,464.13414762995416,488.2277552202145
exp_001,ACO_n30_inst3_run2,base,320,16000,480000.0,9.567711541007156,,464.13414762995416,498.6108758012543
exp_001,ACO_n30_inst3_run2,base,330,16500,495000.0,9.864802166004665,,464.13414762995416,505.05462287936314
exp_001,ACO_n30_inst3_run2,base,340,17000,510000.0,10.161663083010353,,464.13414762995416,498.425101699062
exp_001,ACO_n30_inst3_run2,base,350,17500,525000.0,10.459486375009874,,464.13414762995416,504.56058027477184
exp_001,ACO_n30_inst3_run2,base,360,18000,540000.0,10.756692000009934,,464.13414762995416,503.8214540395221
exp_001,ACO_n30_inst3_run2,base,370,18500,555000.0,11.053899875012576,,464.13414762995416,491.7156812165984
exp_001,ACO_n30_inst3_run2,base,380,19000,570000.0,11.351010124999448,,464.13414762995416,495.8260356949997
exp_001,ACO_n30_inst3_run2,base,390,19500,585000.0,11.658034958003554,,464.13414762995416,493.60337534679184
exp_001,ACO_n30_inst3_run2,base,400,20000,600000.0,12.609051250008633,,464.13414762995416,502.5960206146965
exp_001,ACO_n30_inst3_run2,base,410,20500,615000.0,15.844282500009285,,464.13414762995416,491.0833647609571
exp_001,ACO_n30_inst3_run2,base,420,21000,630000.0,16.99287975000334,,464.13414762995416,494.895776213904
exp_001,ACO_n30_inst3_run2,base,430,21500,645000.0,17.64421958300227,,464.13414762995416,494.39569555415306
exp_001,ACO_n30_inst3_run2,base,440,22000,660000.0,18.308078125002794,,464.13414762995416,496.7481942668628
exp_001,ACO_n30_inst3_run2,base,450,22500,675000.0,18.8723500000051,,464.13414762995416,488.2277552202144
exp_001,ACO_n30_inst3_run2,base,460,23000,690000.0,19.20452645800833,,464.13414762995416,488.2277552202144
exp_001,ACO_n30_inst3_run2,base,470,23500,705000.0,19.503188875009073,,464.13414762995416,492.47514072804944
exp_001,ACO_n30_inst3_run2,base,480,24000,720000.0,19.802872333006235,,464.13414762995416,493.37186320199163
exp_001,ACO_n30_inst3_run2,base,490,24500,735000.0,20.10078500000236,,464.13414762995416,500.3251529870749
exp_001,ACO_n30_inst3_run2,base,500,25000,750000.0,20.41434229099832,,464.13414762995416,506.2690550594574
exp_001,ACO_n30_inst3_run2,base,510,25500,765000.0,20.715051416002098,,464.13414762995416,503.28905454671417
exp_001,ACO_n30_inst3_run2,base,520,26000,780000.0,21.01678091600479,,464.13414762995416,484.043545523319
exp_001,ACO_n30_inst3_run2,base,530,26500,795000.0,21.314081832999364,,464.13414762995416,497.3641083914421
exp_001,ACO_n30_inst3_run2,base,540,27000,810000.0,21.61223058300675,,464.13414762995416,489.64625462136934
exp_001,ACO_n30_inst3_run2,base,550,27500,825000.0,21.91221837500052,,464.13414762995416,498.2665869072319
exp_001,ACO_n30_inst3_run2,base,560,28000,840000.0,22.212243291010964,,464.13414762995416,494.77499378780925
exp_001,ACO_n30_inst3_run2,base,570,28500,855000.0,22.51158883300377,,464.13414762995416,481.1872203404747
exp_001,ACO_n30_inst3_run2,base,580,29000,870000.0,22.810526166009367,,464.13414762995416,494.0974128817353
exp_001,ACO_n30_inst3_run2,base,590,29500,885000.0,23.10827287500433,,464.13414762995416,498.0907462719774
exp_001,ACO_n30_inst3_run2,base,600,30000,900000.0,23.40601862499898,,464.13414762995416,491.5889336457882
exp_001,ACO_n30_inst3_run2,base,610,30500,915000.0,23.7042702910112,,464.13414762995416,478.7860354899142
exp_001,ACO_n30_inst3_run2,base,620,31000,930000.0,24.002909041009843,,464.13414762995416,481.43426869154086
exp_001,ACO_n30_inst3_run2,base,630,31500,945000.0,24.30270537501201,,464.13414762995416,500.34005834029847
exp_001,ACO_n30_inst3_run2,base,640,32000,960000.0,24.600455375009915,,464.13414762995416,497.3031867928187
exp_001,ACO_n30_inst3_run2,base,650,32500,975000.0,24.898763958000927,,464.13414762995416,495.3439104529007
exp_001,ACO_n30_inst3_run2,base,660,33000,990000.0,25.197167958001955,,464.13414762995416,501.58884151575927
exp_001,ACO_n30_inst3_run2,base,670,33500,1005000.0,25.495792541012634,,464.13414762995416,500.7997866082124
exp_001,ACO_n30_inst3_run2,base,680,34000,1020000.0,25.79300874999899,,464.13414762995416,480.1200591848799
exp_001,ACO_n30_inst3_run2,base,690,34500,1035000.0,26.091786583012436,,464.13414762995416,485.9612061858712
exp_001,ACO_n30_inst3_run2,base,700,35000,1050000.0,26.398638166007004,,464.13414762995416,480.1200591848799
exp_001,ACO_n30_inst3_run2,base,710,35500,1065000.0,26.697019541010377,,464.13414762995416,495.57038208659714
exp_001,ACO_n30_inst3_run2,base,720,36000,1080000.0,26.996077125004376,,464.13414762995416,491.52409915489903
exp_001,ACO_n30_inst3_run2,base,730,36500,1095000.0,27.293729666009312,,464.13414762995416,481.43426869154086
exp_001,ACO_n30_inst3_run2,base,740,37000,1110000.0,27.592068958008895,,464.13414762995416,498.3012784230022
exp_001,ACO_n30_inst3_run2,base,750,37500,1125000.0,27.889575875000446,,464.13414762995416,488.2277552202145
exp_001,ACO_n30_inst3_run2,base,760,38000,1140000.0,28.189930416003335,,464.13414762995416,498.4462333582619
exp_001,ACO_n30_inst3_run2,base,770,38500,1155000.0,28.488471041011508,,464.13414762995416,499.8175212886699
exp_001,ACO_n30_inst3_run2,base,780,39000,1170000.0,28.788195625005756,,464.13414762995416,480.2693141658399
exp_001,ACO_n30_inst3_run2,base,790,39500,1185000.0,29.086706916001276,,464.13414762995416,490.30876725952925
exp_001,ACO_n30_inst3_run2,base,800,40000,1200000.0,29.387679625011515,,464.13414762995416,492.5867042617392
exp_001,ACO_n30_inst3_run2,base,810,40500,1215000.0,29.689185583003564,,464.13414762995416,483.69912687625066
exp_001,ACO_n30_inst3_run2,base,820,41000,1230000.0,29.99044637499901,,464.13414762995416,482.26670436295643
exp_001,ACO_n30_inst3_run2,base,830,41500,1245000.0,30.289046582998708,,464.13414762995416,482.93320263986556
exp_001,ACO_n30_inst3_run2,base,840,42000,1260000.0,30.58743162501196,,464.13414762995416,490.385860791008
exp_001,ACO_n30_inst3_run2,base,850,42500,1275000.0,30.886321124999085,,464.13414762995416,476.8476026061185
exp_001,ACO_n30_inst3_run2,base,860,43000,1290000.0,31.184553250001045,,464.13414762995416,490.04403708897604
exp_001,ACO_n30_inst3_run2,base,870,43500,1305000.0,31.482978750005714,,464.13414762995416,495.3541225708706
exp_001,ACO_n30_inst3_run2,base,880,44000,1320000.0,31.78215995800565,,464.13414762995416,471.47488048281525
exp_001,ACO_n30_inst3_run2,base,890,44500,1335000.0,32.08143512500101,,464.13414762995416,497.37059181247133
exp_001,ACO_n30_inst3_run2,base,900,45000,1350000.0,32.379574375008815,,464.13414762995416,485.2641671666571
exp_001,ACO_n30_inst3_run2,base,910,45500,1365000.0,32.67927504100953,,464.13414762995416,497.86093256693573
exp_001,ACO_n30_inst3_run2,base,920,46000,1380000.0,32.977581541010295,,464.13414762995416,486.95270712465026
exp_001,ACO_n30_inst3_run2,base,930,46500,1395000.0,33.27575579100812,,464.13414762995416,501.336655143053
exp_001,ACO_n30_inst3_run2,base,940,47000,1410000.0,33.57485025000642,,464.13414762995416,488.85724282867915
exp_001,ACO_n30_inst3_run2,base,950,47500,1425000.0,33.87264033300744,,464.13414762995416,496.08920329447034
exp_001,ACO_n30_inst3_run2,base,960,48000,1440000.0,34.17236529100046,,464.13414762995416,489.28190134264156
exp_001,ACO_n30_inst3_run2,base,970,48500,1455000.0,34.470510583007126,,464.13414762995416,497.2002173379532
exp_001,ACO_n30_inst3_run2,base,980,49000,1470000.0,34.76854541600915,,464.13414762995416,490.5287236590527
exp_001,ACO_n30_inst3_run2,base,990,49500,1485000.0,35.066428750011255,,464.13414762995416,481.7802547205235
exp_001,ACO_n30_inst3_run2,base,1000,50000,1500000.0,35.3646746250015,,464.13414762995416,493.45602854998293
exp_001,ACO_n30_inst4_run0,base,0,0,0.0,2.040993422269821e-06,,inf,inf
exp_001,ACO_n30_inst4_run0,base,10,500,15000.0,0.30306570799439214,,508.1062857808613,508.1062857808613
exp_001,ACO_n30_inst4_run0,base,20,1000,30000.0,0.6028434999898309,,483.43341312758696,521.3960589245339
exp_001,ACO_n30_inst4_run0,base,30,1500,45000.0,0.9027888749988051,,482.3843055636701,527.621468762844
exp_001,ACO_n30_inst4_run0,base,40,2000,60000.0,1.2085639579890994,,463.7032549072629,463.7032549072629
exp_001,ACO_n30_inst4_run0,base,50,2500,75000.0,1.5197207079909276,,463.7032549072629,513.9418130452589
exp_001,ACO_n30_inst4_run0,base,60,3000,90000.0,1.8190204999991693,,463.7032549072629,491.5213229114398
exp_001,ACO_n30_inst4_run0,base,70,3500,105000.0,2.116952124997624,,463.7032549072629,492.41000192593253
exp_001,ACO_n30_inst4_run0,base,80,4000,120000.0,2.417434124989086,,463.7032549072629,491.4690369822257
exp_001,ACO_n30_inst4_run0,base,90,4500,135000.0,2.7152837079920573,,463.7032549072629,481.8918234365774
exp_001,ACO_n30_inst4_run0,base,100,5000,150000.0,3.013293582989718,,463.7032549072629,508.0490621432163
exp_001,ACO_n30_inst4_run0,base,110,5500,165000.0,3.311378040991258,,463.7032549072629,478.114560118998
exp_001,ACO_n30_inst4_run0,base,120,6000,180000.0,3.6094882499892265,,463.7032549072629,486.0411752939165
exp_001,ACO_n30_inst4_run0,base,130,6500,195000.0,3.9069853330001934,,462.35043045925147,493.53512540682425
exp_001,ACO_n30_inst4_run0,base,140,7000,210000.0,4.20347487500112,,462.35043045925147,497.8454905902769
exp_001,ACO_n30_inst4_run0,base,150,7500,225000.0,4.501182207997772,,462.35043045925147,503.8479579117072
exp_001,ACO_n30_inst4_run0,base,160,8000,240000.0,4.8033724580018315,,462.35043045925147,517.8500597893475
exp_001,ACO_n30_inst4_run0,base,170,8500,255000.0,5.101106499991147,,462.35043045925147,514.4599999609818
exp_001,ACO_n30_inst4_run0,base,180,9000,270000.0,5.398478999995859,,462.35043045925147,501.6046827832878
exp_001,ACO_n30_inst4_run0,base,190,9500,285000.0,5.697100999997929,,462.35043045925147,467.5339781019007
exp_001,ACO_n30_inst4_run0,base,200,10000,300000.0,5.995842958000139,,462.35043045925147,510.2440273859414
exp_001,ACO_n30_inst4_run0,base,210,10500,315000.0,6.29410425000242,,462.35043045925147,486.04117529391647
exp_001,ACO_n30_inst4_run0,base,220,11000,330000.0,6.592377207998652,,462.35043045925147,478.11367158540355
exp_001,ACO_n30_inst4_run0,base,230,11500,345000.0,6.889004249998834,,462.35043045925147,500.21518869958174
exp_001,ACO_n30_inst4_run0,base,240,12000,360000.0,7.186962708001374,,462.35043045925147,511.1280487563772
exp_001,ACO_n30_inst4_run0,base,250,12500,375000.0,7.484495790995425,,462.35043045925147,506.8484688154563
exp_001,ACO_n30_inst4_run0,base,260,13000,390000.0,7.789145124988863,,462.35043045925147,522.911681665002
exp_001,ACO_n30_inst4_run0,base,270,13500,405000.0,8.087193915998796,,462.35043045925147,496.21639889505803
exp_001,ACO_n30_inst4_run0,base,280,14000,420000.0,8.385108207992744,,462.35043045925147,499.5074622264687
exp_001,ACO_n30_inst4_run0,base,290,14500,435000.0,8.683201291001751,,462.35043045925147,508.37805356777466
exp_001,ACO_n30_inst4_run0,base,300,15000,450000.0,8.981995832989924,,462.35043045925147,483.7062347306811
exp_001,ACO_n30_inst4_run0,base,310,15500,465000.0,9.280268332993728,,462.35043045925147,503.9477019181341
exp_001,ACO_n30_inst4_run0,base,320,16000,480000.0,9.578482415992767,,462.35043045925147,498.5255893385444
exp_001,ACO_n30_inst4_run0,base,330,16500,495000.0,9.876395250001224,,462.35043045925147,511.5349908759834
exp_001,ACO_n30_inst4_run0,base,340,17000,510000.0,10.175406499998644,,462.35043045925147,502.8895120229115
exp_001,ACO_n30_inst4_run0,base,350,17500,525000.0,10.474889207995147,,462.35043045925147,492.1037071240604
exp_001,ACO_n30_inst4_run0,base,360,18000,540000.0,10.77245266600221,,462.35043045925147,501.540607052495
exp_001,ACO_n30_inst4_run0,base,370,18500,555000.0,11.069850499989116,,462.35043045925147,502.16250205781193
exp_001,ACO_n30_inst4_run0,base,380,19000,570000.0,11.367153582992614,,462.35043045925147,463.4362796469202
exp_001,ACO_n30_inst4_run0,base,390,19500,585000.0,11.680398165990482,,462.35043045925147,500.898553943043
exp_001,ACO_n30_inst4_run0,base,400,20000,600000.0,11.97820991599292,,462.35043045925147,509.94540071835354
exp_001,ACO_n30_inst4_run0,base,410,20500,615000.0,12.280689040999277,,462.35043045925147,481.34118619261466
exp_001,ACO_n30_inst4_run0,base,420,21000,630000.0,12.578351915988605,,462.35043045925147,487.86918143440164
exp_001,ACO_n30_inst4_run0,base,430,21500,645000.0,12.876665749994572,,462.35043045925147,495.0449929858482
exp_001,ACO_n30_inst4_run0,base,440,22000,660000.0,13.178373290997115,,462.35043045925147,486.0411752939165
exp_001,ACO_n30_inst4_run0,base,450,22500,675000.0,13.476019415989867,,462.35043045925147,496.81803438971417
exp_001,ACO_n30_inst4_run0,base,460,23000,690000.0,13.772862707992317,,462.35043045925147,495.3209556236379
exp_001,ACO_n30_inst4_run0,base,470,23500,705000.0,14.07037699999637,,462.35043045925147,490.34808560763935
exp_001,ACO_n30_inst4_run0,base,480,24000,720000.0,14.3673990410025,,462.35043045925147,496.6865519643868
exp_001,ACO_n30_inst4_run0,base,490,24500,735000.0,14.664752540993504,,462.35043045925147,501.6945618072134
exp_001,ACO_n30_inst4_run0,base,500,25000,750000.0,14.9629239999922,,462.35043045925147,488.90365120083834
exp_001,ACO_n30_inst4_run0,base,510,25500,765000.0,15.261722415991244,,462.35043045925147,510.77021056427185
exp_001,ACO_n30_inst4_run0,base,520,26000,780000.0,15.55986858299002,,462.35043045925147,478.0459710696951
exp_001,ACO_n30_inst4_run0,base,530,26500,795000.0,15.857480915990891,,462.35043045925147,484.2671466455732
exp_001,ACO_n30_inst4_run0,base,540,27000,810000.0,16.1551529999997,,462.35043045925147,510.70736687659206
exp_001,ACO_n30_inst4_run0,base,550,27500,825000.0,16.452255750002223,,462.35043045925147,481.394612430527
exp_001,ACO_n30_inst4_run0,base,560,28000,840000.0,16.749165415996686,,462.35043045925147,502.3306905468688
exp_001,ACO_n30_inst4_run0,base,570,28500,855000.0,17.047073249996174,,462.35043045925147,512.9400629411817
exp_001,ACO_n30_inst4_run0,base,580,29000,870000.0,17.34554045800178,,462.35043045925147,486.4324298695425
exp_001,ACO_n30_inst4_run0,base,590,29500,885000.0,17.643475915989256,,462.35043045925147,487.7969515243092
exp_001,ACO_n30_inst4_run0,base,600,30000,900000.0,17.94130762499117,,462.35043045925147,500.99419624730064
exp_001,ACO_n30_inst4_run0,base,610,30500,915000.0,18.24160412499623,,462.35043045925147,503.1415110890608
exp_001,ACO_n30_inst4_run0,base,620,31000,930000.0,18.540805500000715,,462.35043045925147,486.8724641616344
exp_001,ACO_n30_inst4_run0,base,630,31500,945000.0,18.839936415999546,,462.35043045925147,487.3075202061698
exp_001,ACO_n30_inst4_run0,base,640,32000,960000.0,19.13885350000055,,462.35043045925147,511.5874909291513
exp_001,ACO_n30_inst4_run0,base,650,32500,975000.0,19.43764237499272,,462.35043045925147,481.74583815909494
exp_001,ACO_n30_inst4_run0,base,660,33000,990000.0,19.73728916599066,,462.35043045925147,519.2313647630084
exp_001,ACO_n30_inst4_run0,base,670,33500,1005000.0,20.035205207997933,,462.35043045925147,502.8844413124257
exp_001,ACO_n30_inst4_run0,base,680,34000,1020000.0,20.33398275000218,,462.35043045925147,509.53496836043746
exp_001,ACO_n30_inst4_run0,base,690,34500,1035000.0,20.63261704100296,,462.35043045925147,465.60951194171224
exp_001,ACO_n30_inst4_run0,base,700,35000,1050000.0,21.07684637499915,,462.35043045925147,463.4362796469202
exp_001,ACO_n30_inst4_run0,base,710,35500,1065000.0,21.376017999995383,,462.35043045925147,515.6894627167763
exp_001,ACO_n30_inst4_run0,base,720,36000,1080000.0,21.67408895799599,,462.3504304592514,462.3504304592514
exp_001,ACO_n30_inst4_run0,base,730,36500,1095000.0,21.972003165996284,,462.3504304592514,505.24437902399546
exp_001,ACO_n30_inst4_run0,base,740,37000,1110000.0,22.270137874991633,,462.3504304592514,503.1984147314034
exp_001,ACO_n30_inst4_run0,base,750,37500,1125000.0,22.56834945800074,,462.3504304592514,502.3009611148917
exp_001,ACO_n30_inst4_run0,base,760,38000,1140000.0,22.866459832992405,,462.3504304592514,482.19345383971955
exp_001,ACO_n30_inst4_run0,base,770,38500,1155000.0,23.163382749989978,,462.3504304592514,485.8651502800579
exp_001,ACO_n30_inst4_run0,base,780,39000,1170000.0,23.46156370799872,,462.3504304592514,482.8132042913669
exp_001,ACO_n30_inst4_run0,base,790,39500,1185000.0,23.75930525000149,,462.3504304592514,490.4674573461482
exp_001,ACO_n30_inst4_run0,base,800,40000,1200000.0,24.057357707992196,,462.3504304592514,491.8746090556758
exp_001,ACO_n30_inst4_run0,base,810,40500,1215000.0,24.355116207996616,,462.3504304592514,505.83654006982175
exp_001,ACO_n30_inst4_run0,base,820,41000,1230000.0,24.653185082992422,,462.3504304592514,471.4143279729454
exp_001,ACO_n30_inst4_run0,base,830,41500,1245000.0,24.95213325000077,,462.3504304592514,499.73020217580984
exp_001,ACO_n30_inst4_run0,base,840,42000,1260000.0,25.250484666001284,,462.3504304592514,515.3061681676638
exp_001,ACO_n30_inst4_run0,base,850,42500,1275000.0,25.548505707993172,,462.3504304592514,503.5512244176542
exp_001,ACO_n30_inst4_run0,base,860,43000,1290000.0,25.84697991599387,,462.3504304592514,495.87068263180157
exp_001,ACO_n30_inst4_run0,base,870,43500,1305000.0,26.14533775000018,,462.3504304592514,505.8475575247863
exp_001,ACO_n30_inst4_run0,base,880,44000,1320000.0,26.443929874993046,,462.3504304592514,492.52501698798966
exp_001,ACO_n30_inst4_run0,base,890,44500,1335000.0,26.74301216599997,,462.3504304592514,489.3175941350327
exp_001,ACO_n30_inst4_run0,base,900,45000,1350000.0,27.040610040989122,,462.3504304592514,500.0350571906768
exp_001,ACO_n30_inst4_run0,base,910,45500,1365000.0,27.337941082994803,,462.3504304592514,491.9033780772899
exp_001,ACO_n30_inst4_run0,base,920,46000,1380000.0,27.63562245799403,,462.3504304592514,508.0988233403671
exp_001,ACO_n30_inst4_run0,base,930,46500,1395000.0,27.935731999998097,,462.3504304592514,491.3906157178779
exp_001,ACO_n30_inst4_run0,base,940,47000,1410000.0,28.235423040998285,,462.3504304592514,484.15198046564313
exp_001,ACO_n30_inst4_run0,base,950,47500,1425000.0,28.534325125001487,,462.3504304592514,465.6095119417123
exp_001,ACO_n30_inst4_run0,base,960,48000,1440000.0,28.839872040989576,,462.3504304592514,492.52990968150715
exp_001,ACO_n30_inst4_run0,base,970,48500,1455000.0,29.136730207988876,,462.3504304592514,484.9033187626694
exp_001,ACO_n30_inst4_run0,base,980,49000,1470000.0,29.434428415988805,,462.3504304592514,511.8191969354771
exp_001,ACO_n30_inst4_run0,base,990,49500,1485000.0,29.732442665990675,,462.3504304592514,493.37433595327275
exp_001,ACO_n30_inst4_run0,base,1000,50000,1500000.0,30.030621249999967,,462.3504304592514,482.9776726242461
exp_001,ACO_n30_inst4_run1,base,0,0,0.0,2.291999408043921e-06,,inf,inf
exp_001,ACO_n30_inst4_run1,base,10,500,15000.0,0.302721375002875,,515.7761864920495,549.6382959143198
exp_001,ACO_n30_inst4_run1,base,20,1000,30000.0,0.6020245830004569,,483.1409119258419,493.9681311756264
exp_001,ACO_n30_inst4_run1,base,30,1500,45000.0,0.9044952919939533,,479.7442967362782,479.7442967362782
exp_001,ACO_n30_inst4_run1,base,40,2000,60000.0,1.2055652080016444,,468.1552464904846,511.77504207705573
exp_001,ACO_n30_inst4_run1,base,50,2500,75000.0,1.5061060829903,,468.1552464904846,472.26536114573133
exp_001,ACO_n30_inst4_run1,base,60,3000,90000.0,1.8040645419969223,,468.1552464904846,507.0886409204318
exp_001,ACO_n30_inst4_run1,base,70,3500,105000.0,2.105715291996603,,468.1552464904846,508.62655686587584
exp_001,ACO_n30_inst4_run1,base,80,4000,120000.0,2.4041985419898992,,468.1552464904846,521.3394335111079
exp_001,ACO_n30_inst4_run1,base,90,4500,135000.0,2.7054784579959232,,467.9341173724822,467.9341173724822
exp_001,ACO_n30_inst4_run1,base,100,5000,150000.0,3.0024295829935,,463.7032549072629,485.57749715956885
exp_001,ACO_n30_inst4_run1,base,110,5500,165000.0,3.2999894579988904,,463.7032549072629,494.38551171552814
exp_001,ACO_n30_inst4_run1,base,120,6000,180000.0,3.5985038749931846,,463.7032549072629,490.7327416011004
exp_001,ACO_n30_inst4_run1,base,130,6500,195000.0,3.8967706249968614,,463.7032549072629,503.464884943892
exp_001,ACO_n30_inst4_run1,base,140,7000,210000.0,4.194778832999873,,463.7032549072629,501.10457207273765
exp_001,ACO_n30_inst4_run1,base,150,7500,225000.0,4.492936582988477,,463.7032549072629,505.30575128805566
exp_001,ACO_n30_inst4_run1,base,160,8000,240000.0,4.791005332997884,,463.7032549072629,523.5628237730612
exp_001,ACO_n30_inst4_run1,base,170,8500,255000.0,5.088233124988619,,463.7032549072629,514.1456921814167
exp_001,ACO_n30_inst4_run1,base,180,9000,270000.0,5.385133499992662,,463.7032549072629,492.3783856810379
exp_001,ACO_n30_inst4_run1,base,190,9500,285000.0,5.682160083000781,,463.7032549072629,515.7677996178228
exp_001,ACO_n30_inst4_run1,base,200,10000,300000.0,5.97905658298987,,462.3504304592514,510.9130791773503
exp_001,ACO_n30_inst4_run1,base,210,10500,315000.0,6.276629582993337,,462.3504304592514,505.9914319727891
exp_001,ACO_n30_inst4_run1,base,220,11000,330000.0,6.5737229169899365,,462.3504304592514,522.1435556344176
exp_001,ACO_n30_inst4_run1,base,230,11500,345000.0,6.869578874990111,,462.3504304592514,504.6386075247775
exp_001,ACO_n30_inst4_run1,base,240,12000,360000.0,7.16621891700197,,462.3504304592514,516.2471006302218
exp_001,ACO_n30_inst4_run1,base,250,12500,375000.0,7.463462375002564,,462.3504304592514,507.84901057871747
exp_001,ACO_n30_inst4_run1,base,260,13000,390000.0,7.760960375002469,,462.3504304592514,483.1794437121715
exp_001,ACO_n30_inst4_run1,base,270,13500,405000.0,8.057480874995235,,462.3504304592514,501.22591984607726
exp_001,ACO_n30_inst4_run1,base,280,14000,420000.0,8.35408787499182,,462.3504304592514,502.8625652731529
exp_001,ACO_n30_inst4_run1,base,290,14500,435000.0,8.657511749988771,,462.3504304592514,513.0709484246385
exp_001,ACO_n30_inst4_run1,base,300,15000,450000.0,8.95632320799632,,462.3504304592514,521.2710217429551
exp_001,ACO_n30_inst4_run1,base,310,15500,465000.0,9.256866374998935,,462.3504304592514,492.67855059894873
exp_001,ACO_n30_inst4_run1,base,320,16000,480000.0,9.555563082991284,,462.3504304592514,511.8990743770329
exp_001,ACO_n30_inst4_run1,base,330,16500,495000.0,9.853244249999989,,462.3504304592514,514.7517661305997
exp_001,ACO_n30_inst4_run1,base,340,17000,510000.0,10.151799707993632,,462.3504304592514,497.86270653022297
exp_001,ACO_n30_inst4_run1,base,350,17500,525000.0,10.450010874992586,,462.3504304592514,493.9681311756264
exp_001,ACO_n30_inst4_run1,base,360,18000,540000.0,10.750973457994405,,462.3504304592514,494.886420720789
exp_001,ACO_n30_inst4_run1,base,370,18500,555000.0,11.04875054200238,,462.3504304592514,495.69398983283014
exp_001,ACO_n30_inst4_run1,base,380,19000,570000.0,11.346496707992628,,462.3504304592514,496.12641206460853
exp_001,ACO_n30_inst4_run1,base,390,19500,585000.0,11.644019832994672,,462.3504304592514,496.42339924773853
exp_001,ACO_n30_inst4_run1,base,400,20000,600000.0,11.942079499989632,,462.3504304592514,474.3642770791869
exp_001,ACO_n30_inst4_run1,base,410,20500,615000.0,12.239227207988733,,462.3504304592514,509.64039819368173
exp_001,ACO_n30_inst4_run1,base,420,21000,630000.0,12.541266792002716,,462.3504304592514,487.6207013693629
exp_001,ACO_n30_inst4_run1,base,430,21500,645000.0,12.838422082990292,,462.3504304592514,515.8422861081705
exp_001,ACO_n30_inst4_run1,base,440,22000,660000.0,13.137300166999921,,462.3504304592514,509.37993854940083
exp_001,ACO_n30_inst4_run1,base,450,22500,675000.0,13.435029582993593,,462.3504304592514,516.2546342975833
exp_001,ACO_n30_inst4_run1,base,460,23000,690000.0,13.731906082990463,,462.3504304592514,500.99419624730064
exp_001,ACO_n30_inst4_run1,base,470,23500,705000.0,14.029684708002605,,462.3504304592514,503.0473862552248
exp_001,ACO_n30_inst4_run1,base,480,24000,720000.0,14.329052332992433,,462.3504304592514,489.50478139519396
exp_001,ACO_n30_inst4_run1,base,490,24500,735000.0,14.62763783299306,,462.3504304592514,509.02770473678925
exp_001,ACO_n30_inst4_run1,base,500,25000,750000.0,14.925574291992234,,462.3504304592514,497.83077018310775
exp_001,ACO_n30_inst4_run1,base,510,25500,765000.0,15.223963041993557,,462.3504304592514,506.9614171763139
exp_001,ACO_n30_inst4_run1,base,520,26000,780000.0,15.523669499991229,,462.3504304592514,496.82480404837696
exp_001,ACO_n30_inst4_run1,base,530,26500,795000.0,15.822066458000336,,462.3504304592514,484.1475205949813
exp_001,ACO_n30_inst4_run1,base,540,27000,810000.0,16.121313166993787,,462.3504304592514,516.3143494827798
exp_001,ACO_n30_inst4_run1,base,550,27500,825000.0,16.420127624995075,,462.3504304592514,495.18487067551746
exp_001,ACO_n30_inst4_run1,base,560,28000,840000.0,16.719317541996134,,462.3504304592514,486.44588337936176
exp_001,ACO_n30_inst4_run1,base,570,28500,855000.0,17.01784141699318,,462.3504304592514,503.61420297963264
exp_001,ACO_n30_inst4_run1,base,580,29000,870000.0,17.31654891699145,,462.3504304592514,492.62434615833655
exp_001,ACO_n30_inst4_run1,base,590,29500,885000.0,17.61496237499523,,462.3504304592514,496.0886417442627
exp_001,ACO_n30_inst4_run1,base,600,30000,900000.0,17.91374841699144,,462.3504304592514,499.55181808885715
exp_001,ACO_n30_inst4_run1,base,610,30500,915000.0,18.212492499995278,,462.3504304592514,480.3549105437169
exp_001,ACO_n30_inst4_run1,base,620,31000,930000.0,18.510325750001357,,462.3504304592514,487.42375797563824
exp_001,ACO_n30_inst4_run1,base,630,31500,945000.0,18.809021541994298,,462.3504304592514,514.4871458815717
exp_001,ACO_n30_inst4_run1,base,640,32000,960000.0,19.107718082988868,,462.3504304592514,510.7955786680169
exp_001,ACO_n30_inst4_run1,base,650,32500,975000.0,19.406405874993652,,462.3504304592514,487.526228128034
exp_001,ACO_n30_inst4_run1,base,660,33000,990000.0,19.706619499993394,,462.3504304592514,480.5564528428453
exp_001,ACO_n30_inst4_run1,base,670,33500,1005000.0,20.00657566699374,,462.3504304592514,518.3835163638979
exp_001,ACO_n30_inst4_run1,base,680,34000,1020000.0,20.306078624998918,,462.3504304592514,476.9646486114556
exp_001,ACO_n30_inst4_run1,base,690,34500,1035000.0,20.60433758299041,,462.3504304592514,466.9647105669439
exp_001,ACO_n30_inst4_run1,base,700,35000,1050000.0,20.903198624990182,,462.3504304592514,464.5236627540435
exp_001,ACO_n30_inst4_run1,base,710,35500,1065000.0,21.20265995799855,,462.3504304592514,495.8651220274776
exp_001,ACO_n30_inst4_run1,base,720,36000,1080000.0,21.502110916990205,,462.3504304592514,504.20557168819266
exp_001,ACO_n30_inst4_run1,base,730,36500,1095000.0,21.801902999999584,,462.3504304592514,502.9944834803206
exp_001,ACO_n30_inst4_run1,base,740,37000,1110000.0,22.10077399999136,,462.3504304592514,485.60658356543087
exp_001,ACO_n30_inst4_run1,base,750,37500,1125000.0,22.39948666699638,,462.3504304592514,506.66488358726167
exp_001,ACO_n30_inst4_run1,base,760,38000,1140000.0,22.70248520799214,,462.3504304592514,499.1567276901049
exp_001,ACO_n30_inst4_run1,base,770,38500,1155000.0,23.00230466699577,,462.3504304592514,511.3874023877924
exp_001,ACO_n30_inst4_run1,base,780,39000,1170000.0,23.301129416999174,,462.3504304592514,462.3504304592514
exp_001,ACO_n30_inst4_run1,base,790,39500,1185000.0,23.59822037500271,,462.3504304592514,485.1199748151202
exp_001,ACO_n30_inst4_run1,base,800,40000,1200000.0,23.89601104200119,,462.3504304592514,463.70325490726293
exp_001,ACO_n30_inst4_run1,base,810,40500,1215000.0,24.194500792000326,,462.3504304592514,513.0196400928616
exp_001,ACO_n30_inst4_run1,base,820,41000,1230000.0,24.49439816699305,,462.3504304592514,495.46466815362504
exp_001,ACO_n30_inst4_run1,base,830,41500,1245000.0,24.79287525000109,,462.3504304592514,499.233464326974
exp_001,ACO_n30_inst4_run1,base,840,42000,1260000.0,25.092094999999972,,462.3504304592514,477.3038463132176
exp_001,ACO_n30_inst4_run1,base,850,42500,1275000.0,25.38983458299481,,462.3504304592514,493.4913707916962
exp_001,ACO_n30_inst4_run1,base,860,43000,1290000.0,25.6883672499971,,462.3504304592514,494.0359375245474
exp_001,ACO_n30_inst4_run1,base,870,43500,1305000.0,25.98691254199366,,462.3504304592514,499.8358976408552
exp_001,ACO_n30_inst4_run1,base,880,44000,1320000.0,26.285060041991528,,462.3504304592514,502.9771106737599
exp_001,ACO_n30_inst4_run1,base,890,44500,1335000.0,26.583775416991557,,462.3504304592514,497.404417561241
exp_001,ACO_n30_inst4_run1,base,900,45000,1350000.0,26.881711207999615,,462.3504304592514,478.3896955008863
exp_001,ACO_n30_inst4_run1,base,910,45500,1365000.0,27.179363000002922,,462.3504304592514,477.78622139436897
exp_001,ACO_n30_inst4_run1,base,920,46000,1380000.0,27.47700137499487,,462.3504304592514,500.9991685783351
exp_001,ACO_n30_inst4_run1,base,930,46500,1395000.0,27.776682291994803,,462.3504304592514,477.3038463132176
exp_001,ACO_n30_inst4_run1,base,940,47000,1410000.0,28.074291041994,,462.3504304592514,499.29134386726014
exp_001,ACO_n30_inst4_run1,base,950,47500,1425000.0,28.370463207989815,,462.3504304592514,497.3215146562009
exp_001,ACO_n30_inst4_run1,base,960,48000,1440000.0,28.66747449999093,,462.3504304592514,490.00809328391125
exp_001,ACO_n30_inst4_run1,base,970,48500,1455000.0,28.966220207992592,,462.3504304592514,495.8706826318016
exp_001,ACO_n30_inst4_run1,base,980,49000,1470000.0,29.26499983300164,,462.3504304592514,490.30841433766807
exp_001,ACO_n30_inst4_run1,base,990,49500,1485000.0,29.5635118749924,,462.3504304592514,485.4579537967622
exp_001,ACO_n30_inst4_run1,base,1000,50000,1500000.0,29.861907332990086,,462.3504304592514,485.4736259893374
exp_001,ACO_n30_inst4_run2,base,0,0,0.0,1.8330028979107738e-06,,inf,inf
exp_001,ACO_n30_inst4_run2,base,10,500,15000.0,0.33773629200004507,,480.0069512883128,480.0069512883128
exp_001,ACO_n30_inst4_run2,base,20,1000,30000.0,0.6439604580082232,,470.10734966727426,519.0863947055847
exp_001,ACO_n30_inst4_run2,base,30,1500,45000.0,0.9469325420068344,,470.10734966727426,506.0479556374369
exp_001,ACO_n30_inst4_run2,base,40,2000,60000.0,1.248389833010151,,470.10734966727426,512.1863846263691
exp_001,ACO_n30_inst4_run2,base,50,2500,75000.0,1.5492872500035446,,470.10734966727426,510.7497687184971
exp_001,ACO_n30_inst4_run2,base,60,3000,90000.0,1.8484447920054663,,470.10734966727426,516.3620656498513
exp_001,ACO_n30_inst4_run2,base,70,3500,105000.0,2.1505642920092214,,462.3504304592514,470.0132191353315
exp_001,ACO_n30_inst4_run2,base,80,4000,120000.0,2.44815783300146,,462.3504304592514,505.508274563407
exp_001,ACO_n30_inst4_run2,base,90,4500,135000.0,2.745032875012839,,462.3504304592514,492.2191238919773
exp_001,ACO_n30_inst4_run2,base,100,5000,150000.0,3.0445485420059413,,462.3504304592514,489.8187793182874
exp_001,ACO_n30_inst4_run2,base,110,5500,165000.0,3.344597375005833,,462.3504304592514,497.18156221533843
exp_001,ACO_n30_inst4_run2,base,120,6000,180000.0,3.645001458004117,,462.3504304592514,504.7587910991567
exp_001,ACO_n30_inst4_run2,base,130,6500,195000.0,3.942164750013035,,462.3504304592514,514.3738862582878
exp_001,ACO_n30_inst4_run2,base,140,7000,210000.0,4.239628542010905,,462.3504304592514,505.9879485609536
exp_001,ACO_n30_inst4_run2,base,150,7500,225000.0,4.537673833008739,,462.3504304592514,502.576360572767
exp_001,ACO_n30_inst4_run2,base,160,8000,240000.0,4.836113249999471,,462.3504304592514,511.56370407100525
exp_001,ACO_n30_inst4_run2,base,170,8500,255000.0,5.140263000008417,,462.3504304592514,500.0350571906768
exp_001,ACO_n30_inst4_run2,base,180,9000,270000.0,5.438619000007748,,462.3504304592514,521.1361474778596
exp_001,ACO_n30_inst4_run2,base,190,9500,285000.0,5.736424125003396,,462.3504304592514,490.40920568684885
exp_001,ACO_n30_inst4_run2,base,200,10000,300000.0,6.03431245801039,,462.3504304592514,494.86157719048106
exp_001,ACO_n30_inst4_run2,base,210,10500,315000.0,6.332528417013236,,462.3504304592514,498.41917804722874
exp_001,ACO_n30_inst4_run2,base,220,11000,330000.0,6.630941417010035,,462.3504304592514,501.51446884078655
exp_001,ACO_n30_inst4_run2,base,230,11500,345000.0,6.927270750005846,,462.3504304592514,495.6887686364624
exp_001,ACO_n30_inst4_run2,base,240,12000,360000.0,7.224123250009143,,462.3504304592514,490.9517238155961
exp_001,ACO_n30_inst4_run2,base,250,12500,375000.0,7.5217010420019506,,462.3504304592514,512.8719641144716
exp_001,ACO_n30_inst4_run2,base,260,13000,390000.0,7.820039333004388,,462.3504304592514,512.8155233836095
exp_001,ACO_n30_inst4_run2,base,270,13500,405000.0,8.117064625010244,,462.3504304592514,513.6302484292345
exp_001,ACO_n30_inst4_run2,base,280,14000,420000.0,8.414723292007693,,462.3504304592514,488.40268449704735
exp_001,ACO_n30_inst4_run2,base,290,14500,435000.0,8.71320637500321,,462.3504304592514,488.2144075887085
exp_001,ACO_n30_inst4_run2,base,300,15000,450000.0,9.012108000009903,,462.3504304592514,508.8201108751823
exp_001,ACO_n30_inst4_run2,base,310,15500,465000.0,9.310501500003738,,462.3504304592514,476.9601218820263
exp_001,ACO_n30_inst4_run2,base,320,16000,480000.0,9.60883404201013,,462.3504304592514,493.6824307409128
exp_001,ACO_n30_inst4_run2,base,330,16500,495000.0,9.907624583007419,,462.3504304592514,510.761130583912
exp_001,ACO_n30_inst4_run2,base,340,17000,510000.0,10.206049792002887,,462.3504304592514,491.3657514590602
exp_001,ACO_n30_inst4_run2,base,350,17500,525000.0,10.503548833003151,,462.3504304592514,483.67569034011547
exp_001,ACO_n30_inst4_run2,base,360,18000,540000.0,10.80330437500379,,462.3504304592514,467.6815415381218
exp_001,ACO_n30_inst4_run2,base,370,18500,555000.0,11.101892875012709,,462.3504304592514,481.74583815909494
exp_001,ACO_n30_inst4_run2,base,380,19000,570000.0,11.399612667009933,,462.3504304592514,496.0604481109911
exp_001,ACO_n30_inst4_run2,base,390,19500,585000.0,11.696855083006085,,462.3504304592514,518.9611828626179
exp_001,ACO_n30_inst4_run2,base,400,20000,600000.0,11.994875750009669,,462.3504304592514,503.5512244176542
exp_001,ACO_n30_inst4_run2,base,410,20500,615000.0,12.292466042010346,,462.3504304592514,502.4165114925082
exp_001,ACO_n30_inst4_run2,base,420,21000,630000.0,12.591748458013171,,462.3504304592514,487.3322728923788
exp_001,ACO_n30_inst4_run2,base,430,21500,645000.0,12.890020333012217,,462.3504304592514,468.8868025499122
exp_001,ACO_n30_inst4_run2,base,440,22000,660000.0,13.187971792009193,,462.3504304592514,495.24173194049865
exp_001,ACO_n30_inst4_run2,base,450,22500,675000.0,13.48662675000378,,462.3504304592514,486.0411752939164
exp_001,ACO_n30_inst4_run2,base,460,23000,690000.0,13.78508495799906,,462.3504304592514,491.17160376629886
exp_001,ACO_n30_inst4_run2,base,470,23500,705000.0,14.084728083005757,,462.3504304592514,484.7615395277842
exp_001,ACO_n30_inst4_run2,base,480,24000,720000.0,14.382269500012626,,462.3504304592514,501.1046446223374
exp_001,ACO_n30_inst4_run2,base,490,24500,735000.0,14.68491220800206,,462.3504304592514,493.25620252530143
exp_001,ACO_n30_inst4_run2,base,500,25000,750000.0,14.9836967500014,,462.3504304592514,487.861983037445
exp_001,ACO_n30_inst4_run2,base,510,25500,765000.0,15.281551667008898,,462.3504304592514,481.4109035245691
exp_001,ACO_n30_inst4_run2,base,520,26000,780000.0,15.57972345800954,,462.3504304592514,497.7337771077471
exp_001,ACO_n30_inst4_run2,base,530,26500,795000.0,15.878899542003637,,462.3504304592514,500.62570908856884
exp_001,ACO_n30_inst4_run2,base,540,27000,810000.0,16.177531667010044,,462.3504304592514,500.0350571906768
exp_001,ACO_n30_inst4_run2,base,550,27500,825000.0,16.476314083003672,,462.3504304592514,520.6573649736569
exp_001,ACO_n30_inst4_run2,base,560,28000,840000.0,16.775550417005434,,462.3504304592514,515.8239958498078
exp_001,ACO_n30_inst4_run2,base,570,28500,855000.0,17.075389625009848,,462.3504304592514,497.76662014533304
exp_001,ACO_n30_inst4_run2,base,580,29000,870000.0,17.37418583300314,,462.3504304592514,494.39866566025637
exp_001,ACO_n30_inst4_run2,base,590,29500,885000.0,17.67195504200936,,462.3504304592514,477.3946040112433
exp_001,ACO_n30_inst4_run2,base,600,30000,900000.0,17.97189604199957,,462.3504304592514,511.4150141999615
exp_001,ACO_n30_inst4_run2,base,610,30500,915000.0,18.270601208001608,,462.3504304592514,487.36070369297994
exp_001,ACO_n30_inst4_run2,base,620,31000,930000.0,18.56883016700158,,462.3504304592514,511.6206367221731
exp_001,ACO_n30_inst4_run2,base,630,31500,945000.0,18.86707129199931,,462.3504304592514,488.8072485900228
exp_001,ACO_n30_inst4_run2,base,640,32000,960000.0,19.165456667004037,,462.3504304592514,486.04117529391647
exp_001,ACO_n30_inst4_run2,base,650,32500,975000.0,19.46438320800371,,462.3504304592514,503.7694533873412
exp_001,ACO_n30_inst4_run2,base,660,33000,990000.0,19.763161375012714,,462.3504304592514,499.79070278210935
exp_001,ACO_n30_inst4_run2,base,670,33500,1005000.0,20.062408042009338,,462.3504304592514,485.752500928415
exp_001,ACO_n30_inst4_run2,base,680,34000,1020000.0,20.361302667006385,,462.3504304592514,464.52366275404347
exp_001,ACO_n30_inst4_run2,base,690,34500,1035000.0,20.659453708009096,,462.3504304592514,471.51412570846355
exp_001,ACO_n30_inst4_run2,base,700,35000,1050000.0,21.057706167004653,,462.3504304592514,500.6948931622197
exp_001,ACO_n30_inst4_run2,base,710,35500,1065000.0,21.360786375007592,,462.3504304592514,515.9799616775988
exp_001,ACO_n30_inst4_run2,base,720,36000,1080000.0,21.66079287500179,,462.3504304592514,488.21440758870847
exp_001,ACO_n30_inst4_run2,base,730,36500,1095000.0,21.960246208007447,,462.3504304592514,511.6528884281197
exp_001,ACO_n30_inst4_run2,base,740,37000,1110000.0,22.260053000005428,,462.3504304592514,502.1254624671952
exp_001,ACO_n30_inst4_run2,base,750,37500,1125000.0,22.55816370800312,,462.3504304592514,510.0578803229146
exp_001,ACO_n30_inst4_run2,base,760,38000,1140000.0,22.856338375000632,,462.3504304592514,484.9381702080516
exp_001,ACO_n30_inst4_run2,base,770,38500,1155000.0,23.1546583330055,,462.3504304592514,484.51926231525573
exp_001,ACO_n30_inst4_run2,base,780,39000,1170000.0,23.453704125000513,,462.3504304592514,509.04854609440565
exp_001,ACO_n30_inst4_run2,base,790,39500,1185000.0,23.752274833008414,,462.3504304592514,491.5045904777268
exp_001,ACO_n30_inst4_run2,base,800,40000,1200000.0,24.050615500003914,,462.3504304592514,497.5358242177315
exp_001,ACO_n30_inst4_run2,base,810,40500,1215000.0,24.35252462500648,,462.3504304592514,489.5672320367201
exp_001,ACO_n30_inst4_run2,base,820,41000,1230000.0,24.65108066701214,,462.3504304592514,500.0350571906768
exp_001,ACO_n30_inst4_run2,base,830,41500,1245000.0,24.950238083009026,,462.3504304592514,492.1057961193276
exp_001,ACO_n30_inst4_run2,base,840,42000,1260000.0,25.249998541999958,,462.3504304592514,490.0501251915683
exp_001,ACO_n30_inst4_run2,base,850,42500,1275000.0,25.549066958003095,,462.3504304592514,487.12702448158524
exp_001,ACO_n30_inst4_run2,base,860,43000,1290000.0,25.847986208013026,,462.3504304592514,492.302749261642
exp_001,ACO_n30_inst4_run2,base,870,43500,1305000.0,26.146350458002416,,462.3504304592514,485.28189463924275
exp_001,ACO_n30_inst4_run2,base,880,44000,1320000.0,26.44465850001143,,462.3504304592514,506.8083450833559
exp_001,ACO_n30_inst4_run2,base,890,44500,1335000.0,26.743083083012607,,462.3504304592514,497.49418791842993
exp_001,ACO_n30_inst4_run2,base,900,45000,1350000.0,27.042253708001226,,462.3504304592514,505.5515611951553
exp_001,ACO_n30_inst4_run2,base,910,45500,1365000.0,27.342258832999505,,462.3504304592514,488.5595093063083
exp_001,ACO_n30_inst4_run2,base,920,46000,1380000.0,27.641167750000022,,462.3504304592514,508.69396980481343
exp_001,ACO_n30_inst4_run2,base,930,46500,1395000.0,27.94057387500652,,462.3504304592514,507.07691187138323
exp_001,ACO_n30_inst4_run2,base,940,47000,1410000.0,28.239466458006063,,462.3504304592514,483.5635114841432
exp_001,ACO_n30_inst4_run2,base,950,47500,1425000.0,28.53789379200316,,462.3504304592514,507.88934176038134
exp_001,ACO_n30_inst4_run2,base,960,48000,1440000.0,28.83579075000307,,462.3504304592514,484.4997677749461
exp_001,ACO_n30_inst4_run2,base,970,48500,1455000.0,29.132620083008078,,462.3504304592514,471.51412570846355
exp_001,ACO_n30_inst4_run2,base,980,49000,1470000.0,29.430399417004082,,462.3504304592514,511.84431381410485
exp_001,ACO_n30_inst4_run2,base,990,49500,1485000.0,29.728942250003456,,462.3504304592514,504.5335569722118
exp_001,ACO_n30_inst4_run2,base,1000,50000,1500000.0,30.027702792009222,,462.3504304592514,494.525836207657
