experiment_id,run_id,param_tag,iter,evals_cost,normalized_evals,time_sec,temp,best_cost,current_cost
exp_kp_001,ABC_KP[base]_n100_inst0_run0,base,0,10,20.0,1.4042001566849649e-05,,-3089.0,-3089.0
exp_kp_001,ABC_KP[base]_n100_inst0_run0,base,10,210,420.0,0.004055749988765456,,-3870.0,-3870.0
exp_kp_001,ABC_KP[base]_n100_inst0_run0,base,20,410,820.0,0.007060457995976321,,-3994.0,-3994.0
exp_kp_001,ABC_KP[base]_n100_inst0_run0,base,30,610,1220.0,0.010145499996724539,,-4264.0,-4264.0
exp_kp_001,ABC_KP[base]_n100_inst0_run0,base,40,810,1620.0,0.013358874988625757,,-4425.0,-4425.0
exp_kp_001,ABC_KP[base]_n100_inst0_run0,base,50,1011,2022.0,0.016708291994291358,,-4456.0,-4456.0
exp_kp_001,ABC_KP[base]_n100_inst0_run0,base,60,1211,2422.0,0.019860374988638796,,-4456.0,-4456.0
exp_kp_001,ABC_KP[base]_n100_inst0_run0,base,70,1416,2832.0,0.02306724998925347,,-4456.0,-4445.0
exp_kp_001,ABC_KP[base]_n100_inst0_run0,base,80,1619,3238.0,0.026216666999971494,,-4456.0,-4370.0
exp_kp_001,ABC_KP[base]_n100_inst0_run0,base,90,1820,3640.0,0.029419582991977222,,-4456.0,-4417.0
exp_kp_001,ABC_KP[base]_n100_inst0_run0,base,100,2021,4042.0,0.03254687499429565,,-4456.0,-4181.0
exp_kp_001,ABC_KP[base]_n100_inst0_run0,base,110,2221,4442.0,0.03570470798877068,,-4456.0,-4349.0
exp_kp_001,ABC_KP[base]_n100_inst0_run0,base,120,2421,4842.0,0.03880291699897498,,-4456.0,-4391.0
exp_kp_001,ABC_KP[base]_n100_inst0_run0,base,130,2622,5244.0,0.04188716699718498,,-4456.0,-4425.0
exp_kp_001,ABC_KP[base]_n100_inst0_run0,base,140,2825,5650.0,0.044974999997066334,,-4456.0,-4426.0
exp_kp_001,ABC_KP[base]_n100_inst0_run0,base,150,3027,6054.0,0.048138416997971945,,-4456.0,-4442.0
exp_kp_001,ABC_KP[base]_n100_inst0_run0,base,160,3231,6462.0,0.051279416991746984,,-4456.0,-4169.0
exp_kp_001,ABC_KP[base]_n100_inst0_run0,base,170,3431,6862.0,0.05424841700005345,,-4456.0,-4226.0
exp_kp_001,ABC_KP[base]_n100_inst0_run0,base,180,3631,7262.0,0.0571529169974383,,-4456.0,-4279.0
exp_kp_001,ABC_KP[base]_n100_inst0_run0,base,190,3831,7662.0,0.06033074999868404,,-4456.0,-4373.0
exp_kp_001,ABC_KP[base]_n100_inst0_run0,base,200,4031,8062.0,0.06350333298905753,,-4456.0,-4428.0
exp_kp_001,ABC_KP[base]_n100_inst0_run0,base,210,4232,8464.0,0.06954462498833891,,-4456.0,-4444.0
exp_kp_001,ABC_KP[base]_n100_inst0_run0,base,220,4434,8868.0,0.07325670799764339,,-4456.0,-4452.0
exp_kp_001,ABC_KP[base]_n100_inst0_run0,base,230,4638,9276.0,0.07683449999603909,,-4460.0,-4446.0
exp_kp_001,ABC_KP[base]_n100_inst0_run0,base,240,4841,9682.0,0.08019191698986106,,-4460.0,-4418.0
exp_kp_001,ABC_KP[base]_n100_inst0_run0,base,250,5042,10084.0,0.08398637500067707,,-4460.0,-4353.0
exp_kp_001,ABC_KP[base]_n100_inst0_run0,base,260,5243,10486.0,0.08720795800036285,,-4460.0,-4357.0
exp_kp_001,ABC_KP[base]_n100_inst0_run0,base,270,5443,10886.0,0.09178470799815841,,-4460.0,-4408.0
exp_kp_001,ABC_KP[base]_n100_inst0_run0,base,280,5644,11288.0,0.09603183298895601,,-4460.0,-4400.0
exp_kp_001,ABC_KP[base]_n100_inst0_run0,base,290,5844,11688.0,0.09936549999110866,,-4460.0,-4447.0
exp_kp_001,ABC_KP[base]_n100_inst0_run0,base,300,6048,12096.0,0.10270874999696389,,-4460.0,-4442.0
exp_kp_001,ABC_KP[base]_n100_inst0_run0,base,310,6251,12502.0,0.10622349999903236,,-4460.0,-4412.0
exp_kp_001,ABC_KP[base]_n100_inst0_run0,base,320,6453,12906.0,0.10970433299371507,,-4460.0,-4339.0
exp_kp_001,ABC_KP[base]_n100_inst0_run0,base,330,6653,13306.0,0.11307554200175218,,-4460.0,-4406.0
exp_kp_001,ABC_KP[base]_n100_inst0_run0,base,340,6853,13706.0,0.11628262499289121,,-4460.0,-4427.0
exp_kp_001,ABC_KP[base]_n100_inst0_run0,base,350,7055,14110.0,0.11957420800172258,,-4460.0,-4425.0
exp_kp_001,ABC_KP[base]_n100_inst0_run0,base,360,7258,14516.0,0.12277837499277666,,-4460.0,-4440.0
exp_kp_001,ABC_KP[base]_n100_inst0_run0,base,370,7459,14918.0,0.12625079198915046,,-4460.0,-4396.0
exp_kp_001,ABC_KP[base]_n100_inst0_run0,base,380,7661,15322.0,0.13026837499637622,,-4460.0,-4442.0
exp_kp_001,ABC_KP[base]_n100_inst0_run0,base,390,7864,15728.0,0.13374095800099894,,-4460.0,-4247.0
exp_kp_001,ABC_KP[base]_n100_inst0_run0,base,400,8065,16130.0,0.13683458299783524,,-4460.0,-4351.0
exp_kp_001,ABC_KP[base]_n100_inst0_run0,base,410,8265,16530.0,0.1400554169958923,,-4460.0,-4397.0
exp_kp_001,ABC_KP[base]_n100_inst0_run0,base,420,8466,16932.0,0.14314366699545644,,-4460.0,-4424.0
exp_kp_001,ABC_KP[base]_n100_inst0_run0,base,430,8667,17334.0,0.14629174998844974,,-4460.0,-4441.0
exp_kp_001,ABC_KP[base]_n100_inst0_run0,base,440,8870,17740.0,0.14937862499209587,,-4460.0,-4443.0
exp_kp_001,ABC_KP[base]_n100_inst0_run0,base,450,9072,18144.0,0.15248766700096894,,-4460.0,-4443.0
exp_kp_001,ABC_KP[base]_n100_inst0_run0,base,460,9274,18548.0,0.15548783299163915,,-4460.0,-4238.0
exp_kp_001,ABC_KP[base]_n100_inst0_run0,base,470,9474,18948.0,0.15865412499988452,,-4460.0,-4376.0
exp_kp_001,ABC_KP[base]_n100_inst0_run0,base,480,9674,19348.0,0.16160145799221937,,-4460.0,-4391.0
exp_kp_001,ABC_KP[base]_n100_inst0_run0,base,490,9877,19754.0,0.16469954200147185,,-4460.0,-4391.0
exp_kp_001,ABC_KP[base]_n100_inst0_run0,base,500,10080,20160.0,0.16779445800057147,,-4460.0,-4412.0
exp_kp_001,ABC_KP[base]_n100_inst0_run0,base,510,10281,20562.0,0.17087999999057502,,-4460.0,-4427.0
exp_kp_001,ABC_KP[base]_n100_inst0_run0,base,520,10483,20966.0,0.1742498749954393,,-4460.0,-4433.0
exp_kp_001,ABC_KP[base]_n100_inst0_run0,base,530,10684,21368.0,0.17729258300096262,,-4460.0,-4343.0
exp_kp_001,ABC_KP[base]_n100_inst0_run0,base,540,10884,21768.0,0.1804319169896189,,-4460.0,-4389.0
exp_kp_001,ABC_KP[base]_n100_inst0_run0,base,550,11084,22168.0,0.1836105830007,,-4460.0,-4431.0
exp_kp_001,ABC_KP[base]_n100_inst0_run0,base,560,11284,22568.0,0.18674016698787455,,-4460.0,-4441.0
exp_kp_001,ABC_KP[base]_n100_inst0_run0,base,570,11488,22976.0,0.1900520829949528,,-4460.0,-4437.0
exp_kp_001,ABC_KP[base]_n100_inst0_run0,base,580,11690,23380.0,0.19329970800026786,,-4460.0,-4447.0
exp_kp_001,ABC_KP[base]_n100_inst0_run0,base,590,11892,23784.0,0.19691458299348596,,-4460.0,-4417.0
exp_kp_001,ABC_KP[base]_n100_inst0_run0,base,600,12093,24186.0,0.2005102499970235,,-4460.0,-4438.0
exp_kp_001,ABC_KP[base]_n100_inst0_run0,base,610,12294,24588.0,0.20377283298876137,,-4460.0,-4441.0
exp_kp_001,ABC_KP[base]_n100_inst0_run0,base,620,12497,24994.0,0.20724824999342673,,-4460.0,-4429.0
exp_kp_001,ABC_KP[base]_n100_inst0_run0,base,630,12698,25396.0,0.2103082919929875,,-4460.0,-4415.0
exp_kp_001,ABC_KP[base]_n100_inst0_run0,base,640,12899,25798.0,0.21371845799149014,,-4460.0,-4452.0
exp_kp_001,ABC_KP[base]_n100_inst0_run0,base,650,13101,26202.0,0.21696695798891596,,-4460.0,-4441.0
exp_kp_001,ABC_KP[base]_n100_inst0_run0,base,660,13302,26604.0,0.22019983299833257,,-4460.0,-4431.0
exp_kp_001,ABC_KP[base]_n100_inst0_run0,base,670,13502,27004.0,0.22345299999869894,,-4460.0,-4435.0
exp_kp_001,ABC_KP[base]_n100_inst0_run0,base,680,13706,27412.0,0.22660999999789055,,-4460.0,-4402.0
exp_kp_001,ABC_KP[base]_n100_inst0_run0,base,690,13906,27812.0,0.22986024999408983,,-4460.0,-4426.0
exp_kp_001,ABC_KP[base]_n100_inst0_run0,base,700,14108,28216.0,0.2331824579887325,,-4460.0,-4445.0
exp_kp_001,ABC_KP[base]_n100_inst0_run0,base,710,14311,28622.0,0.23671612500038464,,-4460.0,-4242.0
exp_kp_001,ABC_KP[base]_n100_inst0_run0,base,720,14511,29022.0,0.243085041991435,,-4460.0,-4344.0
exp_kp_001,ABC_KP[base]_n100_inst0_run0,base,730,14712,29424.0,0.24658633299986832,,-4460.0,-4400.0
exp_kp_001,ABC_KP[base]_n100_inst0_run0,base,740,14912,29824.0,0.25055754199274816,,-4460.0,-4401.0
exp_kp_001,ABC_KP[base]_n100_inst0_run0,base,750,15113,30226.0,0.254749791987706,,-4460.0,-4424.0
exp_kp_001,ABC_KP[base]_n100_inst0_run0,base,760,15315,30630.0,0.2583673749904847,,-4460.0,-4455.0
exp_kp_001,ABC_KP[base]_n100_inst0_run0,base,770,15517,31034.0,0.2617681249976158,,-4460.0,-4460.0
exp_kp_001,ABC_KP[base]_n100_inst0_run0,base,780,15719,31438.0,0.26496916699397843,,-4460.0,-4447.0
exp_kp_001,ABC_KP[base]_n100_inst0_run0,base,790,15921,31842.0,0.26829399999405723,,-4460.0,-4370.0
exp_kp_001,ABC_KP[base]_n100_inst0_run0,base,800,16124,32248.0,0.27156687498791143,,-4460.0,-4192.0
exp_kp_001,ABC_KP[base]_n100_inst0_run0,base,810,16324,32648.0,0.2748549579991959,,-4460.0,-4261.0
exp_kp_001,ABC_KP[base]_n100_inst0_run0,base,820,16524,33048.0,0.2781457499950193,,-4460.0,-4341.0
exp_kp_001,ABC_KP[base]_n100_inst0_run0,base,830,16724,33448.0,0.28154541699041147,,-4460.0,-4441.0
exp_kp_001,ABC_KP[base]_n100_inst0_run0,base,840,16925,33850.0,0.2848458749940619,,-4460.0,-4441.0
exp_kp_001,ABC_KP[base]_n100_inst0_run0,base,850,17129,34258.0,0.2880318749957951,,-4460.0,-4403.0
exp_kp_001,ABC_KP[base]_n100_inst0_run0,base,860,17332,34664.0,0.29141212499234825,,-4460.0,-4437.0
exp_kp_001,ABC_KP[base]_n100_inst0_run0,base,870,17533,35066.0,0.2945311249932274,,-4460.0,-4339.0
exp_kp_001,ABC_KP[base]_n100_inst0_run0,base,880,17734,35468.0,0.29771241699927486,,-4460.0,-4272.0
exp_kp_001,ABC_KP[base]_n100_inst0_run0,base,890,17934,35868.0,0.300756625001668,,-4460.0,-4357.0
exp_kp_001,ABC_KP[base]_n100_inst0_run0,base,900,18134,36268.0,0.30399975000182167,,-4460.0,-4404.0
exp_kp_001,ABC_KP[base]_n100_inst0_run0,base,910,18335,36670.0,0.3071649170015007,,-4460.0,-4437.0
exp_kp_001,ABC_KP[base]_n100_inst0_run0,base,920,18537,37074.0,0.3104394580004737,,-4460.0,-4429.0
exp_kp_001,ABC_KP[base]_n100_inst0_run0,base,930,18739,37478.0,0.31379058299353346,,-4460.0,-4442.0
exp_kp_001,ABC_KP[base]_n100_inst0_run0,base,940,18940,37880.0,0.3197211249935208,,-4460.0,-4460.0
exp_kp_001,ABC_KP[base]_n100_inst0_run0,base,950,19143,38286.0,0.3251011669926811,,-4460.0,-4447.0
exp_kp_001,ABC_KP[base]_n100_inst0_run0,base,960,19344,38688.0,0.3283781249920139,,-4460.0,-4412.0
exp_kp_001,ABC_KP[base]_n100_inst0_run0,base,970,19544,39088.0,0.3322283749876078,,-4460.0,-4443.0
exp_kp_001,ABC_KP[base]_n100_inst0_run0,base,980,19747,39494.0,0.33634199999505654,,-4460.0,-4446.0
exp_kp_001,ABC_KP[base]_n100_inst0_run0,base,990,19950,39900.0,0.3401256669894792,,-4460.0,-4263.0
exp_kp_001,ABC_KP[base]_n100_inst0_run0,base,1000,20151,40302.0,0.34578516699548345,,-4460.0,-4374.0
exp_kp_001,ABC_KP[base]_n100_inst0_run0,base,1010,20351,40702.0,0.3494241250009509,,-4460.0,-4445.0
exp_kp_001,ABC_KP[base]_n100_inst0_run0,base,1020,20553,41106.0,0.352874874995905,,-4460.0,-4341.0
exp_kp_001,ABC_KP[base]_n100_inst0_run0,base,1030,20753,41506.0,0.356847832998028,,-4460.0,-4385.0
exp_kp_001,ABC_KP[base]_n100_inst0_run0,base,1040,20953,41906.0,0.3610179999959655,,-4460.0,-4438.0
exp_kp_001,ABC_KP[base]_n100_inst0_run0,base,1050,21156,42312.0,0.36478704199544154,,-4460.0,-4446.0
exp_kp_001,ABC_KP[base]_n100_inst0_run0,base,1060,21360,42720.0,0.36845591699238867,,-4460.0,-4422.0
exp_kp_001,ABC_KP[base]_n100_inst0_run0,base,1070,21561,43122.0,0.37252220799564384,,-4460.0,-4456.0
exp_kp_001,ABC_KP[base]_n100_inst0_run0,base,1080,21762,43524.0,0.37621191699872725,,-4460.0,-4433.0
exp_kp_001,ABC_KP[base]_n100_inst0_run0,base,1090,21963,43926.0,0.37982070799625944,,-4460.0,-4373.0
exp_kp_001,ABC_KP[base]_n100_inst0_run0,base,1100,22163,44326.0,0.3835777919885004,,-4460.0,-4431.0
exp_kp_001,ABC_KP[base]_n100_inst0_run0,base,1110,22363,44726.0,0.3878585419879528,,-4460.0,-4437.0
exp_kp_001,ABC_KP[base]_n100_inst0_run0,base,1120,22567,45134.0,0.3914926249999553,,-4460.0,-4437.0
exp_kp_001,ABC_KP[base]_n100_inst0_run0,base,1130,22771,45542.0,0.3946592919965042,,-4460.0,-4394.0
exp_kp_001,ABC_KP[base]_n100_inst0_run0,base,1140,22971,45942.0,0.3977958749892423,,-4460.0,-4412.0
exp_kp_001,ABC_KP[base]_n100_inst0_run0,base,1150,23171,46342.0,0.40107524998893496,,-4460.0,-4413.0
exp_kp_001,ABC_KP[base]_n100_inst0_run0,base,1160,23371,46742.0,0.4043630419910187,,-4460.0,-4442.0
exp_kp_001,ABC_KP[base]_n100_inst0_run0,base,1170,23574,47148.0,0.4078632919990923,,-4460.0,-4447.0
exp_kp_001,ABC_KP[base]_n100_inst0_run0,base,1180,23776,47552.0,0.4110871250013588,,-4460.0,-4460.0
exp_kp_001,ABC_KP[base]_n100_inst0_run0,base,1190,23979,47958.0,0.4145140420005191,,-4460.0,-4392.0
exp_kp_001,ABC_KP[base]_n100_inst0_run0,base,1200,24179,48358.0,0.4176488749944838,,-4460.0,-4399.0
exp_kp_001,ABC_KP[base]_n100_inst0_run0,base,1210,24381,48762.0,0.42079879199445713,,-4460.0,-4435.0
exp_kp_001,ABC_KP[base]_n100_inst0_run0,base,1220,24582,49164.0,0.4241394579876214,,-4460.0,-4454.0
exp_kp_001,ABC_KP[base]_n100_inst0_run0,base,1230,24785,49570.0,0.42728562498814426,,-4460.0,-4435.0
exp_kp_001,ABC_KP[base]_n100_inst0_run0,base,1240,24986,49972.0,0.43056445800175425,,-4460.0,-4446.0
exp_kp_001,ABC_KP[base]_n100_inst0_run0,base,1250,25188,50376.0,0.43376141699263826,,-4460.0,-4419.0
exp_kp_001,ABC_KP[base]_n100_inst0_run0,base,1260,25389,50778.0,0.43673291699087713,,-4460.0,-4412.0
exp_kp_001,ABC_KP[base]_n100_inst0_run0,base,1270,25590,51180.0,0.44015708299411926,,-4460.0,-4421.0
exp_kp_001,ABC_KP[base]_n100_inst0_run0,base,1280,25791,51582.0,0.4433278749929741,,-4460.0,-4424.0
exp_kp_001,ABC_KP[base]_n100_inst0_run0,base,1290,25992,51984.0,0.4468317919963738,,-4460.0,-4456.0
exp_kp_001,ABC_KP[base]_n100_inst0_run0,base,1300,26194,52388.0,0.4503247919928981,,-4460.0,-4456.0
exp_kp_001,ABC_KP[base]_n100_inst0_run0,base,1310,26395,52790.0,0.4536708749947138,,-4460.0,-4442.0
exp_kp_001,ABC_KP[base]_n100_inst0_run0,base,1320,26599,53198.0,0.4570844169938937,,-4460.0,-4319.0
exp_kp_001,ABC_KP[base]_n100_inst0_run0,base,1330,26800,53600.0,0.46039533299335744,,-4460.0,-4321.0
exp_kp_001,ABC_KP[base]_n100_inst0_run0,base,1340,27001,54002.0,0.4639279999973951,,-4460.0,-4299.0
exp_kp_001,ABC_KP[base]_n100_inst0_run0,base,1350,27201,54402.0,0.4672400829877006,,-4460.0,-4331.0
exp_kp_001,ABC_KP[base]_n100_inst0_run0,base,1360,27401,54802.0,0.4706356669921661,,-4460.0,-4410.0
exp_kp_001,ABC_KP[base]_n100_inst0_run0,base,1370,27602,55204.0,0.4742878329998348,,-4460.0,-4460.0
exp_kp_001,ABC_KP[base]_n100_inst0_run0,base,1380,27806,55612.0,0.4777022079942981,,-4460.0,-4427.0
exp_kp_001,ABC_KP[base]_n100_inst0_run0,base,1390,28011,56022.0,0.48098100000061095,,-4460.0,-3773.0
exp_kp_001,ABC_KP[base]_n100_inst0_run0,base,1400,28211,56422.0,0.484196791992872,,-4460.0,-4148.0
exp_kp_001,ABC_KP[base]_n100_inst0_run0,base,1410,28411,56822.0,0.48735254199709743,,-4460.0,-4285.0
exp_kp_001,ABC_KP[base]_n100_inst0_run0,base,1420,28611,57222.0,0.4907133749948116,,-4460.0,-4418.0
exp_kp_001,ABC_KP[base]_n100_inst0_run0,base,1430,28812,57624.0,0.49395929199818056,,-4460.0,-4428.0
exp_kp_001,ABC_KP[base]_n100_inst0_run0,base,1440,29013,58026.0,0.49727754198829643,,-4460.0,-4460.0
exp_kp_001,ABC_KP[base]_n100_inst0_run0,base,1450,29215,58430.0,0.5006376249948516,,-4460.0,-4431.0
exp_kp_001,ABC_KP[base]_n100_inst0_run0,base,1460,29418,58836.0,0.5037664999981644,,-4460.0,-4422.0
exp_kp_001,ABC_KP[base]_n100_inst0_run0,base,1470,29620,59240.0,0.5071097499894677,,-4460.0,-4437.0
exp_kp_001,ABC_KP[base]_n100_inst0_run0,base,1480,29822,59644.0,0.5103272919950541,,-4460.0,-4313.0
exp_kp_001,ABC_KP[base]_n100_inst0_run0,base,1490,30022,60044.0,0.51396416699572,,-4460.0,-4412.0
exp_kp_001,ABC_KP[base]_n100_inst0_run0,base,1500,30222,60444.0,0.5174865419976413,,-4460.0,-4423.0
exp_kp_001,ABC_KP[base]_n100_inst0_run0,base,1510,30424,60848.0,0.5208833329961635,,-4460.0,-4426.0
exp_kp_001,ABC_KP[base]_n100_inst0_run0,base,1520,30627,61254.0,0.5242798330000369,,-4460.0,-4414.0
exp_kp_001,ABC_KP[base]_n100_inst0_run0,base,1530,30828,61656.0,0.527954207995208,,-4460.0,-4427.0
exp_kp_001,ABC_KP[base]_n100_inst0_run0,base,1540,31030,62060.0,0.5313270420010667,,-4460.0,-4368.0
exp_kp_001,ABC_KP[base]_n100_inst0_run0,base,1550,31231,62462.0,0.5344164169946453,,-4460.0,-4317.0
exp_kp_001,ABC_KP[base]_n100_inst0_run0,base,1560,31432,62864.0,0.5375825419905595,,-4460.0,-4442.0
exp_kp_001,ABC_KP[base]_n100_inst0_run0,base,1570,31634,63268.0,0.5408436249999795,,-4460.0,-4447.0
exp_kp_001,ABC_KP[base]_n100_inst0_run0,base,1580,31836,63672.0,0.5441238329949556,,-4460.0,-4416.0
exp_kp_001,ABC_KP[base]_n100_inst0_run0,base,1590,32038,64076.0,0.5473339169984683,,-4460.0,-4430.0
exp_kp_001,ABC_KP[base]_n100_inst0_run0,base,1600,32238,64476.0,0.5505702079972252,,-4460.0,-4435.0
exp_kp_001,ABC_KP[base]_n100_inst0_run0,base,1610,32440,64880.0,0.5537466669920832,,-4460.0,-4440.0
exp_kp_001,ABC_KP[base]_n100_inst0_run0,base,1620,32641,65282.0,0.5568751669925405,,-4460.0,-4441.0
exp_kp_001,ABC_KP[base]_n100_inst0_run0,base,1630,32842,65684.0,0.5599172919901321,,-4460.0,-4455.0
exp_kp_001,ABC_KP[base]_n100_inst0_run0,base,1640,33043,66086.0,0.5663387499953387,,-4460.0,-4442.0
exp_kp_001,ABC_KP[base]_n100_inst0_run0,base,1650,33244,66488.0,0.5711909579986241,,-4460.0,-4432.0
exp_kp_001,ABC_KP[base]_n100_inst0_run0,base,1660,33446,66892.0,0.5747937919950346,,-4460.0,-4447.0
exp_kp_001,ABC_KP[base]_n100_inst0_run0,base,1670,33650,67300.0,0.5782867919915589,,-4460.0,-4447.0
exp_kp_001,ABC_KP[base]_n100_inst0_run0,base,1680,33852,67704.0,0.5824419579876121,,-4460.0,-4270.0
exp_kp_001,ABC_KP[base]_n100_inst0_run0,base,1690,34052,68104.0,0.5857368329889141,,-4460.0,-4338.0
exp_kp_001,ABC_KP[base]_n100_inst0_run0,base,1700,34253,68506.0,0.589122707999195,,-4460.0,-4424.0
exp_kp_001,ABC_KP[base]_n100_inst0_run0,base,1710,34454,68908.0,0.5962492079997901,,-4460.0,-4420.0
exp_kp_001,ABC_KP[base]_n100_inst0_run0,base,1720,34655,69310.0,0.600619042001199,,-4460.0,-4455.0
exp_kp_001,ABC_KP[base]_n100_inst0_run0,base,1730,34858,69716.0,0.6041216250014259,,-4460.0,-4435.0
exp_kp_001,ABC_KP[base]_n100_inst0_run0,base,1740,35060,70120.0,0.6075937079876894,,-4460.0,-4440.0
exp_kp_001,ABC_KP[base]_n100_inst0_run0,base,1750,35263,70526.0,0.611157583000022,,-4460.0,-4111.0
exp_kp_001,ABC_KP[base]_n100_inst0_run0,base,1760,35463,70926.0,0.6145910420018481,,-4460.0,-4273.0
exp_kp_001,ABC_KP[base]_n100_inst0_run0,base,1770,35663,71326.0,0.6181042079988401,,-4460.0,-4387.0
exp_kp_001,ABC_KP[base]_n100_inst0_run0,base,1780,35863,71726.0,0.6215383329981705,,-4460.0,-4460.0
exp_kp_001,ABC_KP[base]_n100_inst0_run0,base,1790,36064,72128.0,0.6248857919999864,,-4460.0,-4446.0
exp_kp_001,ABC_KP[base]_n100_inst0_run0,base,1800,36269,72538.0,0.6283294999884674,,-4460.0,-4443.0
exp_kp_001,ABC_KP[base]_n100_inst0_run0,base,1810,36471,72942.0,0.6328029579890426,,-4460.0,-4429.0
exp_kp_001,ABC_KP[base]_n100_inst0_run0,base,1820,36672,73344.0,0.63617895799689,,-4460.0,-4438.0
exp_kp_001,ABC_KP[base]_n100_inst0_run0,base,1830,36873,73746.0,0.6393430829921272,,-4460.0,-4357.0
exp_kp_001,ABC_KP[base]_n100_inst0_run0,base,1840,37073,74146.0,0.6423724999913247,,-4460.0,-4394.0
exp_kp_001,ABC_KP[base]_n100_inst0_run0,base,1850,37273,74546.0,0.6454979169939179,,-4460.0,-4427.0
exp_kp_001,ABC_KP[base]_n100_inst0_run0,base,1860,37474,74948.0,0.6486705829884158,,-4460.0,-4433.0
exp_kp_001,ABC_KP[base]_n100_inst0_run0,base,1870,37675,75350.0,0.651855042000534,,-4460.0,-4460.0
exp_kp_001,ABC_KP[base]_n100_inst0_run0,base,1880,37878,75756.0,0.6550495419942308,,-4460.0,-4445.0
exp_kp_001,ABC_KP[base]_n100_inst0_run0,base,1890,38083,76166.0,0.6581797079998069,,-4460.0,-4247.0
exp_kp_001,ABC_KP[base]_n100_inst0_run0,base,1900,38284,76568.0,0.6611379579990171,,-4460.0,-4045.0
exp_kp_001,ABC_KP[base]_n100_inst0_run0,base,1910,38484,76968.0,0.6643302500015125,,-4460.0,-4240.0
exp_kp_001,ABC_KP[base]_n100_inst0_run0,base,1920,38684,77368.0,0.6676062920014374,,-4460.0,-4391.0
exp_kp_001,ABC_KP[base]_n100_inst0_run0,base,1930,38884,77768.0,0.670891166999354,,-4460.0,-4399.0
exp_kp_001,ABC_KP[base]_n100_inst0_run0,base,1940,39084,78168.0,0.6744624999992084,,-4460.0,-4454.0
exp_kp_001,ABC_KP[base]_n100_inst0_run0,base,1950,39286,78572.0,0.6776417499931995,,-4460.0,-4446.0
exp_kp_001,ABC_KP[base]_n100_inst0_run0,base,1960,39492,78984.0,0.6810077919944888,,-4460.0,-4437.0
exp_kp_001,ABC_KP[base]_n100_inst0_run0,base,1970,39694,79388.0,0.6840930420003133,,-4460.0,-4160.0
exp_kp_001,ABC_KP[base]_n100_inst0_run0,base,1980,39894,79788.0,0.6871887079905719,,-4460.0,-4253.0
exp_kp_001,ABC_KP[base]_n100_inst0_run0,base,1990,40094,80188.0,0.6904277079884196,,-4460.0,-4296.0
exp_kp_001,ABC_KP[base]_n100_inst0_run0,base,2000,40294,80588.0,0.6935933749919059,,-4460.0,-4372.0
exp_kp_001,ABC_KP[base]_n100_inst0_run0,base,2010,40495,80990.0,0.6968012919969624,,-4460.0,-4442.0
exp_kp_001,ABC_KP[base]_n100_inst0_run0,base,2020,40699,81398.0,0.7004531669954304,,-4460.0,-4426.0
exp_kp_001,ABC_KP[base]_n100_inst0_run0,base,2030,40900,81800.0,0.7036584169982234,,-4460.0,-4442.0
exp_kp_001,ABC_KP[base]_n100_inst0_run0,base,2040,41103,82206.0,0.7071614169981331,,-4460.0,-4298.0
exp_kp_001,ABC_KP[base]_n100_inst0_run0,base,2050,41303,82606.0,0.7102079579926794,,-4460.0,-4388.0
exp_kp_001,ABC_KP[base]_n100_inst0_run0,base,2060,41504,83008.0,0.7133673329954036,,-4460.0,-4388.0
exp_kp_001,ABC_KP[base]_n100_inst0_run0,base,2070,41706,83412.0,0.7165206669887993,,-4460.0,-4419.0
exp_kp_001,ABC_KP[base]_n100_inst0_run0,base,2080,41908,83816.0,0.719612374989083,,-4460.0,-4324.0
exp_kp_001,ABC_KP[base]_n100_inst0_run0,base,2090,42108,84216.0,0.7229129579936853,,-4460.0,-4381.0
exp_kp_001,ABC_KP[base]_n100_inst0_run0,base,2100,42308,84616.0,0.7261557499878109,,-4460.0,-4440.0
exp_kp_001,ABC_KP[base]_n100_inst0_run0,base,2110,42509,85018.0,0.7293437920016004,,-4460.0,-4447.0
exp_kp_001,ABC_KP[base]_n100_inst0_run0,base,2120,42712,85424.0,0.7327103329880629,,-4460.0,-4446.0
exp_kp_001,ABC_KP[base]_n100_inst0_run0,base,2130,42914,85828.0,0.7358094999945024,,-4460.0,-4446.0
exp_kp_001,ABC_KP[base]_n100_inst0_run0,base,2140,43116,86232.0,0.7390154999884544,,-4460.0,-4433.0
exp_kp_001,ABC_KP[base]_n100_inst0_run0,base,2150,43317,86634.0,0.7422733749990584,,-4460.0,-4439.0
exp_kp_001,ABC_KP[base]_n100_inst0_run0,base,2160,43519,87038.0,0.745266082987655,,-4460.0,-4322.0
exp_kp_001,ABC_KP[base]_n100_inst0_run0,base,2170,43719,87438.0,0.7482859579904471,,-4460.0,-4427.0
exp_kp_001,ABC_KP[base]_n100_inst0_run0,base,2180,43919,87838.0,0.751405374991009,,-4460.0,-4442.0
exp_kp_001,ABC_KP[base]_n100_inst0_run0,base,2190,44125,88250.0,0.7545985829929123,,-4460.0,-4441.0
exp_kp_001,ABC_KP[base]_n100_inst0_run0,base,2200,44327,88654.0,0.7577511669951491,,-4460.0,-4341.0
exp_kp_001,ABC_KP[base]_n100_inst0_run0,base,2210,44529,89058.0,0.7608556249906542,,-4460.0,-4183.0
exp_kp_001,ABC_KP[base]_n100_inst0_run0,base,2220,44729,89458.0,0.7642164169956231,,-4460.0,-4294.0
exp_kp_001,ABC_KP[base]_n100_inst0_run0,base,2230,44929,89858.0,0.7676331249967916,,-4460.0,-4373.0
exp_kp_001,ABC_KP[base]_n100_inst0_run0,base,2240,45129,90258.0,0.7710774579900317,,-4460.0,-4413.0
exp_kp_001,ABC_KP[base]_n100_inst0_run0,base,2250,45330,90660.0,0.7745097079896368,,-4460.0,-4442.0
exp_kp_001,ABC_KP[base]_n100_inst0_run0,base,2260,45534,91068.0,0.7777917079947656,,-4460.0,-4460.0
exp_kp_001,ABC_KP[base]_n100_inst0_run0,base,2270,45738,91476.0,0.781463374994928,,-4460.0,-4258.0
exp_kp_001,ABC_KP[base]_n100_inst0_run0,base,2280,45938,91876.0,0.7847113329917192,,-4460.0,-4352.0
exp_kp_001,ABC_KP[base]_n100_inst0_run0,base,2290,46138,92276.0,0.7878699169959873,,-4460.0,-4408.0
exp_kp_001,ABC_KP[base]_n100_inst0_run0,base,2300,46339,92678.0,0.7911433330009459,,-4460.0,-4413.0
exp_kp_001,ABC_KP[base]_n100_inst0_run0,base,2310,46539,93078.0,0.7943589999922551,,-4460.0,-4433.0
exp_kp_001,ABC_KP[base]_n100_inst0_run0,base,2320,46741,93482.0,0.7976801249897107,,-4460.0,-4438.0
exp_kp_001,ABC_KP[base]_n100_inst0_run0,base,2330,46946,93892.0,0.8009394580003573,,-4460.0,-4440.0
exp_kp_001,ABC_KP[base]_n100_inst0_run0,base,2340,47148,94296.0,0.8041067500016652,,-4460.0,-3932.0
exp_kp_001,ABC_KP[base]_n100_inst0_run0,base,2350,47348,94696.0,0.8073334999935469,,-4460.0,-4146.0
exp_kp_001,ABC_KP[base]_n100_inst0_run0,base,2360,47548,95096.0,0.8105302499898244,,-4460.0,-4388.0
exp_kp_001,ABC_KP[base]_n100_inst0_run0,base,2370,47748,95496.0,0.8137644579983316,,-4460.0,-4415.0
exp_kp_001,ABC_KP[base]_n100_inst0_run0,base,2380,47950,95900.0,0.8169862499926239,,-4460.0,-4460.0
exp_kp_001,ABC_KP[base]_n100_inst0_run0,base,2390,48154,96308.0,0.8216042499989271,,-4460.0,-4445.0
exp_kp_001,ABC_KP[base]_n100_inst0_run0,base,2400,48357,96714.0,0.8269472919928376,,-4460.0,-4317.0
exp_kp_001,ABC_KP[base]_n100_inst0_run0,base,2410,48558,97116.0,0.830465249993722,,-4460.0,-4245.0
exp_kp_001,ABC_KP[base]_n100_inst0_run0,base,2420,48758,97516.0,0.8337879579921719,,-4460.0,-4396.0
exp_kp_001,ABC_KP[base]_n100_inst0_run0,base,2430,48959,97918.0,0.8376422919973265,,-4460.0,-4422.0
exp_kp_001,ABC_KP[base]_n100_inst0_run0,base,2440,49159,98318.0,0.8411411249981029,,-4460.0,-4452.0
exp_kp_001,ABC_KP[base]_n100_inst0_run0,base,2450,49361,98722.0,0.8463278330018511,,-4460.0,-4460.0
exp_kp_001,ABC_KP[base]_n100_inst0_run0,base,2460,49564,99128.0,0.8505809170019347,,-4460.0,-4437.0
exp_kp_001,ABC_KP[base]_n100_inst0_run0,base,2470,49765,99530.0,0.8538979169970844,,-4460.0,-4460.0
exp_kp_001,ABC_KP[base]_n100_inst0_run0,base,2480,49968,99936.0,0.8573673329956364,,-4460.0,-4304.0
exp_kp_001,ABC_KP[base]_n100_inst0_run0,base,2490,50169,100338.0,0.8618262079980923,,-4460.0,-4435.0
exp_kp_001,ABC_KP[base]_n100_inst0_run0,base,2499,50349,100698.0,0.8649457919964334,,-4460.0,-4443.0
exp_kp_001,ABC_KP[base]_n100_inst0_run1,base,0,10,20.0,1.1207986972294748e-05,,-3144.0,-3144.0
exp_kp_001,ABC_KP[base]_n100_inst0_run1,base,10,210,420.0,0.0030542079912265763,,-3949.0,-3949.0
exp_kp_001,ABC_KP[base]_n100_inst0_run1,base,20,410,820.0,0.006607624993193895,,-4269.0,-4269.0
exp_kp_001,ABC_KP[base]_n100_inst0_run1,base,30,611,1222.0,0.010170249996008351,,-4269.0,-4131.0
exp_kp_001,ABC_KP[base]_n100_inst0_run1,base,40,811,1622.0,0.013658874988323078,,-4303.0,-4303.0
exp_kp_001,ABC_KP[base]_n100_inst0_run1,base,50,1011,2022.0,0.01753237498633098,,-4387.0,-4387.0
exp_kp_001,ABC_KP[base]_n100_inst0_run1,base,60,1211,2422.0,0.02154212498862762,,-4454.0,-4454.0
exp_kp_001,ABC_KP[base]_n100_inst0_run1,base,70,1415,2830.0,0.0249979169893777,,-4454.0,-4454.0
exp_kp_001,ABC_KP[base]_n100_inst0_run1,base,80,1620,3240.0,0.02818170799582731,,-4454.0,-4364.0
exp_kp_001,ABC_KP[base]_n100_inst0_run1,base,90,1821,3642.0,0.03140466699551325,,-4454.0,-4024.0
exp_kp_001,ABC_KP[base]_n100_inst0_run1,base,100,2021,4042.0,0.03450283299025614,,-4454.0,-4313.0
exp_kp_001,ABC_KP[base]_n100_inst0_run1,base,110,2221,4442.0,0.03762724999978673,,-4454.0,-4422.0
exp_kp_001,ABC_KP[base]_n100_inst0_run1,base,120,2421,4842.0,0.04080533298838418,,-4454.0,-4428.0
exp_kp_001,ABC_KP[base]_n100_inst0_run1,base,130,2622,5244.0,0.04389912499755155,,-4454.0,-4441.0
exp_kp_001,ABC_KP[base]_n100_inst0_run1,base,140,2829,5658.0,0.04709349999029655,,-4454.0,-4387.0
exp_kp_001,ABC_KP[base]_n100_inst0_run1,base,150,3030,6060.0,0.050049249999574386,,-4454.0,-4274.0
exp_kp_001,ABC_KP[base]_n100_inst0_run1,base,160,3231,6462.0,0.05317158300022129,,-4454.0,-4334.0
exp_kp_001,ABC_KP[base]_n100_inst0_run1,base,170,3431,6862.0,0.05621124999015592,,-4454.0,-4414.0
exp_kp_001,ABC_KP[base]_n100_inst0_run1,base,180,3631,7262.0,0.059212207997916266,,-4454.0,-4441.0
exp_kp_001,ABC_KP[base]_n100_inst0_run1,base,190,3833,7666.0,0.06244754198996816,,-4454.0,-4440.0
exp_kp_001,ABC_KP[base]_n100_inst0_run1,base,200,4035,8070.0,0.06576624998706393,,-4454.0,-4447.0
exp_kp_001,ABC_KP[base]_n100_inst0_run1,base,210,4240,8480.0,0.06884037499548867,,-4454.0,-4260.0
exp_kp_001,ABC_KP[base]_n100_inst0_run1,base,220,4441,8882.0,0.07180720799078699,,-4454.0,-4023.0
exp_kp_001,ABC_KP[base]_n100_inst0_run1,base,230,4641,9282.0,0.07483733299886808,,-4454.0,-4232.0
exp_kp_001,ABC_KP[base]_n100_inst0_run1,base,240,4841,9682.0,0.07774349999090191,,-4454.0,-4376.0
exp_kp_001,ABC_KP[base]_n100_inst0_run1,base,250,5041,10082.0,0.08084179199067876,,-4454.0,-4441.0
exp_kp_001,ABC_KP[base]_n100_inst0_run1,base,260,5241,10482.0,0.083944749989314,,-4454.0,-4445.0
exp_kp_001,ABC_KP[base]_n100_inst0_run1,base,270,5444,10888.0,0.08695208298740909,,-4454.0,-4447.0
exp_kp_001,ABC_KP[base]_n100_inst0_run1,base,280,5649,11298.0,0.09001258299394976,,-4454.0,-4427.0
exp_kp_001,ABC_KP[base]_n100_inst0_run1,base,290,5850,11700.0,0.09303154199733399,,-4454.0,-4327.0
exp_kp_001,ABC_KP[base]_n100_inst0_run1,base,300,6050,12100.0,0.09616629198717419,,-4454.0,-4423.0
exp_kp_001,ABC_KP[base]_n100_inst0_run1,base,310,6250,12500.0,0.09925120799744036,,-4454.0,-4424.0
exp_kp_001,ABC_KP[base]_n100_inst0_run1,base,320,6451,12902.0,0.1024818749865517,,-4454.0,-4426.0
exp_kp_001,ABC_KP[base]_n100_inst0_run1,base,330,6653,13306.0,0.10558166699775029,,-4454.0,-4450.0
exp_kp_001,ABC_KP[base]_n100_inst0_run1,base,340,6856,13712.0,0.10881270800018683,,-4454.0,-4433.0
exp_kp_001,ABC_KP[base]_n100_inst0_run1,base,350,7058,14116.0,0.11184279198641889,,-4454.0,-4446.0
exp_kp_001,ABC_KP[base]_n100_inst0_run1,base,360,7261,14522.0,0.11493120799423195,,-4454.0,-4278.0
exp_kp_001,ABC_KP[base]_n100_inst0_run1,base,370,7461,14922.0,0.11791333298606332,,-4454.0,-4375.0
exp_kp_001,ABC_KP[base]_n100_inst0_run1,base,380,7662,15324.0,0.12102933299320284,,-4454.0,-4415.0
exp_kp_001,ABC_KP[base]_n100_inst0_run1,base,390,7863,15726.0,0.12419320798653644,,-4454.0,-4443.0
exp_kp_001,ABC_KP[base]_n100_inst0_run1,base,400,8065,16130.0,0.12725283298641443,,-4454.0,-4443.0
exp_kp_001,ABC_KP[base]_n100_inst0_run1,base,410,8269,16538.0,0.13037566699495073,,-4454.0,-4441.0
exp_kp_001,ABC_KP[base]_n100_inst0_run1,base,420,8471,16942.0,0.13339104199258145,,-4454.0,-4156.0
exp_kp_001,ABC_KP[base]_n100_inst0_run1,base,430,8671,17342.0,0.1363002919970313,,-4454.0,-4224.0
exp_kp_001,ABC_KP[base]_n100_inst0_run1,base,440,8871,17742.0,0.13941320798767265,,-4454.0,-4415.0
exp_kp_001,ABC_KP[base]_n100_inst0_run1,base,450,9073,18146.0,0.1424436249944847,,-4454.0,-4385.0
exp_kp_001,ABC_KP[base]_n100_inst0_run1,base,460,9274,18548.0,0.14539737498853356,,-4454.0,-4404.0
exp_kp_001,ABC_KP[base]_n100_inst0_run1,base,470,9477,18954.0,0.1485828749864595,,-4454.0,-4395.0
exp_kp_001,ABC_KP[base]_n100_inst0_run1,base,480,9677,19354.0,0.15177920799760614,,-4454.0,-4422.0
exp_kp_001,ABC_KP[base]_n100_inst0_run1,base,490,9879,19758.0,0.15494970799773,,-4454.0,-4442.0
exp_kp_001,ABC_KP[base]_n100_inst0_run1,base,500,10081,20162.0,0.15804499998921528,,-4456.0,-4456.0
exp_kp_001,ABC_KP[base]_n100_inst0_run1,base,510,10283,20566.0,0.16114141698926687,,-4456.0,-4444.0
exp_kp_001,ABC_KP[base]_n100_inst0_run1,base,520,10484,20968.0,0.16437729199242312,,-4456.0,-4436.0
exp_kp_001,ABC_KP[base]_n100_inst0_run1,base,530,10685,21370.0,0.16751095799554605,,-4456.0,-4406.0
exp_kp_001,ABC_KP[base]_n100_inst0_run1,base,540,10885,21770.0,0.1704882919875672,,-4456.0,-4423.0
exp_kp_001,ABC_KP[base]_n100_inst0_run1,base,550,11085,22170.0,0.17353995799203403,,-4456.0,-4452.0
exp_kp_001,ABC_KP[base]_n100_inst0_run1,base,560,11287,22574.0,0.17667424998944625,,-4460.0,-4460.0
exp_kp_001,ABC_KP[base]_n100_inst0_run1,base,570,11493,22986.0,0.17997345799813047,,-4460.0,-4394.0
exp_kp_001,ABC_KP[base]_n100_inst0_run1,base,580,11694,23388.0,0.182965707994299,,-4460.0,-4356.0
exp_kp_001,ABC_KP[base]_n100_inst0_run1,base,590,11895,23790.0,0.1860107499960577,,-4460.0,-4109.0
exp_kp_001,ABC_KP[base]_n100_inst0_run1,base,600,12095,24190.0,0.18908216699492186,,-4460.0,-4404.0
exp_kp_001,ABC_KP[base]_n100_inst0_run1,base,610,12295,24590.0,0.19213974999729544,,-4460.0,-4416.0
exp_kp_001,ABC_KP[base]_n100_inst0_run1,base,620,12495,24990.0,0.19511258299462497,,-4460.0,-4460.0
exp_kp_001,ABC_KP[base]_n100_inst0_run1,base,630,12695,25390.0,0.19834149999951478,,-4460.0,-4460.0
exp_kp_001,ABC_KP[base]_n100_inst0_run1,base,640,12901,25802.0,0.20165945799089968,,-4460.0,-4442.0
exp_kp_001,ABC_KP[base]_n100_inst0_run1,base,650,13102,26204.0,0.20500399998854846,,-4460.0,-4460.0
exp_kp_001,ABC_KP[base]_n100_inst0_run1,base,660,13305,26610.0,0.20824137498857453,,-4460.0,-4159.0
exp_kp_001,ABC_KP[base]_n100_inst0_run1,base,670,13505,27010.0,0.21408645799965598,,-4460.0,-4361.0
exp_kp_001,ABC_KP[base]_n100_inst0_run1,base,680,13706,27412.0,0.2174823329987703,,-4460.0,-4390.0
exp_kp_001,ABC_KP[base]_n100_inst0_run1,base,690,13907,27814.0,0.22077854198869318,,-4460.0,-4456.0
exp_kp_001,ABC_KP[base]_n100_inst0_run1,base,700,14110,28220.0,0.22416412500024308,,-4460.0,-4460.0
exp_kp_001,ABC_KP[base]_n100_inst0_run1,base,710,14311,28622.0,0.22778041698620655,,-4460.0,-4403.0
exp_kp_001,ABC_KP[base]_n100_inst0_run1,base,720,14512,29024.0,0.23162524998770095,,-4460.0,-4449.0
exp_kp_001,ABC_KP[base]_n100_inst0_run1,base,730,14714,29428.0,0.2367048329906538,,-4460.0,-4429.0
exp_kp_001,ABC_KP[base]_n100_inst0_run1,base,740,14915,29830.0,0.24012829198909458,,-4460.0,-4436.0
exp_kp_001,ABC_KP[base]_n100_inst0_run1,base,750,15117,30234.0,0.24348754198581446,,-4460.0,-4447.0
exp_kp_001,ABC_KP[base]_n100_inst0_run1,base,760,15320,30640.0,0.24692716699792072,,-4460.0,-4326.0
exp_kp_001,ABC_KP[base]_n100_inst0_run1,base,770,15521,31042.0,0.2507090419967426,,-4460.0,-4359.0
exp_kp_001,ABC_KP[base]_n100_inst0_run1,base,780,15721,31442.0,0.2541658329864731,,-4460.0,-4432.0
exp_kp_001,ABC_KP[base]_n100_inst0_run1,base,790,15922,31844.0,0.2575919579976471,,-4460.0,-4442.0
exp_kp_001,ABC_KP[base]_n100_inst0_run1,base,800,16125,32250.0,0.2607947499927832,,-4460.0,-4431.0
exp_kp_001,ABC_KP[base]_n100_inst0_run1,base,810,16326,32652.0,0.26416799999424256,,-4460.0,-4436.0
exp_kp_001,ABC_KP[base]_n100_inst0_run1,base,820,16529,33058.0,0.2674966669874266,,-4460.0,-4438.0
exp_kp_001,ABC_KP[base]_n100_inst0_run1,base,830,16730,33460.0,0.27126291699823923,,-4460.0,-4423.0
exp_kp_001,ABC_KP[base]_n100_inst0_run1,base,840,16931,33862.0,0.2750156669935677,,-4460.0,-4423.0
exp_kp_001,ABC_KP[base]_n100_inst0_run1,base,850,17133,34266.0,0.2781357919884613,,-4460.0,-4419.0
exp_kp_001,ABC_KP[base]_n100_inst0_run1,base,860,17336,34672.0,0.28135712498624343,,-4460.0,-4427.0
exp_kp_001,ABC_KP[base]_n100_inst0_run1,base,870,17537,35074.0,0.2843522499897517,,-4460.0,-4441.0
exp_kp_001,ABC_KP[base]_n100_inst0_run1,base,880,17739,35478.0,0.287342166993767,,-4460.0,-4241.0
exp_kp_001,ABC_KP[base]_n100_inst0_run1,base,890,17939,35878.0,0.2903872919996502,,-4460.0,-4358.0
exp_kp_001,ABC_KP[base]_n100_inst0_run1,base,900,18139,36278.0,0.2934431249886984,,-4460.0,-4441.0
exp_kp_001,ABC_KP[base]_n100_inst0_run1,base,910,18341,36682.0,0.2965683749935124,,-4460.0,-4442.0
exp_kp_001,ABC_KP[base]_n100_inst0_run1,base,920,18544,37088.0,0.2997167499997886,,-4460.0,-4429.0
exp_kp_001,ABC_KP[base]_n100_inst0_run1,base,930,18745,37490.0,0.3028660829877481,,-4460.0,-4434.0
exp_kp_001,ABC_KP[base]_n100_inst0_run1,base,940,18947,37894.0,0.3059508749865927,,-4460.0,-4430.0
exp_kp_001,ABC_KP[base]_n100_inst0_run1,base,950,19148,38296.0,0.3090748749964405,,-4460.0,-4377.0
exp_kp_001,ABC_KP[base]_n100_inst0_run1,base,960,19349,38698.0,0.3122451249946607,,-4460.0,-4430.0
exp_kp_001,ABC_KP[base]_n100_inst0_run1,base,970,19551,39102.0,0.31536995799979195,,-4460.0,-4447.0
exp_kp_001,ABC_KP[base]_n100_inst0_run1,base,980,19752,39504.0,0.3184397919976618,,-4460.0,-4454.0
exp_kp_001,ABC_KP[base]_n100_inst0_run1,base,990,19955,39910.0,0.3216051249910379,,-4460.0,-4442.0
exp_kp_001,ABC_KP[base]_n100_inst0_run1,base,1000,20159,40318.0,0.3248707079910673,,-4460.0,-4456.0
exp_kp_001,ABC_KP[base]_n100_inst0_run1,base,1010,20360,40720.0,0.3277907919982681,,-4460.0,-4048.0
exp_kp_001,ABC_KP[base]_n100_inst0_run1,base,1020,20560,41120.0,0.3308690419944469,,-4460.0,-4175.0
exp_kp_001,ABC_KP[base]_n100_inst0_run1,base,1030,20760,41520.0,0.33394716698967386,,-4460.0,-4391.0
exp_kp_001,ABC_KP[base]_n100_inst0_run1,base,1040,20960,41920.0,0.3369688749953639,,-4460.0,-4435.0
exp_kp_001,ABC_KP[base]_n100_inst0_run1,base,1050,21161,42322.0,0.3400887499883538,,-4460.0,-4439.0
exp_kp_001,ABC_KP[base]_n100_inst0_run1,base,1060,21362,42724.0,0.34312466699338984,,-4460.0,-4447.0
exp_kp_001,ABC_KP[base]_n100_inst0_run1,base,1070,21569,43138.0,0.34633870799734723,,-4460.0,-4199.0
exp_kp_001,ABC_KP[base]_n100_inst0_run1,base,1080,21769,43538.0,0.3493819579889532,,-4460.0,-4279.0
exp_kp_001,ABC_KP[base]_n100_inst0_run1,base,1090,21969,43938.0,0.3524233749922132,,-4460.0,-4370.0
exp_kp_001,ABC_KP[base]_n100_inst0_run1,base,1100,22170,44340.0,0.3554908749938477,,-4460.0,-4439.0
exp_kp_001,ABC_KP[base]_n100_inst0_run1,base,1110,22370,44740.0,0.3585540419880999,,-4460.0,-4444.0
exp_kp_001,ABC_KP[base]_n100_inst0_run1,base,1120,22573,45146.0,0.36170124998898245,,-4460.0,-4446.0
exp_kp_001,ABC_KP[base]_n100_inst0_run1,base,1130,22775,45550.0,0.36476620798930526,,-4460.0,-4408.0
exp_kp_001,ABC_KP[base]_n100_inst0_run1,base,1140,22979,45958.0,0.3678577079990646,,-4460.0,-4281.0
exp_kp_001,ABC_KP[base]_n100_inst0_run1,base,1150,23179,46358.0,0.3708697919937549,,-4460.0,-4359.0
exp_kp_001,ABC_KP[base]_n100_inst0_run1,base,1160,23380,46760.0,0.37410670799727086,,-4460.0,-4437.0
exp_kp_001,ABC_KP[base]_n100_inst0_run1,base,1170,23581,47162.0,0.37725545799185056,,-4460.0,-4443.0
exp_kp_001,ABC_KP[base]_n100_inst0_run1,base,1180,23782,47564.0,0.38042237499030307,,-4460.0,-4434.0
exp_kp_001,ABC_KP[base]_n100_inst0_run1,base,1190,23983,47966.0,0.38351770798908547,,-4460.0,-4436.0
exp_kp_001,ABC_KP[base]_n100_inst0_run1,base,1200,24186,48372.0,0.3865590829955181,,-4460.0,-4445.0
exp_kp_001,ABC_KP[base]_n100_inst0_run1,base,1210,24387,48774.0,0.38961320799717214,,-4460.0,-4433.0
exp_kp_001,ABC_KP[base]_n100_inst0_run1,base,1220,24588,49176.0,0.3926994579960592,,-4460.0,-4443.0
exp_kp_001,ABC_KP[base]_n100_inst0_run1,base,1230,24790,49580.0,0.39576079198741354,,-4460.0,-4359.0
exp_kp_001,ABC_KP[base]_n100_inst0_run1,base,1240,24990,49980.0,0.3988424169947393,,-4460.0,-4424.0
exp_kp_001,ABC_KP[base]_n100_inst0_run1,base,1250,25190,50380.0,0.40199899999424815,,-4460.0,-4432.0
exp_kp_001,ABC_KP[base]_n100_inst0_run1,base,1260,25394,50788.0,0.4051458749891026,,-4460.0,-4442.0
exp_kp_001,ABC_KP[base]_n100_inst0_run1,base,1270,25596,51192.0,0.4081837079866091,,-4460.0,-4442.0
exp_kp_001,ABC_KP[base]_n100_inst0_run1,base,1280,25798,51596.0,0.41114204199402593,,-4460.0,-4413.0
exp_kp_001,ABC_KP[base]_n100_inst0_run1,base,1290,25999,51998.0,0.4143195419892436,,-4460.0,-4421.0
exp_kp_001,ABC_KP[base]_n100_inst0_run1,base,1300,26200,52400.0,0.4173986249952577,,-4460.0,-4353.0
exp_kp_001,ABC_KP[base]_n100_inst0_run1,base,1310,26402,52804.0,0.42055474998778664,,-4460.0,-4414.0
exp_kp_001,ABC_KP[base]_n100_inst0_run1,base,1320,26603,53206.0,0.4236259169992991,,-4460.0,-4456.0
exp_kp_001,ABC_KP[base]_n100_inst0_run1,base,1330,26804,53608.0,0.4267209579993505,,-4460.0,-4456.0
exp_kp_001,ABC_KP[base]_n100_inst0_run1,base,1340,27008,54016.0,0.4298544579942245,,-4460.0,-4319.0
exp_kp_001,ABC_KP[base]_n100_inst0_run1,base,1350,27208,54416.0,0.432887082992238,,-4460.0,-4405.0
exp_kp_001,ABC_KP[base]_n100_inst0_run1,base,1360,27410,54820.0,0.43595104198902845,,-4460.0,-4422.0
exp_kp_001,ABC_KP[base]_n100_inst0_run1,base,1370,27612,55224.0,0.438951582997106,,-4460.0,-4424.0
exp_kp_001,ABC_KP[base]_n100_inst0_run1,base,1380,27813,55626.0,0.44203608299721964,,-4460.0,-4435.0
exp_kp_001,ABC_KP[base]_n100_inst0_run1,base,1390,28014,56028.0,0.44510487499064766,,-4460.0,-4442.0
exp_kp_001,ABC_KP[base]_n100_inst0_run1,base,1400,28216,56432.0,0.44825995799328666,,-4460.0,-4460.0
exp_kp_001,ABC_KP[base]_n100_inst0_run1,base,1410,28419,56838.0,0.45137120799336117,,-4460.0,-4290.0
exp_kp_001,ABC_KP[base]_n100_inst0_run1,base,1420,28619,57238.0,0.45440504199359566,,-4460.0,-4362.0
exp_kp_001,ABC_KP[base]_n100_inst0_run1,base,1430,28820,57640.0,0.45743337499152403,,-4460.0,-4442.0
exp_kp_001,ABC_KP[base]_n100_inst0_run1,base,1440,29022,58044.0,0.4624769169895444,,-4460.0,-4379.0
exp_kp_001,ABC_KP[base]_n100_inst0_run1,base,1450,29222,58444.0,0.4668718749890104,,-4460.0,-4427.0
exp_kp_001,ABC_KP[base]_n100_inst0_run1,base,1460,29423,58846.0,0.470249749996583,,-4460.0,-4453.0
exp_kp_001,ABC_KP[base]_n100_inst0_run1,base,1470,29627,59254.0,0.47352758298802655,,-4460.0,-4456.0
exp_kp_001,ABC_KP[base]_n100_inst0_run1,base,1480,29830,59660.0,0.4771062919899123,,-4460.0,-4387.0
exp_kp_001,ABC_KP[base]_n100_inst0_run1,base,1490,30031,60062.0,0.4807624999957625,,-4460.0,-4414.0
exp_kp_001,ABC_KP[base]_n100_inst0_run1,base,1500,30232,60464.0,0.4844199169892818,,-4460.0,-4332.0
exp_kp_001,ABC_KP[base]_n100_inst0_run1,base,1510,30432,60864.0,0.4900477079936536,,-4460.0,-4448.0
exp_kp_001,ABC_KP[base]_n100_inst0_run1,base,1520,30633,61266.0,0.49324941699160263,,-4460.0,-4363.0
exp_kp_001,ABC_KP[base]_n100_inst0_run1,base,1530,30833,61666.0,0.4970218329981435,,-4460.0,-4417.0
exp_kp_001,ABC_KP[base]_n100_inst0_run1,base,1540,31034,62068.0,0.5005858749937033,,-4460.0,-4442.0
exp_kp_001,ABC_KP[base]_n100_inst0_run1,base,1550,31239,62478.0,0.5041273329989053,,-4460.0,-4443.0
exp_kp_001,ABC_KP[base]_n100_inst0_run1,base,1560,31441,62882.0,0.5074243749986636,,-4460.0,-4396.0
exp_kp_001,ABC_KP[base]_n100_inst0_run1,base,1570,31642,63284.0,0.5106290419935249,,-4460.0,-4349.0
exp_kp_001,ABC_KP[base]_n100_inst0_run1,base,1580,31843,63686.0,0.5142735419940436,,-4460.0,-4311.0
exp_kp_001,ABC_KP[base]_n100_inst0_run1,base,1590,32043,64086.0,0.5176207499898737,,-4460.0,-4417.0
exp_kp_001,ABC_KP[base]_n100_inst0_run1,base,1600,32244,64488.0,0.5212098749907454,,-4460.0,-4437.0
exp_kp_001,ABC_KP[base]_n100_inst0_run1,base,1610,32446,64892.0,0.5249782920000143,,-4460.0,-4440.0
exp_kp_001,ABC_KP[base]_n100_inst0_run1,base,1620,32650,65300.0,0.5287116669933312,,-4460.0,-4456.0
exp_kp_001,ABC_KP[base]_n100_inst0_run1,base,1630,32853,65706.0,0.5320446669938974,,-4460.0,-4118.0
exp_kp_001,ABC_KP[base]_n100_inst0_run1,base,1640,33053,66106.0,0.5351397079939488,,-4460.0,-4234.0
exp_kp_001,ABC_KP[base]_n100_inst0_run1,base,1650,33253,66506.0,0.5382967079931404,,-4460.0,-4279.0
exp_kp_001,ABC_KP[base]_n100_inst0_run1,base,1660,33454,66908.0,0.5416439579857979,,-4460.0,-4397.0
exp_kp_001,ABC_KP[base]_n100_inst0_run1,base,1670,33654,67308.0,0.544821082992712,,-4460.0,-4434.0
exp_kp_001,ABC_KP[base]_n100_inst0_run1,base,1680,33857,67714.0,0.5483460419927724,,-4460.0,-4431.0
exp_kp_001,ABC_KP[base]_n100_inst0_run1,base,1690,34058,68116.0,0.5520800829981454,,-4460.0,-4454.0
exp_kp_001,ABC_KP[base]_n100_inst0_run1,base,1700,34263,68526.0,0.5554908749909373,,-4460.0,-4035.0
exp_kp_001,ABC_KP[base]_n100_inst0_run1,base,1710,34463,68926.0,0.5588182919891551,,-4460.0,-4198.0
exp_kp_001,ABC_KP[base]_n100_inst0_run1,base,1720,34663,69326.0,0.562051832996076,,-4460.0,-4329.0
exp_kp_001,ABC_KP[base]_n100_inst0_run1,base,1730,34863,69726.0,0.5652567499928409,,-4460.0,-4436.0
exp_kp_001,ABC_KP[base]_n100_inst0_run1,base,1740,35064,70128.0,0.5683438749983907,,-4460.0,-4454.0
exp_kp_001,ABC_KP[base]_n100_inst0_run1,base,1750,35265,70530.0,0.5715052919986192,,-4460.0,-4457.0
exp_kp_001,ABC_KP[base]_n100_inst0_run1,base,1760,35467,70934.0,0.5746352079877397,,-4460.0,-4443.0
exp_kp_001,ABC_KP[base]_n100_inst0_run1,base,1770,35670,71340.0,0.5777173329988727,,-4460.0,-4457.0
exp_kp_001,ABC_KP[base]_n100_inst0_run1,base,1780,35873,71746.0,0.5809619579958962,,-4460.0,-4410.0
exp_kp_001,ABC_KP[base]_n100_inst0_run1,base,1790,36074,72148.0,0.5840531669964548,,-4460.0,-4304.0
exp_kp_001,ABC_KP[base]_n100_inst0_run1,base,1800,36274,72548.0,0.5870558749884367,,-4460.0,-4403.0
exp_kp_001,ABC_KP[base]_n100_inst0_run1,base,1810,36475,72950.0,0.5936457919888198,,-4460.0,-4454.0
exp_kp_001,ABC_KP[base]_n100_inst0_run1,base,1820,36677,73354.0,0.5970185829937691,,-4460.0,-4446.0
exp_kp_001,ABC_KP[base]_n100_inst0_run1,base,1830,36879,73758.0,0.6027324999886332,,-4460.0,-4418.0
exp_kp_001,ABC_KP[base]_n100_inst0_run1,base,1840,37081,74162.0,0.6060395419917768,,-4460.0,-4423.0
exp_kp_001,ABC_KP[base]_n100_inst0_run1,base,1850,37281,74562.0,0.6091584579990013,,-4460.0,-4428.0
exp_kp_001,ABC_KP[base]_n100_inst0_run1,base,1860,37485,74970.0,0.6124166249937844,,-4460.0,-4408.0
exp_kp_001,ABC_KP[base]_n100_inst0_run1,base,1870,37686,75372.0,0.6155923329934012,,-4460.0,-4229.0
exp_kp_001,ABC_KP[base]_n100_inst0_run1,base,1880,37886,75772.0,0.6186635829944862,,-4460.0,-4441.0
exp_kp_001,ABC_KP[base]_n100_inst0_run1,base,1890,38086,76172.0,0.6219420829875162,,-4460.0,-4441.0
exp_kp_001,ABC_KP[base]_n100_inst0_run1,base,1900,38289,76578.0,0.6249455829965882,,-4460.0,-4460.0
exp_kp_001,ABC_KP[base]_n100_inst0_run1,base,1910,38493,76986.0,0.6279555829969468,,-4460.0,-4446.0
exp_kp_001,ABC_KP[base]_n100_inst0_run1,base,1920,38694,77388.0,0.6310866249987157,,-4460.0,-4359.0
exp_kp_001,ABC_KP[base]_n100_inst0_run1,base,1930,38894,77788.0,0.6342173749872018,,-4460.0,-4405.0
exp_kp_001,ABC_KP[base]_n100_inst0_run1,base,1940,39096,78192.0,0.6373355830000946,,-4460.0,-4402.0
exp_kp_001,ABC_KP[base]_n100_inst0_run1,base,1950,39296,78592.0,0.6404179579985794,,-4460.0,-4440.0
exp_kp_001,ABC_KP[base]_n100_inst0_run1,base,1960,39499,78998.0,0.6435058329952881,,-4460.0,-4441.0
exp_kp_001,ABC_KP[base]_n100_inst0_run1,base,1970,39700,79400.0,0.6467700419889297,,-4460.0,-4414.0
exp_kp_001,ABC_KP[base]_n100_inst0_run1,base,1980,39905,79810.0,0.6499028329999419,,-4460.0,-4297.0
exp_kp_001,ABC_KP[base]_n100_inst0_run1,base,1990,40105,80210.0,0.6528600419987924,,-4460.0,-4335.0
exp_kp_001,ABC_KP[base]_n100_inst0_run1,base,2000,40305,80610.0,0.6559171669941861,,-4460.0,-4411.0
exp_kp_001,ABC_KP[base]_n100_inst0_run1,base,2010,40506,81012.0,0.659043624997139,,-4460.0,-4437.0
exp_kp_001,ABC_KP[base]_n100_inst0_run1,base,2020,40708,81416.0,0.6621303749998333,,-4460.0,-4441.0
exp_kp_001,ABC_KP[base]_n100_inst0_run1,base,2030,40912,81824.0,0.6652064999943832,,-4460.0,-4431.0
exp_kp_001,ABC_KP[base]_n100_inst0_run1,base,2040,41113,82226.0,0.6682009999931324,,-4460.0,-4438.0
exp_kp_001,ABC_KP[base]_n100_inst0_run1,base,2050,41314,82628.0,0.6712433749926277,,-4460.0,-4411.0
exp_kp_001,ABC_KP[base]_n100_inst0_run1,base,2060,41515,83030.0,0.6743111249961657,,-4460.0,-4436.0
exp_kp_001,ABC_KP[base]_n100_inst0_run1,base,2070,41716,83432.0,0.677356249987497,,-4460.0,-4314.0
exp_kp_001,ABC_KP[base]_n100_inst0_run1,base,2080,41917,83834.0,0.6804097079875646,,-4460.0,-4397.0
exp_kp_001,ABC_KP[base]_n100_inst0_run1,base,2090,42118,84236.0,0.6835154999862425,,-4460.0,-4456.0
exp_kp_001,ABC_KP[base]_n100_inst0_run1,base,2100,42319,84638.0,0.6866179169883253,,-4460.0,-4452.0
exp_kp_001,ABC_KP[base]_n100_inst0_run1,base,2110,42523,85046.0,0.6897764579916839,,-4460.0,-4460.0
exp_kp_001,ABC_KP[base]_n100_inst0_run1,base,2120,42726,85452.0,0.692860416995245,,-4460.0,-4364.0
exp_kp_001,ABC_KP[base]_n100_inst0_run1,base,2130,42926,85852.0,0.6960064169979887,,-4460.0,-4442.0
exp_kp_001,ABC_KP[base]_n100_inst0_run1,base,2140,43127,86254.0,0.6992623749974882,,-4460.0,-4425.0
exp_kp_001,ABC_KP[base]_n100_inst0_run1,base,2150,43328,86656.0,0.7023254999949131,,-4460.0,-4419.0
exp_kp_001,ABC_KP[base]_n100_inst0_run1,base,2160,43530,87060.0,0.7054647919867421,,-4460.0,-4441.0
exp_kp_001,ABC_KP[base]_n100_inst0_run1,base,2170,43732,87464.0,0.709207082996727,,-4460.0,-4396.0
exp_kp_001,ABC_KP[base]_n100_inst0_run1,base,2180,43935,87870.0,0.715268041996751,,-4460.0,-4403.0
exp_kp_001,ABC_KP[base]_n100_inst0_run1,base,2190,44136,88272.0,0.7185563749953872,,-4460.0,-4416.0
exp_kp_001,ABC_KP[base]_n100_inst0_run1,base,2200,44336,88672.0,0.7217199579899898,,-4460.0,-4429.0
exp_kp_001,ABC_KP[base]_n100_inst0_run1,base,2210,44537,89074.0,0.7252945829968667,,-4460.0,-4404.0
exp_kp_001,ABC_KP[base]_n100_inst0_run1,base,2220,44738,89476.0,0.7292074999859324,,-4460.0,-4411.0
exp_kp_001,ABC_KP[base]_n100_inst0_run1,base,2230,44940,89880.0,0.7337340419908287,,-4460.0,-4434.0
exp_kp_001,ABC_KP[base]_n100_inst0_run1,base,2240,45142,90284.0,0.7420825829904061,,-4460.0,-4425.0
exp_kp_001,ABC_KP[base]_n100_inst0_run1,base,2250,45345,90690.0,0.7457551669940585,,-4460.0,-4413.0
exp_kp_001,ABC_KP[base]_n100_inst0_run1,base,2260,45547,91094.0,0.7496614169940585,,-4460.0,-4383.0
exp_kp_001,ABC_KP[base]_n100_inst0_run1,base,2270,45747,91494.0,0.753468332986813,,-4460.0,-4383.0
exp_kp_001,ABC_KP[base]_n100_inst0_run1,base,2280,45948,91896.0,0.7568334169918671,,-4460.0,-4424.0
exp_kp_001,ABC_KP[base]_n100_inst0_run1,base,2290,46150,92300.0,0.7601879169960739,,-4460.0,-4443.0
exp_kp_001,ABC_KP[base]_n100_inst0_run1,base,2300,46352,92704.0,0.7637167919892818,,-4460.0,-4447.0
exp_kp_001,ABC_KP[base]_n100_inst0_run1,base,2310,46556,93112.0,0.7671728329878533,,-4460.0,-4375.0
exp_kp_001,ABC_KP[base]_n100_inst0_run1,base,2320,46758,93516.0,0.7704119999980321,,-4460.0,-4127.0
exp_kp_001,ABC_KP[base]_n100_inst0_run1,base,2330,46958,93916.0,0.7737760829913896,,-4460.0,-4317.0
exp_kp_001,ABC_KP[base]_n100_inst0_run1,base,2340,47159,94318.0,0.7774259169964353,,-4460.0,-4418.0
exp_kp_001,ABC_KP[base]_n100_inst0_run1,base,2350,47359,94718.0,0.7808798329933779,,-4460.0,-4425.0
exp_kp_001,ABC_KP[base]_n100_inst0_run1,base,2360,47560,95120.0,0.7842586249898886,,-4460.0,-4435.0
exp_kp_001,ABC_KP[base]_n100_inst0_run1,base,2370,47761,95522.0,0.7874766669992823,,-4460.0,-4460.0
exp_kp_001,ABC_KP[base]_n100_inst0_run1,base,2380,47963,95926.0,0.790546791991801,,-4460.0,-4449.0
exp_kp_001,ABC_KP[base]_n100_inst0_run1,base,2390,48168,96336.0,0.7935526249930263,,-4460.0,-4416.0
exp_kp_001,ABC_KP[base]_n100_inst0_run1,base,2400,48370,96740.0,0.7965995419945102,,-4460.0,-4225.0
exp_kp_001,ABC_KP[base]_n100_inst0_run1,base,2410,48570,97140.0,0.7995832079905085,,-4460.0,-4293.0
exp_kp_001,ABC_KP[base]_n100_inst0_run1,base,2420,48772,97544.0,0.802677624989883,,-4460.0,-4346.0
exp_kp_001,ABC_KP[base]_n100_inst0_run1,base,2430,48972,97944.0,0.805779916991014,,-4460.0,-4409.0
exp_kp_001,ABC_KP[base]_n100_inst0_run1,base,2440,49172,98344.0,0.8088429579947842,,-4460.0,-4436.0
exp_kp_001,ABC_KP[base]_n100_inst0_run1,base,2450,49373,98746.0,0.812047999992501,,-4460.0,-4442.0
exp_kp_001,ABC_KP[base]_n100_inst0_run1,base,2460,49575,99150.0,0.8153222919936525,,-4460.0,-4447.0
exp_kp_001,ABC_KP[base]_n100_inst0_run1,base,2470,49777,99554.0,0.8185102499992354,,-4460.0,-4454.0
exp_kp_001,ABC_KP[base]_n100_inst0_run1,base,2480,49980,99960.0,0.8216004999994766,,-4460.0,-4446.0
exp_kp_001,ABC_KP[base]_n100_inst0_run1,base,2490,50181,100362.0,0.8245581249939278,,-4460.0,-4381.0
exp_kp_001,ABC_KP[base]_n100_inst0_run1,base,2499,50361,100722.0,0.8273429999971995,,-4460.0,-4400.0
exp_kp_001,ABC_KP[base]_n100_inst0_run2,base,0,10,20.0,8.208997314795852e-06,,-3005.0,-3005.0
exp_kp_001,ABC_KP[base]_n100_inst0_run2,base,10,210,420.0,0.0031885420030448586,,-3647.0,-3647.0
exp_kp_001,ABC_KP[base]_n100_inst0_run2,base,20,410,820.0,0.006252084000152536,,-4051.0,-4051.0
exp_kp_001,ABC_KP[base]_n100_inst0_run2,base,30,610,1220.0,0.00922487500065472,,-4187.0,-4187.0
exp_kp_001,ABC_KP[base]_n100_inst0_run2,base,40,810,1620.0,0.012260500006959774,,-4270.0,-4270.0
exp_kp_001,ABC_KP[base]_n100_inst0_run2,base,50,1010,2020.0,0.015369084008852951,,-4371.0,-4371.0
exp_kp_001,ABC_KP[base]_n100_inst0_run2,base,60,1212,2424.0,0.0185663750016829,,-4371.0,-4371.0
exp_kp_001,ABC_KP[base]_n100_inst0_run2,base,70,1418,2836.0,0.0218022920016665,,-4371.0,-4349.0
exp_kp_001,ABC_KP[base]_n100_inst0_run2,base,80,1620,3240.0,0.024811084003886208,,-4371.0,-3850.0
exp_kp_001,ABC_KP[base]_n100_inst0_run2,base,90,1820,3640.0,0.027835166998556815,,-4371.0,-4068.0
exp_kp_001,ABC_KP[base]_n100_inst0_run2,base,100,2020,4040.0,0.030862458996125497,,-4371.0,-4306.0
exp_kp_001,ABC_KP[base]_n100_inst0_run2,base,110,2220,4440.0,0.0339079590048641,,-4425.0,-4425.0
exp_kp_001,ABC_KP[base]_n100_inst0_run2,base,120,2421,4842.0,0.03704479199950583,,-4456.0,-4456.0
exp_kp_001,ABC_KP[base]_n100_inst0_run2,base,130,2623,5246.0,0.040251833997899666,,-4456.0,-4456.0
exp_kp_001,ABC_KP[base]_n100_inst0_run2,base,140,2827,5654.0,0.0433709170029033,,-4456.0,-4422.0
exp_kp_001,ABC_KP[base]_n100_inst0_run2,base,150,3029,6058.0,0.046468417000141926,,-4456.0,-4441.0
exp_kp_001,ABC_KP[base]_n100_inst0_run2,base,160,3230,6460.0,0.04935741699591745,,-4456.0,-4407.0
exp_kp_001,ABC_KP[base]_n100_inst0_run2,base,170,3430,6860.0,0.05242141700000502,,-4456.0,-4439.0
exp_kp_001,ABC_KP[base]_n100_inst0_run2,base,180,3633,7266.0,0.05552999999781605,,-4456.0,-4429.0
exp_kp_001,ABC_KP[base]_n100_inst0_run2,base,190,3833,7666.0,0.05866487500315998,,-4456.0,-4443.0
exp_kp_001,ABC_KP[base]_n100_inst0_run2,base,200,4033,8066.0,0.06185587499930989,,-4456.0,-4443.0
exp_kp_001,ABC_KP[base]_n100_inst0_run2,base,210,4236,8472.0,0.06515850000141654,,-4460.0,-4460.0
exp_kp_001,ABC_KP[base]_n100_inst0_run2,base,220,4439,8878.0,0.06830345900380053,,-4460.0,-4446.0
exp_kp_001,ABC_KP[base]_n100_inst0_run2,base,230,4641,9282.0,0.07144116700510494,,-4460.0,-4279.0
exp_kp_001,ABC_KP[base]_n100_inst0_run2,base,240,4841,9682.0,0.07461216700903606,,-4460.0,-4352.0
exp_kp_001,ABC_KP[base]_n100_inst0_run2,base,250,5041,10082.0,0.07771704200422391,,-4460.0,-4431.0
exp_kp_001,ABC_KP[base]_n100_inst0_run2,base,260,5242,10484.0,0.08084716700250283,,-4460.0,-4456.0
exp_kp_001,ABC_KP[base]_n100_inst0_run2,base,270,5444,10888.0,0.08398525000666268,,-4460.0,-4441.0
exp_kp_001,ABC_KP[base]_n100_inst0_run2,base,280,5650,11300.0,0.08727420899958815,,-4460.0,-4321.0
exp_kp_001,ABC_KP[base]_n100_inst0_run2,base,290,5851,11702.0,0.09032337499957066,,-4460.0,-4061.0
exp_kp_001,ABC_KP[base]_n100_inst0_run2,base,300,6051,12102.0,0.09369245900597889,,-4460.0,-4219.0
exp_kp_001,ABC_KP[base]_n100_inst0_run2,base,310,6251,12502.0,0.0969729170028586,,-4460.0,-4429.0
exp_kp_001,ABC_KP[base]_n100_inst0_run2,base,320,6452,12904.0,0.10018350000609644,,-4460.0,-4435.0
exp_kp_001,ABC_KP[base]_n100_inst0_run2,base,330,6653,13306.0,0.1033077920001233,,-4460.0,-4442.0
exp_kp_001,ABC_KP[base]_n100_inst0_run2,base,340,6855,13710.0,0.10650045900547411,,-4460.0,-4442.0
exp_kp_001,ABC_KP[base]_n100_inst0_run2,base,350,7058,14116.0,0.10958554199896753,,-4460.0,-4446.0
exp_kp_001,ABC_KP[base]_n100_inst0_run2,base,360,7260,14520.0,0.11265312500472646,,-4460.0,-4433.0
exp_kp_001,ABC_KP[base]_n100_inst0_run2,base,370,7461,14922.0,0.11569470900576562,,-4460.0,-4348.0
exp_kp_001,ABC_KP[base]_n100_inst0_run2,base,380,7661,15322.0,0.11877549999917392,,-4460.0,-4406.0
exp_kp_001,ABC_KP[base]_n100_inst0_run2,base,390,7861,15722.0,0.12186450000444893,,-4460.0,-4441.0
exp_kp_001,ABC_KP[base]_n100_inst0_run2,base,400,8062,16124.0,0.12491283399867825,,-4460.0,-4445.0
exp_kp_001,ABC_KP[base]_n100_inst0_run2,base,410,8269,16538.0,0.13151320900942665,,-4460.0,-4432.0
exp_kp_001,ABC_KP[base]_n100_inst0_run2,base,420,8470,16940.0,0.1371532089979155,,-4460.0,-4133.0
exp_kp_001,ABC_KP[base]_n100_inst0_run2,base,430,8670,17340.0,0.14050516700081062,,-4460.0,-4209.0
exp_kp_001,ABC_KP[base]_n100_inst0_run2,base,440,8870,17740.0,0.14385733399831224,,-4460.0,-4382.0
exp_kp_001,ABC_KP[base]_n100_inst0_run2,base,450,9071,18142.0,0.14767433400265872,,-4460.0,-4433.0
exp_kp_001,ABC_KP[base]_n100_inst0_run2,base,460,9272,18544.0,0.1510984170017764,,-4460.0,-4433.0
exp_kp_001,ABC_KP[base]_n100_inst0_run2,base,470,9475,18950.0,0.15613570899586193,,-4460.0,-4450.0
exp_kp_001,ABC_KP[base]_n100_inst0_run2,base,480,9678,19356.0,0.1595543340081349,,-4460.0,-4446.0
exp_kp_001,ABC_KP[base]_n100_inst0_run2,base,490,9879,19758.0,0.1628627919999417,,-4460.0,-4437.0
exp_kp_001,ABC_KP[base]_n100_inst0_run2,base,500,10082,20164.0,0.16611683400697075,,-4460.0,-4011.0
exp_kp_001,ABC_KP[base]_n100_inst0_run2,base,510,10282,20564.0,0.169686459004879,,-4460.0,-4148.0
exp_kp_001,ABC_KP[base]_n100_inst0_run2,base,520,10482,20964.0,0.17300574999535456,,-4460.0,-4372.0
exp_kp_001,ABC_KP[base]_n100_inst0_run2,base,530,10682,21364.0,0.17626912500418257,,-4460.0,-4427.0
exp_kp_001,ABC_KP[base]_n100_inst0_run2,base,540,10884,21768.0,0.1796646669972688,,-4460.0,-4442.0
exp_kp_001,ABC_KP[base]_n100_inst0_run2,base,550,11088,22176.0,0.18297154200263321,,-4460.0,-4449.0
exp_kp_001,ABC_KP[base]_n100_inst0_run2,base,560,11291,22582.0,0.18615329200110864,,-4460.0,-4312.0
exp_kp_001,ABC_KP[base]_n100_inst0_run2,base,570,11491,22982.0,0.18950608400336932,,-4460.0,-4362.0
exp_kp_001,ABC_KP[base]_n100_inst0_run2,base,580,11691,23382.0,0.19308337500842754,,-4460.0,-4375.0
exp_kp_001,ABC_KP[base]_n100_inst0_run2,base,590,11891,23782.0,0.19632075000845362,,-4460.0,-4446.0
exp_kp_001,ABC_KP[base]_n100_inst0_run2,base,600,12092,24184.0,0.19931912500760518,,-4460.0,-4460.0
exp_kp_001,ABC_KP[base]_n100_inst0_run2,base,610,12293,24586.0,0.20259316700685304,,-4460.0,-4456.0
exp_kp_001,ABC_KP[base]_n100_inst0_run2,base,620,12499,24998.0,0.20585549999668729,,-4460.0,-4418.0
exp_kp_001,ABC_KP[base]_n100_inst0_run2,base,630,12700,25400.0,0.20892970899876673,,-4460.0,-4428.0
exp_kp_001,ABC_KP[base]_n100_inst0_run2,base,640,12901,25802.0,0.21209858400106896,,-4460.0,-4384.0
exp_kp_001,ABC_KP[base]_n100_inst0_run2,base,650,13102,26204.0,0.21515433400054462,,-4460.0,-4406.0
exp_kp_001,ABC_KP[base]_n100_inst0_run2,base,660,13303,26606.0,0.21836737499688752,,-4460.0,-4356.0
exp_kp_001,ABC_KP[base]_n100_inst0_run2,base,670,13504,27008.0,0.22146149999753106,,-4460.0,-4428.0
exp_kp_001,ABC_KP[base]_n100_inst0_run2,base,680,13705,27410.0,0.2245892500068294,,-4460.0,-4435.0
exp_kp_001,ABC_KP[base]_n100_inst0_run2,base,690,13907,27814.0,0.22775408400048036,,-4460.0,-4442.0
exp_kp_001,ABC_KP[base]_n100_inst0_run2,base,700,14110,28220.0,0.23093283400521614,,-4460.0,-4442.0
exp_kp_001,ABC_KP[base]_n100_inst0_run2,base,710,14311,28622.0,0.23399329200037755,,-4460.0,-4432.0
exp_kp_001,ABC_KP[base]_n100_inst0_run2,base,720,14513,29026.0,0.23703383399697486,,-4460.0,-4369.0
exp_kp_001,ABC_KP[base]_n100_inst0_run2,base,730,14714,29428.0,0.240065042002243,,-4460.0,-4419.0
exp_kp_001,ABC_KP[base]_n100_inst0_run2,base,740,14915,29830.0,0.24314041700563394,,-4460.0,-4441.0
exp_kp_001,ABC_KP[base]_n100_inst0_run2,base,750,15117,30234.0,0.24629129200184252,,-4460.0,-4435.0
exp_kp_001,ABC_KP[base]_n100_inst0_run2,base,760,15320,30640.0,0.24947887500457,,-4460.0,-4416.0
exp_kp_001,ABC_KP[base]_n100_inst0_run2,base,770,15520,31040.0,0.25257058400893584,,-4460.0,-4437.0
exp_kp_001,ABC_KP[base]_n100_inst0_run2,base,780,15721,31442.0,0.25575662500341423,,-4460.0,-4446.0
exp_kp_001,ABC_KP[base]_n100_inst0_run2,base,790,15923,31846.0,0.258925125002861,,-4460.0,-4439.0
exp_kp_001,ABC_KP[base]_n100_inst0_run2,base,800,16125,32250.0,0.2618745840009069,,-4460.0,-4446.0
exp_kp_001,ABC_KP[base]_n100_inst0_run2,base,810,16329,32658.0,0.2649668340018252,,-4460.0,-4441.0
exp_kp_001,ABC_KP[base]_n100_inst0_run2,base,820,16531,33062.0,0.26809070899616927,,-4460.0,-4045.0
exp_kp_001,ABC_KP[base]_n100_inst0_run2,base,830,16731,33462.0,0.2710922499973094,,-4460.0,-4231.0
exp_kp_001,ABC_KP[base]_n100_inst0_run2,base,840,16931,33862.0,0.2741425840067677,,-4460.0,-4378.0
exp_kp_001,ABC_KP[base]_n100_inst0_run2,base,850,17132,34264.0,0.2772325840051053,,-4460.0,-4439.0
exp_kp_001,ABC_KP[base]_n100_inst0_run2,base,860,17334,34668.0,0.2803140420001,,-4460.0,-4418.0
exp_kp_001,ABC_KP[base]_n100_inst0_run2,base,870,17535,35070.0,0.2833954170055222,,-4460.0,-4435.0
exp_kp_001,ABC_KP[base]_n100_inst0_run2,base,880,17736,35472.0,0.2864857920067152,,-4460.0,-4446.0
exp_kp_001,ABC_KP[base]_n100_inst0_run2,base,890,17939,35878.0,0.2895868750056252,,-4460.0,-4447.0
exp_kp_001,ABC_KP[base]_n100_inst0_run2,base,900,18141,36282.0,0.29269729199586436,,-4460.0,-4361.0
exp_kp_001,ABC_KP[base]_n100_inst0_run2,base,910,18343,36686.0,0.2957598750072066,,-4460.0,-4264.0
exp_kp_001,ABC_KP[base]_n100_inst0_run2,base,920,18543,37086.0,0.2988385000062408,,-4460.0,-4351.0
exp_kp_001,ABC_KP[base]_n100_inst0_run2,base,930,18744,37488.0,0.3019478339992929,,-4460.0,-4403.0
exp_kp_001,ABC_KP[base]_n100_inst0_run2,base,940,18945,37890.0,0.30502029199851677,,-4460.0,-4449.0
exp_kp_001,ABC_KP[base]_n100_inst0_run2,base,950,19148,38296.0,0.30811883400019724,,-4460.0,-4460.0
exp_kp_001,ABC_KP[base]_n100_inst0_run2,base,960,19349,38698.0,0.3112380420061527,,-4460.0,-4460.0
exp_kp_001,ABC_KP[base]_n100_inst0_run2,base,970,19551,39102.0,0.3142296250007348,,-4460.0,-4460.0
exp_kp_001,ABC_KP[base]_n100_inst0_run2,base,980,19753,39506.0,0.3172427920071641,,-4460.0,-4442.0
exp_kp_001,ABC_KP[base]_n100_inst0_run2,base,990,19954,39908.0,0.3202178339997772,,-4460.0,-4430.0
exp_kp_001,ABC_KP[base]_n100_inst0_run2,base,1000,20155,40310.0,0.3232676250045188,,-4460.0,-4439.0
exp_kp_001,ABC_KP[base]_n100_inst0_run2,base,1010,20357,40714.0,0.3262890000041807,,-4460.0,-4432.0
exp_kp_001,ABC_KP[base]_n100_inst0_run2,base,1020,20557,41114.0,0.32933916700130794,,-4460.0,-4440.0
exp_kp_001,ABC_KP[base]_n100_inst0_run2,base,1030,20760,41520.0,0.3325552919995971,,-4460.0,-4435.0
exp_kp_001,ABC_KP[base]_n100_inst0_run2,base,1040,20963,41926.0,0.33550470900081564,,-4460.0,-4293.0
exp_kp_001,ABC_KP[base]_n100_inst0_run2,base,1050,21163,42326.0,0.3384525000001304,,-4460.0,-4388.0
exp_kp_001,ABC_KP[base]_n100_inst0_run2,base,1060,21363,42726.0,0.34152470900153276,,-4460.0,-4425.0
exp_kp_001,ABC_KP[base]_n100_inst0_run2,base,1070,21564,43128.0,0.3446787090069847,,-4460.0,-4431.0
exp_kp_001,ABC_KP[base]_n100_inst0_run2,base,1080,21766,43532.0,0.3477369589963928,,-4460.0,-4460.0
exp_kp_001,ABC_KP[base]_n100_inst0_run2,base,1090,21969,43938.0,0.3509432499995455,,-4460.0,-4439.0
exp_kp_001,ABC_KP[base]_n100_inst0_run2,base,1100,22170,44340.0,0.3540942920080852,,-4460.0,-4434.0
exp_kp_001,ABC_KP[base]_n100_inst0_run2,base,1110,22373,44746.0,0.35715570900356397,,-4460.0,-4312.0
exp_kp_001,ABC_KP[base]_n100_inst0_run2,base,1120,22573,45146.0,0.3604110419983044,,-4460.0,-4363.0
exp_kp_001,ABC_KP[base]_n100_inst0_run2,base,1130,22773,45546.0,0.36357083400071133,,-4460.0,-4391.0
exp_kp_001,ABC_KP[base]_n100_inst0_run2,base,1140,22974,45948.0,0.3666488340095384,,-4460.0,-4438.0
exp_kp_001,ABC_KP[base]_n100_inst0_run2,base,1150,23175,46350.0,0.36995495900919195,,-4460.0,-4460.0
exp_kp_001,ABC_KP[base]_n100_inst0_run2,base,1160,23378,46756.0,0.37318716700247023,,-4460.0,-4446.0
exp_kp_001,ABC_KP[base]_n100_inst0_run2,base,1170,23583,47166.0,0.37641608400736004,,-4460.0,-4414.0
exp_kp_001,ABC_KP[base]_n100_inst0_run2,base,1180,23784,47568.0,0.379698417003965,,-4460.0,-4152.0
exp_kp_001,ABC_KP[base]_n100_inst0_run2,base,1190,23984,47968.0,0.3827915000001667,,-4460.0,-4291.0
exp_kp_001,ABC_KP[base]_n100_inst0_run2,base,1200,24184,48368.0,0.38835049999761395,,-4460.0,-4374.0
exp_kp_001,ABC_KP[base]_n100_inst0_run2,base,1210,24384,48768.0,0.3943637089978438,,-4460.0,-4439.0
exp_kp_001,ABC_KP[base]_n100_inst0_run2,base,1220,24587,49174.0,0.39801508400705643,,-4460.0,-4446.0
exp_kp_001,ABC_KP[base]_n100_inst0_run2,base,1230,24789,49578.0,0.4029719170066528,,-4460.0,-4452.0
exp_kp_001,ABC_KP[base]_n100_inst0_run2,base,1240,24993,49986.0,0.4071269999985816,,-4460.0,-4352.0
exp_kp_001,ABC_KP[base]_n100_inst0_run2,base,1250,25195,50390.0,0.41169787499529775,,-4460.0,-4180.0
exp_kp_001,ABC_KP[base]_n100_inst0_run2,base,1260,25395,50790.0,0.4165999999968335,,-4460.0,-4336.0
exp_kp_001,ABC_KP[base]_n100_inst0_run2,base,1270,25595,51190.0,0.42046066699549556,,-4460.0,-4406.0
exp_kp_001,ABC_KP[base]_n100_inst0_run2,base,1280,25795,51590.0,0.42384679200768005,,-4460.0,-4439.0
exp_kp_001,ABC_KP[base]_n100_inst0_run2,base,1290,25997,51994.0,0.4278032090078341,,-4460.0,-4445.0
exp_kp_001,ABC_KP[base]_n100_inst0_run2,base,1300,26202,52404.0,0.43123945900879335,,-4460.0,-4434.0
exp_kp_001,ABC_KP[base]_n100_inst0_run2,base,1310,26404,52808.0,0.4344673750019865,,-4460.0,-4238.0
exp_kp_001,ABC_KP[base]_n100_inst0_run2,base,1320,26605,53210.0,0.43814695900073275,,-4460.0,-4139.0
exp_kp_001,ABC_KP[base]_n100_inst0_run2,base,1330,26805,53610.0,0.44139620900386944,,-4460.0,-4362.0
exp_kp_001,ABC_KP[base]_n100_inst0_run2,base,1340,27005,54010.0,0.4447779170004651,,-4460.0,-4398.0
exp_kp_001,ABC_KP[base]_n100_inst0_run2,base,1350,27206,54412.0,0.4486283750011353,,-4460.0,-4460.0
exp_kp_001,ABC_KP[base]_n100_inst0_run2,base,1360,27408,54816.0,0.4532058750046417,,-4460.0,-4430.0
exp_kp_001,ABC_KP[base]_n100_inst0_run2,base,1370,27611,55222.0,0.4566857089957921,,-4460.0,-4447.0
exp_kp_001,ABC_KP[base]_n100_inst0_run2,base,1380,27813,55626.0,0.45984754200617317,,-4460.0,-4373.0
exp_kp_001,ABC_KP[base]_n100_inst0_run2,base,1390,28014,56028.0,0.46298833400942385,,-4460.0,-4410.0
exp_kp_001,ABC_KP[base]_n100_inst0_run2,base,1400,28215,56430.0,0.4660910000093281,,-4460.0,-4425.0
exp_kp_001,ABC_KP[base]_n100_inst0_run2,base,1410,28416,56832.0,0.4692977090016939,,-4460.0,-4433.0
exp_kp_001,ABC_KP[base]_n100_inst0_run2,base,1420,28617,57234.0,0.4723920420074137,,-4460.0,-4433.0
exp_kp_001,ABC_KP[base]_n100_inst0_run2,base,1430,28819,57638.0,0.4753805420041317,,-4460.0,-4460.0
exp_kp_001,ABC_KP[base]_n100_inst0_run2,base,1440,29021,58042.0,0.47853720899729524,,-4460.0,-4445.0
exp_kp_001,ABC_KP[base]_n100_inst0_run2,base,1450,29222,58444.0,0.48166383399802726,,-4460.0,-4450.0
exp_kp_001,ABC_KP[base]_n100_inst0_run2,base,1460,29425,58850.0,0.496874584001489,,-4460.0,-4403.0
exp_kp_001,ABC_KP[base]_n100_inst0_run2,base,1470,29626,59252.0,0.5020312090055086,,-4460.0,-4399.0
exp_kp_001,ABC_KP[base]_n100_inst0_run2,base,1480,29827,59654.0,0.5052988749957876,,-4460.0,-4376.0
exp_kp_001,ABC_KP[base]_n100_inst0_run2,base,1490,30028,60056.0,0.5085410000028787,,-4460.0,-4399.0
exp_kp_001,ABC_KP[base]_n100_inst0_run2,base,1500,30230,60460.0,0.5118295840075007,,-4460.0,-4415.0
exp_kp_001,ABC_KP[base]_n100_inst0_run2,base,1510,30432,60864.0,0.5150733750051586,,-4460.0,-4445.0
exp_kp_001,ABC_KP[base]_n100_inst0_run2,base,1520,30634,61268.0,0.5183054170047399,,-4460.0,-4434.0
exp_kp_001,ABC_KP[base]_n100_inst0_run2,base,1530,30836,61672.0,0.5215750000061234,,-4460.0,-4372.0
exp_kp_001,ABC_KP[base]_n100_inst0_run2,base,1540,31036,62072.0,0.5248131670086877,,-4460.0,-4429.0
exp_kp_001,ABC_KP[base]_n100_inst0_run2,base,1550,31237,62474.0,0.5279575419990579,,-4460.0,-4417.0
exp_kp_001,ABC_KP[base]_n100_inst0_run2,base,1560,31438,62876.0,0.5310834170086309,,-4460.0,-4413.0
exp_kp_001,ABC_KP[base]_n100_inst0_run2,base,1570,31640,63280.0,0.534394041998894,,-4460.0,-4460.0
exp_kp_001,ABC_KP[base]_n100_inst0_run2,base,1580,31841,63682.0,0.5375502920069266,,-4460.0,-4446.0
exp_kp_001,ABC_KP[base]_n100_inst0_run2,base,1590,32044,64088.0,0.5406446670094738,,-4460.0,-4440.0
exp_kp_001,ABC_KP[base]_n100_inst0_run2,base,1600,32246,64492.0,0.5438556250010151,,-4460.0,-4394.0
exp_kp_001,ABC_KP[base]_n100_inst0_run2,base,1610,32446,64892.0,0.5469842500024242,,-4460.0,-4410.0
exp_kp_001,ABC_KP[base]_n100_inst0_run2,base,1620,32647,65294.0,0.550073667007382,,-4460.0,-4443.0
exp_kp_001,ABC_KP[base]_n100_inst0_run2,base,1630,32848,65696.0,0.5532037500088336,,-4460.0,-4433.0
exp_kp_001,ABC_KP[base]_n100_inst0_run2,base,1640,33050,66100.0,0.5564080000040121,,-4460.0,-4444.0
exp_kp_001,ABC_KP[base]_n100_inst0_run2,base,1650,33252,66504.0,0.5595946249959525,,-4460.0,-4445.0
exp_kp_001,ABC_KP[base]_n100_inst0_run2,base,1660,33455,66910.0,0.5628104589995928,,-4460.0,-4439.0
exp_kp_001,ABC_KP[base]_n100_inst0_run2,base,1670,33657,67314.0,0.5659523750073276,,-4460.0,-4385.0
exp_kp_001,ABC_KP[base]_n100_inst0_run2,base,1680,33857,67714.0,0.5691014589974657,,-4460.0,-4422.0
exp_kp_001,ABC_KP[base]_n100_inst0_run2,base,1690,34059,68118.0,0.5722370419971412,,-4460.0,-4349.0
exp_kp_001,ABC_KP[base]_n100_inst0_run2,base,1700,34260,68520.0,0.5753417500091018,,-4460.0,-4393.0
exp_kp_001,ABC_KP[base]_n100_inst0_run2,base,1710,34461,68922.0,0.5783835839974927,,-4460.0,-4430.0
exp_kp_001,ABC_KP[base]_n100_inst0_run2,base,1720,34663,69326.0,0.5815674170007696,,-4460.0,-4436.0
exp_kp_001,ABC_KP[base]_n100_inst0_run2,base,1730,34863,69726.0,0.5847873750026338,,-4460.0,-4448.0
exp_kp_001,ABC_KP[base]_n100_inst0_run2,base,1740,35066,70132.0,0.5879659170022933,,-4460.0,-4443.0
exp_kp_001,ABC_KP[base]_n100_inst0_run2,base,1750,35268,70536.0,0.5910089170065476,,-4460.0,-4446.0
exp_kp_001,ABC_KP[base]_n100_inst0_run2,base,1760,35469,70938.0,0.5941119170020102,,-4460.0,-4443.0
exp_kp_001,ABC_KP[base]_n100_inst0_run2,base,1770,35672,71344.0,0.597165250001126,,-4460.0,-4455.0
exp_kp_001,ABC_KP[base]_n100_inst0_run2,base,1780,35873,71746.0,0.6001777089986717,,-4460.0,-4351.0
exp_kp_001,ABC_KP[base]_n100_inst0_run2,base,1790,36075,72150.0,0.6033516669995151,,-4460.0,-4411.0
exp_kp_001,ABC_KP[base]_n100_inst0_run2,base,1800,36276,72552.0,0.6063966670044465,,-4460.0,-4425.0
exp_kp_001,ABC_KP[base]_n100_inst0_run2,base,1810,36477,72954.0,0.6094923750060843,,-4460.0,-4448.0
exp_kp_001,ABC_KP[base]_n100_inst0_run2,base,1820,36678,73356.0,0.6127881249994971,,-4460.0,-4438.0
exp_kp_001,ABC_KP[base]_n100_inst0_run2,base,1830,36880,73760.0,0.6159959170036018,,-4460.0,-4439.0
exp_kp_001,ABC_KP[base]_n100_inst0_run2,base,1840,37080,74160.0,0.6195291250041919,,-4460.0,-4446.0
exp_kp_001,ABC_KP[base]_n100_inst0_run2,base,1850,37283,74566.0,0.6228218339965679,,-4460.0,-4454.0
exp_kp_001,ABC_KP[base]_n100_inst0_run2,base,1860,37484,74968.0,0.626083541996195,,-4460.0,-4441.0
exp_kp_001,ABC_KP[base]_n100_inst0_run2,base,1870,37685,75370.0,0.6293331250053598,,-4460.0,-4457.0
exp_kp_001,ABC_KP[base]_n100_inst0_run2,base,1880,37888,75776.0,0.6326049589988543,,-4460.0,-4444.0
exp_kp_001,ABC_KP[base]_n100_inst0_run2,base,1890,38089,76178.0,0.6415794170025038,,-4460.0,-4430.0
exp_kp_001,ABC_KP[base]_n100_inst0_run2,base,1900,38291,76582.0,0.6472252920066239,,-4460.0,-4380.0
exp_kp_001,ABC_KP[base]_n100_inst0_run2,base,1910,38491,76982.0,0.6505743750021793,,-4460.0,-4431.0
exp_kp_001,ABC_KP[base]_n100_inst0_run2,base,1920,38693,77386.0,0.6555784590018447,,-4460.0,-4441.0
exp_kp_001,ABC_KP[base]_n100_inst0_run2,base,1930,38896,77792.0,0.6596197920007398,,-4460.0,-4443.0
exp_kp_001,ABC_KP[base]_n100_inst0_run2,base,1940,39097,78194.0,0.6652462920028483,,-4460.0,-4249.0
exp_kp_001,ABC_KP[base]_n100_inst0_run2,base,1950,39297,78594.0,0.6700134170096135,,-4460.0,-4433.0
exp_kp_001,ABC_KP[base]_n100_inst0_run2,base,1960,39498,78996.0,0.6742670000094222,,-4460.0,-4441.0
exp_kp_001,ABC_KP[base]_n100_inst0_run2,base,1970,39702,79404.0,0.6788383749953937,,-4460.0,-4341.0
exp_kp_001,ABC_KP[base]_n100_inst0_run2,base,1980,39902,79804.0,0.6821976250066655,,-4460.0,-4439.0
exp_kp_001,ABC_KP[base]_n100_inst0_run2,base,1990,40103,80206.0,0.6871247500093887,,-4460.0,-4452.0
exp_kp_001,ABC_KP[base]_n100_inst0_run2,base,2000,40306,80612.0,0.6906770420027897,,-4460.0,-4456.0
exp_kp_001,ABC_KP[base]_n100_inst0_run2,base,2010,40508,81016.0,0.6951925839966862,,-4460.0,-4410.0
exp_kp_001,ABC_KP[base]_n100_inst0_run2,base,2020,40710,81420.0,0.6986817500001052,,-4460.0,-4442.0
exp_kp_001,ABC_KP[base]_n100_inst0_run2,base,2030,40911,81822.0,0.7033352500002366,,-4460.0,-4422.0
exp_kp_001,ABC_KP[base]_n100_inst0_run2,base,2040,41112,82224.0,0.7069793340051547,,-4460.0,-4375.0
exp_kp_001,ABC_KP[base]_n100_inst0_run2,base,2050,41312,82624.0,0.7102122090000194,,-4460.0,-4417.0
exp_kp_001,ABC_KP[base]_n100_inst0_run2,base,2060,41514,83028.0,0.7136306250031339,,-4460.0,-4415.0
exp_kp_001,ABC_KP[base]_n100_inst0_run2,base,2070,41718,83436.0,0.7168159169959836,,-4460.0,-4436.0
exp_kp_001,ABC_KP[base]_n100_inst0_run2,base,2080,41919,83838.0,0.7202015840011882,,-4460.0,-4447.0
exp_kp_001,ABC_KP[base]_n100_inst0_run2,base,2090,42120,84240.0,0.7234388340002624,,-4460.0,-4426.0
exp_kp_001,ABC_KP[base]_n100_inst0_run2,base,2100,42321,84642.0,0.7266152500087628,,-4460.0,-4442.0
exp_kp_001,ABC_KP[base]_n100_inst0_run2,base,2110,42523,85046.0,0.7299582920095418,,-4460.0,-4425.0
exp_kp_001,ABC_KP[base]_n100_inst0_run2,base,2120,42725,85450.0,0.7331298339995556,,-4460.0,-4449.0
exp_kp_001,ABC_KP[base]_n100_inst0_run2,base,2130,42926,85852.0,0.7363272090005921,,-4460.0,-4443.0
exp_kp_001,ABC_KP[base]_n100_inst0_run2,base,2140,43129,86258.0,0.7394266670016805,,-4460.0,-4374.0
exp_kp_001,ABC_KP[base]_n100_inst0_run2,base,2150,43329,86658.0,0.7423786669969559,,-4460.0,-4435.0
exp_kp_001,ABC_KP[base]_n100_inst0_run2,base,2160,43531,87062.0,0.7455518339993432,,-4460.0,-4437.0
exp_kp_001,ABC_KP[base]_n100_inst0_run2,base,2170,43732,87464.0,0.7486007090046769,,-4460.0,-4446.0
exp_kp_001,ABC_KP[base]_n100_inst0_run2,base,2180,43933,87866.0,0.7519261670095148,,-4460.0,-4430.0
exp_kp_001,ABC_KP[base]_n100_inst0_run2,base,2190,44137,88274.0,0.7551808749994962,,-4460.0,-4435.0
exp_kp_001,ABC_KP[base]_n100_inst0_run2,base,2200,44339,88678.0,0.7583213339967187,,-4460.0,-4247.0
exp_kp_001,ABC_KP[base]_n100_inst0_run2,base,2210,44540,89080.0,0.76129475000198,,-4460.0,-4289.0
exp_kp_001,ABC_KP[base]_n100_inst0_run2,base,2220,44740,89480.0,0.7643462920095772,,-4460.0,-4326.0
exp_kp_001,ABC_KP[base]_n100_inst0_run2,base,2230,44941,89882.0,0.7673455420008395,,-4460.0,-4402.0
exp_kp_001,ABC_KP[base]_n100_inst0_run2,base,2240,45141,90282.0,0.7705513340042671,,-4460.0,-4456.0
exp_kp_001,ABC_KP[base]_n100_inst0_run2,base,2250,45344,90688.0,0.7737009170086822,,-4460.0,-4460.0
exp_kp_001,ABC_KP[base]_n100_inst0_run2,base,2260,45545,91090.0,0.776865749998251,,-4460.0,-4451.0
exp_kp_001,ABC_KP[base]_n100_inst0_run2,base,2270,45750,91500.0,0.7799535420053871,,-4460.0,-4369.0
exp_kp_001,ABC_KP[base]_n100_inst0_run2,base,2280,45950,91900.0,0.7829345420032041,,-4460.0,-4374.0
exp_kp_001,ABC_KP[base]_n100_inst0_run2,base,2290,46152,92304.0,0.78621762500552,,-4460.0,-4265.0
exp_kp_001,ABC_KP[base]_n100_inst0_run2,base,2300,46352,92704.0,0.7892359590041451,,-4460.0,-4446.0
exp_kp_001,ABC_KP[base]_n100_inst0_run2,base,2310,46552,93104.0,0.7922850000031758,,-4460.0,-4446.0
exp_kp_001,ABC_KP[base]_n100_inst0_run2,base,2320,46755,93510.0,0.7953398340032436,,-4460.0,-4437.0
exp_kp_001,ABC_KP[base]_n100_inst0_run2,base,2330,46958,93916.0,0.7984666249976726,,-4460.0,-4393.0
exp_kp_001,ABC_KP[base]_n100_inst0_run2,base,2340,47159,94318.0,0.8015375420072814,,-4460.0,-4413.0
exp_kp_001,ABC_KP[base]_n100_inst0_run2,base,2350,47360,94720.0,0.8047180419962388,,-4460.0,-4413.0
exp_kp_001,ABC_KP[base]_n100_inst0_run2,base,2360,47561,95122.0,0.8078680000035092,,-4460.0,-4455.0
exp_kp_001,ABC_KP[base]_n100_inst0_run2,base,2370,47763,95526.0,0.8111836250027409,,-4460.0,-4416.0
exp_kp_001,ABC_KP[base]_n100_inst0_run2,base,2380,47963,95926.0,0.8143397920066491,,-4460.0,-4421.0
exp_kp_001,ABC_KP[base]_n100_inst0_run2,base,2390,48163,96326.0,0.8175702919979813,,-4460.0,-4444.0
exp_kp_001,ABC_KP[base]_n100_inst0_run2,base,2400,48364,96728.0,0.820783292001579,,-4460.0,-4460.0
exp_kp_001,ABC_KP[base]_n100_inst0_run2,base,2410,48565,97130.0,0.8239337090053596,,-4460.0,-4442.0
exp_kp_001,ABC_KP[base]_n100_inst0_run2,base,2420,48770,97540.0,0.8270948340068571,,-4460.0,-4444.0
exp_kp_001,ABC_KP[base]_n100_inst0_run2,base,2430,48972,97944.0,0.8301762500050245,,-4460.0,-4398.0
exp_kp_001,ABC_KP[base]_n100_inst0_run2,base,2440,49173,98346.0,0.8331621249963064,,-4460.0,-4231.0
exp_kp_001,ABC_KP[base]_n100_inst0_run2,base,2450,49374,98748.0,0.8362986249994719,,-4460.0,-4362.0
exp_kp_001,ABC_KP[base]_n100_inst0_run2,base,2460,49574,99148.0,0.8395020419993671,,-4460.0,-4439.0
exp_kp_001,ABC_KP[base]_n100_inst0_run2,base,2470,49777,99554.0,0.8427870419982355,,-4460.0,-4441.0
exp_kp_001,ABC_KP[base]_n100_inst0_run2,base,2480,49981,99962.0,0.8461282089992892,,-4460.0,-4296.0
exp_kp_001,ABC_KP[base]_n100_inst0_run2,base,2490,50182,100364.0,0.8491835000022547,,-4460.0,-4170.0
exp_kp_001,ABC_KP[base]_n100_inst0_run2,base,2499,50362,100724.0,0.8519775419990765,,-4460.0,-4312.0
exp_kp_001,ABC_KP[base]_n100_inst1_run0,base,0,10,20.0,7.95899541117251e-06,,-3207.0,-3207.0
exp_kp_001,ABC_KP[base]_n100_inst1_run0,base,10,210,420.0,0.002990958993905224,,-3704.0,-3704.0
exp_kp_001,ABC_KP[base]_n100_inst1_run0,base,20,410,820.0,0.0059437089948914945,,-4025.0,-4025.0
exp_kp_001,ABC_KP[base]_n100_inst1_run0,base,30,610,1220.0,0.00922599999466911,,-4213.0,-4213.0
exp_kp_001,ABC_KP[base]_n100_inst1_run0,base,40,811,1622.0,0.012486499996157363,,-4234.0,-4234.0
exp_kp_001,ABC_KP[base]_n100_inst1_run0,base,50,1011,2022.0,0.015823958994587883,,-4272.0,-4272.0
exp_kp_001,ABC_KP[base]_n100_inst1_run0,base,60,1213,2426.0,0.019612459000200033,,-4272.0,-4258.0
exp_kp_001,ABC_KP[base]_n100_inst1_run0,base,70,1419,2838.0,0.023354834003839642,,-4272.0,-4177.0
exp_kp_001,ABC_KP[base]_n100_inst1_run0,base,80,1620,3240.0,0.027482499994221143,,-4272.0,-3969.0
exp_kp_001,ABC_KP[base]_n100_inst1_run0,base,90,1820,3640.0,0.03091895900433883,,-4272.0,-4092.0
exp_kp_001,ABC_KP[base]_n100_inst1_run0,base,100,2020,4040.0,0.0401731669990113,,-4272.0,-4260.0
exp_kp_001,ABC_KP[base]_n100_inst1_run0,base,110,2221,4442.0,0.044648791998042725,,-4273.0,-4273.0
exp_kp_001,ABC_KP[base]_n100_inst1_run0,base,120,2423,4846.0,0.048258584007271565,,-4273.0,-4267.0
exp_kp_001,ABC_KP[base]_n100_inst1_run0,base,130,2627,5254.0,0.052751791998161934,,-4273.0,-4272.0
exp_kp_001,ABC_KP[base]_n100_inst1_run0,base,140,2830,5660.0,0.05792995900264941,,-4273.0,-3714.0
exp_kp_001,ABC_KP[base]_n100_inst1_run0,base,150,3030,6060.0,0.061886541996500455,,-4273.0,-3984.0
exp_kp_001,ABC_KP[base]_n100_inst1_run0,base,160,3230,6460.0,0.06935795900062658,,-4273.0,-4150.0
exp_kp_001,ABC_KP[base]_n100_inst1_run0,base,170,3431,6862.0,0.07345162499404978,,-4273.0,-4248.0
exp_kp_001,ABC_KP[base]_n100_inst1_run0,base,180,3631,7262.0,0.07792408400564454,,-4277.0,-4277.0
exp_kp_001,ABC_KP[base]_n100_inst1_run0,base,190,3833,7666.0,0.08238466699549463,,-4277.0,-4277.0
exp_kp_001,ABC_KP[base]_n100_inst1_run0,base,200,4036,8072.0,0.08620925000286661,,-4277.0,-4268.0
exp_kp_001,ABC_KP[base]_n100_inst1_run0,base,210,4238,8476.0,0.08965366700431332,,-4277.0,-4261.0
exp_kp_001,ABC_KP[base]_n100_inst1_run0,base,220,4440,8880.0,0.09381058400322217,,-4277.0,-4035.0
exp_kp_001,ABC_KP[base]_n100_inst1_run0,base,230,4640,9280.0,0.09706333400390577,,-4277.0,-4250.0
exp_kp_001,ABC_KP[base]_n100_inst1_run0,base,240,4840,9680.0,0.10118241699819919,,-4277.0,-4261.0
exp_kp_001,ABC_KP[base]_n100_inst1_run0,base,250,5042,10084.0,0.10492704200441949,,-4277.0,-4262.0
exp_kp_001,ABC_KP[base]_n100_inst1_run0,base,260,5246,10492.0,0.10857208400557283,,-4277.0,-4251.0
exp_kp_001,ABC_KP[base]_n100_inst1_run0,base,270,5447,10894.0,0.11164099999587052,,-4277.0,-4235.0
exp_kp_001,ABC_KP[base]_n100_inst1_run0,base,280,5647,11294.0,0.11470674999873154,,-4277.0,-4267.0
exp_kp_001,ABC_KP[base]_n100_inst1_run0,base,290,5849,11698.0,0.11803829199925531,,-4277.0,-4195.0
exp_kp_001,ABC_KP[base]_n100_inst1_run0,base,300,6049,12098.0,0.12105995899764821,,-4277.0,-4216.0
exp_kp_001,ABC_KP[base]_n100_inst1_run0,base,310,6249,12498.0,0.12434508399746846,,-4277.0,-4269.0
exp_kp_001,ABC_KP[base]_n100_inst1_run0,base,320,6452,12904.0,0.12761283399595413,,-4277.0,-4272.0
exp_kp_001,ABC_KP[base]_n100_inst1_run0,base,330,6655,13310.0,0.13077354199776892,,-4277.0,-4249.0
exp_kp_001,ABC_KP[base]_n100_inst1_run0,base,340,6857,13714.0,0.13399437500629574,,-4277.0,-4160.0
exp_kp_001,ABC_KP[base]_n100_inst1_run0,base,350,7057,14114.0,0.1371262500033481,,-4277.0,-4224.0
exp_kp_001,ABC_KP[base]_n100_inst1_run0,base,360,7259,14518.0,0.14017091700225137,,-4277.0,-4199.0
exp_kp_001,ABC_KP[base]_n100_inst1_run0,base,370,7460,14920.0,0.14318637500400655,,-4277.0,-4192.0
exp_kp_001,ABC_KP[base]_n100_inst1_run0,base,380,7661,15322.0,0.14620791700144764,,-4277.0,-4257.0
exp_kp_001,ABC_KP[base]_n100_inst1_run0,base,390,7863,15726.0,0.1493918339983793,,-4277.0,-4243.0
exp_kp_001,ABC_KP[base]_n100_inst1_run0,base,400,8063,16126.0,0.15236345899756998,,-4277.0,-4264.0
exp_kp_001,ABC_KP[base]_n100_inst1_run0,base,410,8267,16534.0,0.15534291700168978,,-4277.0,-4257.0
exp_kp_001,ABC_KP[base]_n100_inst1_run0,base,420,8468,16936.0,0.15859287499915808,,-4277.0,-4238.0
exp_kp_001,ABC_KP[base]_n100_inst1_run0,base,430,8669,17338.0,0.16169804200762883,,-4277.0,-4261.0
exp_kp_001,ABC_KP[base]_n100_inst1_run0,base,440,8870,17740.0,0.1646536250045756,,-4277.0,-4277.0
exp_kp_001,ABC_KP[base]_n100_inst1_run0,base,450,9071,18142.0,0.16775883399532177,,-4277.0,-4223.0
exp_kp_001,ABC_KP[base]_n100_inst1_run0,base,460,9272,18544.0,0.17090412499965169,,-4277.0,-4255.0
exp_kp_001,ABC_KP[base]_n100_inst1_run0,base,470,9474,18948.0,0.17391312500694767,,-4277.0,-4277.0
exp_kp_001,ABC_KP[base]_n100_inst1_run0,base,480,9675,19350.0,0.17691154200292658,,-4277.0,-4277.0
exp_kp_001,ABC_KP[base]_n100_inst1_run0,base,490,9877,19754.0,0.17997116700280458,,-4277.0,-4266.0
exp_kp_001,ABC_KP[base]_n100_inst1_run0,base,500,10080,20160.0,0.18335787499381695,,-4277.0,-4107.0
exp_kp_001,ABC_KP[base]_n100_inst1_run0,base,510,10280,20560.0,0.1865334169997368,,-4277.0,-4203.0
exp_kp_001,ABC_KP[base]_n100_inst1_run0,base,520,10480,20960.0,0.18960783400689252,,-4277.0,-4234.0
exp_kp_001,ABC_KP[base]_n100_inst1_run0,base,530,10680,21360.0,0.19284245900053065,,-4277.0,-4269.0
exp_kp_001,ABC_KP[base]_n100_inst1_run0,base,540,10882,21764.0,0.19597695900301915,,-4277.0,-4272.0
exp_kp_001,ABC_KP[base]_n100_inst1_run0,base,550,11084,22168.0,0.1994482089939993,,-4277.0,-4277.0
exp_kp_001,ABC_KP[base]_n100_inst1_run0,base,560,11287,22574.0,0.20271541700640228,,-4277.0,-4277.0
exp_kp_001,ABC_KP[base]_n100_inst1_run0,base,570,11490,22980.0,0.20581579199642874,,-4277.0,-3968.0
exp_kp_001,ABC_KP[base]_n100_inst1_run0,base,580,11690,23380.0,0.20885429199552163,,-4277.0,-4028.0
exp_kp_001,ABC_KP[base]_n100_inst1_run0,base,590,11890,23780.0,0.21191679200273938,,-4277.0,-4132.0
exp_kp_001,ABC_KP[base]_n100_inst1_run0,base,600,12091,24182.0,0.21507941700110678,,-4277.0,-4209.0
exp_kp_001,ABC_KP[base]_n100_inst1_run0,base,610,12291,24582.0,0.21832766699662898,,-4277.0,-4256.0
exp_kp_001,ABC_KP[base]_n100_inst1_run0,base,620,12491,24982.0,0.22147062499425374,,-4277.0,-4273.0
exp_kp_001,ABC_KP[base]_n100_inst1_run0,base,630,12694,25388.0,0.22471812499861699,,-4277.0,-4272.0
exp_kp_001,ABC_KP[base]_n100_inst1_run0,base,640,12899,25798.0,0.22776795900426805,,-4277.0,-4235.0
exp_kp_001,ABC_KP[base]_n100_inst1_run0,base,650,13100,26200.0,0.23084704199573025,,-4277.0,-4111.0
exp_kp_001,ABC_KP[base]_n100_inst1_run0,base,660,13301,26602.0,0.23396908400172833,,-4277.0,-4096.0
exp_kp_001,ABC_KP[base]_n100_inst1_run0,base,670,13501,27002.0,0.2370203339960426,,-4277.0,-4209.0
exp_kp_001,ABC_KP[base]_n100_inst1_run0,base,680,13701,27402.0,0.24002420899341814,,-4277.0,-4251.0
exp_kp_001,ABC_KP[base]_n100_inst1_run0,base,690,13902,27804.0,0.24312708400248084,,-4277.0,-4273.0
exp_kp_001,ABC_KP[base]_n100_inst1_run0,base,700,14104,28208.0,0.24636654200730845,,-4277.0,-4273.0
exp_kp_001,ABC_KP[base]_n100_inst1_run0,base,710,14307,28614.0,0.24969295899791177,,-4277.0,-4271.0
exp_kp_001,ABC_KP[base]_n100_inst1_run0,base,720,14510,29020.0,0.2528534589946503,,-4277.0,-4218.0
exp_kp_001,ABC_KP[base]_n100_inst1_run0,base,730,14711,29422.0,0.25592445899383165,,-4277.0,-4165.0
exp_kp_001,ABC_KP[base]_n100_inst1_run0,base,740,14912,29824.0,0.2592545420047827,,-4277.0,-4178.0
exp_kp_001,ABC_KP[base]_n100_inst1_run0,base,750,15112,30224.0,0.2626084590010578,,-4277.0,-4237.0
exp_kp_001,ABC_KP[base]_n100_inst1_run0,base,760,15313,30626.0,0.2659492090024287,,-4277.0,-4245.0
exp_kp_001,ABC_KP[base]_n100_inst1_run0,base,770,15516,31032.0,0.26920479199907277,,-4277.0,-4248.0
exp_kp_001,ABC_KP[base]_n100_inst1_run0,base,780,15719,31438.0,0.2722551670012763,,-4277.0,-4241.0
exp_kp_001,ABC_KP[base]_n100_inst1_run0,base,790,15920,31840.0,0.27535454199824017,,-4277.0,-4250.0
exp_kp_001,ABC_KP[base]_n100_inst1_run0,base,800,16121,32242.0,0.27857012499589473,,-4277.0,-4243.0
exp_kp_001,ABC_KP[base]_n100_inst1_run0,base,810,16322,32644.0,0.28175216700765304,,-4277.0,-4166.0
exp_kp_001,ABC_KP[base]_n100_inst1_run0,base,820,16522,33044.0,0.28488308399391826,,-4277.0,-4238.0
exp_kp_001,ABC_KP[base]_n100_inst1_run0,base,830,16722,33444.0,0.28885470899695065,,-4277.0,-4271.0
exp_kp_001,ABC_KP[base]_n100_inst1_run0,base,840,16924,33848.0,0.29633516700414475,,-4277.0,-4277.0
exp_kp_001,ABC_KP[base]_n100_inst1_run0,base,850,17126,34252.0,0.3002310000010766,,-4277.0,-4270.0
exp_kp_001,ABC_KP[base]_n100_inst1_run0,base,860,17331,34662.0,0.3039957919972949,,-4277.0,-4234.0
exp_kp_001,ABC_KP[base]_n100_inst1_run0,base,870,17531,35062.0,0.30766712500189897,,-4277.0,-4239.0
exp_kp_001,ABC_KP[base]_n100_inst1_run0,base,880,17731,35462.0,0.31114925000292715,,-4277.0,-4239.0
exp_kp_001,ABC_KP[base]_n100_inst1_run0,base,890,17934,35868.0,0.315768875007052,,-4277.0,-4256.0
exp_kp_001,ABC_KP[base]_n100_inst1_run0,base,900,18136,36272.0,0.3204302920057671,,-4277.0,-4270.0
exp_kp_001,ABC_KP[base]_n100_inst1_run0,base,910,18338,36676.0,0.32390241700340994,,-4277.0,-4269.0
exp_kp_001,ABC_KP[base]_n100_inst1_run0,base,920,18541,37082.0,0.3273121249949327,,-4277.0,-3861.0
exp_kp_001,ABC_KP[base]_n100_inst1_run0,base,930,18741,37482.0,0.3305510840000352,,-4277.0,-4060.0
exp_kp_001,ABC_KP[base]_n100_inst1_run0,base,940,18941,37882.0,0.3340874999994412,,-4277.0,-4241.0
exp_kp_001,ABC_KP[base]_n100_inst1_run0,base,950,19141,38282.0,0.3374468340043677,,-4277.0,-4263.0
exp_kp_001,ABC_KP[base]_n100_inst1_run0,base,960,19341,38682.0,0.3407666249986505,,-4277.0,-4273.0
exp_kp_001,ABC_KP[base]_n100_inst1_run0,base,970,19543,39086.0,0.3441387089987984,,-4277.0,-4273.0
exp_kp_001,ABC_KP[base]_n100_inst1_run0,base,980,19748,39496.0,0.34734525000385474,,-4277.0,-4277.0
exp_kp_001,ABC_KP[base]_n100_inst1_run0,base,990,19949,39898.0,0.35094608399958815,,-4277.0,-4253.0
exp_kp_001,ABC_KP[base]_n100_inst1_run0,base,1000,20152,40304.0,0.3546970000024885,,-4277.0,-4117.0
exp_kp_001,ABC_KP[base]_n100_inst1_run0,base,1010,20352,40704.0,0.3580613340018317,,-4277.0,-4211.0
exp_kp_001,ABC_KP[base]_n100_inst1_run0,base,1020,20552,41104.0,0.36116612500336487,,-4277.0,-4246.0
exp_kp_001,ABC_KP[base]_n100_inst1_run0,base,1030,20753,41506.0,0.36422404200129677,,-4277.0,-4248.0
exp_kp_001,ABC_KP[base]_n100_inst1_run0,base,1040,20954,41908.0,0.3674956250033574,,-4277.0,-4239.0
exp_kp_001,ABC_KP[base]_n100_inst1_run0,base,1050,21155,42310.0,0.370597250002902,,-4277.0,-4272.0
exp_kp_001,ABC_KP[base]_n100_inst1_run0,base,1060,21357,42714.0,0.3736789999966277,,-4277.0,-4277.0
exp_kp_001,ABC_KP[base]_n100_inst1_run0,base,1070,21562,43124.0,0.3768715420010267,,-4277.0,-4062.0
exp_kp_001,ABC_KP[base]_n100_inst1_run0,base,1080,21762,43524.0,0.37993608400574885,,-4277.0,-4219.0
exp_kp_001,ABC_KP[base]_n100_inst1_run0,base,1090,21962,43924.0,0.38308845899882726,,-4277.0,-4237.0
exp_kp_001,ABC_KP[base]_n100_inst1_run0,base,1100,22163,44326.0,0.38637512500281446,,-4277.0,-4257.0
exp_kp_001,ABC_KP[base]_n100_inst1_run0,base,1110,22365,44730.0,0.38957058399682865,,-4277.0,-4271.0
exp_kp_001,ABC_KP[base]_n100_inst1_run0,base,1120,22568,45136.0,0.3927902499999618,,-4277.0,-4258.0
exp_kp_001,ABC_KP[base]_n100_inst1_run0,base,1130,22771,45542.0,0.3958922919991892,,-4277.0,-4166.0
exp_kp_001,ABC_KP[base]_n100_inst1_run0,base,1140,22972,45944.0,0.3990893750014948,,-4277.0,-4117.0
exp_kp_001,ABC_KP[base]_n100_inst1_run0,base,1150,23172,46344.0,0.40210433400352485,,-4277.0,-4220.0
exp_kp_001,ABC_KP[base]_n100_inst1_run0,base,1160,23372,46744.0,0.40509929199470207,,-4277.0,-4273.0
exp_kp_001,ABC_KP[base]_n100_inst1_run0,base,1170,23574,47148.0,0.40831579199584667,,-4277.0,-4277.0
exp_kp_001,ABC_KP[base]_n100_inst1_run0,base,1180,23776,47552.0,0.41147183399880305,,-4277.0,-4271.0
exp_kp_001,ABC_KP[base]_n100_inst1_run0,base,1190,23979,47958.0,0.4145554590068059,,-4277.0,-4269.0
exp_kp_001,ABC_KP[base]_n100_inst1_run0,base,1200,24181,48362.0,0.4175954590027686,,-4277.0,-4231.0
exp_kp_001,ABC_KP[base]_n100_inst1_run0,base,1210,24383,48766.0,0.42058704199735075,,-4277.0,-4099.0
exp_kp_001,ABC_KP[base]_n100_inst1_run0,base,1220,24584,49168.0,0.423576041997876,,-4277.0,-4185.0
exp_kp_001,ABC_KP[base]_n100_inst1_run0,base,1230,24784,49568.0,0.42665437499817926,,-4277.0,-4256.0
exp_kp_001,ABC_KP[base]_n100_inst1_run0,base,1240,24987,49974.0,0.42964812500576954,,-4277.0,-4235.0
exp_kp_001,ABC_KP[base]_n100_inst1_run0,base,1250,25187,50374.0,0.4327411249978468,,-4277.0,-4272.0
exp_kp_001,ABC_KP[base]_n100_inst1_run0,base,1260,25389,50778.0,0.4358398339973064,,-4277.0,-4251.0
exp_kp_001,ABC_KP[base]_n100_inst1_run0,base,1270,25590,51180.0,0.43890908399771433,,-4277.0,-4253.0
exp_kp_001,ABC_KP[base]_n100_inst1_run0,base,1280,25790,51580.0,0.4420222500048112,,-4277.0,-4269.0
exp_kp_001,ABC_KP[base]_n100_inst1_run0,base,1290,25993,51986.0,0.4451176669972483,,-4277.0,-4269.0
exp_kp_001,ABC_KP[base]_n100_inst1_run0,base,1300,26197,52394.0,0.44808991700119805,,-4277.0,-4265.0
exp_kp_001,ABC_KP[base]_n100_inst1_run0,base,1310,26399,52798.0,0.4511864170053741,,-4277.0,-3846.0
exp_kp_001,ABC_KP[base]_n100_inst1_run0,base,1320,26599,53198.0,0.454209458999685,,-4277.0,-3948.0
exp_kp_001,ABC_KP[base]_n100_inst1_run0,base,1330,26799,53598.0,0.4571802499995101,,-4277.0,-4124.0
exp_kp_001,ABC_KP[base]_n100_inst1_run0,base,1340,26999,53998.0,0.4603265000041574,,-4277.0,-4235.0
exp_kp_001,ABC_KP[base]_n100_inst1_run0,base,1350,27200,54400.0,0.463472167000873,,-4277.0,-4271.0
exp_kp_001,ABC_KP[base]_n100_inst1_run0,base,1360,27402,54804.0,0.46672612499969546,,-4277.0,-4266.0
exp_kp_001,ABC_KP[base]_n100_inst1_run0,base,1370,27606,55212.0,0.46983975000330247,,-4277.0,-4273.0
exp_kp_001,ABC_KP[base]_n100_inst1_run0,base,1380,27808,55616.0,0.4727908750064671,,-4277.0,-4209.0
exp_kp_001,ABC_KP[base]_n100_inst1_run0,base,1390,28009,56018.0,0.47586941700137686,,-4277.0,-3969.0
exp_kp_001,ABC_KP[base]_n100_inst1_run0,base,1400,28209,56418.0,0.4787670000077924,,-4277.0,-4129.0
exp_kp_001,ABC_KP[base]_n100_inst1_run0,base,1410,28409,56818.0,0.4818941249977797,,-4277.0,-4234.0
exp_kp_001,ABC_KP[base]_n100_inst1_run0,base,1420,28609,57218.0,0.48495679200277664,,-4277.0,-4275.0
exp_kp_001,ABC_KP[base]_n100_inst1_run0,base,1430,28814,57628.0,0.4882307090010727,,-4277.0,-4265.0
exp_kp_001,ABC_KP[base]_n100_inst1_run0,base,1440,29016,58032.0,0.49132204199850094,,-4277.0,-4269.0
exp_kp_001,ABC_KP[base]_n100_inst1_run0,base,1450,29217,58434.0,0.49432495899964124,,-4277.0,-4271.0
exp_kp_001,ABC_KP[base]_n100_inst1_run0,base,1460,29419,58838.0,0.4974374169978546,,-4277.0,-4051.0
exp_kp_001,ABC_KP[base]_n100_inst1_run0,base,1470,29619,59238.0,0.5003974999999627,,-4277.0,-4207.0
exp_kp_001,ABC_KP[base]_n100_inst1_run0,base,1480,29819,59638.0,0.503418916996452,,-4277.0,-4271.0
exp_kp_001,ABC_KP[base]_n100_inst1_run0,base,1490,30020,60040.0,0.5064617500029271,,-4277.0,-4272.0
exp_kp_001,ABC_KP[base]_n100_inst1_run0,base,1500,30222,60444.0,0.5096266250038752,,-4277.0,-4277.0
exp_kp_001,ABC_KP[base]_n100_inst1_run0,base,1510,30426,60852.0,0.5127499590016669,,-4277.0,-4277.0
exp_kp_001,ABC_KP[base]_n100_inst1_run0,base,1520,30629,61258.0,0.5159180000046035,,-4277.0,-4014.0
exp_kp_001,ABC_KP[base]_n100_inst1_run0,base,1530,30829,61658.0,0.5189783340028953,,-4277.0,-4128.0
exp_kp_001,ABC_KP[base]_n100_inst1_run0,base,1540,31029,62058.0,0.5219744170026388,,-4277.0,-4183.0
exp_kp_001,ABC_KP[base]_n100_inst1_run0,base,1550,31229,62458.0,0.5249967090057908,,-4277.0,-4251.0
exp_kp_001,ABC_KP[base]_n100_inst1_run0,base,1560,31429,62858.0,0.5279957919992739,,-4277.0,-4251.0
exp_kp_001,ABC_KP[base]_n100_inst1_run0,base,1570,31630,63260.0,0.5310823750041891,,-4277.0,-4277.0
exp_kp_001,ABC_KP[base]_n100_inst1_run0,base,1580,31833,63666.0,0.5344687920005526,,-4277.0,-4277.0
exp_kp_001,ABC_KP[base]_n100_inst1_run0,base,1590,32038,64076.0,0.5377218750072643,,-4277.0,-4178.0
exp_kp_001,ABC_KP[base]_n100_inst1_run0,base,1600,32238,64476.0,0.543687792000128,,-4277.0,-4199.0
exp_kp_001,ABC_KP[base]_n100_inst1_run0,base,1610,32438,64876.0,0.5476833340071607,,-4277.0,-4234.0
exp_kp_001,ABC_KP[base]_n100_inst1_run0,base,1620,32639,65278.0,0.5513290420058183,,-4277.0,-4248.0
exp_kp_001,ABC_KP[base]_n100_inst1_run0,base,1630,32841,65682.0,0.5547779170010472,,-4277.0,-4277.0
exp_kp_001,ABC_KP[base]_n100_inst1_run0,base,1640,33046,66092.0,0.5586913339939201,,-4277.0,-4262.0
exp_kp_001,ABC_KP[base]_n100_inst1_run0,base,1650,33247,66494.0,0.5621823749970645,,-4277.0,-4156.0
exp_kp_001,ABC_KP[base]_n100_inst1_run0,base,1660,33448,66896.0,0.5659062920021825,,-4277.0,-4147.0
exp_kp_001,ABC_KP[base]_n100_inst1_run0,base,1670,33648,67296.0,0.5706902499950957,,-4277.0,-4199.0
exp_kp_001,ABC_KP[base]_n100_inst1_run0,base,1680,33848,67696.0,0.5744946250051726,,-4277.0,-4252.0
exp_kp_001,ABC_KP[base]_n100_inst1_run0,base,1690,34048,68096.0,0.578927708993433,,-4277.0,-4264.0
exp_kp_001,ABC_KP[base]_n100_inst1_run0,base,1700,34250,68500.0,0.5835392500011949,,-4277.0,-4269.0
exp_kp_001,ABC_KP[base]_n100_inst1_run0,base,1710,34455,68910.0,0.5924545839952771,,-4277.0,-4277.0
exp_kp_001,ABC_KP[base]_n100_inst1_run0,base,1720,34657,69314.0,0.5958358339994447,,-4277.0,-4264.0
exp_kp_001,ABC_KP[base]_n100_inst1_run0,base,1730,34858,69716.0,0.5997321670001838,,-4277.0,-3941.0
exp_kp_001,ABC_KP[base]_n100_inst1_run0,base,1740,35058,70116.0,0.6032031250069849,,-4277.0,-4100.0
exp_kp_001,ABC_KP[base]_n100_inst1_run0,base,1750,35258,70516.0,0.606485625001369,,-4277.0,-4236.0
exp_kp_001,ABC_KP[base]_n100_inst1_run0,base,1760,35458,70916.0,0.6102216669969494,,-4277.0,-4249.0
exp_kp_001,ABC_KP[base]_n100_inst1_run0,base,1770,35661,71322.0,0.6136985420016572,,-4277.0,-4249.0
exp_kp_001,ABC_KP[base]_n100_inst1_run0,base,1780,35865,71730.0,0.6172216249979101,,-4277.0,-4249.0
exp_kp_001,ABC_KP[base]_n100_inst1_run0,base,1790,36068,72136.0,0.6205653340002755,,-4277.0,-3824.0
exp_kp_001,ABC_KP[base]_n100_inst1_run0,base,1800,36268,72536.0,0.6236563340062276,,-4277.0,-4077.0
exp_kp_001,ABC_KP[base]_n100_inst1_run0,base,1810,36468,72936.0,0.6267875420016935,,-4277.0,-4164.0
exp_kp_001,ABC_KP[base]_n100_inst1_run0,base,1820,36668,73336.0,0.6299690839950927,,-4277.0,-4239.0
exp_kp_001,ABC_KP[base]_n100_inst1_run0,base,1830,36869,73738.0,0.6332900840061484,,-4277.0,-4261.0
exp_kp_001,ABC_KP[base]_n100_inst1_run0,base,1840,37072,74144.0,0.636966542006121,,-4277.0,-4258.0
exp_kp_001,ABC_KP[base]_n100_inst1_run0,base,1850,37274,74548.0,0.6402458749944344,,-4277.0,-4264.0
exp_kp_001,ABC_KP[base]_n100_inst1_run0,base,1860,37476,74952.0,0.6434208340069745,,-4277.0,-4223.0
exp_kp_001,ABC_KP[base]_n100_inst1_run0,base,1870,37676,75352.0,0.6467174999997951,,-4277.0,-4269.0
exp_kp_001,ABC_KP[base]_n100_inst1_run0,base,1880,37879,75758.0,0.6501892499945825,,-4277.0,-4271.0
exp_kp_001,ABC_KP[base]_n100_inst1_run0,base,1890,38080,76160.0,0.6534149590006564,,-4277.0,-4259.0
exp_kp_001,ABC_KP[base]_n100_inst1_run0,base,1900,38282,76564.0,0.6565766249987064,,-4277.0,-4237.0
exp_kp_001,ABC_KP[base]_n100_inst1_run0,base,1910,38483,76966.0,0.6596944170014467,,-4277.0,-4235.0
exp_kp_001,ABC_KP[base]_n100_inst1_run0,base,1920,38683,77366.0,0.6627731250046054,,-4277.0,-4248.0
exp_kp_001,ABC_KP[base]_n100_inst1_run0,base,1930,38884,77768.0,0.6660495840042131,,-4277.0,-4275.0
exp_kp_001,ABC_KP[base]_n100_inst1_run0,base,1940,39085,78170.0,0.6690831250016345,,-4277.0,-4277.0
exp_kp_001,ABC_KP[base]_n100_inst1_run0,base,1950,39291,78582.0,0.6721981250011595,,-4277.0,-4240.0
exp_kp_001,ABC_KP[base]_n100_inst1_run0,base,1960,39492,78984.0,0.6751679169974523,,-4277.0,-4000.0
exp_kp_001,ABC_KP[base]_n100_inst1_run0,base,1970,39692,79384.0,0.6782599169964669,,-4277.0,-4136.0
exp_kp_001,ABC_KP[base]_n100_inst1_run0,base,1980,39892,79784.0,0.6812765840004431,,-4277.0,-4216.0
exp_kp_001,ABC_KP[base]_n100_inst1_run0,base,1990,40094,80188.0,0.684377333993325,,-4277.0,-4239.0
exp_kp_001,ABC_KP[base]_n100_inst1_run0,base,2000,40294,80588.0,0.6873393340065377,,-4277.0,-4246.0
exp_kp_001,ABC_KP[base]_n100_inst1_run0,base,2010,40497,80994.0,0.6904464590043062,,-4277.0,-4277.0
exp_kp_001,ABC_KP[base]_n100_inst1_run0,base,2020,40700,81400.0,0.6938001670059748,,-4277.0,-4261.0
exp_kp_001,ABC_KP[base]_n100_inst1_run0,base,2030,40902,81804.0,0.6968714170070598,,-4277.0,-4036.0
exp_kp_001,ABC_KP[base]_n100_inst1_run0,base,2040,41103,82206.0,0.6998700419935631,,-4277.0,-4099.0
exp_kp_001,ABC_KP[base]_n100_inst1_run0,base,2050,41303,82606.0,0.7029124999971827,,-4277.0,-4142.0
exp_kp_001,ABC_KP[base]_n100_inst1_run0,base,2060,41503,83006.0,0.705860959002166,,-4277.0,-4277.0
exp_kp_001,ABC_KP[base]_n100_inst1_run0,base,2070,41704,83408.0,0.7089571249962319,,-4277.0,-4277.0
exp_kp_001,ABC_KP[base]_n100_inst1_run0,base,2080,41909,83818.0,0.7121280840074178,,-4277.0,-4277.0
exp_kp_001,ABC_KP[base]_n100_inst1_run0,base,2090,42112,84224.0,0.7151941250049276,,-4277.0,-4102.0
exp_kp_001,ABC_KP[base]_n100_inst1_run0,base,2100,42312,84624.0,0.7182282919966383,,-4277.0,-4123.0
exp_kp_001,ABC_KP[base]_n100_inst1_run0,base,2110,42512,85024.0,0.7211595840053633,,-4277.0,-4206.0
exp_kp_001,ABC_KP[base]_n100_inst1_run0,base,2120,42713,85426.0,0.7241654590034159,,-4277.0,-4219.0
exp_kp_001,ABC_KP[base]_n100_inst1_run0,base,2130,42913,85826.0,0.7273157919989899,,-4277.0,-4251.0
exp_kp_001,ABC_KP[base]_n100_inst1_run0,base,2140,43115,86230.0,0.7303922919963952,,-4277.0,-4275.0
exp_kp_001,ABC_KP[base]_n100_inst1_run0,base,2150,43315,86630.0,0.7335360419965582,,-4277.0,-4277.0
exp_kp_001,ABC_KP[base]_n100_inst1_run0,base,2160,43520,87040.0,0.7366952500015032,,-4277.0,-4275.0
exp_kp_001,ABC_KP[base]_n100_inst1_run0,base,2170,43724,87448.0,0.7396177089976845,,-4277.0,-3702.0
exp_kp_001,ABC_KP[base]_n100_inst1_run0,base,2180,43924,87848.0,0.7426296250050655,,-4277.0,-3979.0
exp_kp_001,ABC_KP[base]_n100_inst1_run0,base,2190,44124,88248.0,0.7456358339986764,,-4277.0,-4085.0
exp_kp_001,ABC_KP[base]_n100_inst1_run0,base,2200,44324,88648.0,0.7487398340017535,,-4277.0,-4243.0
exp_kp_001,ABC_KP[base]_n100_inst1_run0,base,2210,44525,89050.0,0.7518324169941479,,-4277.0,-4271.0
exp_kp_001,ABC_KP[base]_n100_inst1_run0,base,2220,44727,89454.0,0.7548678339953767,,-4277.0,-4258.0
exp_kp_001,ABC_KP[base]_n100_inst1_run0,base,2230,44929,89858.0,0.7578957920050016,,-4277.0,-4272.0
exp_kp_001,ABC_KP[base]_n100_inst1_run0,base,2240,45134,90268.0,0.7609764170047129,,-4277.0,-3995.0
exp_kp_001,ABC_KP[base]_n100_inst1_run0,base,2250,45334,90668.0,0.7639837089955108,,-4277.0,-4142.0
exp_kp_001,ABC_KP[base]_n100_inst1_run0,base,2260,45534,91068.0,0.7670127919991501,,-4277.0,-4183.0
exp_kp_001,ABC_KP[base]_n100_inst1_run0,base,2270,45735,91470.0,0.7700626669975463,,-4277.0,-4192.0
exp_kp_001,ABC_KP[base]_n100_inst1_run0,base,2280,45935,91870.0,0.7730344589945162,,-4277.0,-4220.0
exp_kp_001,ABC_KP[base]_n100_inst1_run0,base,2290,46136,92272.0,0.7760513749963138,,-4277.0,-4262.0
exp_kp_001,ABC_KP[base]_n100_inst1_run0,base,2300,46339,92678.0,0.7791200840001693,,-4277.0,-4268.0
exp_kp_001,ABC_KP[base]_n100_inst1_run0,base,2310,46541,93082.0,0.7821846250008093,,-4277.0,-4277.0
exp_kp_001,ABC_KP[base]_n100_inst1_run0,base,2320,46742,93484.0,0.7852106670034118,,-4277.0,-4267.0
exp_kp_001,ABC_KP[base]_n100_inst1_run0,base,2330,46943,93886.0,0.7881603749992792,,-4277.0,-4271.0
exp_kp_001,ABC_KP[base]_n100_inst1_run0,base,2340,47145,94290.0,0.7911661670077592,,-4277.0,-4243.0
exp_kp_001,ABC_KP[base]_n100_inst1_run0,base,2350,47345,94690.0,0.7941855420067441,,-4277.0,-4243.0
exp_kp_001,ABC_KP[base]_n100_inst1_run0,base,2360,47546,95092.0,0.8001074170024367,,-4277.0,-4263.0
exp_kp_001,ABC_KP[base]_n100_inst1_run0,base,2370,47751,95502.0,0.8033992919954471,,-4277.0,-4277.0
exp_kp_001,ABC_KP[base]_n100_inst1_run0,base,2380,47953,95906.0,0.8066030420013703,,-4277.0,-4059.0
exp_kp_001,ABC_KP[base]_n100_inst1_run0,base,2390,48154,96308.0,0.8096940420073224,,-4277.0,-4029.0
exp_kp_001,ABC_KP[base]_n100_inst1_run0,base,2400,48354,96708.0,0.8129549169971142,,-4277.0,-4259.0
exp_kp_001,ABC_KP[base]_n100_inst1_run0,base,2410,48555,97110.0,0.8168299170065438,,-4277.0,-4271.0
exp_kp_001,ABC_KP[base]_n100_inst1_run0,base,2420,48757,97514.0,0.8200284170015948,,-4277.0,-4269.0
exp_kp_001,ABC_KP[base]_n100_inst1_run0,base,2430,48959,97918.0,0.8240839589998359,,-4277.0,-4238.0
exp_kp_001,ABC_KP[base]_n100_inst1_run0,base,2440,49160,98320.0,0.8285162090032827,,-4277.0,-4269.0
exp_kp_001,ABC_KP[base]_n100_inst1_run0,base,2450,49364,98728.0,0.8319320000009611,,-4277.0,-4148.0
exp_kp_001,ABC_KP[base]_n100_inst1_run0,base,2460,49564,99128.0,0.8351327499985928,,-4277.0,-4262.0
exp_kp_001,ABC_KP[base]_n100_inst1_run0,base,2470,49766,99532.0,0.8383937500038883,,-4277.0,-4241.0
exp_kp_001,ABC_KP[base]_n100_inst1_run0,base,2480,49967,99934.0,0.8422675000037998,,-4277.0,-4180.0
exp_kp_001,ABC_KP[base]_n100_inst1_run0,base,2490,50167,100334.0,0.8456600420031464,,-4277.0,-4239.0
exp_kp_001,ABC_KP[base]_n100_inst1_run0,base,2499,50348,100696.0,0.8487058750033611,,-4277.0,-4271.0
exp_kp_001,ABC_KP[base]_n100_inst1_run1,base,0,10,20.0,8.500006515532732e-06,,-3171.0,-3171.0
exp_kp_001,ABC_KP[base]_n100_inst1_run1,base,10,210,420.0,0.003078333000303246,,-3778.0,-3778.0
exp_kp_001,ABC_KP[base]_n100_inst1_run1,base,20,410,820.0,0.006184083002153784,,-3909.0,-3909.0
exp_kp_001,ABC_KP[base]_n100_inst1_run1,base,30,610,1220.0,0.00927087500167545,,-4180.0,-4180.0
exp_kp_001,ABC_KP[base]_n100_inst1_run1,base,40,810,1620.0,0.01260079100029543,,-4223.0,-4223.0
exp_kp_001,ABC_KP[base]_n100_inst1_run1,base,50,1010,2020.0,0.016194416006328538,,-4277.0,-4277.0
exp_kp_001,ABC_KP[base]_n100_inst1_run1,base,60,1212,2424.0,0.019735541005502455,,-4277.0,-4277.0
exp_kp_001,ABC_KP[base]_n100_inst1_run1,base,70,1418,2836.0,0.022929375001695007,,-4277.0,-4192.0
exp_kp_001,ABC_KP[base]_n100_inst1_run1,base,80,1620,3240.0,0.02587675000540912,,-4277.0,-3989.0
exp_kp_001,ABC_KP[base]_n100_inst1_run1,base,90,1820,3640.0,0.02889891600352712,,-4277.0,-4036.0
exp_kp_001,ABC_KP[base]_n100_inst1_run1,base,100,2020,4040.0,0.031902332993922755,,-4277.0,-4183.0
exp_kp_001,ABC_KP[base]_n100_inst1_run1,base,110,2220,4440.0,0.03508099999453407,,-4277.0,-4265.0
exp_kp_001,ABC_KP[base]_n100_inst1_run1,base,120,2420,4840.0,0.03832700000202749,,-4277.0,-4270.0
exp_kp_001,ABC_KP[base]_n100_inst1_run1,base,130,2620,5240.0,0.04168308300722856,,-4277.0,-4277.0
exp_kp_001,ABC_KP[base]_n100_inst1_run1,base,140,2825,5650.0,0.04511204099981114,,-4277.0,-4277.0
exp_kp_001,ABC_KP[base]_n100_inst1_run1,base,150,3029,6058.0,0.04823075000604149,,-4277.0,-4230.0
exp_kp_001,ABC_KP[base]_n100_inst1_run1,base,160,3230,6460.0,0.05134245799854398,,-4277.0,-4051.0
exp_kp_001,ABC_KP[base]_n100_inst1_run1,base,170,3430,6860.0,0.05431200000748504,,-4277.0,-4175.0
exp_kp_001,ABC_KP[base]_n100_inst1_run1,base,180,3630,7260.0,0.05744891600625124,,-4277.0,-4180.0
exp_kp_001,ABC_KP[base]_n100_inst1_run1,base,190,3830,7660.0,0.060597165997023694,,-4277.0,-4275.0
exp_kp_001,ABC_KP[base]_n100_inst1_run1,base,200,4030,8060.0,0.06386037499760278,,-4277.0,-4275.0
exp_kp_001,ABC_KP[base]_n100_inst1_run1,base,210,4236,8472.0,0.0674131660052808,,-4277.0,-4247.0
exp_kp_001,ABC_KP[base]_n100_inst1_run1,base,220,4438,8876.0,0.0705631250020815,,-4277.0,-4257.0
exp_kp_001,ABC_KP[base]_n100_inst1_run1,base,230,4639,9278.0,0.07372616599604953,,-4277.0,-4221.0
exp_kp_001,ABC_KP[base]_n100_inst1_run1,base,240,4839,9678.0,0.07682095799827948,,-4277.0,-4270.0
exp_kp_001,ABC_KP[base]_n100_inst1_run1,base,250,5041,10082.0,0.08003745799942408,,-4277.0,-4261.0
exp_kp_001,ABC_KP[base]_n100_inst1_run1,base,260,5242,10484.0,0.08339395800430793,,-4277.0,-4261.0
exp_kp_001,ABC_KP[base]_n100_inst1_run1,base,270,5445,10890.0,0.08671145800326485,,-4277.0,-4262.0
exp_kp_001,ABC_KP[base]_n100_inst1_run1,base,280,5647,11294.0,0.0898740410048049,,-4277.0,-4262.0
exp_kp_001,ABC_KP[base]_n100_inst1_run1,base,290,5848,11696.0,0.09323549999680836,,-4277.0,-4273.0
exp_kp_001,ABC_KP[base]_n100_inst1_run1,base,300,6050,12100.0,0.0964899999962654,,-4277.0,-4248.0
exp_kp_001,ABC_KP[base]_n100_inst1_run1,base,310,6252,12504.0,0.0998868750029942,,-4277.0,-4269.0
exp_kp_001,ABC_KP[base]_n100_inst1_run1,base,320,6454,12908.0,0.10315820800315123,,-4277.0,-4261.0
exp_kp_001,ABC_KP[base]_n100_inst1_run1,base,330,6655,13310.0,0.10624404100235552,,-4277.0,-4272.0
exp_kp_001,ABC_KP[base]_n100_inst1_run1,base,340,6857,13714.0,0.10949462499411311,,-4277.0,-4243.0
exp_kp_001,ABC_KP[base]_n100_inst1_run1,base,350,7058,14116.0,0.1127332909964025,,-4277.0,-4253.0
exp_kp_001,ABC_KP[base]_n100_inst1_run1,base,360,7259,14518.0,0.11585395800648257,,-4277.0,-4271.0
exp_kp_001,ABC_KP[base]_n100_inst1_run1,base,370,7461,14922.0,0.11904720800521318,,-4277.0,-4237.0
exp_kp_001,ABC_KP[base]_n100_inst1_run1,base,380,7662,15324.0,0.12230766599532217,,-4277.0,-4277.0
exp_kp_001,ABC_KP[base]_n100_inst1_run1,base,390,7865,15730.0,0.1254577910003718,,-4277.0,-4277.0
exp_kp_001,ABC_KP[base]_n100_inst1_run1,base,400,8066,16132.0,0.12840745800349396,,-4277.0,-4239.0
exp_kp_001,ABC_KP[base]_n100_inst1_run1,base,410,8267,16534.0,0.13153050000255462,,-4277.0,-4245.0
exp_kp_001,ABC_KP[base]_n100_inst1_run1,base,420,8467,16934.0,0.13475466599629726,,-4277.0,-4269.0
exp_kp_001,ABC_KP[base]_n100_inst1_run1,base,430,8668,17336.0,0.13794099999358878,,-4277.0,-4269.0
exp_kp_001,ABC_KP[base]_n100_inst1_run1,base,440,8872,17744.0,0.14111570800014306,,-4277.0,-4277.0
exp_kp_001,ABC_KP[base]_n100_inst1_run1,base,450,9073,18146.0,0.14407370799744967,,-4277.0,-4277.0
exp_kp_001,ABC_KP[base]_n100_inst1_run1,base,460,9276,18552.0,0.1472063330002129,,-4277.0,-4220.0
exp_kp_001,ABC_KP[base]_n100_inst1_run1,base,470,9476,18952.0,0.1502850410033716,,-4277.0,-4250.0
exp_kp_001,ABC_KP[base]_n100_inst1_run1,base,480,9677,19354.0,0.1532946660008747,,-4277.0,-4250.0
exp_kp_001,ABC_KP[base]_n100_inst1_run1,base,490,9877,19754.0,0.15639537500101142,,-4277.0,-4263.0
exp_kp_001,ABC_KP[base]_n100_inst1_run1,base,500,10078,20156.0,0.15945687500061467,,-4277.0,-4264.0
exp_kp_001,ABC_KP[base]_n100_inst1_run1,base,510,10279,20558.0,0.16250812499492895,,-4277.0,-4269.0
exp_kp_001,ABC_KP[base]_n100_inst1_run1,base,520,10484,20968.0,0.16564816600293852,,-4277.0,-4266.0
exp_kp_001,ABC_KP[base]_n100_inst1_run1,base,530,10687,21374.0,0.16871708299731836,,-4277.0,-3928.0
exp_kp_001,ABC_KP[base]_n100_inst1_run1,base,540,10887,21774.0,0.17168033300549723,,-4277.0,-4012.0
exp_kp_001,ABC_KP[base]_n100_inst1_run1,base,550,11087,22174.0,0.17472237499896437,,-4277.0,-4212.0
exp_kp_001,ABC_KP[base]_n100_inst1_run1,base,560,11287,22574.0,0.17777858300541993,,-4277.0,-4269.0
exp_kp_001,ABC_KP[base]_n100_inst1_run1,base,570,11489,22978.0,0.18090633300016634,,-4277.0,-4269.0
exp_kp_001,ABC_KP[base]_n100_inst1_run1,base,580,11692,23384.0,0.18398425000486895,,-4277.0,-4248.0
exp_kp_001,ABC_KP[base]_n100_inst1_run1,base,590,11895,23790.0,0.18710387499595527,,-4277.0,-4277.0
exp_kp_001,ABC_KP[base]_n100_inst1_run1,base,600,12096,24192.0,0.19114358299702872,,-4277.0,-4253.0
exp_kp_001,ABC_KP[base]_n100_inst1_run1,base,610,12297,24594.0,0.1973382500000298,,-4277.0,-4222.0
exp_kp_001,ABC_KP[base]_n100_inst1_run1,base,620,12497,24994.0,0.20080633299949113,,-4277.0,-4264.0
exp_kp_001,ABC_KP[base]_n100_inst1_run1,base,630,12697,25394.0,0.20404691599833313,,-4277.0,-4272.0
exp_kp_001,ABC_KP[base]_n100_inst1_run1,base,640,12900,25800.0,0.20746487499854993,,-4277.0,-4269.0
exp_kp_001,ABC_KP[base]_n100_inst1_run1,base,650,13104,26208.0,0.2111247910070233,,-4277.0,-4219.0
exp_kp_001,ABC_KP[base]_n100_inst1_run1,base,660,13305,26610.0,0.21430195799621288,,-4277.0,-4226.0
exp_kp_001,ABC_KP[base]_n100_inst1_run1,base,670,13505,27010.0,0.218751374995918,,-4277.0,-4257.0
exp_kp_001,ABC_KP[base]_n100_inst1_run1,base,680,13706,27412.0,0.22329358299612068,,-4277.0,-4206.0
exp_kp_001,ABC_KP[base]_n100_inst1_run1,base,690,13907,27814.0,0.22684612500597723,,-4277.0,-4253.0
exp_kp_001,ABC_KP[base]_n100_inst1_run1,base,700,14109,28218.0,0.230330624995986,,-4277.0,-4267.0
exp_kp_001,ABC_KP[base]_n100_inst1_run1,base,710,14311,28622.0,0.2337972079985775,,-4277.0,-4269.0
exp_kp_001,ABC_KP[base]_n100_inst1_run1,base,720,14513,29026.0,0.23773979100224096,,-4277.0,-4269.0
exp_kp_001,ABC_KP[base]_n100_inst1_run1,base,730,14715,29430.0,0.24103329100762494,,-4277.0,-4195.0
exp_kp_001,ABC_KP[base]_n100_inst1_run1,base,740,14915,29830.0,0.2441054999944754,,-4277.0,-4270.0
exp_kp_001,ABC_KP[base]_n100_inst1_run1,base,750,15115,30230.0,0.24717241599864792,,-4277.0,-4275.0
exp_kp_001,ABC_KP[base]_n100_inst1_run1,base,760,15317,30634.0,0.250445875004516,,-4277.0,-4275.0
exp_kp_001,ABC_KP[base]_n100_inst1_run1,base,770,15520,31040.0,0.2539315830072155,,-4277.0,-4187.0
exp_kp_001,ABC_KP[base]_n100_inst1_run1,base,780,15720,31440.0,0.25746762500784826,,-4277.0,-4277.0
exp_kp_001,ABC_KP[base]_n100_inst1_run1,base,790,15922,31844.0,0.26105174999975134,,-4277.0,-4273.0
exp_kp_001,ABC_KP[base]_n100_inst1_run1,base,800,16123,32246.0,0.2642351249960484,,-4277.0,-4226.0
exp_kp_001,ABC_KP[base]_n100_inst1_run1,base,810,16324,32648.0,0.26729358300508466,,-4277.0,-4277.0
exp_kp_001,ABC_KP[base]_n100_inst1_run1,base,820,16526,33052.0,0.2703730000066571,,-4277.0,-4264.0
exp_kp_001,ABC_KP[base]_n100_inst1_run1,base,830,16727,33454.0,0.2734472080046544,,-4277.0,-4277.0
exp_kp_001,ABC_KP[base]_n100_inst1_run1,base,840,16929,33858.0,0.2765696660062531,,-4277.0,-4265.0
exp_kp_001,ABC_KP[base]_n100_inst1_run1,base,850,17130,34260.0,0.27989704100764357,,-4277.0,-4269.0
exp_kp_001,ABC_KP[base]_n100_inst1_run1,base,860,17330,34660.0,0.2833372080058325,,-4277.0,-4277.0
exp_kp_001,ABC_KP[base]_n100_inst1_run1,base,870,17531,35062.0,0.2866845410026144,,-4277.0,-4273.0
exp_kp_001,ABC_KP[base]_n100_inst1_run1,base,880,17735,35470.0,0.2898951249953825,,-4277.0,-4260.0
exp_kp_001,ABC_KP[base]_n100_inst1_run1,base,890,17937,35874.0,0.2930516250053188,,-4277.0,-4234.0
exp_kp_001,ABC_KP[base]_n100_inst1_run1,base,900,18138,36276.0,0.29625604099419434,,-4277.0,-4241.0
exp_kp_001,ABC_KP[base]_n100_inst1_run1,base,910,18339,36678.0,0.2995362079964252,,-4277.0,-4269.0
exp_kp_001,ABC_KP[base]_n100_inst1_run1,base,920,18540,37080.0,0.30267062499478925,,-4277.0,-4269.0
exp_kp_001,ABC_KP[base]_n100_inst1_run1,base,930,18742,37484.0,0.3059055000048829,,-4277.0,-4248.0
exp_kp_001,ABC_KP[base]_n100_inst1_run1,base,940,18943,37886.0,0.30908783299673814,,-4277.0,-4269.0
exp_kp_001,ABC_KP[base]_n100_inst1_run1,base,950,19146,38292.0,0.3123035830067238,,-4277.0,-4211.0
exp_kp_001,ABC_KP[base]_n100_inst1_run1,base,960,19347,38694.0,0.31545841600745916,,-4277.0,-4214.0
exp_kp_001,ABC_KP[base]_n100_inst1_run1,base,970,19548,39096.0,0.3189768330048537,,-4277.0,-4244.0
exp_kp_001,ABC_KP[base]_n100_inst1_run1,base,980,19750,39500.0,0.32230845799495,,-4277.0,-4271.0
exp_kp_001,ABC_KP[base]_n100_inst1_run1,base,990,19950,39900.0,0.3254345830064267,,-4277.0,-4273.0
exp_kp_001,ABC_KP[base]_n100_inst1_run1,base,1000,20152,40304.0,0.3286226659984095,,-4277.0,-4259.0
exp_kp_001,ABC_KP[base]_n100_inst1_run1,base,1010,20355,40710.0,0.33177641600195784,,-4277.0,-4270.0
exp_kp_001,ABC_KP[base]_n100_inst1_run1,base,1020,20556,41112.0,0.33494254099787213,,-4277.0,-4275.0
exp_kp_001,ABC_KP[base]_n100_inst1_run1,base,1030,20759,41518.0,0.33818491600686684,,-4277.0,-4251.0
exp_kp_001,ABC_KP[base]_n100_inst1_run1,base,1040,20960,41920.0,0.34137170799658634,,-4277.0,-4198.0
exp_kp_001,ABC_KP[base]_n100_inst1_run1,base,1050,21160,42320.0,0.3445557499944698,,-4277.0,-4226.0
exp_kp_001,ABC_KP[base]_n100_inst1_run1,base,1060,21362,42724.0,0.34779162499762606,,-4277.0,-4242.0
exp_kp_001,ABC_KP[base]_n100_inst1_run1,base,1070,21562,43124.0,0.3510411250026664,,-4277.0,-4277.0
exp_kp_001,ABC_KP[base]_n100_inst1_run1,base,1080,21764,43528.0,0.35429854100220837,,-4277.0,-4277.0
exp_kp_001,ABC_KP[base]_n100_inst1_run1,base,1090,21969,43938.0,0.3575495410041185,,-4277.0,-4132.0
exp_kp_001,ABC_KP[base]_n100_inst1_run1,base,1100,22169,44338.0,0.3605667910014745,,-4277.0,-4243.0
exp_kp_001,ABC_KP[base]_n100_inst1_run1,base,1110,22369,44738.0,0.36364533299638424,,-4277.0,-4248.0
exp_kp_001,ABC_KP[base]_n100_inst1_run1,base,1120,22569,45138.0,0.366932375007309,,-4277.0,-4277.0
exp_kp_001,ABC_KP[base]_n100_inst1_run1,base,1130,22771,45542.0,0.37013458300498314,,-4277.0,-4277.0
exp_kp_001,ABC_KP[base]_n100_inst1_run1,base,1140,22973,45946.0,0.3733122080011526,,-4277.0,-4277.0
exp_kp_001,ABC_KP[base]_n100_inst1_run1,base,1150,23177,46354.0,0.3766066660027718,,-4277.0,-4268.0
exp_kp_001,ABC_KP[base]_n100_inst1_run1,base,1160,23379,46758.0,0.37964758300222456,,-4277.0,-3791.0
exp_kp_001,ABC_KP[base]_n100_inst1_run1,base,1170,23579,47158.0,0.38332504099525977,,-4277.0,-3909.0
exp_kp_001,ABC_KP[base]_n100_inst1_run1,base,1180,23779,47558.0,0.38653033299488015,,-4277.0,-4159.0
exp_kp_001,ABC_KP[base]_n100_inst1_run1,base,1190,23980,47960.0,0.3897046250058338,,-4277.0,-4203.0
exp_kp_001,ABC_KP[base]_n100_inst1_run1,base,1200,24180,48360.0,0.39283016600529663,,-4277.0,-4260.0
exp_kp_001,ABC_KP[base]_n100_inst1_run1,base,1210,24381,48762.0,0.39602462500624824,,-4277.0,-4272.0
exp_kp_001,ABC_KP[base]_n100_inst1_run1,base,1220,24586,49172.0,0.3993615000072168,,-4277.0,-4269.0
exp_kp_001,ABC_KP[base]_n100_inst1_run1,base,1230,24788,49576.0,0.40249679099360947,,-4277.0,-4273.0
exp_kp_001,ABC_KP[base]_n100_inst1_run1,base,1240,24989,49978.0,0.40554454100492876,,-4277.0,-3960.0
exp_kp_001,ABC_KP[base]_n100_inst1_run1,base,1250,25189,50378.0,0.40867291600443423,,-4277.0,-4194.0
exp_kp_001,ABC_KP[base]_n100_inst1_run1,base,1260,25389,50778.0,0.41183379100402817,,-4277.0,-4241.0
exp_kp_001,ABC_KP[base]_n100_inst1_run1,base,1270,25590,51180.0,0.4150568750046659,,-4277.0,-4277.0
exp_kp_001,ABC_KP[base]_n100_inst1_run1,base,1280,25796,51592.0,0.4185618329938734,,-4277.0,-4277.0
exp_kp_001,ABC_KP[base]_n100_inst1_run1,base,1290,25999,51998.0,0.42171008299919777,,-4277.0,-3755.0
exp_kp_001,ABC_KP[base]_n100_inst1_run1,base,1300,26199,52398.0,0.4247861659969203,,-4277.0,-3913.0
exp_kp_001,ABC_KP[base]_n100_inst1_run1,base,1310,26399,52798.0,0.42788929100788664,,-4277.0,-4198.0
exp_kp_001,ABC_KP[base]_n100_inst1_run1,base,1320,26599,53198.0,0.43095125000400003,,-4277.0,-4269.0
exp_kp_001,ABC_KP[base]_n100_inst1_run1,base,1330,26800,53600.0,0.43426049999834504,,-4277.0,-4269.0
exp_kp_001,ABC_KP[base]_n100_inst1_run1,base,1340,27001,54002.0,0.4374285410012817,,-4277.0,-4277.0
exp_kp_001,ABC_KP[base]_n100_inst1_run1,base,1350,27207,54414.0,0.44065525000041816,,-4277.0,-4253.0
exp_kp_001,ABC_KP[base]_n100_inst1_run1,base,1360,27409,54818.0,0.44372608300182037,,-4277.0,-4170.0
exp_kp_001,ABC_KP[base]_n100_inst1_run1,base,1370,27610,55220.0,0.4467960409965599,,-4277.0,-3688.0
exp_kp_001,ABC_KP[base]_n100_inst1_run1,base,1380,27810,55620.0,0.45385812499444,,-4277.0,-3987.0
exp_kp_001,ABC_KP[base]_n100_inst1_run1,base,1390,28010,56020.0,0.4580301249952754,,-4277.0,-4031.0
exp_kp_001,ABC_KP[base]_n100_inst1_run1,base,1400,28210,56420.0,0.4614819160051411,,-4277.0,-4207.0
exp_kp_001,ABC_KP[base]_n100_inst1_run1,base,1410,28412,56824.0,0.464843458001269,,-4277.0,-4248.0
exp_kp_001,ABC_KP[base]_n100_inst1_run1,base,1420,28612,57224.0,0.46922016600728966,,-4277.0,-4272.0
exp_kp_001,ABC_KP[base]_n100_inst1_run1,base,1430,28816,57632.0,0.47275629099749494,,-4277.0,-4269.0
exp_kp_001,ABC_KP[base]_n100_inst1_run1,base,1440,29020,58040.0,0.4776597500022035,,-4277.0,-4106.0
exp_kp_001,ABC_KP[base]_n100_inst1_run1,base,1450,29221,58442.0,0.4830226250051055,,-4277.0,-3693.0
exp_kp_001,ABC_KP[base]_n100_inst1_run1,base,1460,29421,58842.0,0.48715879100200254,,-4277.0,-3889.0
exp_kp_001,ABC_KP[base]_n100_inst1_run1,base,1470,29621,59242.0,0.4907144159951713,,-4277.0,-4162.0
exp_kp_001,ABC_KP[base]_n100_inst1_run1,base,1480,29821,59642.0,0.4944430000032298,,-4277.0,-4239.0
exp_kp_001,ABC_KP[base]_n100_inst1_run1,base,1490,30021,60042.0,0.498062041006051,,-4277.0,-4261.0
exp_kp_001,ABC_KP[base]_n100_inst1_run1,base,1500,30223,60446.0,0.5020195410033921,,-4277.0,-4277.0
exp_kp_001,ABC_KP[base]_n100_inst1_run1,base,1510,30428,60856.0,0.5055232080048881,,-4277.0,-4256.0
exp_kp_001,ABC_KP[base]_n100_inst1_run1,base,1520,30630,61260.0,0.5087798750028014,,-4277.0,-4177.0
exp_kp_001,ABC_KP[base]_n100_inst1_run1,base,1530,30830,61660.0,0.5120307080069324,,-4277.0,-4231.0
exp_kp_001,ABC_KP[base]_n100_inst1_run1,base,1540,31031,62062.0,0.5159283749962924,,-4277.0,-4257.0
exp_kp_001,ABC_KP[base]_n100_inst1_run1,base,1550,31231,62462.0,0.5200533330062171,,-4277.0,-4257.0
exp_kp_001,ABC_KP[base]_n100_inst1_run1,base,1560,31433,62866.0,0.5239048749936046,,-4277.0,-4269.0
exp_kp_001,ABC_KP[base]_n100_inst1_run1,base,1570,31635,63270.0,0.5272938330017496,,-4277.0,-4263.0
exp_kp_001,ABC_KP[base]_n100_inst1_run1,base,1580,31838,63676.0,0.5304389999946579,,-4277.0,-4263.0
exp_kp_001,ABC_KP[base]_n100_inst1_run1,base,1590,32041,64082.0,0.533666290997644,,-4277.0,-4100.0
exp_kp_001,ABC_KP[base]_n100_inst1_run1,base,1600,32241,64482.0,0.53688820800744,,-4277.0,-4211.0
exp_kp_001,ABC_KP[base]_n100_inst1_run1,base,1610,32442,64884.0,0.5400322909990791,,-4277.0,-4224.0
exp_kp_001,ABC_KP[base]_n100_inst1_run1,base,1620,32645,65290.0,0.5433185000001686,,-4277.0,-4198.0
exp_kp_001,ABC_KP[base]_n100_inst1_run1,base,1630,32845,65690.0,0.5464993750065332,,-4277.0,-4198.0
exp_kp_001,ABC_KP[base]_n100_inst1_run1,base,1640,33046,66092.0,0.5496522080065915,,-4277.0,-4254.0
exp_kp_001,ABC_KP[base]_n100_inst1_run1,base,1650,33246,66492.0,0.5528687080077361,,-4277.0,-4272.0
exp_kp_001,ABC_KP[base]_n100_inst1_run1,base,1660,33449,66898.0,0.5562565000000177,,-4277.0,-4277.0
exp_kp_001,ABC_KP[base]_n100_inst1_run1,base,1670,33654,67308.0,0.5594410829944536,,-4277.0,-4094.0
exp_kp_001,ABC_KP[base]_n100_inst1_run1,base,1680,33854,67708.0,0.5625564160000067,,-4277.0,-4151.0
exp_kp_001,ABC_KP[base]_n100_inst1_run1,base,1690,34054,68108.0,0.5657604160078336,,-4277.0,-4222.0
exp_kp_001,ABC_KP[base]_n100_inst1_run1,base,1700,34254,68508.0,0.569021083007101,,-4277.0,-4228.0
exp_kp_001,ABC_KP[base]_n100_inst1_run1,base,1710,34456,68912.0,0.5722069159965031,,-4277.0,-4269.0
exp_kp_001,ABC_KP[base]_n100_inst1_run1,base,1720,34657,69314.0,0.5753779999940889,,-4277.0,-4272.0
exp_kp_001,ABC_KP[base]_n100_inst1_run1,base,1730,34858,69716.0,0.5786949580069631,,-4277.0,-4277.0
exp_kp_001,ABC_KP[base]_n100_inst1_run1,base,1740,35062,70124.0,0.5818420830037212,,-4277.0,-4272.0
exp_kp_001,ABC_KP[base]_n100_inst1_run1,base,1750,35265,70530.0,0.5850080410018563,,-4277.0,-4008.0
exp_kp_001,ABC_KP[base]_n100_inst1_run1,base,1760,35465,70930.0,0.5881156660034321,,-4277.0,-4146.0
exp_kp_001,ABC_KP[base]_n100_inst1_run1,base,1770,35666,71332.0,0.5912995830003638,,-4277.0,-4107.0
exp_kp_001,ABC_KP[base]_n100_inst1_run1,base,1780,35866,71732.0,0.5944964160007657,,-4277.0,-4235.0
exp_kp_001,ABC_KP[base]_n100_inst1_run1,base,1790,36067,72134.0,0.597726791005698,,-4277.0,-4241.0
exp_kp_001,ABC_KP[base]_n100_inst1_run1,base,1800,36271,72542.0,0.6010957079997752,,-4277.0,-4266.0
exp_kp_001,ABC_KP[base]_n100_inst1_run1,base,1810,36473,72946.0,0.6043329999956768,,-4277.0,-4256.0
exp_kp_001,ABC_KP[base]_n100_inst1_run1,base,1820,36674,73348.0,0.6073669159959536,,-4277.0,-4270.0
exp_kp_001,ABC_KP[base]_n100_inst1_run1,base,1830,36875,73750.0,0.6107886249956209,,-4277.0,-4215.0
exp_kp_001,ABC_KP[base]_n100_inst1_run1,base,1840,37076,74152.0,0.6140320830018027,,-4277.0,-4263.0
exp_kp_001,ABC_KP[base]_n100_inst1_run1,base,1850,37277,74554.0,0.6172543330030749,,-4277.0,-4262.0
exp_kp_001,ABC_KP[base]_n100_inst1_run1,base,1860,37480,74960.0,0.6204620829958003,,-4277.0,-4222.0
exp_kp_001,ABC_KP[base]_n100_inst1_run1,base,1870,37683,75366.0,0.6235814160027076,,-4277.0,-4204.0
exp_kp_001,ABC_KP[base]_n100_inst1_run1,base,1880,37883,75766.0,0.6266534159949515,,-4277.0,-4265.0
exp_kp_001,ABC_KP[base]_n100_inst1_run1,base,1890,38085,76170.0,0.6297602499980712,,-4277.0,-4094.0
exp_kp_001,ABC_KP[base]_n100_inst1_run1,base,1900,38285,76570.0,0.6329601250035921,,-4277.0,-4224.0
exp_kp_001,ABC_KP[base]_n100_inst1_run1,base,1910,38485,76970.0,0.6361416250001639,,-4277.0,-4262.0
exp_kp_001,ABC_KP[base]_n100_inst1_run1,base,1920,38687,77374.0,0.6392481660004705,,-4277.0,-4277.0
exp_kp_001,ABC_KP[base]_n100_inst1_run1,base,1930,38893,77786.0,0.6426401659991825,,-4277.0,-4277.0
exp_kp_001,ABC_KP[base]_n100_inst1_run1,base,1940,39095,78190.0,0.6457562499999767,,-4277.0,-3851.0
exp_kp_001,ABC_KP[base]_n100_inst1_run1,base,1950,39296,78592.0,0.6489778749964898,,-4277.0,-4038.0
exp_kp_001,ABC_KP[base]_n100_inst1_run1,base,1960,39496,78992.0,0.6520728750037961,,-4277.0,-4161.0
exp_kp_001,ABC_KP[base]_n100_inst1_run1,base,1970,39697,79394.0,0.6551795410050545,,-4277.0,-4146.0
exp_kp_001,ABC_KP[base]_n100_inst1_run1,base,1980,39897,79794.0,0.6583514999947511,,-4277.0,-4200.0
exp_kp_001,ABC_KP[base]_n100_inst1_run1,base,1990,40098,80196.0,0.661501541006146,,-4277.0,-4259.0
exp_kp_001,ABC_KP[base]_n100_inst1_run1,base,2000,40299,80598.0,0.6646964999963529,,-4277.0,-4260.0
exp_kp_001,ABC_KP[base]_n100_inst1_run1,base,2010,40503,81006.0,0.6679511660040589,,-4277.0,-4245.0
exp_kp_001,ABC_KP[base]_n100_inst1_run1,base,2020,40704,81408.0,0.6709760829980951,,-4277.0,-4248.0
exp_kp_001,ABC_KP[base]_n100_inst1_run1,base,2030,40905,81810.0,0.6740270000009332,,-4277.0,-4254.0
exp_kp_001,ABC_KP[base]_n100_inst1_run1,base,2040,41107,82214.0,0.6773407080036122,,-4277.0,-4247.0
exp_kp_001,ABC_KP[base]_n100_inst1_run1,base,2050,41307,82614.0,0.680446333004511,,-4277.0,-4275.0
exp_kp_001,ABC_KP[base]_n100_inst1_run1,base,2060,41509,83018.0,0.6836284159944626,,-4277.0,-4271.0
exp_kp_001,ABC_KP[base]_n100_inst1_run1,base,2070,41713,83426.0,0.6870160830003442,,-4277.0,-4140.0
exp_kp_001,ABC_KP[base]_n100_inst1_run1,base,2080,41915,83830.0,0.690121708001243,,-4277.0,-4201.0
exp_kp_001,ABC_KP[base]_n100_inst1_run1,base,2090,42116,84232.0,0.6932610829971964,,-4277.0,-4213.0
exp_kp_001,ABC_KP[base]_n100_inst1_run1,base,2100,42317,84634.0,0.6963264160003746,,-4277.0,-4128.0
exp_kp_001,ABC_KP[base]_n100_inst1_run1,base,2110,42517,85034.0,0.7004172080050921,,-4277.0,-4164.0
exp_kp_001,ABC_KP[base]_n100_inst1_run1,base,2120,42717,85434.0,0.7072274160018424,,-4277.0,-4219.0
exp_kp_001,ABC_KP[base]_n100_inst1_run1,base,2130,42919,85838.0,0.7106976659997599,,-4277.0,-4247.0
exp_kp_001,ABC_KP[base]_n100_inst1_run1,base,2140,43121,86242.0,0.7140286659996491,,-4277.0,-4258.0
exp_kp_001,ABC_KP[base]_n100_inst1_run1,base,2150,43323,86646.0,0.7176767079945421,,-4277.0,-4257.0
exp_kp_001,ABC_KP[base]_n100_inst1_run1,base,2160,43526,87052.0,0.721021125005791,,-4277.0,-4261.0
exp_kp_001,ABC_KP[base]_n100_inst1_run1,base,2170,43727,87454.0,0.7243634159967769,,-4277.0,-4081.0
exp_kp_001,ABC_KP[base]_n100_inst1_run1,base,2180,43928,87856.0,0.7292552910075756,,-4277.0,-4100.0
exp_kp_001,ABC_KP[base]_n100_inst1_run1,base,2190,44128,88256.0,0.7324640409933636,,-4277.0,-4254.0
exp_kp_001,ABC_KP[base]_n100_inst1_run1,base,2200,44328,88656.0,0.7363404579955386,,-4277.0,-4262.0
exp_kp_001,ABC_KP[base]_n100_inst1_run1,base,2210,44529,89058.0,0.739791875006631,,-4277.0,-4262.0
exp_kp_001,ABC_KP[base]_n100_inst1_run1,base,2220,44730,89460.0,0.7429602079937467,,-4277.0,-4277.0
exp_kp_001,ABC_KP[base]_n100_inst1_run1,base,2230,44935,89870.0,0.7466474579996429,,-4277.0,-4277.0
exp_kp_001,ABC_KP[base]_n100_inst1_run1,base,2240,45138,90276.0,0.7499001249962021,,-4277.0,-3949.0
exp_kp_001,ABC_KP[base]_n100_inst1_run1,base,2250,45338,90676.0,0.7529647079936694,,-4277.0,-4093.0
exp_kp_001,ABC_KP[base]_n100_inst1_run1,base,2260,45538,91076.0,0.7560625829937635,,-4277.0,-4216.0
exp_kp_001,ABC_KP[base]_n100_inst1_run1,base,2270,45738,91476.0,0.7591115410032216,,-4277.0,-4268.0
exp_kp_001,ABC_KP[base]_n100_inst1_run1,base,2280,45939,91878.0,0.7626206249988172,,-4277.0,-4268.0
exp_kp_001,ABC_KP[base]_n100_inst1_run1,base,2290,46141,92282.0,0.7663967910048086,,-4277.0,-4260.0
exp_kp_001,ABC_KP[base]_n100_inst1_run1,base,2300,46344,92688.0,0.7694830410036957,,-4277.0,-4260.0
exp_kp_001,ABC_KP[base]_n100_inst1_run1,base,2310,46546,93092.0,0.7725476659979904,,-4277.0,-4266.0
exp_kp_001,ABC_KP[base]_n100_inst1_run1,base,2320,46748,93496.0,0.7756458329968154,,-4277.0,-4165.0
exp_kp_001,ABC_KP[base]_n100_inst1_run1,base,2330,46948,93896.0,0.7786603749991627,,-4277.0,-4247.0
exp_kp_001,ABC_KP[base]_n100_inst1_run1,base,2340,47149,94298.0,0.7816738330002408,,-4277.0,-4229.0
exp_kp_001,ABC_KP[base]_n100_inst1_run1,base,2350,47349,94698.0,0.7847923329973128,,-4277.0,-4261.0
exp_kp_001,ABC_KP[base]_n100_inst1_run1,base,2360,47551,95102.0,0.7878488749993267,,-4277.0,-4271.0
exp_kp_001,ABC_KP[base]_n100_inst1_run1,base,2370,47756,95512.0,0.7909028750000289,,-4277.0,-4260.0
exp_kp_001,ABC_KP[base]_n100_inst1_run1,base,2380,47958,95916.0,0.7939394580025692,,-4277.0,-4099.0
exp_kp_001,ABC_KP[base]_n100_inst1_run1,base,2390,48158,96316.0,0.7969146249961341,,-4277.0,-4147.0
exp_kp_001,ABC_KP[base]_n100_inst1_run1,base,2400,48358,96716.0,0.8000157909991685,,-4277.0,-4230.0
exp_kp_001,ABC_KP[base]_n100_inst1_run1,base,2410,48559,97118.0,0.8031412910058862,,-4277.0,-4233.0
exp_kp_001,ABC_KP[base]_n100_inst1_run1,base,2420,48759,97518.0,0.8061207499995362,,-4277.0,-4268.0
exp_kp_001,ABC_KP[base]_n100_inst1_run1,base,2430,48961,97922.0,0.8091475830005948,,-4277.0,-4273.0
exp_kp_001,ABC_KP[base]_n100_inst1_run1,base,2440,49166,98332.0,0.8122932499973103,,-4277.0,-4253.0
exp_kp_001,ABC_KP[base]_n100_inst1_run1,base,2450,49367,98734.0,0.8152392909978516,,-4277.0,-4253.0
exp_kp_001,ABC_KP[base]_n100_inst1_run1,base,2460,49567,99134.0,0.8181366250064457,,-4277.0,-4253.0
exp_kp_001,ABC_KP[base]_n100_inst1_run1,base,2470,49768,99536.0,0.8211647910065949,,-4277.0,-4251.0
exp_kp_001,ABC_KP[base]_n100_inst1_run1,base,2480,49969,99938.0,0.824200707997079,,-4277.0,-4269.0
exp_kp_001,ABC_KP[base]_n100_inst1_run1,base,2490,50171,100342.0,0.8271338750055293,,-4277.0,-4269.0
exp_kp_001,ABC_KP[base]_n100_inst1_run1,base,2499,50352,100704.0,0.829806333000306,,-4277.0,-4269.0
exp_kp_001,ABC_KP[base]_n100_inst1_run2,base,0,10,20.0,7.875001756474376e-06,,-3158.0,-3158.0
exp_kp_001,ABC_KP[base]_n100_inst1_run2,base,10,210,420.0,0.0030902080034138635,,-3563.0,-3563.0
exp_kp_001,ABC_KP[base]_n100_inst1_run2,base,20,410,820.0,0.006012166995787993,,-3897.0,-3897.0
exp_kp_001,ABC_KP[base]_n100_inst1_run2,base,30,610,1220.0,0.009038250005687587,,-4036.0,-4036.0
exp_kp_001,ABC_KP[base]_n100_inst1_run2,base,40,810,1620.0,0.01205145800486207,,-4124.0,-4124.0
exp_kp_001,ABC_KP[base]_n100_inst1_run2,base,50,1010,2020.0,0.015111291999346577,,-4253.0,-4253.0
exp_kp_001,ABC_KP[base]_n100_inst1_run2,base,60,1211,2422.0,0.018193500000052154,,-4264.0,-4264.0
exp_kp_001,ABC_KP[base]_n100_inst1_run2,base,70,1416,2832.0,0.02129074999538716,,-4264.0,-4242.0
exp_kp_001,ABC_KP[base]_n100_inst1_run2,base,80,1618,3236.0,0.024241708000772633,,-4267.0,-4254.0
exp_kp_001,ABC_KP[base]_n100_inst1_run2,base,90,1820,3640.0,0.02732237499731127,,-4267.0,-4045.0
exp_kp_001,ABC_KP[base]_n100_inst1_run2,base,100,2020,4040.0,0.030344458005856723,,-4267.0,-4168.0
exp_kp_001,ABC_KP[base]_n100_inst1_run2,base,110,2220,4440.0,0.033406667003873736,,-4267.0,-4205.0
exp_kp_001,ABC_KP[base]_n100_inst1_run2,base,120,2422,4844.0,0.03661937499418855,,-4270.0,-4270.0
exp_kp_001,ABC_KP[base]_n100_inst1_run2,base,130,2626,5252.0,0.03986204200191423,,-4270.0,-4269.0
exp_kp_001,ABC_KP[base]_n100_inst1_run2,base,140,2830,5660.0,0.04295779200037941,,-4270.0,-3803.0
exp_kp_001,ABC_KP[base]_n100_inst1_run2,base,150,3030,6060.0,0.045981000002939254,,-4270.0,-4025.0
exp_kp_001,ABC_KP[base]_n100_inst1_run2,base,160,3230,6460.0,0.0489751669956604,,-4270.0,-4123.0
exp_kp_001,ABC_KP[base]_n100_inst1_run2,base,170,3430,6860.0,0.052113291996647604,,-4270.0,-4168.0
exp_kp_001,ABC_KP[base]_n100_inst1_run2,base,180,3631,7262.0,0.055388292006682605,,-4270.0,-4223.0
exp_kp_001,ABC_KP[base]_n100_inst1_run2,base,190,3832,7664.0,0.05873324999993201,,-4270.0,-4235.0
exp_kp_001,ABC_KP[base]_n100_inst1_run2,base,200,4033,8066.0,0.061974791999091394,,-4270.0,-4265.0
exp_kp_001,ABC_KP[base]_n100_inst1_run2,base,210,4235,8470.0,0.06519720799406059,,-4271.0,-4271.0
exp_kp_001,ABC_KP[base]_n100_inst1_run2,base,220,4439,8878.0,0.06845925000379793,,-4271.0,-4260.0
exp_kp_001,ABC_KP[base]_n100_inst1_run2,base,230,4640,9280.0,0.07166200000210665,,-4271.0,-4067.0
exp_kp_001,ABC_KP[base]_n100_inst1_run2,base,240,4840,9680.0,0.07486420799978077,,-4271.0,-4206.0
exp_kp_001,ABC_KP[base]_n100_inst1_run2,base,250,5041,10082.0,0.07809037499828264,,-4271.0,-4271.0
exp_kp_001,ABC_KP[base]_n100_inst1_run2,base,260,5244,10488.0,0.08148433300084434,,-4271.0,-4254.0
exp_kp_001,ABC_KP[base]_n100_inst1_run2,base,270,5444,10888.0,0.08475270800408907,,-4275.0,-4275.0
exp_kp_001,ABC_KP[base]_n100_inst1_run2,base,280,5646,11292.0,0.08813150000059977,,-4275.0,-4271.0
exp_kp_001,ABC_KP[base]_n100_inst1_run2,base,290,5848,11696.0,0.09129945799941197,,-4275.0,-4275.0
exp_kp_001,ABC_KP[base]_n100_inst1_run2,base,300,6050,12100.0,0.09440291700593662,,-4275.0,-4265.0
exp_kp_001,ABC_KP[base]_n100_inst1_run2,base,310,6251,12502.0,0.09742474999802653,,-4275.0,-4230.0
exp_kp_001,ABC_KP[base]_n100_inst1_run2,base,320,6452,12904.0,0.10042350000003353,,-4275.0,-4252.0
exp_kp_001,ABC_KP[base]_n100_inst1_run2,base,330,6654,13308.0,0.10353774999384768,,-4275.0,-4217.0
exp_kp_001,ABC_KP[base]_n100_inst1_run2,base,340,6856,13712.0,0.10665270799654536,,-4275.0,-4275.0
exp_kp_001,ABC_KP[base]_n100_inst1_run2,base,350,7058,14116.0,0.10965658299392089,,-4275.0,-4261.0
exp_kp_001,ABC_KP[base]_n100_inst1_run2,base,360,7260,14520.0,0.11261641699820757,,-4275.0,-4188.0
exp_kp_001,ABC_KP[base]_n100_inst1_run2,base,370,7460,14920.0,0.11554675000661518,,-4275.0,-4262.0
exp_kp_001,ABC_KP[base]_n100_inst1_run2,base,380,7661,15322.0,0.11861266699270345,,-4275.0,-4243.0
exp_kp_001,ABC_KP[base]_n100_inst1_run2,base,390,7861,15722.0,0.12163712500478141,,-4275.0,-4269.0
exp_kp_001,ABC_KP[base]_n100_inst1_run2,base,400,8063,16126.0,0.12539737499901094,,-4275.0,-4272.0
exp_kp_001,ABC_KP[base]_n100_inst1_run2,base,410,8265,16530.0,0.1304630420054309,,-4275.0,-4273.0
exp_kp_001,ABC_KP[base]_n100_inst1_run2,base,420,8469,16938.0,0.13376425000024028,,-4275.0,-4213.0
exp_kp_001,ABC_KP[base]_n100_inst1_run2,base,430,8669,17338.0,0.13720504200318828,,-4275.0,-4264.0
exp_kp_001,ABC_KP[base]_n100_inst1_run2,base,440,8870,17740.0,0.1417648329952499,,-4275.0,-4223.0
exp_kp_001,ABC_KP[base]_n100_inst1_run2,base,450,9070,18140.0,0.14515891700284556,,-4275.0,-4244.0
exp_kp_001,ABC_KP[base]_n100_inst1_run2,base,460,9272,18544.0,0.148718166994513,,-4275.0,-4259.0
exp_kp_001,ABC_KP[base]_n100_inst1_run2,base,470,9474,18948.0,0.1539725000038743,,-4275.0,-4269.0
exp_kp_001,ABC_KP[base]_n100_inst1_run2,base,480,9677,19354.0,0.15725449999445118,,-4275.0,-4234.0
exp_kp_001,ABC_KP[base]_n100_inst1_run2,base,490,9879,19758.0,0.1608184170036111,,-4275.0,-4264.0
exp_kp_001,ABC_KP[base]_n100_inst1_run2,base,500,10080,20160.0,0.1640349579975009,,-4275.0,-4228.0
exp_kp_001,ABC_KP[base]_n100_inst1_run2,base,510,10281,20562.0,0.16740304199629463,,-4275.0,-4228.0
exp_kp_001,ABC_KP[base]_n100_inst1_run2,base,520,10482,20964.0,0.17088012500607874,,-4275.0,-4235.0
exp_kp_001,ABC_KP[base]_n100_inst1_run2,base,530,10682,21364.0,0.17407595799886622,,-4275.0,-4269.0
exp_kp_001,ABC_KP[base]_n100_inst1_run2,base,540,10883,21766.0,0.17716737500450108,,-4275.0,-4266.0
exp_kp_001,ABC_KP[base]_n100_inst1_run2,base,550,11087,22174.0,0.1805675829964457,,-4277.0,-4277.0
exp_kp_001,ABC_KP[base]_n100_inst1_run2,base,560,11290,22580.0,0.18374704199959524,,-4277.0,-4246.0
exp_kp_001,ABC_KP[base]_n100_inst1_run2,base,570,11492,22984.0,0.187258332996862,,-4277.0,-4009.0
exp_kp_001,ABC_KP[base]_n100_inst1_run2,base,580,11693,23386.0,0.1909092080022674,,-4277.0,-3768.0
exp_kp_001,ABC_KP[base]_n100_inst1_run2,base,590,11893,23786.0,0.1941382499935571,,-4277.0,-4011.0
exp_kp_001,ABC_KP[base]_n100_inst1_run2,base,600,12093,24186.0,0.19712699999217875,,-4277.0,-4235.0
exp_kp_001,ABC_KP[base]_n100_inst1_run2,base,610,12293,24586.0,0.20012666699767578,,-4277.0,-4277.0
exp_kp_001,ABC_KP[base]_n100_inst1_run2,base,620,12496,24992.0,0.20342325000092387,,-4277.0,-4273.0
exp_kp_001,ABC_KP[base]_n100_inst1_run2,base,630,12702,25404.0,0.20666774999699555,,-4277.0,-3906.0
exp_kp_001,ABC_KP[base]_n100_inst1_run2,base,640,12902,25804.0,0.2097067499998957,,-4277.0,-3965.0
exp_kp_001,ABC_KP[base]_n100_inst1_run2,base,650,13102,26204.0,0.21286387500003912,,-4277.0,-4182.0
exp_kp_001,ABC_KP[base]_n100_inst1_run2,base,660,13302,26604.0,0.21607570799824316,,-4277.0,-4233.0
exp_kp_001,ABC_KP[base]_n100_inst1_run2,base,670,13502,27004.0,0.21933270800218452,,-4277.0,-4272.0
exp_kp_001,ABC_KP[base]_n100_inst1_run2,base,680,13704,27408.0,0.22262250000494532,,-4277.0,-4273.0
exp_kp_001,ABC_KP[base]_n100_inst1_run2,base,690,13908,27816.0,0.22582787499413826,,-4277.0,-4269.0
exp_kp_001,ABC_KP[base]_n100_inst1_run2,base,700,14111,28222.0,0.22898041699954774,,-4277.0,-4233.0
exp_kp_001,ABC_KP[base]_n100_inst1_run2,base,710,14312,28624.0,0.2319775829964783,,-4277.0,-3823.0
exp_kp_001,ABC_KP[base]_n100_inst1_run2,base,720,14512,29024.0,0.23508774999936577,,-4277.0,-4129.0
exp_kp_001,ABC_KP[base]_n100_inst1_run2,base,730,14712,29424.0,0.23826637500314973,,-4277.0,-4241.0
exp_kp_001,ABC_KP[base]_n100_inst1_run2,base,740,14912,29824.0,0.24164208299771417,,-4277.0,-4258.0
exp_kp_001,ABC_KP[base]_n100_inst1_run2,base,750,15113,30226.0,0.2448736249934882,,-4277.0,-4267.0
exp_kp_001,ABC_KP[base]_n100_inst1_run2,base,760,15318,30636.0,0.24813220799842384,,-4277.0,-4268.0
exp_kp_001,ABC_KP[base]_n100_inst1_run2,base,770,15521,31042.0,0.25126229200395755,,-4277.0,-4201.0
exp_kp_001,ABC_KP[base]_n100_inst1_run2,base,780,15722,31444.0,0.2545132079976611,,-4277.0,-3990.0
exp_kp_001,ABC_KP[base]_n100_inst1_run2,base,790,15922,31844.0,0.25765204199706204,,-4277.0,-4154.0
exp_kp_001,ABC_KP[base]_n100_inst1_run2,base,800,16122,32244.0,0.26074916700599715,,-4277.0,-4272.0
exp_kp_001,ABC_KP[base]_n100_inst1_run2,base,810,16324,32648.0,0.263877292003599,,-4277.0,-4272.0
exp_kp_001,ABC_KP[base]_n100_inst1_run2,base,820,16527,33054.0,0.2670625829923665,,-4277.0,-4258.0
exp_kp_001,ABC_KP[base]_n100_inst1_run2,base,830,16728,33456.0,0.2702206669928273,,-4277.0,-4272.0
exp_kp_001,ABC_KP[base]_n100_inst1_run2,base,840,16930,33860.0,0.2733774579974124,,-4277.0,-4260.0
exp_kp_001,ABC_KP[base]_n100_inst1_run2,base,850,17132,34264.0,0.27649449999444187,,-4277.0,-4259.0
exp_kp_001,ABC_KP[base]_n100_inst1_run2,base,860,17333,34666.0,0.2796641669992823,,-4277.0,-4216.0
exp_kp_001,ABC_KP[base]_n100_inst1_run2,base,870,17534,35068.0,0.28275091700197663,,-4277.0,-4227.0
exp_kp_001,ABC_KP[base]_n100_inst1_run2,base,880,17735,35470.0,0.28611937499954365,,-4277.0,-4259.0
exp_kp_001,ABC_KP[base]_n100_inst1_run2,base,890,17938,35876.0,0.2892387920001056,,-4277.0,-4269.0
exp_kp_001,ABC_KP[base]_n100_inst1_run2,base,900,18140,36280.0,0.29236320800555404,,-4277.0,-4257.0
exp_kp_001,ABC_KP[base]_n100_inst1_run2,base,910,18342,36684.0,0.2955013750033686,,-4277.0,-4260.0
exp_kp_001,ABC_KP[base]_n100_inst1_run2,base,920,18543,37086.0,0.2986366669938434,,-4277.0,-4160.0
exp_kp_001,ABC_KP[base]_n100_inst1_run2,base,930,18743,37486.0,0.3017552499950398,,-4277.0,-4222.0
exp_kp_001,ABC_KP[base]_n100_inst1_run2,base,940,18943,37886.0,0.30505599999742117,,-4277.0,-4240.0
exp_kp_001,ABC_KP[base]_n100_inst1_run2,base,950,19145,38290.0,0.3083550000010291,,-4277.0,-4271.0
exp_kp_001,ABC_KP[base]_n100_inst1_run2,base,960,19348,38696.0,0.3116551669954788,,-4277.0,-4272.0
exp_kp_001,ABC_KP[base]_n100_inst1_run2,base,970,19552,39104.0,0.3149304169928655,,-4277.0,-4118.0
exp_kp_001,ABC_KP[base]_n100_inst1_run2,base,980,19752,39504.0,0.31800275000568945,,-4277.0,-4145.0
exp_kp_001,ABC_KP[base]_n100_inst1_run2,base,990,19953,39906.0,0.3212349999957951,,-4277.0,-4098.0
exp_kp_001,ABC_KP[base]_n100_inst1_run2,base,1000,20153,40306.0,0.3243278750014724,,-4277.0,-4206.0
exp_kp_001,ABC_KP[base]_n100_inst1_run2,base,1010,20353,40706.0,0.3274814579926897,,-4277.0,-4238.0
exp_kp_001,ABC_KP[base]_n100_inst1_run2,base,1020,20554,41108.0,0.3307032500015339,,-4277.0,-4258.0
exp_kp_001,ABC_KP[base]_n100_inst1_run2,base,1030,20755,41510.0,0.33386912499554455,,-4277.0,-4277.0
exp_kp_001,ABC_KP[base]_n100_inst1_run2,base,1040,20959,41918.0,0.3372608749923529,,-4277.0,-4277.0
exp_kp_001,ABC_KP[base]_n100_inst1_run2,base,1050,21163,42326.0,0.34044400000129826,,-4277.0,-4012.0
exp_kp_001,ABC_KP[base]_n100_inst1_run2,base,1060,21363,42726.0,0.3435799169965321,,-4277.0,-4134.0
exp_kp_001,ABC_KP[base]_n100_inst1_run2,base,1070,21563,43126.0,0.3466377500008093,,-4277.0,-4142.0
exp_kp_001,ABC_KP[base]_n100_inst1_run2,base,1080,21763,43526.0,0.3497449999995297,,-4277.0,-4272.0
exp_kp_001,ABC_KP[base]_n100_inst1_run2,base,1090,21964,43928.0,0.35297929200169165,,-4277.0,-4272.0
exp_kp_001,ABC_KP[base]_n100_inst1_run2,base,1100,22168,44336.0,0.35629599999811035,,-4277.0,-4271.0
exp_kp_001,ABC_KP[base]_n100_inst1_run2,base,1110,22371,44742.0,0.35943933299859054,,-4277.0,-4255.0
exp_kp_001,ABC_KP[base]_n100_inst1_run2,base,1120,22573,45146.0,0.36252245800278615,,-4277.0,-4277.0
exp_kp_001,ABC_KP[base]_n100_inst1_run2,base,1130,22774,45548.0,0.3656578329973854,,-4277.0,-4044.0
exp_kp_001,ABC_KP[base]_n100_inst1_run2,base,1140,22974,45948.0,0.3689164579991484,,-4277.0,-4167.0
exp_kp_001,ABC_KP[base]_n100_inst1_run2,base,1150,23175,46350.0,0.3722543750045588,,-4277.0,-4220.0
exp_kp_001,ABC_KP[base]_n100_inst1_run2,base,1160,23375,46750.0,0.3753396249958314,,-4277.0,-4260.0
exp_kp_001,ABC_KP[base]_n100_inst1_run2,base,1170,23579,47158.0,0.38098695799999405,,-4277.0,-4264.0
exp_kp_001,ABC_KP[base]_n100_inst1_run2,base,1180,23781,47562.0,0.3866601250047097,,-4277.0,-4266.0
exp_kp_001,ABC_KP[base]_n100_inst1_run2,base,1190,23982,47964.0,0.3899512920033885,,-4277.0,-4273.0
exp_kp_001,ABC_KP[base]_n100_inst1_run2,base,1200,24184,48368.0,0.3931872499961173,,-4277.0,-4166.0
exp_kp_001,ABC_KP[base]_n100_inst1_run2,base,1210,24385,48770.0,0.39732462499523535,,-4277.0,-4211.0
exp_kp_001,ABC_KP[base]_n100_inst1_run2,base,1220,24585,49170.0,0.40057541700662114,,-4277.0,-4246.0
exp_kp_001,ABC_KP[base]_n100_inst1_run2,base,1230,24786,49572.0,0.4064740419998998,,-4277.0,-4252.0
exp_kp_001,ABC_KP[base]_n100_inst1_run2,base,1240,24986,49972.0,0.4118966670066584,,-4277.0,-4264.0
exp_kp_001,ABC_KP[base]_n100_inst1_run2,base,1250,25188,50376.0,0.4156623330054572,,-4277.0,-4272.0
exp_kp_001,ABC_KP[base]_n100_inst1_run2,base,1260,25390,50780.0,0.4198192079929868,,-4277.0,-4277.0
exp_kp_001,ABC_KP[base]_n100_inst1_run2,base,1270,25593,51186.0,0.4237799169932259,,-4277.0,-4271.0
exp_kp_001,ABC_KP[base]_n100_inst1_run2,base,1280,25796,51592.0,0.42727149999700487,,-4277.0,-4120.0
exp_kp_001,ABC_KP[base]_n100_inst1_run2,base,1290,25997,51994.0,0.43070595800236333,,-4277.0,-4094.0
exp_kp_001,ABC_KP[base]_n100_inst1_run2,base,1300,26198,52396.0,0.4340700829925481,,-4277.0,-4189.0
exp_kp_001,ABC_KP[base]_n100_inst1_run2,base,1310,26398,52796.0,0.4376651250058785,,-4277.0,-4258.0
exp_kp_001,ABC_KP[base]_n100_inst1_run2,base,1320,26600,53200.0,0.44113849999848753,,-4277.0,-4251.0
exp_kp_001,ABC_KP[base]_n100_inst1_run2,base,1330,26802,53604.0,0.4450779579929076,,-4277.0,-4256.0
exp_kp_001,ABC_KP[base]_n100_inst1_run2,base,1340,27005,54010.0,0.44949729199288413,,-4277.0,-4253.0
exp_kp_001,ABC_KP[base]_n100_inst1_run2,base,1350,27206,54412.0,0.4527801670046756,,-4277.0,-4275.0
exp_kp_001,ABC_KP[base]_n100_inst1_run2,base,1360,27408,54816.0,0.4560217499965802,,-4277.0,-4158.0
exp_kp_001,ABC_KP[base]_n100_inst1_run2,base,1370,27608,55216.0,0.45921845799603034,,-4277.0,-4235.0
exp_kp_001,ABC_KP[base]_n100_inst1_run2,base,1380,27810,55620.0,0.4624319580034353,,-4277.0,-4238.0
exp_kp_001,ABC_KP[base]_n100_inst1_run2,base,1390,28011,56022.0,0.4656016249937238,,-4277.0,-4277.0
exp_kp_001,ABC_KP[base]_n100_inst1_run2,base,1400,28213,56426.0,0.46890216700558085,,-4277.0,-4271.0
exp_kp_001,ABC_KP[base]_n100_inst1_run2,base,1410,28415,56830.0,0.472166332998313,,-4277.0,-4271.0
exp_kp_001,ABC_KP[base]_n100_inst1_run2,base,1420,28617,57234.0,0.47522779200517107,,-4277.0,-4254.0
exp_kp_001,ABC_KP[base]_n100_inst1_run2,base,1430,28819,57638.0,0.47829658299451694,,-4277.0,-4254.0
exp_kp_001,ABC_KP[base]_n100_inst1_run2,base,1440,29020,58040.0,0.48145049999584444,,-4277.0,-4231.0
exp_kp_001,ABC_KP[base]_n100_inst1_run2,base,1450,29220,58440.0,0.4846730830031447,,-4277.0,-4240.0
exp_kp_001,ABC_KP[base]_n100_inst1_run2,base,1460,29422,58844.0,0.48794854199513793,,-4277.0,-4250.0
exp_kp_001,ABC_KP[base]_n100_inst1_run2,base,1470,29624,59248.0,0.4910974999947939,,-4277.0,-4266.0
exp_kp_001,ABC_KP[base]_n100_inst1_run2,base,1480,29825,59650.0,0.4942202499951236,,-4277.0,-4262.0
exp_kp_001,ABC_KP[base]_n100_inst1_run2,base,1490,30026,60052.0,0.49742129200603813,,-4277.0,-4272.0
exp_kp_001,ABC_KP[base]_n100_inst1_run2,base,1500,30227,60454.0,0.5005118749977555,,-4277.0,-4277.0
exp_kp_001,ABC_KP[base]_n100_inst1_run2,base,1510,30430,60860.0,0.5039207079971675,,-4277.0,-4265.0
exp_kp_001,ABC_KP[base]_n100_inst1_run2,base,1520,30633,61266.0,0.5072046249988489,,-4277.0,-4235.0
exp_kp_001,ABC_KP[base]_n100_inst1_run2,base,1530,30834,61668.0,0.5102733749954496,,-4277.0,-4235.0
exp_kp_001,ABC_KP[base]_n100_inst1_run2,base,1540,31037,62074.0,0.5134822499967413,,-4277.0,-4005.0
exp_kp_001,ABC_KP[base]_n100_inst1_run2,base,1550,31237,62474.0,0.5165827500022715,,-4277.0,-4224.0
exp_kp_001,ABC_KP[base]_n100_inst1_run2,base,1560,31437,62874.0,0.5197774999978719,,-4277.0,-4264.0
exp_kp_001,ABC_KP[base]_n100_inst1_run2,base,1570,31638,63276.0,0.522973582992563,,-4277.0,-4249.0
exp_kp_001,ABC_KP[base]_n100_inst1_run2,base,1580,31838,63676.0,0.5267417080031009,,-4277.0,-4273.0
exp_kp_001,ABC_KP[base]_n100_inst1_run2,base,1590,32044,64088.0,0.5302445830020588,,-4277.0,-4269.0
exp_kp_001,ABC_KP[base]_n100_inst1_run2,base,1600,32245,64490.0,0.5333771669975249,,-4277.0,-4263.0
exp_kp_001,ABC_KP[base]_n100_inst1_run2,base,1610,32447,64894.0,0.5376803330000257,,-4277.0,-4067.0
exp_kp_001,ABC_KP[base]_n100_inst1_run2,base,1620,32647,65294.0,0.5407200000045123,,-4277.0,-4112.0
exp_kp_001,ABC_KP[base]_n100_inst1_run2,base,1630,32847,65694.0,0.5438007079937961,,-4277.0,-4267.0
exp_kp_001,ABC_KP[base]_n100_inst1_run2,base,1640,33048,66096.0,0.5470667079935083,,-4277.0,-4219.0
exp_kp_001,ABC_KP[base]_n100_inst1_run2,base,1650,33250,66500.0,0.5502161670010537,,-4277.0,-4259.0
exp_kp_001,ABC_KP[base]_n100_inst1_run2,base,1660,33452,66904.0,0.5536045000044396,,-4277.0,-4273.0
exp_kp_001,ABC_KP[base]_n100_inst1_run2,base,1670,33654,67308.0,0.5568812080018688,,-4277.0,-4277.0
exp_kp_001,ABC_KP[base]_n100_inst1_run2,base,1680,33856,67712.0,0.5599688749935012,,-4277.0,-4243.0
exp_kp_001,ABC_KP[base]_n100_inst1_run2,base,1690,34057,68114.0,0.563076042002649,,-4277.0,-4210.0
exp_kp_001,ABC_KP[base]_n100_inst1_run2,base,1700,34257,68514.0,0.5661417079973035,,-4277.0,-4254.0
exp_kp_001,ABC_KP[base]_n100_inst1_run2,base,1710,34459,68918.0,0.56949049999821,,-4277.0,-4263.0
exp_kp_001,ABC_KP[base]_n100_inst1_run2,base,1720,34660,69320.0,0.5727308329951484,,-4277.0,-4256.0
exp_kp_001,ABC_KP[base]_n100_inst1_run2,base,1730,34862,69724.0,0.5759959999995772,,-4277.0,-4257.0
exp_kp_001,ABC_KP[base]_n100_inst1_run2,base,1740,35063,70126.0,0.5791832919931039,,-4277.0,-4277.0
exp_kp_001,ABC_KP[base]_n100_inst1_run2,base,1750,35266,70532.0,0.5823191249946831,,-4277.0,-4277.0
exp_kp_001,ABC_KP[base]_n100_inst1_run2,base,1760,35467,70934.0,0.5855089579999913,,-4277.0,-4277.0
exp_kp_001,ABC_KP[base]_n100_inst1_run2,base,1770,35670,71340.0,0.588671167002758,,-4277.0,-4252.0
exp_kp_001,ABC_KP[base]_n100_inst1_run2,base,1780,35871,71742.0,0.59177808300592,,-4277.0,-4271.0
exp_kp_001,ABC_KP[base]_n100_inst1_run2,base,1790,36073,72146.0,0.594893667002907,,-4277.0,-4132.0
exp_kp_001,ABC_KP[base]_n100_inst1_run2,base,1800,36273,72546.0,0.5980643329967279,,-4277.0,-4222.0
exp_kp_001,ABC_KP[base]_n100_inst1_run2,base,1810,36474,72948.0,0.6012918329943204,,-4277.0,-4230.0
exp_kp_001,ABC_KP[base]_n100_inst1_run2,base,1820,36676,73352.0,0.6046776250004768,,-4277.0,-4265.0
exp_kp_001,ABC_KP[base]_n100_inst1_run2,base,1830,36879,73758.0,0.6078120000020135,,-4277.0,-4255.0
exp_kp_001,ABC_KP[base]_n100_inst1_run2,base,1840,37081,74162.0,0.6109374170046067,,-4277.0,-4271.0
exp_kp_001,ABC_KP[base]_n100_inst1_run2,base,1850,37282,74564.0,0.6141007080004783,,-4277.0,-4174.0
exp_kp_001,ABC_KP[base]_n100_inst1_run2,base,1860,37482,74964.0,0.6172530000039842,,-4277.0,-4232.0
exp_kp_001,ABC_KP[base]_n100_inst1_run2,base,1870,37682,75364.0,0.6206149999925401,,-4277.0,-4275.0
exp_kp_001,ABC_KP[base]_n100_inst1_run2,base,1880,37883,75766.0,0.6238495830039028,,-4277.0,-4257.0
exp_kp_001,ABC_KP[base]_n100_inst1_run2,base,1890,38085,76170.0,0.6331510419986444,,-4277.0,-4266.0
exp_kp_001,ABC_KP[base]_n100_inst1_run2,base,1900,38287,76574.0,0.6368992079951568,,-4277.0,-4277.0
exp_kp_001,ABC_KP[base]_n100_inst1_run2,base,1910,38491,76982.0,0.6401882499922067,,-4277.0,-4215.0
exp_kp_001,ABC_KP[base]_n100_inst1_run2,base,1920,38692,77384.0,0.6444575829955284,,-4277.0,-4153.0
exp_kp_001,ABC_KP[base]_n100_inst1_run2,base,1930,38892,77784.0,0.6481545419956092,,-4277.0,-4253.0
exp_kp_001,ABC_KP[base]_n100_inst1_run2,base,1940,39094,78188.0,0.652889042001334,,-4277.0,-4260.0
exp_kp_001,ABC_KP[base]_n100_inst1_run2,base,1950,39295,78590.0,0.6580589999939548,,-4277.0,-4247.0
exp_kp_001,ABC_KP[base]_n100_inst1_run2,base,1960,39497,78994.0,0.661808791992371,,-4277.0,-4277.0
exp_kp_001,ABC_KP[base]_n100_inst1_run2,base,1970,39699,79398.0,0.6657547079958022,,-4277.0,-4277.0
exp_kp_001,ABC_KP[base]_n100_inst1_run2,base,1980,39901,79802.0,0.6699522080016322,,-4277.0,-4189.0
exp_kp_001,ABC_KP[base]_n100_inst1_run2,base,1990,40101,80202.0,0.6734707080031512,,-4277.0,-4269.0
exp_kp_001,ABC_KP[base]_n100_inst1_run2,base,2000,40301,80602.0,0.677189082998666,,-4277.0,-4269.0
exp_kp_001,ABC_KP[base]_n100_inst1_run2,base,2010,40504,81008.0,0.680943458006368,,-4277.0,-4277.0
exp_kp_001,ABC_KP[base]_n100_inst1_run2,base,2020,40706,81412.0,0.6842885829973966,,-4277.0,-4261.0
exp_kp_001,ABC_KP[base]_n100_inst1_run2,base,2030,40907,81814.0,0.6874789580033394,,-4277.0,-4272.0
exp_kp_001,ABC_KP[base]_n100_inst1_run2,base,2040,41109,82218.0,0.6909247919975314,,-4277.0,-4273.0
exp_kp_001,ABC_KP[base]_n100_inst1_run2,base,2050,41311,82622.0,0.6946453749987995,,-4277.0,-4208.0
exp_kp_001,ABC_KP[base]_n100_inst1_run2,base,2060,41511,83022.0,0.6977851249976084,,-4277.0,-4272.0
exp_kp_001,ABC_KP[base]_n100_inst1_run2,base,2070,41712,83424.0,0.7008854580053594,,-4277.0,-4255.0
exp_kp_001,ABC_KP[base]_n100_inst1_run2,base,2080,41913,83826.0,0.7038962079968769,,-4277.0,-4261.0
exp_kp_001,ABC_KP[base]_n100_inst1_run2,base,2090,42114,84228.0,0.7070275000005495,,-4277.0,-4269.0
exp_kp_001,ABC_KP[base]_n100_inst1_run2,base,2100,42315,84630.0,0.7100615420058602,,-4277.0,-4269.0
exp_kp_001,ABC_KP[base]_n100_inst1_run2,base,2110,42517,85034.0,0.7131818329944508,,-4277.0,-4269.0
exp_kp_001,ABC_KP[base]_n100_inst1_run2,base,2120,42722,85444.0,0.7162493749929126,,-4277.0,-4224.0
exp_kp_001,ABC_KP[base]_n100_inst1_run2,base,2130,42922,85844.0,0.7193170829996234,,-4277.0,-4271.0
exp_kp_001,ABC_KP[base]_n100_inst1_run2,base,2140,43124,86248.0,0.722510958003113,,-4277.0,-4112.0
exp_kp_001,ABC_KP[base]_n100_inst1_run2,base,2150,43324,86648.0,0.7254929579939926,,-4277.0,-4218.0
exp_kp_001,ABC_KP[base]_n100_inst1_run2,base,2160,43524,87048.0,0.7285321670060512,,-4277.0,-4266.0
exp_kp_001,ABC_KP[base]_n100_inst1_run2,base,2170,43724,87448.0,0.7315552499931073,,-4277.0,-4277.0
exp_kp_001,ABC_KP[base]_n100_inst1_run2,base,2180,43927,87854.0,0.7346887080057058,,-4277.0,-4273.0
exp_kp_001,ABC_KP[base]_n100_inst1_run2,base,2190,44129,88258.0,0.7378454999998212,,-4277.0,-4277.0
exp_kp_001,ABC_KP[base]_n100_inst1_run2,base,2200,44332,88664.0,0.7409553750039777,,-4277.0,-4247.0
exp_kp_001,ABC_KP[base]_n100_inst1_run2,base,2210,44534,89068.0,0.7439537080063019,,-4277.0,-4077.0
exp_kp_001,ABC_KP[base]_n100_inst1_run2,base,2220,44734,89468.0,0.746989624996786,,-4277.0,-4239.0
exp_kp_001,ABC_KP[base]_n100_inst1_run2,base,2230,44935,89870.0,0.7499893750064075,,-4277.0,-4192.0
exp_kp_001,ABC_KP[base]_n100_inst1_run2,base,2240,45136,90272.0,0.7530697920010425,,-4277.0,-4245.0
exp_kp_001,ABC_KP[base]_n100_inst1_run2,base,2250,45337,90674.0,0.7562015000003157,,-4277.0,-4256.0
exp_kp_001,ABC_KP[base]_n100_inst1_run2,base,2260,45539,91078.0,0.7592850829969393,,-4277.0,-4258.0
exp_kp_001,ABC_KP[base]_n100_inst1_run2,base,2270,45740,91480.0,0.7623742919968208,,-4277.0,-4268.0
exp_kp_001,ABC_KP[base]_n100_inst1_run2,base,2280,45942,91884.0,0.7655505830043694,,-4277.0,-4259.0
exp_kp_001,ABC_KP[base]_n100_inst1_run2,base,2290,46145,92290.0,0.7685680419963319,,-4277.0,-4261.0
exp_kp_001,ABC_KP[base]_n100_inst1_run2,base,2300,46347,92694.0,0.7716070830065291,,-4277.0,-4250.0
exp_kp_001,ABC_KP[base]_n100_inst1_run2,base,2310,46549,93098.0,0.7746218329994008,,-4277.0,-4070.0
exp_kp_001,ABC_KP[base]_n100_inst1_run2,base,2320,46749,93498.0,0.7775445000006584,,-4277.0,-4119.0
exp_kp_001,ABC_KP[base]_n100_inst1_run2,base,2330,46949,93898.0,0.7804720830026781,,-4277.0,-4196.0
exp_kp_001,ABC_KP[base]_n100_inst1_run2,base,2340,47149,94298.0,0.7835149169986835,,-4277.0,-4252.0
exp_kp_001,ABC_KP[base]_n100_inst1_run2,base,2350,47350,94700.0,0.7866655830002856,,-4277.0,-4269.0
exp_kp_001,ABC_KP[base]_n100_inst1_run2,base,2360,47553,95106.0,0.7897712499980116,,-4277.0,-4271.0
exp_kp_001,ABC_KP[base]_n100_inst1_run2,base,2370,47756,95512.0,0.7927651670033811,,-4277.0,-4266.0
exp_kp_001,ABC_KP[base]_n100_inst1_run2,base,2380,47956,95912.0,0.7957322919974104,,-4277.0,-4269.0
exp_kp_001,ABC_KP[base]_n100_inst1_run2,base,2390,48159,96318.0,0.798771083005704,,-4277.0,-4181.0
exp_kp_001,ABC_KP[base]_n100_inst1_run2,base,2400,48360,96720.0,0.801715666995733,,-4277.0,-4233.0
exp_kp_001,ABC_KP[base]_n100_inst1_run2,base,2410,48562,97124.0,0.8048912499943981,,-4277.0,-4225.0
exp_kp_001,ABC_KP[base]_n100_inst1_run2,base,2420,48762,97524.0,0.8080098749924218,,-4277.0,-4251.0
exp_kp_001,ABC_KP[base]_n100_inst1_run2,base,2430,48965,97930.0,0.8110673750052229,,-4277.0,-4232.0
exp_kp_001,ABC_KP[base]_n100_inst1_run2,base,2440,49167,98334.0,0.8140704999968875,,-4277.0,-4236.0
exp_kp_001,ABC_KP[base]_n100_inst1_run2,base,2450,49369,98738.0,0.817012582992902,,-4277.0,-4212.0
exp_kp_001,ABC_KP[base]_n100_inst1_run2,base,2460,49569,99138.0,0.8201677500037476,,-4277.0,-4218.0
exp_kp_001,ABC_KP[base]_n100_inst1_run2,base,2470,49769,99538.0,0.8233259999979055,,-4277.0,-4240.0
exp_kp_001,ABC_KP[base]_n100_inst1_run2,base,2480,49970,99940.0,0.8263457919965731,,-4277.0,-4261.0
exp_kp_001,ABC_KP[base]_n100_inst1_run2,base,2490,50171,100342.0,0.8294889579992741,,-4277.0,-4271.0
exp_kp_001,ABC_KP[base]_n100_inst1_run2,base,2499,50353,100706.0,0.8322318330028793,,-4277.0,-4260.0
exp_kp_001,ABC_KP[base]_n100_inst2_run0,base,0,10,20.0,7.875001756474376e-06,,-2825.0,-2825.0
exp_kp_001,ABC_KP[base]_n100_inst2_run0,base,10,210,420.0,0.0030578750011045486,,-3373.0,-3373.0
exp_kp_001,ABC_KP[base]_n100_inst2_run0,base,20,410,820.0,0.005973166000330821,,-3789.0,-3789.0
exp_kp_001,ABC_KP[base]_n100_inst2_run0,base,30,610,1220.0,0.009012875001644716,,-3914.0,-3914.0
exp_kp_001,ABC_KP[base]_n100_inst2_run0,base,40,810,1620.0,0.01201970799593255,,-4028.0,-4028.0
exp_kp_001,ABC_KP[base]_n100_inst2_run0,base,50,1012,2024.0,0.015075624993187375,,-4028.0,-4028.0
exp_kp_001,ABC_KP[base]_n100_inst2_run0,base,60,1214,2428.0,0.01807304099202156,,-4031.0,-4031.0
exp_kp_001,ABC_KP[base]_n100_inst2_run0,base,70,1419,2838.0,0.021213457992416807,,-4040.0,-3981.0
exp_kp_001,ABC_KP[base]_n100_inst2_run0,base,80,1619,3238.0,0.024206916001276113,,-4040.0,-4021.0
exp_kp_001,ABC_KP[base]_n100_inst2_run0,base,90,1821,3642.0,0.027069707997725345,,-4040.0,-3670.0
exp_kp_001,ABC_KP[base]_n100_inst2_run0,base,100,2021,4042.0,0.03001987500465475,,-4040.0,-3767.0
exp_kp_001,ABC_KP[base]_n100_inst2_run0,base,110,2221,4442.0,0.03302641600021161,,-4040.0,-4017.0
exp_kp_001,ABC_KP[base]_n100_inst2_run0,base,120,2421,4842.0,0.03610599999956321,,-4040.0,-4021.0
exp_kp_001,ABC_KP[base]_n100_inst2_run0,base,130,2623,5246.0,0.039226624998264015,,-4040.0,-4037.0
exp_kp_001,ABC_KP[base]_n100_inst2_run0,base,140,2828,5656.0,0.04239620799489785,,-4040.0,-4011.0
exp_kp_001,ABC_KP[base]_n100_inst2_run0,base,150,3030,6060.0,0.04787154099904001,,-4040.0,-3677.0
exp_kp_001,ABC_KP[base]_n100_inst2_run0,base,160,3230,6460.0,0.05146966599568259,,-4040.0,-3840.0
exp_kp_001,ABC_KP[base]_n100_inst2_run0,base,170,3431,6862.0,0.05495458299992606,,-4040.0,-3897.0
exp_kp_001,ABC_KP[base]_n100_inst2_run0,base,180,3631,7262.0,0.05814208299852908,,-4040.0,-4014.0
exp_kp_001,ABC_KP[base]_n100_inst2_run0,base,190,3832,7664.0,0.061675874996581115,,-4040.0,-4021.0
exp_kp_001,ABC_KP[base]_n100_inst2_run0,base,200,4034,8068.0,0.06508741600555368,,-4040.0,-4030.0
exp_kp_001,ABC_KP[base]_n100_inst2_run0,base,210,4238,8476.0,0.0686920409934828,,-4040.0,-4009.0
exp_kp_001,ABC_KP[base]_n100_inst2_run0,base,220,4439,8878.0,0.07470279099652544,,-4040.0,-4032.0
exp_kp_001,ABC_KP[base]_n100_inst2_run0,base,230,4642,9284.0,0.07808812499570195,,-4040.0,-3912.0
exp_kp_001,ABC_KP[base]_n100_inst2_run0,base,240,4842,9684.0,0.08134566599619575,,-4040.0,-3982.0
exp_kp_001,ABC_KP[base]_n100_inst2_run0,base,250,5043,10086.0,0.0846822500025155,,-4040.0,-3986.0
exp_kp_001,ABC_KP[base]_n100_inst2_run0,base,260,5244,10488.0,0.08841066599416081,,-4040.0,-4007.0
exp_kp_001,ABC_KP[base]_n100_inst2_run0,base,270,5444,10888.0,0.09173337499669287,,-4040.0,-4015.0
exp_kp_001,ABC_KP[base]_n100_inst2_run0,base,280,5646,11292.0,0.09563008300028741,,-4040.0,-4030.0
exp_kp_001,ABC_KP[base]_n100_inst2_run0,base,290,5849,11698.0,0.09906020799826365,,-4040.0,-4028.0
exp_kp_001,ABC_KP[base]_n100_inst2_run0,base,300,6052,12104.0,0.1028172079968499,,-4040.0,-3951.0
exp_kp_001,ABC_KP[base]_n100_inst2_run0,base,310,6252,12504.0,0.1061887910036603,,-4040.0,-3996.0
exp_kp_001,ABC_KP[base]_n100_inst2_run0,base,320,6453,12906.0,0.10982966600568034,,-4040.0,-3995.0
exp_kp_001,ABC_KP[base]_n100_inst2_run0,base,330,6654,13308.0,0.11376941599883139,,-4040.0,-4007.0
exp_kp_001,ABC_KP[base]_n100_inst2_run0,base,340,6854,13708.0,0.11712870799237862,,-4040.0,-4035.0
exp_kp_001,ABC_KP[base]_n100_inst2_run0,base,350,7054,14108.0,0.1203525409946451,,-4040.0,-4035.0
exp_kp_001,ABC_KP[base]_n100_inst2_run0,base,360,7259,14518.0,0.12355091600329615,,-4040.0,-4032.0
exp_kp_001,ABC_KP[base]_n100_inst2_run0,base,370,7462,14924.0,0.12671829099417664,,-4040.0,-3981.0
exp_kp_001,ABC_KP[base]_n100_inst2_run0,base,380,7662,15324.0,0.12987525000062305,,-4040.0,-4005.0
exp_kp_001,ABC_KP[base]_n100_inst2_run0,base,390,7862,15724.0,0.13294554100139067,,-4040.0,-4025.0
exp_kp_001,ABC_KP[base]_n100_inst2_run0,base,400,8064,16128.0,0.1362446249986533,,-4040.0,-4025.0
exp_kp_001,ABC_KP[base]_n100_inst2_run0,base,410,8265,16530.0,0.13958124999771826,,-4040.0,-4035.0
exp_kp_001,ABC_KP[base]_n100_inst2_run0,base,420,8470,16940.0,0.14281720800499897,,-4040.0,-3974.0
exp_kp_001,ABC_KP[base]_n100_inst2_run0,base,430,8670,17340.0,0.14593783300369978,,-4040.0,-4029.0
exp_kp_001,ABC_KP[base]_n100_inst2_run0,base,440,8870,17740.0,0.14918304099410307,,-4040.0,-4030.0
exp_kp_001,ABC_KP[base]_n100_inst2_run0,base,450,9072,18144.0,0.15254395800002385,,-4040.0,-4017.0
exp_kp_001,ABC_KP[base]_n100_inst2_run0,base,460,9275,18550.0,0.1561592079960974,,-4040.0,-4040.0
exp_kp_001,ABC_KP[base]_n100_inst2_run0,base,470,9478,18956.0,0.15928245800023433,,-4040.0,-4026.0
exp_kp_001,ABC_KP[base]_n100_inst2_run0,base,480,9679,19358.0,0.1622860409988789,,-4040.0,-3891.0
exp_kp_001,ABC_KP[base]_n100_inst2_run0,base,490,9879,19758.0,0.16528237500460818,,-4040.0,-4018.0
exp_kp_001,ABC_KP[base]_n100_inst2_run0,base,500,10079,20158.0,0.16835074999835342,,-4040.0,-4029.0
exp_kp_001,ABC_KP[base]_n100_inst2_run0,base,510,10282,20564.0,0.1715043330041226,,-4040.0,-4012.0
exp_kp_001,ABC_KP[base]_n100_inst2_run0,base,520,10482,20964.0,0.17453849999583326,,-4040.0,-4029.0
exp_kp_001,ABC_KP[base]_n100_inst2_run0,base,530,10684,21368.0,0.17765441599476617,,-4040.0,-4038.0
exp_kp_001,ABC_KP[base]_n100_inst2_run0,base,540,10886,21772.0,0.18067779099510517,,-4040.0,-4022.0
exp_kp_001,ABC_KP[base]_n100_inst2_run0,base,550,11088,22176.0,0.1837296250014333,,-4040.0,-4022.0
exp_kp_001,ABC_KP[base]_n100_inst2_run0,base,560,11290,22580.0,0.18684120799298398,,-4040.0,-3923.0
exp_kp_001,ABC_KP[base]_n100_inst2_run0,base,570,11491,22982.0,0.18979074999515433,,-4040.0,-3978.0
exp_kp_001,ABC_KP[base]_n100_inst2_run0,base,580,11692,23384.0,0.19273212499683723,,-4040.0,-4017.0
exp_kp_001,ABC_KP[base]_n100_inst2_run0,base,590,11892,23784.0,0.1957690410054056,,-4040.0,-4018.0
exp_kp_001,ABC_KP[base]_n100_inst2_run0,base,600,12093,24186.0,0.19884324999293312,,-4040.0,-4040.0
exp_kp_001,ABC_KP[base]_n100_inst2_run0,base,610,12298,24596.0,0.20199175000016112,,-4040.0,-4018.0
exp_kp_001,ABC_KP[base]_n100_inst2_run0,base,620,12500,25000.0,0.20504812500439584,,-4040.0,-3977.0
exp_kp_001,ABC_KP[base]_n100_inst2_run0,base,630,12701,25402.0,0.2080728330038255,,-4040.0,-3987.0
exp_kp_001,ABC_KP[base]_n100_inst2_run0,base,640,12902,25804.0,0.21113045800302643,,-4040.0,-3921.0
exp_kp_001,ABC_KP[base]_n100_inst2_run0,base,650,13102,26204.0,0.21411274999263696,,-4041.0,-4041.0
exp_kp_001,ABC_KP[base]_n100_inst2_run0,base,660,13304,26608.0,0.21711433300515637,,-4041.0,-4030.0
exp_kp_001,ABC_KP[base]_n100_inst2_run0,base,670,13506,27012.0,0.2201610000047367,,-4041.0,-4025.0
exp_kp_001,ABC_KP[base]_n100_inst2_run0,base,680,13709,27418.0,0.2231710829946678,,-4041.0,-4021.0
exp_kp_001,ABC_KP[base]_n100_inst2_run0,base,690,13912,27824.0,0.22618920799868647,,-4041.0,-3914.0
exp_kp_001,ABC_KP[base]_n100_inst2_run0,base,700,14112,28224.0,0.22914433300320525,,-4041.0,-4030.0
exp_kp_001,ABC_KP[base]_n100_inst2_run0,base,710,14313,28626.0,0.2321466249995865,,-4041.0,-3960.0
exp_kp_001,ABC_KP[base]_n100_inst2_run0,base,720,14513,29026.0,0.23518391599645838,,-4041.0,-4036.0
exp_kp_001,ABC_KP[base]_n100_inst2_run0,base,730,14715,29430.0,0.23828987499291543,,-4041.0,-4024.0
exp_kp_001,ABC_KP[base]_n100_inst2_run0,base,740,14918,29836.0,0.24136816599639133,,-4041.0,-4038.0
exp_kp_001,ABC_KP[base]_n100_inst2_run0,base,750,15121,30242.0,0.24440508299448993,,-4041.0,-4038.0
exp_kp_001,ABC_KP[base]_n100_inst2_run0,base,760,15322,30644.0,0.2473964579985477,,-4041.0,-3871.0
exp_kp_001,ABC_KP[base]_n100_inst2_run0,base,770,15522,31044.0,0.2504054159944644,,-4041.0,-3963.0
exp_kp_001,ABC_KP[base]_n100_inst2_run0,base,780,15722,31444.0,0.2534729159960989,,-4041.0,-4040.0
exp_kp_001,ABC_KP[base]_n100_inst2_run0,base,790,15925,31850.0,0.25660408299881965,,-4041.0,-4022.0
exp_kp_001,ABC_KP[base]_n100_inst2_run0,base,800,16127,32254.0,0.25964104100421537,,-4041.0,-4019.0
exp_kp_001,ABC_KP[base]_n100_inst2_run0,base,810,16328,32656.0,0.2626864579942776,,-4041.0,-4040.0
exp_kp_001,ABC_KP[base]_n100_inst2_run0,base,820,16530,33060.0,0.26572524999210145,,-4041.0,-4022.0
exp_kp_001,ABC_KP[base]_n100_inst2_run0,base,830,16732,33464.0,0.268750707997242,,-4041.0,-3935.0
exp_kp_001,ABC_KP[base]_n100_inst2_run0,base,840,16932,33864.0,0.27173858300375286,,-4041.0,-4020.0
exp_kp_001,ABC_KP[base]_n100_inst2_run0,base,850,17133,34266.0,0.27473666600417346,,-4041.0,-4024.0
exp_kp_001,ABC_KP[base]_n100_inst2_run0,base,860,17335,34670.0,0.27781208300439175,,-4041.0,-4024.0
exp_kp_001,ABC_KP[base]_n100_inst2_run0,base,870,17537,35074.0,0.28081625000049826,,-4041.0,-4030.0
exp_kp_001,ABC_KP[base]_n100_inst2_run0,base,880,17739,35478.0,0.2838788749941159,,-4041.0,-4038.0
exp_kp_001,ABC_KP[base]_n100_inst2_run0,base,890,17943,35886.0,0.28687545799766667,,-4041.0,-3793.0
exp_kp_001,ABC_KP[base]_n100_inst2_run0,base,900,18143,36286.0,0.2897579160053283,,-4041.0,-3951.0
exp_kp_001,ABC_KP[base]_n100_inst2_run0,base,910,18343,36686.0,0.29271345799497794,,-4041.0,-3980.0
exp_kp_001,ABC_KP[base]_n100_inst2_run0,base,920,18543,37086.0,0.29567079100525007,,-4041.0,-4021.0
exp_kp_001,ABC_KP[base]_n100_inst2_run0,base,930,18746,37492.0,0.29975987499346957,,-4041.0,-4040.0
exp_kp_001,ABC_KP[base]_n100_inst2_run0,base,940,18949,37898.0,0.3043894580041524,,-4041.0,-4029.0
exp_kp_001,ABC_KP[base]_n100_inst2_run0,base,950,19151,38302.0,0.30762237499584444,,-4041.0,-3974.0
exp_kp_001,ABC_KP[base]_n100_inst2_run0,base,960,19352,38704.0,0.3108098329976201,,-4041.0,-3839.0
exp_kp_001,ABC_KP[base]_n100_inst2_run0,base,970,19552,39104.0,0.3141122499946505,,-4041.0,-4024.0
exp_kp_001,ABC_KP[base]_n100_inst2_run0,base,980,19752,39504.0,0.3174595829914324,,-4041.0,-4034.0
exp_kp_001,ABC_KP[base]_n100_inst2_run0,base,990,19953,39906.0,0.32102070799737703,,-4041.0,-4040.0
exp_kp_001,ABC_KP[base]_n100_inst2_run0,base,1000,20159,40318.0,0.32581666599435266,,-4041.0,-4008.0
exp_kp_001,ABC_KP[base]_n100_inst2_run0,base,1010,20361,40722.0,0.3289536660013255,,-4041.0,-3830.0
exp_kp_001,ABC_KP[base]_n100_inst2_run0,base,1020,20561,41122.0,0.33210316600161605,,-4041.0,-3832.0
exp_kp_001,ABC_KP[base]_n100_inst2_run0,base,1030,20761,41522.0,0.33522129099583253,,-4041.0,-3983.0
exp_kp_001,ABC_KP[base]_n100_inst2_run0,base,1040,20961,41922.0,0.33865395799512044,,-4041.0,-4025.0
exp_kp_001,ABC_KP[base]_n100_inst2_run0,base,1050,21165,42330.0,0.3418884580023587,,-4041.0,-3905.0
exp_kp_001,ABC_KP[base]_n100_inst2_run0,base,1060,21365,42730.0,0.3450079579924932,,-4041.0,-3967.0
exp_kp_001,ABC_KP[base]_n100_inst2_run0,base,1070,21565,43130.0,0.34811929099669214,,-4041.0,-4031.0
exp_kp_001,ABC_KP[base]_n100_inst2_run0,base,1080,21768,43536.0,0.351332457998069,,-4041.0,-4015.0
exp_kp_001,ABC_KP[base]_n100_inst2_run0,base,1090,21971,43942.0,0.35446270799729973,,-4041.0,-3802.0
exp_kp_001,ABC_KP[base]_n100_inst2_run0,base,1100,22173,44346.0,0.3579559159989003,,-4041.0,-3754.0
exp_kp_001,ABC_KP[base]_n100_inst2_run0,base,1110,22373,44746.0,0.3614530829945579,,-4041.0,-3941.0
exp_kp_001,ABC_KP[base]_n100_inst2_run0,base,1120,22573,45146.0,0.36462516599567607,,-4041.0,-4000.0
exp_kp_001,ABC_KP[base]_n100_inst2_run0,base,1130,22773,45546.0,0.36762379099673126,,-4041.0,-4030.0
exp_kp_001,ABC_KP[base]_n100_inst2_run0,base,1140,22974,45948.0,0.3706424580013845,,-4041.0,-4034.0
exp_kp_001,ABC_KP[base]_n100_inst2_run0,base,1150,23179,46358.0,0.3737166659993818,,-4041.0,-4030.0
exp_kp_001,ABC_KP[base]_n100_inst2_run0,base,1160,23381,46762.0,0.37665529099467676,,-4041.0,-3961.0
exp_kp_001,ABC_KP[base]_n100_inst2_run0,base,1170,23582,47164.0,0.3795699159963988,,-4041.0,-3917.0
exp_kp_001,ABC_KP[base]_n100_inst2_run0,base,1180,23782,47564.0,0.3825527500011958,,-4041.0,-4012.0
exp_kp_001,ABC_KP[base]_n100_inst2_run0,base,1190,23983,47966.0,0.38561108299472835,,-4041.0,-4037.0
exp_kp_001,ABC_KP[base]_n100_inst2_run0,base,1200,24184,48368.0,0.3888367500039749,,-4041.0,-4040.0
exp_kp_001,ABC_KP[base]_n100_inst2_run0,base,1210,24386,48772.0,0.39199733300483786,,-4041.0,-4033.0
exp_kp_001,ABC_KP[base]_n100_inst2_run0,base,1220,24589,49178.0,0.39521441599936225,,-4041.0,-4033.0
exp_kp_001,ABC_KP[base]_n100_inst2_run0,base,1230,24793,49586.0,0.398380458005704,,-4041.0,-3937.0
exp_kp_001,ABC_KP[base]_n100_inst2_run0,base,1240,24993,49986.0,0.40143620800517965,,-4041.0,-3947.0
exp_kp_001,ABC_KP[base]_n100_inst2_run0,base,1250,25193,50386.0,0.4045100410003215,,-4041.0,-4025.0
exp_kp_001,ABC_KP[base]_n100_inst2_run0,base,1260,25393,50786.0,0.4076106249995064,,-4041.0,-4025.0
exp_kp_001,ABC_KP[base]_n100_inst2_run0,base,1270,25596,51192.0,0.410827582993079,,-4041.0,-4041.0
exp_kp_001,ABC_KP[base]_n100_inst2_run0,base,1280,25798,51596.0,0.41415791599138174,,-4041.0,-4013.0
exp_kp_001,ABC_KP[base]_n100_inst2_run0,base,1290,26000,52000.0,0.4173952499986626,,-4041.0,-4025.0
exp_kp_001,ABC_KP[base]_n100_inst2_run0,base,1300,26203,52406.0,0.42047774999809917,,-4041.0,-3906.0
exp_kp_001,ABC_KP[base]_n100_inst2_run0,base,1310,26403,52806.0,0.42346258299949113,,-4041.0,-3973.0
exp_kp_001,ABC_KP[base]_n100_inst2_run0,base,1320,26603,53206.0,0.4265829579962883,,-4041.0,-3986.0
exp_kp_001,ABC_KP[base]_n100_inst2_run0,base,1330,26803,53606.0,0.42955687499488704,,-4041.0,-4016.0
exp_kp_001,ABC_KP[base]_n100_inst2_run0,base,1340,27003,54006.0,0.4325986250041751,,-4041.0,-4041.0
exp_kp_001,ABC_KP[base]_n100_inst2_run0,base,1350,27208,54416.0,0.4357872079999652,,-4041.0,-4038.0
exp_kp_001,ABC_KP[base]_n100_inst2_run0,base,1360,27412,54824.0,0.43880379099573474,,-4041.0,-3955.0
exp_kp_001,ABC_KP[base]_n100_inst2_run0,base,1370,27613,55226.0,0.44188170800043736,,-4041.0,-3674.0
exp_kp_001,ABC_KP[base]_n100_inst2_run0,base,1380,27813,55626.0,0.44480874999135267,,-4041.0,-3926.0
exp_kp_001,ABC_KP[base]_n100_inst2_run0,base,1390,28013,56026.0,0.44778016599593684,,-4041.0,-3967.0
exp_kp_001,ABC_KP[base]_n100_inst2_run0,base,1400,28213,56426.0,0.4507448749936884,,-4041.0,-4020.0
exp_kp_001,ABC_KP[base]_n100_inst2_run0,base,1410,28416,56832.0,0.4538707079918822,,-4041.0,-4040.0
exp_kp_001,ABC_KP[base]_n100_inst2_run0,base,1420,28622,57244.0,0.456855500000529,,-4041.0,-4030.0
exp_kp_001,ABC_KP[base]_n100_inst2_run0,base,1430,28823,57646.0,0.459822916003759,,-4041.0,-3535.0
exp_kp_001,ABC_KP[base]_n100_inst2_run0,base,1440,29023,58046.0,0.4627219999965746,,-4041.0,-3802.0
exp_kp_001,ABC_KP[base]_n100_inst2_run0,base,1450,29223,58446.0,0.46569720799743664,,-4041.0,-3931.0
exp_kp_001,ABC_KP[base]_n100_inst2_run0,base,1460,29423,58846.0,0.4686514999921201,,-4041.0,-4023.0
exp_kp_001,ABC_KP[base]_n100_inst2_run0,base,1470,29624,59248.0,0.47169212499284185,,-4041.0,-4030.0
exp_kp_001,ABC_KP[base]_n100_inst2_run0,base,1480,29829,59658.0,0.47467620800307486,,-4041.0,-4038.0
exp_kp_001,ABC_KP[base]_n100_inst2_run0,base,1490,30031,60062.0,0.4776657909969799,,-4041.0,-4020.0
exp_kp_001,ABC_KP[base]_n100_inst2_run0,base,1500,30233,60466.0,0.4805843329959316,,-4041.0,-3751.0
exp_kp_001,ABC_KP[base]_n100_inst2_run0,base,1510,30433,60866.0,0.48355758299294394,,-4041.0,-3909.0
exp_kp_001,ABC_KP[base]_n100_inst2_run0,base,1520,30633,61266.0,0.48669312499987427,,-4041.0,-4003.0
exp_kp_001,ABC_KP[base]_n100_inst2_run0,base,1530,30833,61666.0,0.48978437499317806,,-4041.0,-4040.0
exp_kp_001,ABC_KP[base]_n100_inst2_run0,base,1540,31036,62072.0,0.49294812500011176,,-4041.0,-4041.0
exp_kp_001,ABC_KP[base]_n100_inst2_run0,base,1550,31240,62480.0,0.49605845799669623,,-4041.0,-4022.0
exp_kp_001,ABC_KP[base]_n100_inst2_run0,base,1560,31442,62884.0,0.4991743749997113,,-4041.0,-3942.0
exp_kp_001,ABC_KP[base]_n100_inst2_run0,base,1570,31642,63284.0,0.5021217500034254,,-4041.0,-3958.0
exp_kp_001,ABC_KP[base]_n100_inst2_run0,base,1580,31843,63686.0,0.5051885409920942,,-4041.0,-3995.0
exp_kp_001,ABC_KP[base]_n100_inst2_run0,base,1590,32043,64086.0,0.508277500004624,,-4041.0,-4012.0
exp_kp_001,ABC_KP[base]_n100_inst2_run0,base,1600,32244,64488.0,0.5114993750030408,,-4041.0,-4041.0
exp_kp_001,ABC_KP[base]_n100_inst2_run0,base,1610,32447,64894.0,0.5146317079925211,,-4041.0,-4041.0
exp_kp_001,ABC_KP[base]_n100_inst2_run0,base,1620,32651,65302.0,0.5176462499948684,,-4041.0,-3944.0
exp_kp_001,ABC_KP[base]_n100_inst2_run0,base,1630,32851,65702.0,0.5206934580055531,,-4041.0,-3999.0
exp_kp_001,ABC_KP[base]_n100_inst2_run0,base,1640,33051,66102.0,0.5236858330026735,,-4041.0,-4019.0
exp_kp_001,ABC_KP[base]_n100_inst2_run0,base,1650,33251,66502.0,0.5267760830029147,,-4041.0,-4030.0
exp_kp_001,ABC_KP[base]_n100_inst2_run0,base,1660,33453,66906.0,0.5298624999995809,,-4041.0,-4040.0
exp_kp_001,ABC_KP[base]_n100_inst2_run0,base,1670,33655,67310.0,0.5329611250053858,,-4041.0,-4029.0
exp_kp_001,ABC_KP[base]_n100_inst2_run0,base,1680,33856,67712.0,0.5361259159981273,,-4041.0,-4022.0
exp_kp_001,ABC_KP[base]_n100_inst2_run0,base,1690,34058,68116.0,0.5393698330008192,,-4041.0,-4035.0
exp_kp_001,ABC_KP[base]_n100_inst2_run0,base,1700,34262,68524.0,0.5425188329973025,,-4041.0,-3980.0
exp_kp_001,ABC_KP[base]_n100_inst2_run0,base,1710,34462,68924.0,0.5455865830008406,,-4041.0,-4030.0
exp_kp_001,ABC_KP[base]_n100_inst2_run0,base,1720,34664,69328.0,0.5486319159972481,,-4041.0,-4032.0
exp_kp_001,ABC_KP[base]_n100_inst2_run0,base,1730,34865,69730.0,0.5543089999991935,,-4041.0,-4041.0
exp_kp_001,ABC_KP[base]_n100_inst2_run0,base,1740,35067,70134.0,0.557817041000817,,-4041.0,-3997.0
exp_kp_001,ABC_KP[base]_n100_inst2_run0,base,1750,35267,70534.0,0.5611077079956885,,-4041.0,-4037.0
exp_kp_001,ABC_KP[base]_n100_inst2_run0,base,1760,35469,70938.0,0.5644605410052463,,-4041.0,-4031.0
exp_kp_001,ABC_KP[base]_n100_inst2_run0,base,1770,35672,71344.0,0.5693190000019968,,-4041.0,-4035.0
exp_kp_001,ABC_KP[base]_n100_inst2_run0,base,1780,35874,71748.0,0.5726285830023699,,-4041.0,-4012.0
exp_kp_001,ABC_KP[base]_n100_inst2_run0,base,1790,36075,72150.0,0.5767519579967484,,-4041.0,-4036.0
exp_kp_001,ABC_KP[base]_n100_inst2_run0,base,1800,36278,72556.0,0.5808443749992875,,-4041.0,-3838.0
exp_kp_001,ABC_KP[base]_n100_inst2_run0,base,1810,36478,72956.0,0.5841444160032552,,-4041.0,-3936.0
exp_kp_001,ABC_KP[base]_n100_inst2_run0,base,1820,36679,73358.0,0.5876690000004601,,-4041.0,-3958.0
exp_kp_001,ABC_KP[base]_n100_inst2_run0,base,1830,36879,73758.0,0.5912738329934655,,-4041.0,-4009.0
exp_kp_001,ABC_KP[base]_n100_inst2_run0,base,1840,37081,74162.0,0.5948208750050981,,-4041.0,-4020.0
exp_kp_001,ABC_KP[base]_n100_inst2_run0,base,1850,37282,74564.0,0.598514208002598,,-4041.0,-4030.0
exp_kp_001,ABC_KP[base]_n100_inst2_run0,base,1860,37485,74970.0,0.6017782499984605,,-4041.0,-4030.0
exp_kp_001,ABC_KP[base]_n100_inst2_run0,base,1870,37687,75374.0,0.6051023750042077,,-4041.0,-4030.0
exp_kp_001,ABC_KP[base]_n100_inst2_run0,base,1880,37889,75778.0,0.6089523330010707,,-4041.0,-4015.0
exp_kp_001,ABC_KP[base]_n100_inst2_run0,base,1890,38091,76182.0,0.6123619159916416,,-4041.0,-3747.0
exp_kp_001,ABC_KP[base]_n100_inst2_run0,base,1900,38291,76582.0,0.615976832996239,,-4041.0,-3847.0
exp_kp_001,ABC_KP[base]_n100_inst2_run0,base,1910,38491,76982.0,0.6196048330020858,,-4041.0,-3983.0
exp_kp_001,ABC_KP[base]_n100_inst2_run0,base,1920,38691,77382.0,0.6226929580006981,,-4041.0,-4017.0
exp_kp_001,ABC_KP[base]_n100_inst2_run0,base,1930,38892,77784.0,0.6259055830014404,,-4041.0,-4038.0
exp_kp_001,ABC_KP[base]_n100_inst2_run0,base,1940,39095,78190.0,0.6291390410042368,,-4041.0,-4030.0
exp_kp_001,ABC_KP[base]_n100_inst2_run0,base,1950,39298,78596.0,0.6323108749929816,,-4041.0,-4032.0
exp_kp_001,ABC_KP[base]_n100_inst2_run0,base,1960,39501,79002.0,0.6354467499913881,,-4041.0,-3825.0
exp_kp_001,ABC_KP[base]_n100_inst2_run0,base,1970,39701,79402.0,0.6386102910037152,,-4041.0,-3949.0
exp_kp_001,ABC_KP[base]_n100_inst2_run0,base,1980,39901,79802.0,0.6417286249925382,,-4041.0,-4008.0
exp_kp_001,ABC_KP[base]_n100_inst2_run0,base,1990,40102,80204.0,0.6448780829960015,,-4041.0,-4040.0
exp_kp_001,ABC_KP[base]_n100_inst2_run0,base,2000,40305,80610.0,0.6480426659982186,,-4041.0,-4040.0
exp_kp_001,ABC_KP[base]_n100_inst2_run0,base,2010,40508,81016.0,0.6512498749943916,,-4041.0,-4018.0
exp_kp_001,ABC_KP[base]_n100_inst2_run0,base,2020,40709,81418.0,0.6545358330040472,,-4041.0,-4029.0
exp_kp_001,ABC_KP[base]_n100_inst2_run0,base,2030,40910,81820.0,0.6576693329989212,,-4041.0,-4021.0
exp_kp_001,ABC_KP[base]_n100_inst2_run0,base,2040,41111,82222.0,0.6607982909918064,,-4041.0,-3929.0
exp_kp_001,ABC_KP[base]_n100_inst2_run0,base,2050,41311,82622.0,0.664056082998286,,-4041.0,-4013.0
exp_kp_001,ABC_KP[base]_n100_inst2_run0,base,2060,41512,83024.0,0.6672523750021355,,-4041.0,-4030.0
exp_kp_001,ABC_KP[base]_n100_inst2_run0,base,2070,41715,83430.0,0.6706420410046121,,-4041.0,-4030.0
exp_kp_001,ABC_KP[base]_n100_inst2_run0,base,2080,41918,83836.0,0.6738135000050534,,-4041.0,-4023.0
exp_kp_001,ABC_KP[base]_n100_inst2_run0,base,2090,42120,84240.0,0.6768866249913117,,-4041.0,-4007.0
exp_kp_001,ABC_KP[base]_n100_inst2_run0,base,2100,42320,84640.0,0.6798826250014827,,-4041.0,-4033.0
exp_kp_001,ABC_KP[base]_n100_inst2_run0,base,2110,42521,85042.0,0.6829275829950348,,-4041.0,-4029.0
exp_kp_001,ABC_KP[base]_n100_inst2_run0,base,2120,42722,85444.0,0.6861342079937458,,-4041.0,-4029.0
exp_kp_001,ABC_KP[base]_n100_inst2_run0,base,2130,42923,85846.0,0.6894570000004023,,-4041.0,-4040.0
exp_kp_001,ABC_KP[base]_n100_inst2_run0,base,2140,43127,86254.0,0.6927297910006018,,-4041.0,-4017.0
exp_kp_001,ABC_KP[base]_n100_inst2_run0,base,2150,43330,86660.0,0.6958362080040388,,-4041.0,-3991.0
exp_kp_001,ABC_KP[base]_n100_inst2_run0,base,2160,43531,87062.0,0.6989649159950204,,-4041.0,-3791.0
exp_kp_001,ABC_KP[base]_n100_inst2_run0,base,2170,43731,87462.0,0.7021409159933683,,-4041.0,-3980.0
exp_kp_001,ABC_KP[base]_n100_inst2_run0,base,2180,43931,87862.0,0.7053236249921611,,-4041.0,-4036.0
exp_kp_001,ABC_KP[base]_n100_inst2_run0,base,2190,44133,88266.0,0.7085457079956541,,-4041.0,-4038.0
exp_kp_001,ABC_KP[base]_n100_inst2_run0,base,2200,44336,88672.0,0.7117567079985747,,-4041.0,-4030.0
exp_kp_001,ABC_KP[base]_n100_inst2_run0,base,2210,44539,89078.0,0.7149234579992481,,-4041.0,-4030.0
exp_kp_001,ABC_KP[base]_n100_inst2_run0,base,2220,44741,89482.0,0.7179776249977294,,-4041.0,-3935.0
exp_kp_001,ABC_KP[base]_n100_inst2_run0,base,2230,44941,89882.0,0.721199040999636,,-4041.0,-4007.0
exp_kp_001,ABC_KP[base]_n100_inst2_run0,base,2240,45141,90282.0,0.7243828329956159,,-4041.0,-4021.0
exp_kp_001,ABC_KP[base]_n100_inst2_run0,base,2250,45342,90684.0,0.7275633329991251,,-4041.0,-4022.0
exp_kp_001,ABC_KP[base]_n100_inst2_run0,base,2260,45544,91088.0,0.730789499997627,,-4041.0,-4028.0
exp_kp_001,ABC_KP[base]_n100_inst2_run0,base,2270,45749,91498.0,0.7339530409954023,,-4041.0,-4025.0
exp_kp_001,ABC_KP[base]_n100_inst2_run0,base,2280,45950,91900.0,0.7371159159956733,,-4041.0,-3841.0
exp_kp_001,ABC_KP[base]_n100_inst2_run0,base,2290,46150,92300.0,0.7401919160038233,,-4041.0,-3877.0
exp_kp_001,ABC_KP[base]_n100_inst2_run0,base,2300,46351,92702.0,0.7431632910011103,,-4041.0,-3986.0
exp_kp_001,ABC_KP[base]_n100_inst2_run0,base,2310,46551,93102.0,0.7462526659946889,,-4041.0,-4030.0
exp_kp_001,ABC_KP[base]_n100_inst2_run0,base,2320,46752,93504.0,0.7494101250049425,,-4041.0,-4028.0
exp_kp_001,ABC_KP[base]_n100_inst2_run0,base,2330,46955,93910.0,0.7524447500036331,,-4041.0,-4022.0
exp_kp_001,ABC_KP[base]_n100_inst2_run0,base,2340,47159,94318.0,0.7555599159968551,,-4041.0,-4023.0
exp_kp_001,ABC_KP[base]_n100_inst2_run0,base,2350,47361,94722.0,0.7586767500033602,,-4041.0,-3959.0
exp_kp_001,ABC_KP[base]_n100_inst2_run0,base,2360,47562,95124.0,0.7617259580001701,,-4041.0,-3779.0
exp_kp_001,ABC_KP[base]_n100_inst2_run0,base,2370,47762,95524.0,0.7647823750012321,,-4041.0,-3966.0
exp_kp_001,ABC_KP[base]_n100_inst2_run0,base,2380,47962,95924.0,0.7679245000035735,,-4041.0,-4032.0
exp_kp_001,ABC_KP[base]_n100_inst2_run0,base,2390,48163,96326.0,0.7710580409911927,,-4041.0,-4026.0
exp_kp_001,ABC_KP[base]_n100_inst2_run0,base,2400,48367,96734.0,0.7742142499919282,,-4041.0,-4030.0
exp_kp_001,ABC_KP[base]_n100_inst2_run0,base,2410,48570,97140.0,0.7772769580042223,,-4041.0,-3984.0
exp_kp_001,ABC_KP[base]_n100_inst2_run0,base,2420,48771,97542.0,0.7802284999925178,,-4041.0,-3975.0
exp_kp_001,ABC_KP[base]_n100_inst2_run0,base,2430,48972,97944.0,0.7831222910026554,,-4041.0,-3907.0
exp_kp_001,ABC_KP[base]_n100_inst2_run0,base,2440,49172,98344.0,0.7861798329977319,,-4041.0,-3994.0
exp_kp_001,ABC_KP[base]_n100_inst2_run0,base,2450,49373,98746.0,0.7892926659988007,,-4041.0,-4028.0
exp_kp_001,ABC_KP[base]_n100_inst2_run0,base,2460,49575,99150.0,0.7923952080018353,,-4041.0,-4040.0
exp_kp_001,ABC_KP[base]_n100_inst2_run0,base,2470,49779,99558.0,0.7956675409950549,,-4041.0,-4030.0
exp_kp_001,ABC_KP[base]_n100_inst2_run0,base,2480,49980,99960.0,0.7989539580012206,,-4041.0,-4030.0
exp_kp_001,ABC_KP[base]_n100_inst2_run0,base,2490,50181,100362.0,0.8070205410040217,,-4041.0,-4025.0
exp_kp_001,ABC_KP[base]_n100_inst2_run0,base,2499,50362,100724.0,0.8116558750043623,,-4041.0,-4030.0
exp_kp_001,ABC_KP[base]_n100_inst2_run1,base,0,10,20.0,5.8124991483055055e-05,,-3087.0,-3087.0
exp_kp_001,ABC_KP[base]_n100_inst2_run1,base,10,210,420.0,0.004588041992974468,,-3447.0,-3447.0
exp_kp_001,ABC_KP[base]_n100_inst2_run1,base,20,410,820.0,0.008948125003371388,,-3670.0,-3670.0
exp_kp_001,ABC_KP[base]_n100_inst2_run1,base,30,610,1220.0,0.012191542002256028,,-3834.0,-3834.0
exp_kp_001,ABC_KP[base]_n100_inst2_run1,base,40,810,1620.0,0.02261099999304861,,-4005.0,-4005.0
exp_kp_001,ABC_KP[base]_n100_inst2_run1,base,50,1010,2020.0,0.02619958299328573,,-4030.0,-4030.0
exp_kp_001,ABC_KP[base]_n100_inst2_run1,base,60,1211,2422.0,0.030372416993486695,,-4030.0,-4030.0
exp_kp_001,ABC_KP[base]_n100_inst2_run1,base,70,1414,2828.0,0.035754750002524815,,-4030.0,-4021.0
exp_kp_001,ABC_KP[base]_n100_inst2_run1,base,80,1616,3232.0,0.040771375002805144,,-4035.0,-4035.0
exp_kp_001,ABC_KP[base]_n100_inst2_run1,base,90,1817,3634.0,0.04462662499281578,,-4035.0,-4029.0
exp_kp_001,ABC_KP[base]_n100_inst2_run1,base,100,2019,4038.0,0.05047679199196864,,-4035.0,-4024.0
exp_kp_001,ABC_KP[base]_n100_inst2_run1,base,110,2221,4442.0,0.05729599999904167,,-4035.0,-3881.0
exp_kp_001,ABC_KP[base]_n100_inst2_run1,base,120,2421,4842.0,0.06660374999046326,,-4035.0,-3988.0
exp_kp_001,ABC_KP[base]_n100_inst2_run1,base,130,2621,5242.0,0.07113908299652394,,-4035.0,-4035.0
exp_kp_001,ABC_KP[base]_n100_inst2_run1,base,140,2824,5648.0,0.07556508299603593,,-4035.0,-4011.0
exp_kp_001,ABC_KP[base]_n100_inst2_run1,base,150,3027,6054.0,0.07902633299818262,,-4035.0,-4035.0
exp_kp_001,ABC_KP[base]_n100_inst2_run1,base,160,3229,6458.0,0.08261362499615643,,-4041.0,-4041.0
exp_kp_001,ABC_KP[base]_n100_inst2_run1,base,170,3430,6860.0,0.08628408299409784,,-4041.0,-3990.0
exp_kp_001,ABC_KP[base]_n100_inst2_run1,base,180,3631,7262.0,0.0918033329944592,,-4041.0,-4023.0
exp_kp_001,ABC_KP[base]_n100_inst2_run1,base,190,3832,7664.0,0.09528895799303427,,-4041.0,-4028.0
exp_kp_001,ABC_KP[base]_n100_inst2_run1,base,200,4032,8064.0,0.09969529199588578,,-4041.0,-4030.0
exp_kp_001,ABC_KP[base]_n100_inst2_run1,base,210,4235,8470.0,0.10316650000459049,,-4041.0,-4031.0
exp_kp_001,ABC_KP[base]_n100_inst2_run1,base,220,4439,8878.0,0.10738758300431073,,-4041.0,-4017.0
exp_kp_001,ABC_KP[base]_n100_inst2_run1,base,230,4641,9282.0,0.11068387499835808,,-4041.0,-3936.0
exp_kp_001,ABC_KP[base]_n100_inst2_run1,base,240,4841,9682.0,0.1139089999924181,,-4041.0,-4029.0
exp_kp_001,ABC_KP[base]_n100_inst2_run1,base,250,5042,10084.0,0.11776158299471717,,-4041.0,-4032.0
exp_kp_001,ABC_KP[base]_n100_inst2_run1,base,260,5243,10486.0,0.12130916699243244,,-4041.0,-4032.0
exp_kp_001,ABC_KP[base]_n100_inst2_run1,base,270,5447,10894.0,0.125651458001812,,-4041.0,-4032.0
exp_kp_001,ABC_KP[base]_n100_inst2_run1,base,280,5648,11296.0,0.12906112500058953,,-4041.0,-3987.0
exp_kp_001,ABC_KP[base]_n100_inst2_run1,base,290,5849,11698.0,0.1322926249995362,,-4041.0,-3979.0
exp_kp_001,ABC_KP[base]_n100_inst2_run1,base,300,6050,12100.0,0.13564287500048522,,-4041.0,-4030.0
exp_kp_001,ABC_KP[base]_n100_inst2_run1,base,310,6251,12502.0,0.13926179199188482,,-4041.0,-4004.0
exp_kp_001,ABC_KP[base]_n100_inst2_run1,base,320,6451,12902.0,0.14253908299724571,,-4041.0,-4028.0
exp_kp_001,ABC_KP[base]_n100_inst2_run1,base,330,6652,13304.0,0.14574108300439548,,-4041.0,-4035.0
exp_kp_001,ABC_KP[base]_n100_inst2_run1,base,340,6859,13718.0,0.1493261249997886,,-4041.0,-3979.0
exp_kp_001,ABC_KP[base]_n100_inst2_run1,base,350,7059,14118.0,0.15271854199818335,,-4041.0,-3996.0
exp_kp_001,ABC_KP[base]_n100_inst2_run1,base,360,7260,14520.0,0.15611262500169687,,-4041.0,-3813.0
exp_kp_001,ABC_KP[base]_n100_inst2_run1,base,370,7460,14920.0,0.15922337499796413,,-4041.0,-3974.0
exp_kp_001,ABC_KP[base]_n100_inst2_run1,base,380,7660,15320.0,0.16236504199332558,,-4041.0,-4001.0
exp_kp_001,ABC_KP[base]_n100_inst2_run1,base,390,7861,15722.0,0.165727749990765,,-4041.0,-4041.0
exp_kp_001,ABC_KP[base]_n100_inst2_run1,base,400,8065,16130.0,0.16902562500035856,,-4041.0,-4041.0
exp_kp_001,ABC_KP[base]_n100_inst2_run1,base,410,8269,16538.0,0.17241029199794866,,-4041.0,-3764.0
exp_kp_001,ABC_KP[base]_n100_inst2_run1,base,420,8470,16940.0,0.17569624999305233,,-4041.0,-3709.0
exp_kp_001,ABC_KP[base]_n100_inst2_run1,base,430,8670,17340.0,0.17896024999208748,,-4041.0,-4011.0
exp_kp_001,ABC_KP[base]_n100_inst2_run1,base,440,8871,17742.0,0.18226816700189374,,-4041.0,-3998.0
exp_kp_001,ABC_KP[base]_n100_inst2_run1,base,450,9072,18144.0,0.18553270799748134,,-4041.0,-4033.0
exp_kp_001,ABC_KP[base]_n100_inst2_run1,base,460,9274,18548.0,0.18881279199558776,,-4041.0,-4035.0
exp_kp_001,ABC_KP[base]_n100_inst2_run1,base,470,9478,18956.0,0.19204824999906123,,-4041.0,-4022.0
exp_kp_001,ABC_KP[base]_n100_inst2_run1,base,480,9679,19358.0,0.19504941700142808,,-4041.0,-3943.0
exp_kp_001,ABC_KP[base]_n100_inst2_run1,base,490,9879,19758.0,0.1981079580000369,,-4041.0,-4025.0
exp_kp_001,ABC_KP[base]_n100_inst2_run1,base,500,10079,20158.0,0.2012609999947017,,-4041.0,-4035.0
exp_kp_001,ABC_KP[base]_n100_inst2_run1,base,510,10282,20564.0,0.20459654199657962,,-4041.0,-4018.0
exp_kp_001,ABC_KP[base]_n100_inst2_run1,base,520,10483,20966.0,0.20782250000047497,,-4041.0,-4030.0
exp_kp_001,ABC_KP[base]_n100_inst2_run1,base,530,10688,21376.0,0.2109572500048671,,-4041.0,-3911.0
exp_kp_001,ABC_KP[base]_n100_inst2_run1,base,540,10888,21776.0,0.2141735420009354,,-4041.0,-3975.0
exp_kp_001,ABC_KP[base]_n100_inst2_run1,base,550,11089,22178.0,0.21741791699605528,,-4041.0,-3994.0
exp_kp_001,ABC_KP[base]_n100_inst2_run1,base,560,11290,22580.0,0.22055866700247861,,-4041.0,-4032.0
exp_kp_001,ABC_KP[base]_n100_inst2_run1,base,570,11492,22984.0,0.22386008300236426,,-4041.0,-4024.0
exp_kp_001,ABC_KP[base]_n100_inst2_run1,base,580,11694,23388.0,0.22703624999849126,,-4041.0,-4012.0
exp_kp_001,ABC_KP[base]_n100_inst2_run1,base,590,11897,23794.0,0.230347000004258,,-4041.0,-3956.0
exp_kp_001,ABC_KP[base]_n100_inst2_run1,base,600,12097,24194.0,0.2351181669946527,,-4041.0,-4015.0
exp_kp_001,ABC_KP[base]_n100_inst2_run1,base,610,12297,24594.0,0.24430900000152178,,-4041.0,-4041.0
exp_kp_001,ABC_KP[base]_n100_inst2_run1,base,620,12498,24996.0,0.2479259169922443,,-4041.0,-4041.0
exp_kp_001,ABC_KP[base]_n100_inst2_run1,base,630,12700,25400.0,0.2530993749969639,,-4041.0,-4031.0
exp_kp_001,ABC_KP[base]_n100_inst2_run1,base,640,12904,25808.0,0.25681370799429715,,-4041.0,-4035.0
exp_kp_001,ABC_KP[base]_n100_inst2_run1,base,650,13106,26212.0,0.26199991699832026,,-4041.0,-3999.0
exp_kp_001,ABC_KP[base]_n100_inst2_run1,base,660,13307,26614.0,0.26934416699805297,,-4041.0,-4030.0
exp_kp_001,ABC_KP[base]_n100_inst2_run1,base,670,13508,27016.0,0.2737369169917656,,-4041.0,-3965.0
exp_kp_001,ABC_KP[base]_n100_inst2_run1,base,680,13708,27416.0,0.2772835829964606,,-4041.0,-4029.0
exp_kp_001,ABC_KP[base]_n100_inst2_run1,base,690,13909,27818.0,0.2824428750027437,,-4041.0,-4029.0
exp_kp_001,ABC_KP[base]_n100_inst2_run1,base,700,14113,28226.0,0.2865611250017537,,-4041.0,-4037.0
exp_kp_001,ABC_KP[base]_n100_inst2_run1,base,710,14317,28634.0,0.2927830830012681,,-4041.0,-3538.0
exp_kp_001,ABC_KP[base]_n100_inst2_run1,base,720,14517,29034.0,0.29739495800458826,,-4041.0,-3811.0
exp_kp_001,ABC_KP[base]_n100_inst2_run1,base,730,14717,29434.0,0.3022157499945024,,-4041.0,-3919.0
exp_kp_001,ABC_KP[base]_n100_inst2_run1,base,740,14917,29834.0,0.3070496669970453,,-4041.0,-4012.0
exp_kp_001,ABC_KP[base]_n100_inst2_run1,base,750,15118,30236.0,0.3105689999938477,,-4041.0,-4032.0
exp_kp_001,ABC_KP[base]_n100_inst2_run1,base,760,15322,30644.0,0.31403645800310187,,-4041.0,-4030.0
exp_kp_001,ABC_KP[base]_n100_inst2_run1,base,770,15524,31048.0,0.3174679579969961,,-4041.0,-4008.0
exp_kp_001,ABC_KP[base]_n100_inst2_run1,base,780,15725,31450.0,0.3205617499916116,,-4041.0,-4021.0
exp_kp_001,ABC_KP[base]_n100_inst2_run1,base,790,15926,31852.0,0.32389287499245256,,-4041.0,-4040.0
exp_kp_001,ABC_KP[base]_n100_inst2_run1,base,800,16127,32254.0,0.3272372079954948,,-4041.0,-4030.0
exp_kp_001,ABC_KP[base]_n100_inst2_run1,base,810,16329,32658.0,0.3308073329972103,,-4041.0,-4035.0
exp_kp_001,ABC_KP[base]_n100_inst2_run1,base,820,16531,33062.0,0.3342729580035666,,-4041.0,-4030.0
exp_kp_001,ABC_KP[base]_n100_inst2_run1,base,830,16734,33468.0,0.33746691700071096,,-4041.0,-4026.0
exp_kp_001,ABC_KP[base]_n100_inst2_run1,base,840,16935,33870.0,0.34069033300329465,,-4041.0,-4022.0
exp_kp_001,ABC_KP[base]_n100_inst2_run1,base,850,17136,34272.0,0.3440314170002239,,-4041.0,-4002.0
exp_kp_001,ABC_KP[base]_n100_inst2_run1,base,860,17336,34672.0,0.3473524580040248,,-4041.0,-4031.0
exp_kp_001,ABC_KP[base]_n100_inst2_run1,base,870,17539,35078.0,0.3506204580044141,,-4041.0,-3987.0
exp_kp_001,ABC_KP[base]_n100_inst2_run1,base,880,17740,35480.0,0.3536999579955591,,-4041.0,-4041.0
exp_kp_001,ABC_KP[base]_n100_inst2_run1,base,890,17943,35886.0,0.357193499992718,,-4041.0,-4032.0
exp_kp_001,ABC_KP[base]_n100_inst2_run1,base,900,18145,36290.0,0.3606299169914564,,-4041.0,-4026.0
exp_kp_001,ABC_KP[base]_n100_inst2_run1,base,910,18346,36692.0,0.36409395799273625,,-4041.0,-3952.0
exp_kp_001,ABC_KP[base]_n100_inst2_run1,base,920,18546,37092.0,0.3673637920001056,,-4041.0,-4034.0
exp_kp_001,ABC_KP[base]_n100_inst2_run1,base,930,18749,37498.0,0.37057054199976847,,-4041.0,-4040.0
exp_kp_001,ABC_KP[base]_n100_inst2_run1,base,940,18952,37904.0,0.3737810000020545,,-4041.0,-4021.0
exp_kp_001,ABC_KP[base]_n100_inst2_run1,base,950,19153,38306.0,0.37692912499187514,,-4041.0,-3955.0
exp_kp_001,ABC_KP[base]_n100_inst2_run1,base,960,19353,38706.0,0.3801201669994043,,-4041.0,-3960.0
exp_kp_001,ABC_KP[base]_n100_inst2_run1,base,970,19554,39108.0,0.38359062500239816,,-4041.0,-3967.0
exp_kp_001,ABC_KP[base]_n100_inst2_run1,base,980,19754,39508.0,0.3868162919970928,,-4041.0,-4032.0
exp_kp_001,ABC_KP[base]_n100_inst2_run1,base,990,19957,39914.0,0.38996374999987893,,-4041.0,-4030.0
exp_kp_001,ABC_KP[base]_n100_inst2_run1,base,1000,20160,40320.0,0.3932329999952344,,-4041.0,-4026.0
exp_kp_001,ABC_KP[base]_n100_inst2_run1,base,1010,20362,40724.0,0.3964099580043694,,-4041.0,-4013.0
exp_kp_001,ABC_KP[base]_n100_inst2_run1,base,1020,20563,41126.0,0.39952237499528565,,-4041.0,-4006.0
exp_kp_001,ABC_KP[base]_n100_inst2_run1,base,1030,20764,41528.0,0.40249258300173096,,-4041.0,-3942.0
exp_kp_001,ABC_KP[base]_n100_inst2_run1,base,1040,20965,41930.0,0.40554845800215844,,-4041.0,-3975.0
exp_kp_001,ABC_KP[base]_n100_inst2_run1,base,1050,21165,42330.0,0.40864162499201484,,-4041.0,-4019.0
exp_kp_001,ABC_KP[base]_n100_inst2_run1,base,1060,21367,42734.0,0.41176983299374115,,-4041.0,-4032.0
exp_kp_001,ABC_KP[base]_n100_inst2_run1,base,1070,21570,43140.0,0.414824999999837,,-4041.0,-4012.0
exp_kp_001,ABC_KP[base]_n100_inst2_run1,base,1080,21771,43542.0,0.4178531249926891,,-4041.0,-4021.0
exp_kp_001,ABC_KP[base]_n100_inst2_run1,base,1090,21972,43944.0,0.42079895800270606,,-4041.0,-4030.0
exp_kp_001,ABC_KP[base]_n100_inst2_run1,base,1100,22174,44348.0,0.42397941699891817,,-4041.0,-4037.0
exp_kp_001,ABC_KP[base]_n100_inst2_run1,base,1110,22376,44752.0,0.4270312080043368,,-4041.0,-4021.0
exp_kp_001,ABC_KP[base]_n100_inst2_run1,base,1120,22577,45154.0,0.4299808329960797,,-4041.0,-4021.0
exp_kp_001,ABC_KP[base]_n100_inst2_run1,base,1130,22780,45560.0,0.43298450000293087,,-4041.0,-3973.0
exp_kp_001,ABC_KP[base]_n100_inst2_run1,base,1140,22981,45962.0,0.43592383299255744,,-4041.0,-4026.0
exp_kp_001,ABC_KP[base]_n100_inst2_run1,base,1150,23182,46364.0,0.43896695799776353,,-4041.0,-4034.0
exp_kp_001,ABC_KP[base]_n100_inst2_run1,base,1160,23384,46768.0,0.44203224999364465,,-4041.0,-3975.0
exp_kp_001,ABC_KP[base]_n100_inst2_run1,base,1170,23584,47168.0,0.44505720799497794,,-4041.0,-4040.0
exp_kp_001,ABC_KP[base]_n100_inst2_run1,base,1180,23786,47572.0,0.44817766699998174,,-4041.0,-4038.0
exp_kp_001,ABC_KP[base]_n100_inst2_run1,base,1190,23989,47978.0,0.4511909580032807,,-4041.0,-4035.0
exp_kp_001,ABC_KP[base]_n100_inst2_run1,base,1200,24191,48382.0,0.45426600000064354,,-4041.0,-4004.0
exp_kp_001,ABC_KP[base]_n100_inst2_run1,base,1210,24391,48782.0,0.4572637079982087,,-4041.0,-4005.0
exp_kp_001,ABC_KP[base]_n100_inst2_run1,base,1220,24593,49186.0,0.460243374996935,,-4041.0,-3990.0
exp_kp_001,ABC_KP[base]_n100_inst2_run1,base,1230,24794,49588.0,0.46327141700021457,,-4041.0,-4008.0
exp_kp_001,ABC_KP[base]_n100_inst2_run1,base,1240,24994,49988.0,0.4662613330001477,,-4041.0,-4014.0
exp_kp_001,ABC_KP[base]_n100_inst2_run1,base,1250,25194,50388.0,0.46930629199778195,,-4041.0,-4030.0
exp_kp_001,ABC_KP[base]_n100_inst2_run1,base,1260,25399,50798.0,0.47261475000414066,,-4041.0,-4020.0
exp_kp_001,ABC_KP[base]_n100_inst2_run1,base,1270,25601,51202.0,0.47561858300468884,,-4041.0,-4022.0
exp_kp_001,ABC_KP[base]_n100_inst2_run1,base,1280,25802,51604.0,0.4786489169928245,,-4041.0,-4040.0
exp_kp_001,ABC_KP[base]_n100_inst2_run1,base,1290,26004,52008.0,0.48183587499079295,,-4041.0,-3815.0
exp_kp_001,ABC_KP[base]_n100_inst2_run1,base,1300,26204,52408.0,0.4908688750001602,,-4041.0,-3975.0
exp_kp_001,ABC_KP[base]_n100_inst2_run1,base,1310,26404,52808.0,0.49494799999229144,,-4041.0,-4030.0
exp_kp_001,ABC_KP[base]_n100_inst2_run1,base,1320,26607,53214.0,0.4987097499979427,,-4041.0,-4030.0
exp_kp_001,ABC_KP[base]_n100_inst2_run1,base,1330,26811,53622.0,0.5024780419917079,,-4041.0,-3979.0
exp_kp_001,ABC_KP[base]_n100_inst2_run1,base,1340,27012,54024.0,0.5065078329935204,,-4041.0,-4032.0
exp_kp_001,ABC_KP[base]_n100_inst2_run1,base,1350,27212,54424.0,0.5100967500038678,,-4041.0,-4032.0
exp_kp_001,ABC_KP[base]_n100_inst2_run1,base,1360,27414,54828.0,0.5162553330010269,,-4041.0,-3996.0
exp_kp_001,ABC_KP[base]_n100_inst2_run1,base,1370,27615,55230.0,0.5194619579997379,,-4041.0,-4035.0
exp_kp_001,ABC_KP[base]_n100_inst2_run1,base,1380,27817,55634.0,0.5231492500024615,,-4041.0,-4030.0
exp_kp_001,ABC_KP[base]_n100_inst2_run1,base,1390,28018,56036.0,0.5267785420001019,,-4041.0,-4030.0
exp_kp_001,ABC_KP[base]_n100_inst2_run1,base,1400,28220,56440.0,0.5302252080000471,,-4041.0,-4021.0
exp_kp_001,ABC_KP[base]_n100_inst2_run1,base,1410,28421,56842.0,0.534281166997971,,-4041.0,-4026.0
exp_kp_001,ABC_KP[base]_n100_inst2_run1,base,1420,28622,57244.0,0.5375384999933885,,-4041.0,-4021.0
exp_kp_001,ABC_KP[base]_n100_inst2_run1,base,1430,28823,57646.0,0.5409828749980079,,-4041.0,-4030.0
exp_kp_001,ABC_KP[base]_n100_inst2_run1,base,1440,29027,58054.0,0.5443641250021756,,-4041.0,-4030.0
exp_kp_001,ABC_KP[base]_n100_inst2_run1,base,1450,29228,58456.0,0.5481360419944394,,-4041.0,-4030.0
exp_kp_001,ABC_KP[base]_n100_inst2_run1,base,1460,29431,58862.0,0.5520650419930462,,-4041.0,-3934.0
exp_kp_001,ABC_KP[base]_n100_inst2_run1,base,1470,29632,59264.0,0.555442957993364,,-4041.0,-3964.0
exp_kp_001,ABC_KP[base]_n100_inst2_run1,base,1480,29832,59664.0,0.5586643330025254,,-4041.0,-3981.0
exp_kp_001,ABC_KP[base]_n100_inst2_run1,base,1490,30035,60070.0,0.5617337500007125,,-4041.0,-4033.0
exp_kp_001,ABC_KP[base]_n100_inst2_run1,base,1500,30236,60472.0,0.5650567919947207,,-4041.0,-3999.0
exp_kp_001,ABC_KP[base]_n100_inst2_run1,base,1510,30438,60876.0,0.5682792919978965,,-4041.0,-3976.0
exp_kp_001,ABC_KP[base]_n100_inst2_run1,base,1520,30640,61280.0,0.5712659580021864,,-4041.0,-3989.0
exp_kp_001,ABC_KP[base]_n100_inst2_run1,base,1530,30840,61680.0,0.5746452079911251,,-4041.0,-3995.0
exp_kp_001,ABC_KP[base]_n100_inst2_run1,base,1540,31041,62082.0,0.5777916670049308,,-4041.0,-4021.0
exp_kp_001,ABC_KP[base]_n100_inst2_run1,base,1550,31244,62488.0,0.5811154999973951,,-4041.0,-4021.0
exp_kp_001,ABC_KP[base]_n100_inst2_run1,base,1560,31446,62892.0,0.5843311670032563,,-4041.0,-4015.0
exp_kp_001,ABC_KP[base]_n100_inst2_run1,base,1570,31648,63296.0,0.5873132080014329,,-4041.0,-4017.0
exp_kp_001,ABC_KP[base]_n100_inst2_run1,base,1580,31849,63698.0,0.5905504580005072,,-4041.0,-4014.0
exp_kp_001,ABC_KP[base]_n100_inst2_run1,base,1590,32050,64100.0,0.593621833002544,,-4041.0,-4017.0
exp_kp_001,ABC_KP[base]_n100_inst2_run1,base,1600,32251,64502.0,0.5968332499905955,,-4041.0,-4022.0
exp_kp_001,ABC_KP[base]_n100_inst2_run1,base,1610,32452,64904.0,0.6001173330005258,,-4041.0,-4032.0
exp_kp_001,ABC_KP[base]_n100_inst2_run1,base,1620,32653,65306.0,0.6031311669939896,,-4041.0,-4023.0
exp_kp_001,ABC_KP[base]_n100_inst2_run1,base,1630,32854,65708.0,0.6064944999961881,,-4041.0,-4028.0
exp_kp_001,ABC_KP[base]_n100_inst2_run1,base,1640,33056,66112.0,0.6096615419955924,,-4041.0,-4041.0
exp_kp_001,ABC_KP[base]_n100_inst2_run1,base,1650,33260,66520.0,0.6128021670010639,,-4041.0,-3978.0
exp_kp_001,ABC_KP[base]_n100_inst2_run1,base,1660,33460,66920.0,0.6159549169969978,,-4041.0,-4030.0
exp_kp_001,ABC_KP[base]_n100_inst2_run1,base,1670,33661,67322.0,0.6191165420023026,,-4041.0,-4028.0
exp_kp_001,ABC_KP[base]_n100_inst2_run1,base,1680,33862,67724.0,0.6223007079970557,,-4041.0,-4036.0
exp_kp_001,ABC_KP[base]_n100_inst2_run1,base,1690,34064,68128.0,0.6254138749936828,,-4041.0,-4032.0
exp_kp_001,ABC_KP[base]_n100_inst2_run1,base,1700,34266,68532.0,0.6284875830024248,,-4041.0,-4028.0
exp_kp_001,ABC_KP[base]_n100_inst2_run1,base,1710,34470,68940.0,0.6317019999987679,,-4041.0,-3906.0
exp_kp_001,ABC_KP[base]_n100_inst2_run1,base,1720,34671,69342.0,0.6347990829963237,,-4041.0,-3967.0
exp_kp_001,ABC_KP[base]_n100_inst2_run1,base,1730,34871,69742.0,0.6377523330011172,,-4041.0,-3993.0
exp_kp_001,ABC_KP[base]_n100_inst2_run1,base,1740,35072,70144.0,0.6409339999954682,,-4041.0,-4023.0
exp_kp_001,ABC_KP[base]_n100_inst2_run1,base,1750,35273,70546.0,0.644016707999981,,-4041.0,-4040.0
exp_kp_001,ABC_KP[base]_n100_inst2_run1,base,1760,35475,70950.0,0.6471352499938803,,-4041.0,-4038.0
exp_kp_001,ABC_KP[base]_n100_inst2_run1,base,1770,35679,71358.0,0.650172499998007,,-4041.0,-3961.0
exp_kp_001,ABC_KP[base]_n100_inst2_run1,base,1780,35879,71758.0,0.6531665420043282,,-4041.0,-4034.0
exp_kp_001,ABC_KP[base]_n100_inst2_run1,base,1790,36080,72160.0,0.6563688750029542,,-4041.0,-4005.0
exp_kp_001,ABC_KP[base]_n100_inst2_run1,base,1800,36282,72564.0,0.6595658750011353,,-4041.0,-4013.0
exp_kp_001,ABC_KP[base]_n100_inst2_run1,base,1810,36483,72966.0,0.662671500002034,,-4041.0,-3982.0
exp_kp_001,ABC_KP[base]_n100_inst2_run1,base,1820,36685,73370.0,0.6657013749936596,,-4041.0,-3981.0
exp_kp_001,ABC_KP[base]_n100_inst2_run1,base,1830,36885,73770.0,0.6687453329941491,,-4041.0,-4035.0
exp_kp_001,ABC_KP[base]_n100_inst2_run1,base,1840,37087,74174.0,0.6718365419947077,,-4041.0,-4034.0
exp_kp_001,ABC_KP[base]_n100_inst2_run1,base,1850,37292,74584.0,0.6750539999920875,,-4041.0,-4024.0
exp_kp_001,ABC_KP[base]_n100_inst2_run1,base,1860,37493,74986.0,0.6780909999943106,,-4041.0,-3800.0
exp_kp_001,ABC_KP[base]_n100_inst2_run1,base,1870,37693,75386.0,0.6811152919981396,,-4041.0,-4003.0
exp_kp_001,ABC_KP[base]_n100_inst2_run1,base,1880,37893,75786.0,0.6841925000044284,,-4041.0,-4030.0
exp_kp_001,ABC_KP[base]_n100_inst2_run1,base,1890,38095,76190.0,0.6873685829923488,,-4041.0,-4015.0
exp_kp_001,ABC_KP[base]_n100_inst2_run1,base,1900,38296,76592.0,0.6905547079950338,,-4041.0,-4017.0
exp_kp_001,ABC_KP[base]_n100_inst2_run1,base,1910,38499,76998.0,0.6935655830020551,,-4041.0,-4031.0
exp_kp_001,ABC_KP[base]_n100_inst2_run1,base,1920,38702,77404.0,0.6966764999961015,,-4041.0,-4033.0
exp_kp_001,ABC_KP[base]_n100_inst2_run1,base,1930,38905,77810.0,0.699709749998874,,-4041.0,-3844.0
exp_kp_001,ABC_KP[base]_n100_inst2_run1,base,1940,39105,78210.0,0.7026153329934459,,-4041.0,-3918.0
exp_kp_001,ABC_KP[base]_n100_inst2_run1,base,1950,39305,78610.0,0.7057113329938147,,-4041.0,-3992.0
exp_kp_001,ABC_KP[base]_n100_inst2_run1,base,1960,39505,79010.0,0.7086980000021867,,-4041.0,-4030.0
exp_kp_001,ABC_KP[base]_n100_inst2_run1,base,1970,39707,79414.0,0.7117362919962034,,-4041.0,-4032.0
exp_kp_001,ABC_KP[base]_n100_inst2_run1,base,1980,39908,79816.0,0.7149928330036346,,-4041.0,-4030.0
exp_kp_001,ABC_KP[base]_n100_inst2_run1,base,1990,40112,80224.0,0.7181262919912115,,-4041.0,-4037.0
exp_kp_001,ABC_KP[base]_n100_inst2_run1,base,2000,40314,80628.0,0.7211552499938989,,-4041.0,-3932.0
exp_kp_001,ABC_KP[base]_n100_inst2_run1,base,2010,40514,81028.0,0.7242682079959195,,-4041.0,-3938.0
exp_kp_001,ABC_KP[base]_n100_inst2_run1,base,2020,40715,81430.0,0.7272534170042491,,-4041.0,-4024.0
exp_kp_001,ABC_KP[base]_n100_inst2_run1,base,2030,40916,81832.0,0.7303643329942133,,-4041.0,-4019.0
exp_kp_001,ABC_KP[base]_n100_inst2_run1,base,2040,41117,82234.0,0.7334370000025956,,-4041.0,-4032.0
exp_kp_001,ABC_KP[base]_n100_inst2_run1,base,2050,41320,82640.0,0.7365265830012504,,-4041.0,-4032.0
exp_kp_001,ABC_KP[base]_n100_inst2_run1,base,2060,41524,83048.0,0.7407382079982199,,-4041.0,-4001.0
exp_kp_001,ABC_KP[base]_n100_inst2_run1,base,2070,41725,83450.0,0.7461314579995815,,-4041.0,-3693.0
exp_kp_001,ABC_KP[base]_n100_inst2_run1,base,2080,41925,83850.0,0.7496052920032525,,-4041.0,-3868.0
exp_kp_001,ABC_KP[base]_n100_inst2_run1,base,2090,42125,84250.0,0.7528830829978688,,-4041.0,-3997.0
exp_kp_001,ABC_KP[base]_n100_inst2_run1,base,2100,42325,84650.0,0.758619041997008,,-4041.0,-4028.0
exp_kp_001,ABC_KP[base]_n100_inst2_run1,base,2110,42526,85052.0,0.76234558300348,,-4041.0,-4036.0
exp_kp_001,ABC_KP[base]_n100_inst2_run1,base,2120,42731,85462.0,0.7672348329942906,,-4041.0,-4026.0
exp_kp_001,ABC_KP[base]_n100_inst2_run1,base,2130,42933,85866.0,0.7720565829949919,,-4041.0,-3929.0
exp_kp_001,ABC_KP[base]_n100_inst2_run1,base,2140,43134,86268.0,0.7754514169937465,,-4041.0,-4015.0
exp_kp_001,ABC_KP[base]_n100_inst2_run1,base,2150,43335,86670.0,0.7791489170049317,,-4041.0,-3899.0
exp_kp_001,ABC_KP[base]_n100_inst2_run1,base,2160,43535,87070.0,0.7835059170029126,,-4041.0,-3976.0
exp_kp_001,ABC_KP[base]_n100_inst2_run1,base,2170,43735,87470.0,0.7867943750025006,,-4041.0,-4030.0
exp_kp_001,ABC_KP[base]_n100_inst2_run1,base,2180,43937,87874.0,0.7904154169955291,,-4041.0,-4032.0
exp_kp_001,ABC_KP[base]_n100_inst2_run1,base,2190,44141,88282.0,0.7937320829951204,,-4041.0,-4030.0
exp_kp_001,ABC_KP[base]_n100_inst2_run1,base,2200,44343,88686.0,0.7973749579978175,,-4041.0,-4011.0
exp_kp_001,ABC_KP[base]_n100_inst2_run1,base,2210,44544,89088.0,0.8015162079973379,,-4041.0,-3998.0
exp_kp_001,ABC_KP[base]_n100_inst2_run1,base,2220,44745,89490.0,0.8053753330023028,,-4041.0,-3942.0
exp_kp_001,ABC_KP[base]_n100_inst2_run1,base,2230,44945,89890.0,0.8099674169934588,,-4041.0,-4010.0
exp_kp_001,ABC_KP[base]_n100_inst2_run1,base,2240,45146,90292.0,0.8135397500009276,,-4041.0,-4017.0
exp_kp_001,ABC_KP[base]_n100_inst2_run1,base,2250,45346,90692.0,0.8168604999955278,,-4041.0,-4023.0
exp_kp_001,ABC_KP[base]_n100_inst2_run1,base,2260,45551,91102.0,0.8200357079913374,,-4041.0,-3991.0
exp_kp_001,ABC_KP[base]_n100_inst2_run1,base,2270,45753,91506.0,0.8232635419990402,,-4041.0,-4030.0
exp_kp_001,ABC_KP[base]_n100_inst2_run1,base,2280,45955,91910.0,0.8265879999962635,,-4041.0,-3948.0
exp_kp_001,ABC_KP[base]_n100_inst2_run1,base,2290,46155,92310.0,0.8296652919962071,,-4041.0,-4001.0
exp_kp_001,ABC_KP[base]_n100_inst2_run1,base,2300,46355,92710.0,0.8330388329923153,,-4041.0,-4040.0
exp_kp_001,ABC_KP[base]_n100_inst2_run1,base,2310,46555,93110.0,0.8362504999968223,,-4041.0,-4040.0
exp_kp_001,ABC_KP[base]_n100_inst2_run1,base,2320,46760,93520.0,0.8394824580027489,,-4041.0,-4030.0
exp_kp_001,ABC_KP[base]_n100_inst2_run1,base,2330,46962,93924.0,0.8425256250047823,,-4041.0,-4029.0
exp_kp_001,ABC_KP[base]_n100_inst2_run1,base,2340,47164,94328.0,0.8454327499930514,,-4041.0,-3963.0
exp_kp_001,ABC_KP[base]_n100_inst2_run1,base,2350,47365,94730.0,0.8487620419909945,,-4041.0,-3796.0
exp_kp_001,ABC_KP[base]_n100_inst2_run1,base,2360,47565,95130.0,0.8518061249924358,,-4041.0,-3967.0
exp_kp_001,ABC_KP[base]_n100_inst2_run1,base,2370,47765,95530.0,0.8547617500007618,,-4041.0,-4028.0
exp_kp_001,ABC_KP[base]_n100_inst2_run1,base,2380,47965,95930.0,0.8581242079962976,,-4041.0,-4031.0
exp_kp_001,ABC_KP[base]_n100_inst2_run1,base,2390,48170,96340.0,0.8613820000027772,,-4041.0,-4030.0
exp_kp_001,ABC_KP[base]_n100_inst2_run1,base,2400,48373,96746.0,0.8646510419930564,,-4041.0,-4010.0
exp_kp_001,ABC_KP[base]_n100_inst2_run1,base,2410,48575,97150.0,0.8677025829965714,,-4041.0,-3715.0
exp_kp_001,ABC_KP[base]_n100_inst2_run1,base,2420,48775,97550.0,0.8706591249938356,,-4041.0,-3803.0
exp_kp_001,ABC_KP[base]_n100_inst2_run1,base,2430,48975,97950.0,0.8739288749929983,,-4041.0,-3951.0
exp_kp_001,ABC_KP[base]_n100_inst2_run1,base,2440,49175,98350.0,0.8770375829917612,,-4041.0,-4017.0
exp_kp_001,ABC_KP[base]_n100_inst2_run1,base,2450,49375,98750.0,0.8801109999913024,,-4041.0,-4033.0
exp_kp_001,ABC_KP[base]_n100_inst2_run1,base,2460,49578,99156.0,0.8832370419986546,,-4041.0,-4030.0
exp_kp_001,ABC_KP[base]_n100_inst2_run1,base,2470,49784,99568.0,0.8862796250032261,,-4041.0,-4031.0
exp_kp_001,ABC_KP[base]_n100_inst2_run1,base,2480,49984,99968.0,0.8894204169919249,,-4041.0,-4032.0
exp_kp_001,ABC_KP[base]_n100_inst2_run1,base,2490,50185,100370.0,0.8924594999989495,,-4041.0,-3944.0
exp_kp_001,ABC_KP[base]_n100_inst2_run1,base,2499,50365,100730.0,0.8951343329972588,,-4041.0,-4009.0
exp_kp_001,ABC_KP[base]_n100_inst2_run2,base,0,10,20.0,7.95899541117251e-06,,-2865.0,-2865.0
exp_kp_001,ABC_KP[base]_n100_inst2_run2,base,10,210,420.0,0.002953999995952472,,-3453.0,-3453.0
exp_kp_001,ABC_KP[base]_n100_inst2_run2,base,20,410,820.0,0.005888583997148089,,-3705.0,-3705.0
exp_kp_001,ABC_KP[base]_n100_inst2_run2,base,30,610,1220.0,0.008856333995936438,,-3872.0,-3872.0
exp_kp_001,ABC_KP[base]_n100_inst2_run2,base,40,810,1620.0,0.011899416989763267,,-4000.0,-4000.0
exp_kp_001,ABC_KP[base]_n100_inst2_run2,base,50,1010,2020.0,0.015012042000307702,,-4018.0,-4018.0
exp_kp_001,ABC_KP[base]_n100_inst2_run2,base,60,1212,2424.0,0.017984041987801902,,-4028.0,-4028.0
exp_kp_001,ABC_KP[base]_n100_inst2_run2,base,70,1416,2832.0,0.021129291999386624,,-4040.0,-4040.0
exp_kp_001,ABC_KP[base]_n100_inst2_run2,base,80,1619,3238.0,0.024154916987754405,,-4040.0,-4028.0
exp_kp_001,ABC_KP[base]_n100_inst2_run2,base,90,1820,3640.0,0.027129333990160376,,-4040.0,-3829.0
exp_kp_001,ABC_KP[base]_n100_inst2_run2,base,100,2020,4040.0,0.030146708988468163,,-4040.0,-3968.0
exp_kp_001,ABC_KP[base]_n100_inst2_run2,base,110,2220,4440.0,0.03314687499369029,,-4040.0,-4028.0
exp_kp_001,ABC_KP[base]_n100_inst2_run2,base,120,2421,4842.0,0.0361832499911543,,-4040.0,-4034.0
exp_kp_001,ABC_KP[base]_n100_inst2_run2,base,130,2622,5244.0,0.03923958398809191,,-4040.0,-4038.0
exp_kp_001,ABC_KP[base]_n100_inst2_run2,base,140,2825,5650.0,0.042304292001063004,,-4040.0,-4038.0
exp_kp_001,ABC_KP[base]_n100_inst2_run2,base,150,3029,6058.0,0.045595958988997154,,-4040.0,-4012.0
exp_kp_001,ABC_KP[base]_n100_inst2_run2,base,160,3230,6460.0,0.04849733399169054,,-4040.0,-3867.0
exp_kp_001,ABC_KP[base]_n100_inst2_run2,base,170,3430,6860.0,0.05167670900118537,,-4040.0,-3936.0
exp_kp_001,ABC_KP[base]_n100_inst2_run2,base,180,3630,7260.0,0.054724916990380734,,-4040.0,-4033.0
exp_kp_001,ABC_KP[base]_n100_inst2_run2,base,190,3831,7662.0,0.05775554198771715,,-4040.0,-4030.0
exp_kp_001,ABC_KP[base]_n100_inst2_run2,base,200,4033,8066.0,0.060831541995867155,,-4040.0,-4025.0
exp_kp_001,ABC_KP[base]_n100_inst2_run2,base,210,4236,8472.0,0.06388716699439101,,-4040.0,-4030.0
exp_kp_001,ABC_KP[base]_n100_inst2_run2,base,220,4440,8880.0,0.06702312499692198,,-4040.0,-3970.0
exp_kp_001,ABC_KP[base]_n100_inst2_run2,base,230,4641,9282.0,0.06997154199052602,,-4040.0,-3696.0
exp_kp_001,ABC_KP[base]_n100_inst2_run2,base,240,4841,9682.0,0.07295470900135115,,-4040.0,-3837.0
exp_kp_001,ABC_KP[base]_n100_inst2_run2,base,250,5041,10082.0,0.07602745899930596,,-4040.0,-3951.0
exp_kp_001,ABC_KP[base]_n100_inst2_run2,base,260,5241,10482.0,0.07906783399812412,,-4040.0,-4025.0
exp_kp_001,ABC_KP[base]_n100_inst2_run2,base,270,5442,10884.0,0.08221366698853672,,-4040.0,-4037.0
exp_kp_001,ABC_KP[base]_n100_inst2_run2,base,280,5645,11290.0,0.08543424999515992,,-4040.0,-4040.0
exp_kp_001,ABC_KP[base]_n100_inst2_run2,base,290,5848,11696.0,0.08847874999628402,,-4040.0,-4030.0
exp_kp_001,ABC_KP[base]_n100_inst2_run2,base,300,6051,12102.0,0.09161162500095088,,-4040.0,-3860.0
exp_kp_001,ABC_KP[base]_n100_inst2_run2,base,310,6251,12502.0,0.09467258398944978,,-4040.0,-3996.0
exp_kp_001,ABC_KP[base]_n100_inst2_run2,base,320,6452,12904.0,0.10099004198855255,,-4040.0,-4037.0
exp_kp_001,ABC_KP[base]_n100_inst2_run2,base,330,6652,13304.0,0.10447554200072773,,-4040.0,-4037.0
exp_kp_001,ABC_KP[base]_n100_inst2_run2,base,340,6853,13706.0,0.10777916699589696,,-4040.0,-4033.0
exp_kp_001,ABC_KP[base]_n100_inst2_run2,base,350,7058,14116.0,0.11122762499144301,,-4040.0,-4015.0
exp_kp_001,ABC_KP[base]_n100_inst2_run2,base,360,7260,14520.0,0.11483045898785349,,-4040.0,-4017.0
exp_kp_001,ABC_KP[base]_n100_inst2_run2,base,370,7462,14924.0,0.11855012500018347,,-4040.0,-3881.0
exp_kp_001,ABC_KP[base]_n100_inst2_run2,base,380,7662,15324.0,0.1221195839898428,,-4040.0,-3988.0
exp_kp_001,ABC_KP[base]_n100_inst2_run2,base,390,7863,15726.0,0.1269484590011416,,-4040.0,-3978.0
exp_kp_001,ABC_KP[base]_n100_inst2_run2,base,400,8063,16126.0,0.1301358339987928,,-4040.0,-4034.0
exp_kp_001,ABC_KP[base]_n100_inst2_run2,base,410,8266,16532.0,0.13354287498805206,,-4040.0,-4034.0
exp_kp_001,ABC_KP[base]_n100_inst2_run2,base,420,8470,16940.0,0.13692129199625924,,-4040.0,-3933.0
exp_kp_001,ABC_KP[base]_n100_inst2_run2,base,430,8670,17340.0,0.14018099999520928,,-4040.0,-4017.0
exp_kp_001,ABC_KP[base]_n100_inst2_run2,base,440,8871,17742.0,0.14367383399803657,,-4040.0,-4014.0
exp_kp_001,ABC_KP[base]_n100_inst2_run2,base,450,9072,18144.0,0.14687458399566822,,-4040.0,-4026.0
exp_kp_001,ABC_KP[base]_n100_inst2_run2,base,460,9272,18544.0,0.15011133399093524,,-4040.0,-4030.0
exp_kp_001,ABC_KP[base]_n100_inst2_run2,base,470,9475,18950.0,0.15345645899651572,,-4041.0,-4041.0
exp_kp_001,ABC_KP[base]_n100_inst2_run2,base,480,9677,19354.0,0.15682224999181926,,-4041.0,-4037.0
exp_kp_001,ABC_KP[base]_n100_inst2_run2,base,490,9879,19758.0,0.1608847089955816,,-4041.0,-4017.0
exp_kp_001,ABC_KP[base]_n100_inst2_run2,base,500,10081,20162.0,0.164239459001692,,-4041.0,-3876.0
exp_kp_001,ABC_KP[base]_n100_inst2_run2,base,510,10281,20562.0,0.1673692089971155,,-4041.0,-3959.0
exp_kp_001,ABC_KP[base]_n100_inst2_run2,base,520,10482,20964.0,0.17043412500061095,,-4041.0,-4035.0
exp_kp_001,ABC_KP[base]_n100_inst2_run2,base,530,10683,21366.0,0.17359962499176618,,-4041.0,-4041.0
exp_kp_001,ABC_KP[base]_n100_inst2_run2,base,540,10886,21772.0,0.17682012499426492,,-4041.0,-4041.0
exp_kp_001,ABC_KP[base]_n100_inst2_run2,base,550,11087,22174.0,0.17994029200053774,,-4041.0,-3988.0
exp_kp_001,ABC_KP[base]_n100_inst2_run2,base,560,11289,22578.0,0.1829836249962682,,-4041.0,-4014.0
exp_kp_001,ABC_KP[base]_n100_inst2_run2,base,570,11492,22984.0,0.18608120900171343,,-4041.0,-3947.0
exp_kp_001,ABC_KP[base]_n100_inst2_run2,base,580,11692,23384.0,0.1892342499922961,,-4041.0,-4040.0
exp_kp_001,ABC_KP[base]_n100_inst2_run2,base,590,11893,23786.0,0.19321387499803677,,-4041.0,-3995.0
exp_kp_001,ABC_KP[base]_n100_inst2_run2,base,600,12094,24188.0,0.1969491669879062,,-4041.0,-4022.0
exp_kp_001,ABC_KP[base]_n100_inst2_run2,base,610,12295,24590.0,0.2002574590005679,,-4041.0,-4032.0
exp_kp_001,ABC_KP[base]_n100_inst2_run2,base,620,12498,24996.0,0.20339587499620393,,-4041.0,-4031.0
exp_kp_001,ABC_KP[base]_n100_inst2_run2,base,630,12701,25402.0,0.20649783399130683,,-4041.0,-4007.0
exp_kp_001,ABC_KP[base]_n100_inst2_run2,base,640,12902,25804.0,0.20965037499263417,,-4041.0,-4023.0
exp_kp_001,ABC_KP[base]_n100_inst2_run2,base,650,13102,26204.0,0.2126249589928193,,-4041.0,-4035.0
exp_kp_001,ABC_KP[base]_n100_inst2_run2,base,660,13303,26606.0,0.21566058399912436,,-4041.0,-4005.0
exp_kp_001,ABC_KP[base]_n100_inst2_run2,base,670,13503,27006.0,0.21871787498821504,,-4041.0,-4038.0
exp_kp_001,ABC_KP[base]_n100_inst2_run2,base,680,13707,27414.0,0.2218900419975398,,-4041.0,-4040.0
exp_kp_001,ABC_KP[base]_n100_inst2_run2,base,690,13911,27822.0,0.22485837498970795,,-4041.0,-3932.0
exp_kp_001,ABC_KP[base]_n100_inst2_run2,base,700,14111,28222.0,0.22779479199380148,,-4041.0,-4034.0
exp_kp_001,ABC_KP[base]_n100_inst2_run2,base,710,14312,28624.0,0.23076287499861792,,-4041.0,-4017.0
exp_kp_001,ABC_KP[base]_n100_inst2_run2,base,720,14514,29028.0,0.2337679170013871,,-4041.0,-3966.0
exp_kp_001,ABC_KP[base]_n100_inst2_run2,base,730,14714,29428.0,0.23674683399440255,,-4041.0,-3995.0
exp_kp_001,ABC_KP[base]_n100_inst2_run2,base,740,14915,29830.0,0.23973116699198727,,-4041.0,-4036.0
exp_kp_001,ABC_KP[base]_n100_inst2_run2,base,750,15117,30234.0,0.2428152089996729,,-4041.0,-4019.0
exp_kp_001,ABC_KP[base]_n100_inst2_run2,base,760,15319,30638.0,0.2459147089975886,,-4041.0,-4038.0
exp_kp_001,ABC_KP[base]_n100_inst2_run2,base,770,15522,31044.0,0.24901433399645612,,-4041.0,-4006.0
exp_kp_001,ABC_KP[base]_n100_inst2_run2,base,780,15723,31446.0,0.2520082089904463,,-4041.0,-3929.0
exp_kp_001,ABC_KP[base]_n100_inst2_run2,base,790,15923,31846.0,0.25501362499198876,,-4041.0,-3987.0
exp_kp_001,ABC_KP[base]_n100_inst2_run2,base,800,16123,32246.0,0.25806566698884126,,-4041.0,-4036.0
exp_kp_001,ABC_KP[base]_n100_inst2_run2,base,810,16324,32648.0,0.2611424589995295,,-4041.0,-4040.0
exp_kp_001,ABC_KP[base]_n100_inst2_run2,base,820,16526,33052.0,0.2641218339995248,,-4041.0,-4040.0
exp_kp_001,ABC_KP[base]_n100_inst2_run2,base,830,16732,33464.0,0.2671602499904111,,-4041.0,-4021.0
exp_kp_001,ABC_KP[base]_n100_inst2_run2,base,840,16933,33866.0,0.2701413339964347,,-4041.0,-3760.0
exp_kp_001,ABC_KP[base]_n100_inst2_run2,base,850,17133,34266.0,0.27310299999953713,,-4041.0,-3837.0
exp_kp_001,ABC_KP[base]_n100_inst2_run2,base,860,17334,34668.0,0.27619266699184664,,-4041.0,-3980.0
exp_kp_001,ABC_KP[base]_n100_inst2_run2,base,870,17534,35068.0,0.2791893339890521,,-4041.0,-4012.0
exp_kp_001,ABC_KP[base]_n100_inst2_run2,base,880,17737,35474.0,0.2823481249943143,,-4041.0,-4023.0
exp_kp_001,ABC_KP[base]_n100_inst2_run2,base,890,17937,35874.0,0.286003166998853,,-4041.0,-4036.0
exp_kp_001,ABC_KP[base]_n100_inst2_run2,base,900,18142,36284.0,0.2895869999920251,,-4041.0,-4036.0
exp_kp_001,ABC_KP[base]_n100_inst2_run2,base,910,18344,36688.0,0.2985591249889694,,-4041.0,-3881.0
exp_kp_001,ABC_KP[base]_n100_inst2_run2,base,920,18544,37088.0,0.30184204199758824,,-4041.0,-3939.0
exp_kp_001,ABC_KP[base]_n100_inst2_run2,base,930,18745,37490.0,0.3052506249950966,,-4041.0,-4008.0
exp_kp_001,ABC_KP[base]_n100_inst2_run2,base,940,18945,37890.0,0.3088198339974042,,-4041.0,-4035.0
exp_kp_001,ABC_KP[base]_n100_inst2_run2,base,950,19148,38296.0,0.312516041987692,,-4041.0,-4035.0
exp_kp_001,ABC_KP[base]_n100_inst2_run2,base,960,19349,38698.0,0.31570883399399463,,-4041.0,-4038.0
exp_kp_001,ABC_KP[base]_n100_inst2_run2,base,970,19552,39104.0,0.3189116669964278,,-4041.0,-4038.0
exp_kp_001,ABC_KP[base]_n100_inst2_run2,base,980,19753,39506.0,0.3221299589931732,,-4041.0,-4019.0
exp_kp_001,ABC_KP[base]_n100_inst2_run2,base,990,19954,39908.0,0.32530904198938515,,-4041.0,-3987.0
exp_kp_001,ABC_KP[base]_n100_inst2_run2,base,1000,20154,40308.0,0.3284879999991972,,-4041.0,-4017.0
exp_kp_001,ABC_KP[base]_n100_inst2_run2,base,1010,20354,40708.0,0.3316961669916054,,-4041.0,-4030.0
exp_kp_001,ABC_KP[base]_n100_inst2_run2,base,1020,20557,41114.0,0.334932083991589,,-4041.0,-4030.0
exp_kp_001,ABC_KP[base]_n100_inst2_run2,base,1030,20760,41520.0,0.33833916699222755,,-4041.0,-4041.0
exp_kp_001,ABC_KP[base]_n100_inst2_run2,base,1040,20962,41924.0,0.341605958994478,,-4041.0,-4041.0
exp_kp_001,ABC_KP[base]_n100_inst2_run2,base,1050,21163,42326.0,0.3523274589970242,,-4041.0,-3937.0
exp_kp_001,ABC_KP[base]_n100_inst2_run2,base,1060,21363,42726.0,0.3558273339876905,,-4041.0,-4032.0
exp_kp_001,ABC_KP[base]_n100_inst2_run2,base,1070,21564,43128.0,0.35947141698852647,,-4041.0,-4040.0
exp_kp_001,ABC_KP[base]_n100_inst2_run2,base,1080,21766,43532.0,0.36340370899415575,,-4041.0,-4026.0
exp_kp_001,ABC_KP[base]_n100_inst2_run2,base,1090,21970,43940.0,0.3673077919956995,,-4041.0,-3965.0
exp_kp_001,ABC_KP[base]_n100_inst2_run2,base,1100,22170,44340.0,0.3708224169968162,,-4041.0,-4023.0
exp_kp_001,ABC_KP[base]_n100_inst2_run2,base,1110,22371,44742.0,0.37624783399223816,,-4041.0,-3999.0
exp_kp_001,ABC_KP[base]_n100_inst2_run2,base,1120,22571,45142.0,0.37952449999284,,-4041.0,-4040.0
exp_kp_001,ABC_KP[base]_n100_inst2_run2,base,1130,22774,45548.0,0.38282487499236595,,-4041.0,-4040.0
exp_kp_001,ABC_KP[base]_n100_inst2_run2,base,1140,22975,45950.0,0.3860562089976156,,-4041.0,-4041.0
exp_kp_001,ABC_KP[base]_n100_inst2_run2,base,1150,23179,46358.0,0.38941066699044313,,-4041.0,-4040.0
exp_kp_001,ABC_KP[base]_n100_inst2_run2,base,1160,23381,46762.0,0.393225749998237,,-4041.0,-3764.0
exp_kp_001,ABC_KP[base]_n100_inst2_run2,base,1170,23581,47162.0,0.3964146669895854,,-4041.0,-3881.0
exp_kp_001,ABC_KP[base]_n100_inst2_run2,base,1180,23781,47562.0,0.3995630839926889,,-4041.0,-4021.0
exp_kp_001,ABC_KP[base]_n100_inst2_run2,base,1190,23982,47964.0,0.4026506249938393,,-4041.0,-4030.0
exp_kp_001,ABC_KP[base]_n100_inst2_run2,base,1200,24185,48370.0,0.4059752089960966,,-4041.0,-4030.0
exp_kp_001,ABC_KP[base]_n100_inst2_run2,base,1210,24390,48780.0,0.40976304200012237,,-4041.0,-3794.0
exp_kp_001,ABC_KP[base]_n100_inst2_run2,base,1220,24590,49180.0,0.41323104199545924,,-4041.0,-3842.0
exp_kp_001,ABC_KP[base]_n100_inst2_run2,base,1230,24791,49582.0,0.41631862499343697,,-4041.0,-3935.0
exp_kp_001,ABC_KP[base]_n100_inst2_run2,base,1240,24992,49984.0,0.4193441669922322,,-4041.0,-3901.0
exp_kp_001,ABC_KP[base]_n100_inst2_run2,base,1250,25192,50384.0,0.42227916698902845,,-4041.0,-3978.0
exp_kp_001,ABC_KP[base]_n100_inst2_run2,base,1260,25393,50786.0,0.42536354198819026,,-4041.0,-4040.0
exp_kp_001,ABC_KP[base]_n100_inst2_run2,base,1270,25594,51188.0,0.4285452920012176,,-4041.0,-4040.0
exp_kp_001,ABC_KP[base]_n100_inst2_run2,base,1280,25798,51596.0,0.43167966698820237,,-4041.0,-4036.0
exp_kp_001,ABC_KP[base]_n100_inst2_run2,base,1290,26001,52002.0,0.434696708995034,,-4041.0,-3990.0
exp_kp_001,ABC_KP[base]_n100_inst2_run2,base,1300,26201,52402.0,0.4377294589939993,,-4041.0,-4031.0
exp_kp_001,ABC_KP[base]_n100_inst2_run2,base,1310,26402,52804.0,0.4407718339934945,,-4041.0,-4040.0
exp_kp_001,ABC_KP[base]_n100_inst2_run2,base,1320,26603,53206.0,0.44388574999175034,,-4041.0,-4040.0
exp_kp_001,ABC_KP[base]_n100_inst2_run2,base,1330,26806,53612.0,0.4469743340014247,,-4041.0,-4040.0
exp_kp_001,ABC_KP[base]_n100_inst2_run2,base,1340,27007,54014.0,0.450091374994372,,-4041.0,-4022.0
exp_kp_001,ABC_KP[base]_n100_inst2_run2,base,1350,27210,54420.0,0.4531613339931937,,-4041.0,-3949.0
exp_kp_001,ABC_KP[base]_n100_inst2_run2,base,1360,27410,54820.0,0.45618312498845626,,-4041.0,-3988.0
exp_kp_001,ABC_KP[base]_n100_inst2_run2,base,1370,27610,55220.0,0.459296249988256,,-4041.0,-4026.0
exp_kp_001,ABC_KP[base]_n100_inst2_run2,base,1380,27811,55622.0,0.4624801669997396,,-4041.0,-4034.0
exp_kp_001,ABC_KP[base]_n100_inst2_run2,base,1390,28011,56022.0,0.46559645899105817,,-4041.0,-4040.0
exp_kp_001,ABC_KP[base]_n100_inst2_run2,base,1400,28213,56426.0,0.4686448339925846,,-4041.0,-4040.0
exp_kp_001,ABC_KP[base]_n100_inst2_run2,base,1410,28418,56836.0,0.471708666998893,,-4041.0,-4038.0
exp_kp_001,ABC_KP[base]_n100_inst2_run2,base,1420,28620,57240.0,0.47466862500004936,,-4041.0,-3738.0
exp_kp_001,ABC_KP[base]_n100_inst2_run2,base,1430,28820,57640.0,0.47760604199720547,,-4041.0,-3936.0
exp_kp_001,ABC_KP[base]_n100_inst2_run2,base,1440,29021,58042.0,0.4805992920009885,,-4041.0,-3849.0
exp_kp_001,ABC_KP[base]_n100_inst2_run2,base,1450,29221,58442.0,0.4835935419978341,,-4041.0,-4040.0
exp_kp_001,ABC_KP[base]_n100_inst2_run2,base,1460,29422,58844.0,0.4866383339976892,,-4041.0,-4040.0
exp_kp_001,ABC_KP[base]_n100_inst2_run2,base,1470,29624,59248.0,0.4897111249883892,,-4041.0,-4040.0
exp_kp_001,ABC_KP[base]_n100_inst2_run2,base,1480,29830,59660.0,0.49279462499544024,,-4041.0,-3536.0
exp_kp_001,ABC_KP[base]_n100_inst2_run2,base,1490,30030,60060.0,0.4958903749939054,,-4041.0,-3649.0
exp_kp_001,ABC_KP[base]_n100_inst2_run2,base,1500,30230,60460.0,0.49892379199445713,,-4041.0,-3818.0
exp_kp_001,ABC_KP[base]_n100_inst2_run2,base,1510,30430,60860.0,0.5019010419928236,,-4041.0,-3993.0
exp_kp_001,ABC_KP[base]_n100_inst2_run2,base,1520,30631,61262.0,0.5049625419924268,,-4041.0,-4021.0
exp_kp_001,ABC_KP[base]_n100_inst2_run2,base,1530,30832,61664.0,0.5079839999962132,,-4041.0,-4032.0
exp_kp_001,ABC_KP[base]_n100_inst2_run2,base,1540,31038,62076.0,0.5112165419996018,,-4041.0,-3958.0
exp_kp_001,ABC_KP[base]_n100_inst2_run2,base,1550,31239,62478.0,0.5141929589881329,,-4041.0,-3983.0
exp_kp_001,ABC_KP[base]_n100_inst2_run2,base,1560,31440,62880.0,0.5171976249985164,,-4041.0,-3829.0
exp_kp_001,ABC_KP[base]_n100_inst2_run2,base,1570,31640,63280.0,0.5201998749980703,,-4041.0,-3981.0
exp_kp_001,ABC_KP[base]_n100_inst2_run2,base,1580,31841,63682.0,0.5231762089970289,,-4041.0,-3990.0
exp_kp_001,ABC_KP[base]_n100_inst2_run2,base,1590,32043,64086.0,0.5261529169947607,,-4041.0,-3956.0
exp_kp_001,ABC_KP[base]_n100_inst2_run2,base,1600,32243,64486.0,0.5291877089912305,,-4041.0,-4040.0
exp_kp_001,ABC_KP[base]_n100_inst2_run2,base,1610,32445,64890.0,0.5322788339981344,,-4041.0,-4028.0
exp_kp_001,ABC_KP[base]_n100_inst2_run2,base,1620,32650,65300.0,0.5352444589952938,,-4041.0,-3470.0
exp_kp_001,ABC_KP[base]_n100_inst2_run2,base,1630,32851,65702.0,0.5381897089973791,,-4041.0,-3807.0
exp_kp_001,ABC_KP[base]_n100_inst2_run2,base,1640,33051,66102.0,0.5410990839882288,,-4041.0,-3951.0
exp_kp_001,ABC_KP[base]_n100_inst2_run2,base,1650,33252,66504.0,0.5441629999986617,,-4041.0,-3854.0
exp_kp_001,ABC_KP[base]_n100_inst2_run2,base,1660,33452,66904.0,0.5471698749897769,,-4041.0,-4014.0
exp_kp_001,ABC_KP[base]_n100_inst2_run2,base,1670,33652,67304.0,0.5501949999888893,,-4041.0,-4037.0
exp_kp_001,ABC_KP[base]_n100_inst2_run2,base,1680,33853,67706.0,0.5532721249910537,,-4041.0,-4037.0
exp_kp_001,ABC_KP[base]_n100_inst2_run2,base,1690,34056,68112.0,0.5563123339961749,,-4041.0,-4040.0
exp_kp_001,ABC_KP[base]_n100_inst2_run2,base,1700,34262,68524.0,0.5593945839937078,,-4041.0,-3757.0
exp_kp_001,ABC_KP[base]_n100_inst2_run2,base,1710,34462,68924.0,0.5623711249936605,,-4041.0,-3891.0
exp_kp_001,ABC_KP[base]_n100_inst2_run2,base,1720,34662,69324.0,0.5653635419876082,,-4041.0,-4000.0
exp_kp_001,ABC_KP[base]_n100_inst2_run2,base,1730,34862,69724.0,0.5683937499998137,,-4041.0,-4040.0
exp_kp_001,ABC_KP[base]_n100_inst2_run2,base,1740,35063,70126.0,0.5715247089974582,,-4041.0,-4021.0
exp_kp_001,ABC_KP[base]_n100_inst2_run2,base,1750,35264,70528.0,0.5745534589950694,,-4041.0,-4034.0
exp_kp_001,ABC_KP[base]_n100_inst2_run2,base,1760,35470,70940.0,0.5775792089989409,,-4041.0,-4025.0
exp_kp_001,ABC_KP[base]_n100_inst2_run2,base,1770,35671,71342.0,0.5806184169923654,,-4041.0,-3926.0
exp_kp_001,ABC_KP[base]_n100_inst2_run2,base,1780,35872,71744.0,0.5836847499886062,,-4041.0,-3964.0
exp_kp_001,ABC_KP[base]_n100_inst2_run2,base,1790,36072,72144.0,0.5866815839981427,,-4041.0,-4032.0
exp_kp_001,ABC_KP[base]_n100_inst2_run2,base,1800,36274,72548.0,0.5897073749947594,,-4041.0,-4011.0
exp_kp_001,ABC_KP[base]_n100_inst2_run2,base,1810,36475,72950.0,0.5927668749936856,,-4041.0,-4026.0
exp_kp_001,ABC_KP[base]_n100_inst2_run2,base,1820,36677,73354.0,0.5958195839921245,,-4041.0,-4037.0
exp_kp_001,ABC_KP[base]_n100_inst2_run2,base,1830,36880,73760.0,0.598803125001723,,-4041.0,-3973.0
exp_kp_001,ABC_KP[base]_n100_inst2_run2,base,1840,37080,74160.0,0.6027355419937521,,-4041.0,-4035.0
exp_kp_001,ABC_KP[base]_n100_inst2_run2,base,1850,37282,74564.0,0.6079918339964934,,-4041.0,-4021.0
exp_kp_001,ABC_KP[base]_n100_inst2_run2,base,1860,37482,74964.0,0.6113844999927096,,-4041.0,-4034.0
exp_kp_001,ABC_KP[base]_n100_inst2_run2,base,1870,37683,75366.0,0.6146236249915091,,-4041.0,-4028.0
exp_kp_001,ABC_KP[base]_n100_inst2_run2,base,1880,37883,75766.0,0.6179165840003407,,-4041.0,-4037.0
exp_kp_001,ABC_KP[base]_n100_inst2_run2,base,1890,38086,76172.0,0.621713374988758,,-4041.0,-4031.0
exp_kp_001,ABC_KP[base]_n100_inst2_run2,base,1900,38289,76578.0,0.625006874994142,,-4041.0,-4035.0
exp_kp_001,ABC_KP[base]_n100_inst2_run2,base,1910,38490,76980.0,0.628971250000177,,-4041.0,-4008.0
exp_kp_001,ABC_KP[base]_n100_inst2_run2,base,1920,38692,77384.0,0.6331400419876445,,-4041.0,-3989.0
exp_kp_001,ABC_KP[base]_n100_inst2_run2,base,1930,38892,77784.0,0.6364343749883119,,-4041.0,-3993.0
exp_kp_001,ABC_KP[base]_n100_inst2_run2,base,1940,39093,78186.0,0.6396906669979217,,-4041.0,-4003.0
exp_kp_001,ABC_KP[base]_n100_inst2_run2,base,1950,39293,78586.0,0.6430471669882536,,-4041.0,-4030.0
exp_kp_001,ABC_KP[base]_n100_inst2_run2,base,1960,39497,78994.0,0.6463796669995645,,-4041.0,-4040.0
exp_kp_001,ABC_KP[base]_n100_inst2_run2,base,1970,39702,79404.0,0.6494534169905819,,-4041.0,-3864.0
exp_kp_001,ABC_KP[base]_n100_inst2_run2,base,1980,39902,79804.0,0.6525475419912254,,-4041.0,-3982.0
exp_kp_001,ABC_KP[base]_n100_inst2_run2,base,1990,40103,80206.0,0.655749375000596,,-4041.0,-3857.0
exp_kp_001,ABC_KP[base]_n100_inst2_run2,base,2000,40303,80606.0,0.6589851669996278,,-4041.0,-4005.0
exp_kp_001,ABC_KP[base]_n100_inst2_run2,base,2010,40503,81006.0,0.662194874996203,,-4041.0,-4010.0
exp_kp_001,ABC_KP[base]_n100_inst2_run2,base,2020,40704,81408.0,0.6661001249885885,,-4041.0,-4035.0
exp_kp_001,ABC_KP[base]_n100_inst2_run2,base,2030,40907,81814.0,0.6697001669963356,,-4041.0,-4037.0
exp_kp_001,ABC_KP[base]_n100_inst2_run2,base,2040,41110,82220.0,0.6729053749877494,,-4041.0,-4035.0
exp_kp_001,ABC_KP[base]_n100_inst2_run2,base,2050,41312,82624.0,0.6759077089955099,,-4041.0,-3986.0
exp_kp_001,ABC_KP[base]_n100_inst2_run2,base,2060,41512,83024.0,0.6789135419967351,,-4041.0,-3987.0
exp_kp_001,ABC_KP[base]_n100_inst2_run2,base,2070,41713,83426.0,0.681902791999164,,-4041.0,-3931.0
exp_kp_001,ABC_KP[base]_n100_inst2_run2,base,2080,41913,83826.0,0.6850792920013191,,-4041.0,-4040.0
exp_kp_001,ABC_KP[base]_n100_inst2_run2,base,2090,42113,84226.0,0.6883172919915523,,-4041.0,-4040.0
exp_kp_001,ABC_KP[base]_n100_inst2_run2,base,2100,42319,84638.0,0.6915108339890139,,-4041.0,-4013.0
exp_kp_001,ABC_KP[base]_n100_inst2_run2,base,2110,42521,85042.0,0.6945854169898666,,-4041.0,-4013.0
exp_kp_001,ABC_KP[base]_n100_inst2_run2,base,2120,42722,85444.0,0.6975987499899929,,-4041.0,-4017.0
exp_kp_001,ABC_KP[base]_n100_inst2_run2,base,2130,42923,85846.0,0.7006345839909045,,-4041.0,-3875.0
exp_kp_001,ABC_KP[base]_n100_inst2_run2,base,2140,43123,86246.0,0.7036852089950116,,-4041.0,-3947.0
exp_kp_001,ABC_KP[base]_n100_inst2_run2,base,2150,43324,86648.0,0.7066968750004889,,-4041.0,-4021.0
exp_kp_001,ABC_KP[base]_n100_inst2_run2,base,2160,43526,87052.0,0.7097518340015085,,-4041.0,-4040.0
exp_kp_001,ABC_KP[base]_n100_inst2_run2,base,2170,43729,87458.0,0.7128839169890853,,-4041.0,-4030.0
exp_kp_001,ABC_KP[base]_n100_inst2_run2,base,2180,43932,87864.0,0.7159190839884104,,-4041.0,-4003.0
exp_kp_001,ABC_KP[base]_n100_inst2_run2,base,2190,44134,88268.0,0.7190334999904735,,-4041.0,-3605.0
exp_kp_001,ABC_KP[base]_n100_inst2_run2,base,2200,44334,88668.0,0.7221388339967234,,-4041.0,-3795.0
exp_kp_001,ABC_KP[base]_n100_inst2_run2,base,2210,44534,89068.0,0.7251186249923194,,-4041.0,-3879.0
exp_kp_001,ABC_KP[base]_n100_inst2_run2,base,2220,44734,89468.0,0.728226666993578,,-4041.0,-3984.0
exp_kp_001,ABC_KP[base]_n100_inst2_run2,base,2230,44934,89868.0,0.731348708999576,,-4041.0,-4021.0
exp_kp_001,ABC_KP[base]_n100_inst2_run2,base,2240,45137,90274.0,0.7345169589971192,,-4041.0,-4037.0
exp_kp_001,ABC_KP[base]_n100_inst2_run2,base,2250,45341,90682.0,0.7376039590017172,,-4041.0,-4030.0
exp_kp_001,ABC_KP[base]_n100_inst2_run2,base,2260,45543,91086.0,0.740514749995782,,-4041.0,-3990.0
exp_kp_001,ABC_KP[base]_n100_inst2_run2,base,2270,45744,91488.0,0.743544541997835,,-4041.0,-3651.0
exp_kp_001,ABC_KP[base]_n100_inst2_run2,base,2280,45944,91888.0,0.7466973339905962,,-4041.0,-3870.0
exp_kp_001,ABC_KP[base]_n100_inst2_run2,base,2290,46144,92288.0,0.7497378339903662,,-4041.0,-3989.0
exp_kp_001,ABC_KP[base]_n100_inst2_run2,base,2300,46345,92690.0,0.753025041994988,,-4041.0,-4034.0
exp_kp_001,ABC_KP[base]_n100_inst2_run2,base,2310,46546,93092.0,0.7560647499922197,,-4041.0,-4034.0
exp_kp_001,ABC_KP[base]_n100_inst2_run2,base,2320,46747,93494.0,0.7591449999890756,,-4041.0,-4040.0
exp_kp_001,ABC_KP[base]_n100_inst2_run2,base,2330,46954,93908.0,0.7624011250009062,,-4041.0,-3396.0
exp_kp_001,ABC_KP[base]_n100_inst2_run2,base,2340,47154,94308.0,0.7653519589948701,,-4041.0,-3549.0
exp_kp_001,ABC_KP[base]_n100_inst2_run2,base,2350,47354,94708.0,0.7685123749979539,,-4041.0,-3758.0
exp_kp_001,ABC_KP[base]_n100_inst2_run2,base,2360,47554,95108.0,0.771711041990784,,-4041.0,-3947.0
exp_kp_001,ABC_KP[base]_n100_inst2_run2,base,2370,47754,95508.0,0.7747442089894321,,-4041.0,-4033.0
exp_kp_001,ABC_KP[base]_n100_inst2_run2,base,2380,47956,95912.0,0.7779832499945769,,-4041.0,-4040.0
exp_kp_001,ABC_KP[base]_n100_inst2_run2,base,2390,48158,96316.0,0.7811272499966435,,-4041.0,-4040.0
exp_kp_001,ABC_KP[base]_n100_inst2_run2,base,2400,48364,96728.0,0.7846918339928379,,-4041.0,-3334.0
exp_kp_001,ABC_KP[base]_n100_inst2_run2,base,2410,48564,97128.0,0.7878219169942895,,-4041.0,-3823.0
exp_kp_001,ABC_KP[base]_n100_inst2_run2,base,2420,48764,97528.0,0.7908202089893166,,-4041.0,-3924.0
exp_kp_001,ABC_KP[base]_n100_inst2_run2,base,2430,48964,97928.0,0.793833709001774,,-4041.0,-4032.0
exp_kp_001,ABC_KP[base]_n100_inst2_run2,base,2440,49165,98330.0,0.7973727499920642,,-4041.0,-4034.0
exp_kp_001,ABC_KP[base]_n100_inst2_run2,base,2450,49367,98734.0,0.8005704169918317,,-4041.0,-4030.0
exp_kp_001,ABC_KP[base]_n100_inst2_run2,base,2460,49570,99140.0,0.8037081249931362,,-4041.0,-4030.0
exp_kp_001,ABC_KP[base]_n100_inst2_run2,base,2470,49773,99546.0,0.8071882499934873,,-4041.0,-4021.0
exp_kp_001,ABC_KP[base]_n100_inst2_run2,base,2480,49973,99946.0,0.8103067920019384,,-4041.0,-4040.0
exp_kp_001,ABC_KP[base]_n100_inst2_run2,base,2490,50174,100348.0,0.813594874998671,,-4041.0,-4011.0
exp_kp_001,ABC_KP[base]_n100_inst2_run2,base,2499,50355,100710.0,0.8163220839924179,,-4041.0,-4035.0
exp_kp_001,ABC_KP[base]_n100_inst3_run0,base,0,10,20.0,8.082992280833423e-06,,-2886.0,-2886.0
exp_kp_001,ABC_KP[base]_n100_inst3_run0,base,10,210,420.0,0.0029041669913567603,,-3236.0,-3236.0
exp_kp_001,ABC_KP[base]_n100_inst3_run0,base,20,410,820.0,0.006167791987536475,,-3418.0,-3418.0
exp_kp_001,ABC_KP[base]_n100_inst3_run0,base,30,610,1220.0,0.009339208001620136,,-3673.0,-3673.0
exp_kp_001,ABC_KP[base]_n100_inst3_run0,base,40,810,1620.0,0.012637583000469021,,-3757.0,-3757.0
exp_kp_001,ABC_KP[base]_n100_inst3_run0,base,50,1010,2020.0,0.015857166989007965,,-3880.0,-3880.0
exp_kp_001,ABC_KP[base]_n100_inst3_run0,base,60,1210,2420.0,0.01916737499414012,,-3880.0,-3880.0
exp_kp_001,ABC_KP[base]_n100_inst3_run0,base,70,1414,2828.0,0.022448999996413477,,-3880.0,-3880.0
exp_kp_001,ABC_KP[base]_n100_inst3_run0,base,80,1617,3234.0,0.0257425419986248,,-3880.0,-3871.0
exp_kp_001,ABC_KP[base]_n100_inst3_run0,base,90,1820,3640.0,0.028824832988902926,,-3880.0,-3714.0
exp_kp_001,ABC_KP[base]_n100_inst3_run0,base,100,2020,4040.0,0.03182841699162964,,-3880.0,-3818.0
exp_kp_001,ABC_KP[base]_n100_inst3_run0,base,110,2220,4440.0,0.03735499999311287,,-3880.0,-3849.0
exp_kp_001,ABC_KP[base]_n100_inst3_run0,base,120,2421,4842.0,0.04319895799562801,,-3880.0,-3849.0
exp_kp_001,ABC_KP[base]_n100_inst3_run0,base,130,2621,5242.0,0.04664704199240077,,-3880.0,-3868.0
exp_kp_001,ABC_KP[base]_n100_inst3_run0,base,140,2824,5648.0,0.04999654198763892,,-3880.0,-3873.0
exp_kp_001,ABC_KP[base]_n100_inst3_run0,base,150,3026,6052.0,0.05331033299444243,,-3880.0,-3873.0
exp_kp_001,ABC_KP[base]_n100_inst3_run0,base,160,3229,6458.0,0.05650095798773691,,-3880.0,-3873.0
exp_kp_001,ABC_KP[base]_n100_inst3_run0,base,170,3430,6860.0,0.06012866699893493,,-3880.0,-3802.0
exp_kp_001,ABC_KP[base]_n100_inst3_run0,base,180,3630,7260.0,0.06543937500100583,,-3880.0,-3833.0
exp_kp_001,ABC_KP[base]_n100_inst3_run0,base,190,3831,7662.0,0.0686913329991512,,-3880.0,-3837.0
exp_kp_001,ABC_KP[base]_n100_inst3_run0,base,200,4031,8062.0,0.07201999999233522,,-3880.0,-3846.0
exp_kp_001,ABC_KP[base]_n100_inst3_run0,base,210,4233,8466.0,0.07579762498789933,,-3880.0,-3876.0
exp_kp_001,ABC_KP[base]_n100_inst3_run0,base,220,4435,8870.0,0.07963033299893141,,-3880.0,-3880.0
exp_kp_001,ABC_KP[base]_n100_inst3_run0,base,230,4637,9274.0,0.08293208299437538,,-3880.0,-3874.0
exp_kp_001,ABC_KP[base]_n100_inst3_run0,base,240,4840,9680.0,0.0861172919976525,,-3880.0,-3773.0
exp_kp_001,ABC_KP[base]_n100_inst3_run0,base,250,5040,10080.0,0.08919712499482557,,-3880.0,-3880.0
exp_kp_001,ABC_KP[base]_n100_inst3_run0,base,260,5243,10486.0,0.09245708299567923,,-3880.0,-3878.0
exp_kp_001,ABC_KP[base]_n100_inst3_run0,base,270,5444,10888.0,0.09592879199772142,,-3880.0,-3805.0
exp_kp_001,ABC_KP[base]_n100_inst3_run0,base,280,5644,11288.0,0.0995362079993356,,-3880.0,-3863.0
exp_kp_001,ABC_KP[base]_n100_inst3_run0,base,290,5846,11692.0,0.10331112499989104,,-3880.0,-3880.0
exp_kp_001,ABC_KP[base]_n100_inst3_run0,base,300,6050,12100.0,0.10656641698733438,,-3880.0,-3768.0
exp_kp_001,ABC_KP[base]_n100_inst3_run0,base,310,6250,12500.0,0.10965074998966884,,-3880.0,-3836.0
exp_kp_001,ABC_KP[base]_n100_inst3_run0,base,320,6451,12902.0,0.11266795799019746,,-3880.0,-3830.0
exp_kp_001,ABC_KP[base]_n100_inst3_run0,base,330,6651,13302.0,0.11574249999830499,,-3880.0,-3867.0
exp_kp_001,ABC_KP[base]_n100_inst3_run0,base,340,6851,13702.0,0.11885433299175929,,-3880.0,-3875.0
exp_kp_001,ABC_KP[base]_n100_inst3_run0,base,350,7057,14114.0,0.12211616699642036,,-3880.0,-3850.0
exp_kp_001,ABC_KP[base]_n100_inst3_run0,base,360,7259,14518.0,0.12511116699897684,,-3880.0,-3721.0
exp_kp_001,ABC_KP[base]_n100_inst3_run0,base,370,7461,14922.0,0.12829479199717753,,-3880.0,-3684.0
exp_kp_001,ABC_KP[base]_n100_inst3_run0,base,380,7661,15322.0,0.13137287499557715,,-3880.0,-3804.0
exp_kp_001,ABC_KP[base]_n100_inst3_run0,base,390,7861,15722.0,0.1344009169988567,,-3880.0,-3851.0
exp_kp_001,ABC_KP[base]_n100_inst3_run0,base,400,8062,16124.0,0.13743866699223872,,-3880.0,-3871.0
exp_kp_001,ABC_KP[base]_n100_inst3_run0,base,410,8263,16526.0,0.1405730419937754,,-3880.0,-3880.0
exp_kp_001,ABC_KP[base]_n100_inst3_run0,base,420,8466,16932.0,0.14376795799762476,,-3880.0,-3880.0
exp_kp_001,ABC_KP[base]_n100_inst3_run0,base,430,8669,17338.0,0.14687658299226314,,-3880.0,-3880.0
exp_kp_001,ABC_KP[base]_n100_inst3_run0,base,440,8871,17742.0,0.1499932919978164,,-3880.0,-3876.0
exp_kp_001,ABC_KP[base]_n100_inst3_run0,base,450,9072,18144.0,0.15297224999812897,,-3880.0,-3841.0
exp_kp_001,ABC_KP[base]_n100_inst3_run0,base,460,9272,18544.0,0.15602970799955074,,-3880.0,-3877.0
exp_kp_001,ABC_KP[base]_n100_inst3_run0,base,470,9474,18948.0,0.15918083299766295,,-3880.0,-3861.0
exp_kp_001,ABC_KP[base]_n100_inst3_run0,base,480,9675,19350.0,0.16225012499489821,,-3880.0,-3873.0
exp_kp_001,ABC_KP[base]_n100_inst3_run0,base,490,9878,19756.0,0.16540429199812934,,-3880.0,-3845.0
exp_kp_001,ABC_KP[base]_n100_inst3_run0,base,500,10082,20164.0,0.16834591700171586,,-3880.0,-3512.0
exp_kp_001,ABC_KP[base]_n100_inst3_run0,base,510,10282,20564.0,0.1714664999890374,,-3880.0,-3766.0
exp_kp_001,ABC_KP[base]_n100_inst3_run0,base,520,10482,20964.0,0.17451508299564011,,-3880.0,-3842.0
exp_kp_001,ABC_KP[base]_n100_inst3_run0,base,530,10682,21364.0,0.17756229199585505,,-3880.0,-3842.0
exp_kp_001,ABC_KP[base]_n100_inst3_run0,base,540,10883,21766.0,0.18073804199229926,,-3880.0,-3862.0
exp_kp_001,ABC_KP[base]_n100_inst3_run0,base,550,11085,22170.0,0.18382108298828825,,-3880.0,-3873.0
exp_kp_001,ABC_KP[base]_n100_inst3_run0,base,560,11288,22576.0,0.186848999990616,,-3880.0,-3871.0
exp_kp_001,ABC_KP[base]_n100_inst3_run0,base,570,11492,22984.0,0.18996741699811537,,-3880.0,-3810.0
exp_kp_001,ABC_KP[base]_n100_inst3_run0,base,580,11693,23386.0,0.19306945799326058,,-3880.0,-3563.0
exp_kp_001,ABC_KP[base]_n100_inst3_run0,base,590,11893,23786.0,0.1961187919951044,,-3880.0,-3808.0
exp_kp_001,ABC_KP[base]_n100_inst3_run0,base,600,12093,24186.0,0.19917387499299366,,-3880.0,-3850.0
exp_kp_001,ABC_KP[base]_n100_inst3_run0,base,610,12294,24588.0,0.2022485829947982,,-3880.0,-3861.0
exp_kp_001,ABC_KP[base]_n100_inst3_run0,base,620,12496,24992.0,0.20526587498898152,,-3880.0,-3880.0
exp_kp_001,ABC_KP[base]_n100_inst3_run0,base,630,12698,25396.0,0.20835195799008943,,-3880.0,-3876.0
exp_kp_001,ABC_KP[base]_n100_inst3_run0,base,640,12901,25802.0,0.2115740829904098,,-3880.0,-3876.0
exp_kp_001,ABC_KP[base]_n100_inst3_run0,base,650,13102,26204.0,0.21461970800010022,,-3880.0,-3778.0
exp_kp_001,ABC_KP[base]_n100_inst3_run0,base,660,13302,26604.0,0.2176675829978194,,-3880.0,-3868.0
exp_kp_001,ABC_KP[base]_n100_inst3_run0,base,670,13503,27006.0,0.2207634169899393,,-3880.0,-3877.0
exp_kp_001,ABC_KP[base]_n100_inst3_run0,base,680,13704,27408.0,0.22373104198777582,,-3880.0,-3880.0
exp_kp_001,ABC_KP[base]_n100_inst3_run0,base,690,13908,27816.0,0.2268487919936888,,-3880.0,-3862.0
exp_kp_001,ABC_KP[base]_n100_inst3_run0,base,700,14109,28218.0,0.22990708299039397,,-3880.0,-3868.0
exp_kp_001,ABC_KP[base]_n100_inst3_run0,base,710,14311,28622.0,0.23305949999485165,,-3880.0,-3877.0
exp_kp_001,ABC_KP[base]_n100_inst3_run0,base,720,14513,29026.0,0.2360588750016177,,-3880.0,-3827.0
exp_kp_001,ABC_KP[base]_n100_inst3_run0,base,730,14714,29428.0,0.23913649999303743,,-3880.0,-3774.0
exp_kp_001,ABC_KP[base]_n100_inst3_run0,base,740,14915,29830.0,0.24210095799935516,,-3880.0,-3848.0
exp_kp_001,ABC_KP[base]_n100_inst3_run0,base,750,15116,30232.0,0.24520654199295677,,-3880.0,-3880.0
exp_kp_001,ABC_KP[base]_n100_inst3_run0,base,760,15318,30636.0,0.24822158299502917,,-3880.0,-3861.0
exp_kp_001,ABC_KP[base]_n100_inst3_run0,base,770,15520,31040.0,0.2512783329875674,,-3880.0,-3867.0
exp_kp_001,ABC_KP[base]_n100_inst3_run0,base,780,15722,31444.0,0.2543358749971958,,-3880.0,-3762.0
exp_kp_001,ABC_KP[base]_n100_inst3_run0,base,790,15922,31844.0,0.25729574999422766,,-3880.0,-3779.0
exp_kp_001,ABC_KP[base]_n100_inst3_run0,base,800,16123,32246.0,0.26044562499737367,,-3880.0,-3808.0
exp_kp_001,ABC_KP[base]_n100_inst3_run0,base,810,16324,32648.0,0.2635392079973826,,-3880.0,-3868.0
exp_kp_001,ABC_KP[base]_n100_inst3_run0,base,820,16526,33052.0,0.2665447079925798,,-3880.0,-3870.0
exp_kp_001,ABC_KP[base]_n100_inst3_run0,base,830,16728,33456.0,0.2696890419902047,,-3880.0,-3874.0
exp_kp_001,ABC_KP[base]_n100_inst3_run0,base,840,16932,33864.0,0.27284291699470486,,-3880.0,-3742.0
exp_kp_001,ABC_KP[base]_n100_inst3_run0,base,850,17133,34266.0,0.27590483298990875,,-3880.0,-3708.0
exp_kp_001,ABC_KP[base]_n100_inst3_run0,base,860,17333,34666.0,0.2788904999906663,,-3880.0,-3786.0
exp_kp_001,ABC_KP[base]_n100_inst3_run0,base,870,17533,35066.0,0.2819228329899488,,-3880.0,-3846.0
exp_kp_001,ABC_KP[base]_n100_inst3_run0,base,880,17733,35466.0,0.28494429199781734,,-3880.0,-3871.0
exp_kp_001,ABC_KP[base]_n100_inst3_run0,base,890,17936,35872.0,0.28818399998999666,,-3880.0,-3880.0
exp_kp_001,ABC_KP[base]_n100_inst3_run0,base,900,18141,36282.0,0.2912337919988204,,-3880.0,-3836.0
exp_kp_001,ABC_KP[base]_n100_inst3_run0,base,910,18341,36682.0,0.294361124993884,,-3880.0,-3867.0
exp_kp_001,ABC_KP[base]_n100_inst3_run0,base,920,18541,37082.0,0.3005370419996325,,-3880.0,-3868.0
exp_kp_001,ABC_KP[base]_n100_inst3_run0,base,930,18742,37484.0,0.30397554198862053,,-3880.0,-3860.0
exp_kp_001,ABC_KP[base]_n100_inst3_run0,base,940,18943,37886.0,0.30725837498903275,,-3880.0,-3880.0
exp_kp_001,ABC_KP[base]_n100_inst3_run0,base,950,19144,38288.0,0.3108084580017021,,-3880.0,-3852.0
exp_kp_001,ABC_KP[base]_n100_inst3_run0,base,960,19347,38694.0,0.31458783299603965,,-3880.0,-3880.0
exp_kp_001,ABC_KP[base]_n100_inst3_run0,base,970,19550,39100.0,0.317991499992786,,-3880.0,-3877.0
exp_kp_001,ABC_KP[base]_n100_inst3_run0,base,980,19753,39506.0,0.32335329199850094,,-3880.0,-3424.0
exp_kp_001,ABC_KP[base]_n100_inst3_run0,base,990,19953,39906.0,0.3269801669957815,,-3880.0,-3580.0
exp_kp_001,ABC_KP[base]_n100_inst3_run0,base,1000,20153,40306.0,0.33051200000045355,,-3880.0,-3786.0
exp_kp_001,ABC_KP[base]_n100_inst3_run0,base,1010,20353,40706.0,0.3349579169880599,,-3880.0,-3865.0
exp_kp_001,ABC_KP[base]_n100_inst3_run0,base,1020,20553,41106.0,0.3386503749934491,,-3880.0,-3880.0
exp_kp_001,ABC_KP[base]_n100_inst3_run0,base,1030,20758,41516.0,0.34256879199529067,,-3880.0,-3880.0
exp_kp_001,ABC_KP[base]_n100_inst3_run0,base,1040,20960,41920.0,0.34608641699014697,,-3880.0,-3880.0
exp_kp_001,ABC_KP[base]_n100_inst3_run0,base,1050,21163,42326.0,0.3494449579884531,,-3880.0,-3472.0
exp_kp_001,ABC_KP[base]_n100_inst3_run0,base,1060,21363,42726.0,0.35259554199001286,,-3880.0,-3622.0
exp_kp_001,ABC_KP[base]_n100_inst3_run0,base,1070,21563,43126.0,0.3557099999889033,,-3880.0,-3779.0
exp_kp_001,ABC_KP[base]_n100_inst3_run0,base,1080,21763,43526.0,0.35951862498768605,,-3880.0,-3872.0
exp_kp_001,ABC_KP[base]_n100_inst3_run0,base,1090,21964,43928.0,0.36311366700101644,,-3880.0,-3880.0
exp_kp_001,ABC_KP[base]_n100_inst3_run0,base,1100,22165,44330.0,0.3663007079885574,,-3880.0,-3879.0
exp_kp_001,ABC_KP[base]_n100_inst3_run0,base,1110,22368,44736.0,0.3694003329874249,,-3880.0,-3877.0
exp_kp_001,ABC_KP[base]_n100_inst3_run0,base,1120,22572,45144.0,0.37256583299313206,,-3880.0,-3862.0
exp_kp_001,ABC_KP[base]_n100_inst3_run0,base,1130,22773,45546.0,0.37561008299235255,,-3880.0,-3698.0
exp_kp_001,ABC_KP[base]_n100_inst3_run0,base,1140,22973,45946.0,0.3787525419902522,,-3880.0,-3793.0
exp_kp_001,ABC_KP[base]_n100_inst3_run0,base,1150,23173,46346.0,0.38183299999218434,,-3880.0,-3861.0
exp_kp_001,ABC_KP[base]_n100_inst3_run0,base,1160,23374,46748.0,0.38490574999013916,,-3880.0,-3873.0
exp_kp_001,ABC_KP[base]_n100_inst3_run0,base,1170,23576,47152.0,0.3881061249994673,,-3880.0,-3855.0
exp_kp_001,ABC_KP[base]_n100_inst3_run0,base,1180,23778,47556.0,0.3910647079901537,,-3880.0,-3863.0
exp_kp_001,ABC_KP[base]_n100_inst3_run0,base,1190,23980,47960.0,0.3943251249875175,,-3880.0,-3871.0
exp_kp_001,ABC_KP[base]_n100_inst3_run0,base,1200,24181,48362.0,0.397477374994196,,-3880.0,-3862.0
exp_kp_001,ABC_KP[base]_n100_inst3_run0,base,1210,24383,48766.0,0.40058237499033567,,-3880.0,-3847.0
exp_kp_001,ABC_KP[base]_n100_inst3_run0,base,1220,24584,49168.0,0.40363329199317377,,-3880.0,-3868.0
exp_kp_001,ABC_KP[base]_n100_inst3_run0,base,1230,24785,49570.0,0.40667641699837986,,-3880.0,-3877.0
exp_kp_001,ABC_KP[base]_n100_inst3_run0,base,1240,24986,49972.0,0.4097662499989383,,-3880.0,-3880.0
exp_kp_001,ABC_KP[base]_n100_inst3_run0,base,1250,25188,50376.0,0.4128517499921145,,-3880.0,-3871.0
exp_kp_001,ABC_KP[base]_n100_inst3_run0,base,1260,25391,50782.0,0.4159346669912338,,-3880.0,-3817.0
exp_kp_001,ABC_KP[base]_n100_inst3_run0,base,1270,25591,51182.0,0.4188731670001289,,-3880.0,-3872.0
exp_kp_001,ABC_KP[base]_n100_inst3_run0,base,1280,25793,51586.0,0.42195129199535586,,-3880.0,-3837.0
exp_kp_001,ABC_KP[base]_n100_inst3_run0,base,1290,25995,51990.0,0.425021499991999,,-3880.0,-3847.0
exp_kp_001,ABC_KP[base]_n100_inst3_run0,base,1300,26195,52390.0,0.42821545799961314,,-3880.0,-3858.0
exp_kp_001,ABC_KP[base]_n100_inst3_run0,base,1310,26397,52794.0,0.43129237499670126,,-3880.0,-3877.0
exp_kp_001,ABC_KP[base]_n100_inst3_run0,base,1320,26600,53200.0,0.4344064999895636,,-3880.0,-3876.0
exp_kp_001,ABC_KP[base]_n100_inst3_run0,base,1330,26801,53602.0,0.43751699999847915,,-3880.0,-3847.0
exp_kp_001,ABC_KP[base]_n100_inst3_run0,base,1340,27002,54004.0,0.4405689999985043,,-3880.0,-3851.0
exp_kp_001,ABC_KP[base]_n100_inst3_run0,base,1350,27203,54406.0,0.44371045799925923,,-3880.0,-3867.0
exp_kp_001,ABC_KP[base]_n100_inst3_run0,base,1360,27406,54812.0,0.44680712500121444,,-3880.0,-3832.0
exp_kp_001,ABC_KP[base]_n100_inst3_run0,base,1370,27606,55212.0,0.44965195799886715,,-3880.0,-3864.0
exp_kp_001,ABC_KP[base]_n100_inst3_run0,base,1380,27807,55614.0,0.4527293749997625,,-3880.0,-3864.0
exp_kp_001,ABC_KP[base]_n100_inst3_run0,base,1390,28009,56018.0,0.4557872079894878,,-3880.0,-3863.0
exp_kp_001,ABC_KP[base]_n100_inst3_run0,base,1400,28212,56424.0,0.458902082988061,,-3880.0,-3853.0
exp_kp_001,ABC_KP[base]_n100_inst3_run0,base,1410,28413,56826.0,0.46203662498737685,,-3880.0,-3847.0
exp_kp_001,ABC_KP[base]_n100_inst3_run0,base,1420,28615,57230.0,0.4650713329901919,,-3880.0,-3868.0
exp_kp_001,ABC_KP[base]_n100_inst3_run0,base,1430,28815,57630.0,0.46810570800153073,,-3880.0,-3880.0
exp_kp_001,ABC_KP[base]_n100_inst3_run0,base,1440,29017,58034.0,0.4710739579895744,,-3880.0,-3850.0
exp_kp_001,ABC_KP[base]_n100_inst3_run0,base,1450,29217,58434.0,0.4740028749947669,,-3880.0,-3850.0
exp_kp_001,ABC_KP[base]_n100_inst3_run0,base,1460,29418,58836.0,0.47712387499632314,,-3880.0,-3877.0
exp_kp_001,ABC_KP[base]_n100_inst3_run0,base,1470,29620,59240.0,0.48014975000114646,,-3880.0,-3879.0
exp_kp_001,ABC_KP[base]_n100_inst3_run0,base,1480,29823,59646.0,0.48317816699272953,,-3880.0,-3872.0
exp_kp_001,ABC_KP[base]_n100_inst3_run0,base,1490,30025,60050.0,0.48620304198993836,,-3880.0,-3877.0
exp_kp_001,ABC_KP[base]_n100_inst3_run0,base,1500,30226,60452.0,0.4892338329955237,,-3880.0,-3803.0
exp_kp_001,ABC_KP[base]_n100_inst3_run0,base,1510,30427,60854.0,0.4923957079881802,,-3880.0,-3810.0
exp_kp_001,ABC_KP[base]_n100_inst3_run0,base,1520,30628,61256.0,0.495532542001456,,-3880.0,-3842.0
exp_kp_001,ABC_KP[base]_n100_inst3_run0,base,1530,30829,61658.0,0.4985811249935068,,-3880.0,-3847.0
exp_kp_001,ABC_KP[base]_n100_inst3_run0,base,1540,31031,62062.0,0.5015127079968806,,-3880.0,-3793.0
exp_kp_001,ABC_KP[base]_n100_inst3_run0,base,1550,31232,62464.0,0.5045849579910282,,-3880.0,-3860.0
exp_kp_001,ABC_KP[base]_n100_inst3_run0,base,1560,31435,62870.0,0.5077820829901611,,-3880.0,-3866.0
exp_kp_001,ABC_KP[base]_n100_inst3_run0,base,1570,31636,63272.0,0.5108729169878643,,-3880.0,-3820.0
exp_kp_001,ABC_KP[base]_n100_inst3_run0,base,1580,31837,63674.0,0.5139300829905551,,-3880.0,-3877.0
exp_kp_001,ABC_KP[base]_n100_inst3_run0,base,1590,32038,64076.0,0.5169718329998432,,-3880.0,-3873.0
exp_kp_001,ABC_KP[base]_n100_inst3_run0,base,1600,32240,64480.0,0.5200367499928689,,-3880.0,-3877.0
exp_kp_001,ABC_KP[base]_n100_inst3_run0,base,1610,32443,64886.0,0.5230482499900972,,-3880.0,-3877.0
exp_kp_001,ABC_KP[base]_n100_inst3_run0,base,1620,32644,65288.0,0.5261672079941491,,-3880.0,-3864.0
exp_kp_001,ABC_KP[base]_n100_inst3_run0,base,1630,32844,65688.0,0.5292816669971216,,-3880.0,-3879.0
exp_kp_001,ABC_KP[base]_n100_inst3_run0,base,1640,33046,66092.0,0.5323732919932809,,-3880.0,-3867.0
exp_kp_001,ABC_KP[base]_n100_inst3_run0,base,1650,33248,66496.0,0.535479291997035,,-3880.0,-3866.0
exp_kp_001,ABC_KP[base]_n100_inst3_run0,base,1660,33451,66902.0,0.5385022080008639,,-3880.0,-3843.0
exp_kp_001,ABC_KP[base]_n100_inst3_run0,base,1670,33652,67304.0,0.5415546669973992,,-3880.0,-3851.0
exp_kp_001,ABC_KP[base]_n100_inst3_run0,base,1680,33854,67708.0,0.5452569579938427,,-3880.0,-3789.0
exp_kp_001,ABC_KP[base]_n100_inst3_run0,base,1690,34054,68108.0,0.5511068749910919,,-3880.0,-3823.0
exp_kp_001,ABC_KP[base]_n100_inst3_run0,base,1700,34254,68508.0,0.5543415829888545,,-3880.0,-3874.0
exp_kp_001,ABC_KP[base]_n100_inst3_run0,base,1710,34454,68908.0,0.5576405419997172,,-3880.0,-3874.0
exp_kp_001,ABC_KP[base]_n100_inst3_run0,base,1720,34657,69314.0,0.5613416249980219,,-3880.0,-3874.0
exp_kp_001,ABC_KP[base]_n100_inst3_run0,base,1730,34860,69720.0,0.5653472499980126,,-3880.0,-3880.0
exp_kp_001,ABC_KP[base]_n100_inst3_run0,base,1740,35062,70124.0,0.5686514999979408,,-3880.0,-3874.0
exp_kp_001,ABC_KP[base]_n100_inst3_run0,base,1750,35263,70526.0,0.5729002919979393,,-3880.0,-3853.0
exp_kp_001,ABC_KP[base]_n100_inst3_run0,base,1760,35463,70926.0,0.5777035419887397,,-3880.0,-3861.0
exp_kp_001,ABC_KP[base]_n100_inst3_run0,base,1770,35665,71330.0,0.581035166993388,,-3880.0,-3865.0
exp_kp_001,ABC_KP[base]_n100_inst3_run0,base,1780,35867,71734.0,0.5846078749891603,,-3880.0,-3859.0
exp_kp_001,ABC_KP[base]_n100_inst3_run0,base,1790,36069,72138.0,0.5881946669978788,,-3880.0,-3862.0
exp_kp_001,ABC_KP[base]_n100_inst3_run0,base,1800,36270,72540.0,0.591637166988221,,-3880.0,-3880.0
exp_kp_001,ABC_KP[base]_n100_inst3_run0,base,1810,36471,72942.0,0.5952259170007892,,-3880.0,-3876.0
exp_kp_001,ABC_KP[base]_n100_inst3_run0,base,1820,36672,73344.0,0.5986776249919785,,-3880.0,-3880.0
exp_kp_001,ABC_KP[base]_n100_inst3_run0,base,1830,36873,73746.0,0.6024610419990495,,-3880.0,-3876.0
exp_kp_001,ABC_KP[base]_n100_inst3_run0,base,1840,37075,74150.0,0.60600670799613,,-3880.0,-3880.0
exp_kp_001,ABC_KP[base]_n100_inst3_run0,base,1850,37279,74558.0,0.6099488749896409,,-3880.0,-3867.0
exp_kp_001,ABC_KP[base]_n100_inst3_run0,base,1860,37480,74960.0,0.6138681250013178,,-3880.0,-3874.0
exp_kp_001,ABC_KP[base]_n100_inst3_run0,base,1870,37681,75362.0,0.61739949999901,,-3880.0,-3787.0
exp_kp_001,ABC_KP[base]_n100_inst3_run0,base,1880,37881,75762.0,0.6206411249877419,,-3880.0,-3854.0
exp_kp_001,ABC_KP[base]_n100_inst3_run0,base,1890,38081,76162.0,0.623738999987836,,-3880.0,-3867.0
exp_kp_001,ABC_KP[base]_n100_inst3_run0,base,1900,38285,76570.0,0.6269475419976516,,-3880.0,-3877.0
exp_kp_001,ABC_KP[base]_n100_inst3_run0,base,1910,38489,76978.0,0.6300313749961788,,-3880.0,-3874.0
exp_kp_001,ABC_KP[base]_n100_inst3_run0,base,1920,38690,77380.0,0.6330424579937244,,-3880.0,-3859.0
exp_kp_001,ABC_KP[base]_n100_inst3_run0,base,1930,38890,77780.0,0.636115624991362,,-3880.0,-3874.0
exp_kp_001,ABC_KP[base]_n100_inst3_run0,base,1940,39091,78182.0,0.6391739579994464,,-3880.0,-3858.0
exp_kp_001,ABC_KP[base]_n100_inst3_run0,base,1950,39291,78582.0,0.6422332499932963,,-3880.0,-3870.0
exp_kp_001,ABC_KP[base]_n100_inst3_run0,base,1960,39493,78986.0,0.6455706249980722,,-3880.0,-3870.0
exp_kp_001,ABC_KP[base]_n100_inst3_run0,base,1970,39696,79392.0,0.6488242919876939,,-3880.0,-3857.0
exp_kp_001,ABC_KP[base]_n100_inst3_run0,base,1980,39897,79794.0,0.6519264169910457,,-3880.0,-3860.0
exp_kp_001,ABC_KP[base]_n100_inst3_run0,base,1990,40098,80196.0,0.65504054199846,,-3880.0,-3861.0
exp_kp_001,ABC_KP[base]_n100_inst3_run0,base,2000,40299,80598.0,0.6581051249959273,,-3880.0,-3877.0
exp_kp_001,ABC_KP[base]_n100_inst3_run0,base,2010,40500,81000.0,0.6612060420011403,,-3880.0,-3871.0
exp_kp_001,ABC_KP[base]_n100_inst3_run0,base,2020,40702,81404.0,0.6642808329925174,,-3880.0,-3880.0
exp_kp_001,ABC_KP[base]_n100_inst3_run0,base,2030,40904,81808.0,0.6672875829972327,,-3880.0,-3880.0
exp_kp_001,ABC_KP[base]_n100_inst3_run0,base,2040,41106,82212.0,0.6703471669898136,,-3880.0,-3856.0
exp_kp_001,ABC_KP[base]_n100_inst3_run0,base,2050,41307,82614.0,0.673375207989011,,-3880.0,-3809.0
exp_kp_001,ABC_KP[base]_n100_inst3_run0,base,2060,41508,83016.0,0.6764511669898639,,-3880.0,-3858.0
exp_kp_001,ABC_KP[base]_n100_inst3_run0,base,2070,41710,83420.0,0.6794676249992335,,-3880.0,-3762.0
exp_kp_001,ABC_KP[base]_n100_inst3_run0,base,2080,41911,83822.0,0.6825052499916637,,-3880.0,-3806.0
exp_kp_001,ABC_KP[base]_n100_inst3_run0,base,2090,42111,84222.0,0.685479874999146,,-3880.0,-3874.0
exp_kp_001,ABC_KP[base]_n100_inst3_run0,base,2100,42312,84624.0,0.6885371669923188,,-3880.0,-3877.0
exp_kp_001,ABC_KP[base]_n100_inst3_run0,base,2110,42517,85034.0,0.6916623750003055,,-3880.0,-3874.0
exp_kp_001,ABC_KP[base]_n100_inst3_run0,base,2120,42719,85438.0,0.6947907079884317,,-3880.0,-3789.0
exp_kp_001,ABC_KP[base]_n100_inst3_run0,base,2130,42919,85838.0,0.6977983329998096,,-3880.0,-3865.0
exp_kp_001,ABC_KP[base]_n100_inst3_run0,base,2140,43121,86242.0,0.7009081249998417,,-3880.0,-3830.0
exp_kp_001,ABC_KP[base]_n100_inst3_run0,base,2150,43323,86646.0,0.7040835829975549,,-3880.0,-3797.0
exp_kp_001,ABC_KP[base]_n100_inst3_run0,base,2160,43524,87048.0,0.7070822919922648,,-3880.0,-3845.0
exp_kp_001,ABC_KP[base]_n100_inst3_run0,base,2170,43724,87448.0,0.7101547079946613,,-3882.0,-3882.0
exp_kp_001,ABC_KP[base]_n100_inst3_run0,base,2180,43925,87850.0,0.7131675419950625,,-3882.0,-3869.0
exp_kp_001,ABC_KP[base]_n100_inst3_run0,base,2190,44127,88254.0,0.7161222919967258,,-3882.0,-3880.0
exp_kp_001,ABC_KP[base]_n100_inst3_run0,base,2200,44329,88658.0,0.7191852079995442,,-3882.0,-3880.0
exp_kp_001,ABC_KP[base]_n100_inst3_run0,base,2210,44531,89062.0,0.722185749997152,,-3882.0,-3865.0
exp_kp_001,ABC_KP[base]_n100_inst3_run0,base,2220,44731,89462.0,0.7252197499910835,,-3882.0,-3866.0
exp_kp_001,ABC_KP[base]_n100_inst3_run0,base,2230,44933,89866.0,0.7284007919952273,,-3882.0,-3867.0
exp_kp_001,ABC_KP[base]_n100_inst3_run0,base,2240,45134,90268.0,0.7315374999889173,,-3882.0,-3880.0
exp_kp_001,ABC_KP[base]_n100_inst3_run0,base,2250,45336,90672.0,0.7346805419947486,,-3882.0,-3881.0
exp_kp_001,ABC_KP[base]_n100_inst3_run0,base,2260,45539,91078.0,0.737721582991071,,-3882.0,-3798.0
exp_kp_001,ABC_KP[base]_n100_inst3_run0,base,2270,45739,91478.0,0.7407318749901606,,-3882.0,-3839.0
exp_kp_001,ABC_KP[base]_n100_inst3_run0,base,2280,45939,91878.0,0.743802416996914,,-3882.0,-3846.0
exp_kp_001,ABC_KP[base]_n100_inst3_run0,base,2290,46140,92280.0,0.7468675419950159,,-3882.0,-3859.0
exp_kp_001,ABC_KP[base]_n100_inst3_run0,base,2300,46344,92688.0,0.7500428749917774,,-3882.0,-3865.0
exp_kp_001,ABC_KP[base]_n100_inst3_run0,base,2310,46545,93090.0,0.75304966699332,,-3882.0,-3858.0
exp_kp_001,ABC_KP[base]_n100_inst3_run0,base,2320,46747,93494.0,0.7562304999883054,,-3882.0,-3826.0
exp_kp_001,ABC_KP[base]_n100_inst3_run0,base,2330,46947,93894.0,0.7592666249984177,,-3882.0,-3835.0
exp_kp_001,ABC_KP[base]_n100_inst3_run0,base,2340,47148,94296.0,0.7622716249898076,,-3882.0,-3880.0
exp_kp_001,ABC_KP[base]_n100_inst3_run0,base,2350,47350,94700.0,0.7654254579974804,,-3882.0,-3880.0
exp_kp_001,ABC_KP[base]_n100_inst3_run0,base,2360,47552,95104.0,0.7684310829936294,,-3882.0,-3875.0
exp_kp_001,ABC_KP[base]_n100_inst3_run0,base,2370,47753,95506.0,0.7714568749943282,,-3882.0,-3877.0
exp_kp_001,ABC_KP[base]_n100_inst3_run0,base,2380,47956,95912.0,0.7744337920012185,,-3882.0,-3877.0
exp_kp_001,ABC_KP[base]_n100_inst3_run0,base,2390,48158,96316.0,0.7775175829883665,,-3882.0,-3796.0
exp_kp_001,ABC_KP[base]_n100_inst3_run0,base,2400,48358,96716.0,0.7805460419913288,,-3882.0,-3856.0
exp_kp_001,ABC_KP[base]_n100_inst3_run0,base,2410,48560,97120.0,0.7837065419880673,,-3882.0,-3832.0
exp_kp_001,ABC_KP[base]_n100_inst3_run0,base,2420,48760,97520.0,0.7867568749934435,,-3882.0,-3867.0
exp_kp_001,ABC_KP[base]_n100_inst3_run0,base,2430,48964,97928.0,0.7899188329902245,,-3882.0,-3789.0
exp_kp_001,ABC_KP[base]_n100_inst3_run0,base,2440,49165,98330.0,0.7930475829925854,,-3882.0,-3817.0
exp_kp_001,ABC_KP[base]_n100_inst3_run0,base,2450,49366,98732.0,0.7960878329904517,,-3882.0,-3839.0
exp_kp_001,ABC_KP[base]_n100_inst3_run0,base,2460,49566,99132.0,0.7994852919946425,,-3882.0,-3877.0
exp_kp_001,ABC_KP[base]_n100_inst3_run0,base,2470,49768,99536.0,0.8047203329915646,,-3882.0,-3849.0
exp_kp_001,ABC_KP[base]_n100_inst3_run0,base,2480,49968,99936.0,0.8079927919898182,,-3882.0,-3868.0
exp_kp_001,ABC_KP[base]_n100_inst3_run0,base,2490,50172,100344.0,0.8113531669951044,,-3882.0,-3877.0
exp_kp_001,ABC_KP[base]_n100_inst3_run0,base,2499,50353,100706.0,0.8142965419974644,,-3882.0,-3880.0
exp_kp_001,ABC_KP[base]_n100_inst3_run1,base,0,10,20.0,8.624992915429175e-06,,-2685.0,-2685.0
exp_kp_001,ABC_KP[base]_n100_inst3_run1,base,10,210,420.0,0.0031625830015400425,,-3150.0,-3150.0
exp_kp_001,ABC_KP[base]_n100_inst3_run1,base,20,410,820.0,0.006617041988647543,,-3491.0,-3491.0
exp_kp_001,ABC_KP[base]_n100_inst3_run1,base,30,610,1220.0,0.011810791998868808,,-3621.0,-3621.0
exp_kp_001,ABC_KP[base]_n100_inst3_run1,base,40,810,1620.0,0.015095374998054467,,-3793.0,-3793.0
exp_kp_001,ABC_KP[base]_n100_inst3_run1,base,50,1010,2020.0,0.01845554199826438,,-3868.0,-3868.0
exp_kp_001,ABC_KP[base]_n100_inst3_run1,base,60,1212,2424.0,0.0220874999940861,,-3868.0,-3853.0
exp_kp_001,ABC_KP[base]_n100_inst3_run1,base,70,1416,2832.0,0.02551412499451544,,-3876.0,-3876.0
exp_kp_001,ABC_KP[base]_n100_inst3_run1,base,80,1619,3238.0,0.02886900000157766,,-3876.0,-3854.0
exp_kp_001,ABC_KP[base]_n100_inst3_run1,base,90,1820,3640.0,0.032052666996605694,,-3876.0,-3765.0
exp_kp_001,ABC_KP[base]_n100_inst3_run1,base,100,2020,4040.0,0.03524399999878369,,-3876.0,-3820.0
exp_kp_001,ABC_KP[base]_n100_inst3_run1,base,110,2221,4442.0,0.03845875000115484,,-3876.0,-3830.0
exp_kp_001,ABC_KP[base]_n100_inst3_run1,base,120,2423,4846.0,0.04191941699536983,,-3876.0,-3865.0
exp_kp_001,ABC_KP[base]_n100_inst3_run1,base,130,2626,5252.0,0.045742666989099234,,-3876.0,-3854.0
exp_kp_001,ABC_KP[base]_n100_inst3_run1,base,140,2828,5656.0,0.049003624997567385,,-3876.0,-3871.0
exp_kp_001,ABC_KP[base]_n100_inst3_run1,base,150,3029,6058.0,0.05212799999571871,,-3881.0,-3881.0
exp_kp_001,ABC_KP[base]_n100_inst3_run1,base,160,3230,6460.0,0.055142083001555875,,-3881.0,-3825.0
exp_kp_001,ABC_KP[base]_n100_inst3_run1,base,170,3431,6862.0,0.05824199999915436,,-3881.0,-3857.0
exp_kp_001,ABC_KP[base]_n100_inst3_run1,base,180,3632,7264.0,0.06133804199635051,,-3881.0,-3860.0
exp_kp_001,ABC_KP[base]_n100_inst3_run1,base,190,3834,7668.0,0.06442379199143033,,-3881.0,-3866.0
exp_kp_001,ABC_KP[base]_n100_inst3_run1,base,200,4035,8070.0,0.06742700000177138,,-3881.0,-3871.0
exp_kp_001,ABC_KP[base]_n100_inst3_run1,base,210,4235,8470.0,0.07035262499994133,,-3881.0,-3880.0
exp_kp_001,ABC_KP[base]_n100_inst3_run1,base,220,4438,8876.0,0.07349679199978709,,-3881.0,-3877.0
exp_kp_001,ABC_KP[base]_n100_inst3_run1,base,230,4640,9280.0,0.07658270798856393,,-3881.0,-3858.0
exp_kp_001,ABC_KP[base]_n100_inst3_run1,base,240,4841,9682.0,0.07970854199083988,,-3881.0,-3864.0
exp_kp_001,ABC_KP[base]_n100_inst3_run1,base,250,5043,10086.0,0.08274554199306294,,-3881.0,-3848.0
exp_kp_001,ABC_KP[base]_n100_inst3_run1,base,260,5243,10486.0,0.08576179199735634,,-3881.0,-3865.0
exp_kp_001,ABC_KP[base]_n100_inst3_run1,base,270,5444,10888.0,0.08893349999561906,,-3881.0,-3880.0
exp_kp_001,ABC_KP[base]_n100_inst3_run1,base,280,5645,11290.0,0.09205987499444745,,-3881.0,-3880.0
exp_kp_001,ABC_KP[base]_n100_inst3_run1,base,290,5847,11694.0,0.09534570798859932,,-3881.0,-3870.0
exp_kp_001,ABC_KP[base]_n100_inst3_run1,base,300,6050,12100.0,0.09844758299004752,,-3881.0,-3874.0
exp_kp_001,ABC_KP[base]_n100_inst3_run1,base,310,6252,12504.0,0.10155691699765157,,-3881.0,-3877.0
exp_kp_001,ABC_KP[base]_n100_inst3_run1,base,320,6454,12908.0,0.10461116700025741,,-3881.0,-3860.0
exp_kp_001,ABC_KP[base]_n100_inst3_run1,base,330,6655,13310.0,0.10764270799700171,,-3881.0,-3812.0
exp_kp_001,ABC_KP[base]_n100_inst3_run1,base,340,6856,13712.0,0.11077670799568295,,-3881.0,-3854.0
exp_kp_001,ABC_KP[base]_n100_inst3_run1,base,350,7057,14114.0,0.1137925419898238,,-3881.0,-3832.0
exp_kp_001,ABC_KP[base]_n100_inst3_run1,base,360,7258,14516.0,0.11679620799259283,,-3881.0,-3835.0
exp_kp_001,ABC_KP[base]_n100_inst3_run1,base,370,7461,14922.0,0.11984354199375957,,-3881.0,-3840.0
exp_kp_001,ABC_KP[base]_n100_inst3_run1,base,380,7661,15322.0,0.12279566698998678,,-3881.0,-3866.0
exp_kp_001,ABC_KP[base]_n100_inst3_run1,base,390,7864,15728.0,0.12577154199243523,,-3881.0,-3865.0
exp_kp_001,ABC_KP[base]_n100_inst3_run1,base,400,8065,16130.0,0.1289067920006346,,-3881.0,-3877.0
exp_kp_001,ABC_KP[base]_n100_inst3_run1,base,410,8267,16534.0,0.1319693749974249,,-3881.0,-3828.0
exp_kp_001,ABC_KP[base]_n100_inst3_run1,base,420,8467,16934.0,0.13495462499849964,,-3881.0,-3868.0
exp_kp_001,ABC_KP[base]_n100_inst3_run1,base,430,8671,17342.0,0.1379629169969121,,-3881.0,-3809.0
exp_kp_001,ABC_KP[base]_n100_inst3_run1,base,440,8872,17744.0,0.14117204200010747,,-3881.0,-3859.0
exp_kp_001,ABC_KP[base]_n100_inst3_run1,base,450,9074,18148.0,0.14439420799317304,,-3881.0,-3843.0
exp_kp_001,ABC_KP[base]_n100_inst3_run1,base,460,9275,18550.0,0.1473432919883635,,-3881.0,-3861.0
exp_kp_001,ABC_KP[base]_n100_inst3_run1,base,470,9477,18954.0,0.1504672919982113,,-3881.0,-3834.0
exp_kp_001,ABC_KP[base]_n100_inst3_run1,base,480,9677,19354.0,0.15352558299491648,,-3881.0,-3847.0
exp_kp_001,ABC_KP[base]_n100_inst3_run1,base,490,9878,19756.0,0.15657649999775458,,-3881.0,-3877.0
exp_kp_001,ABC_KP[base]_n100_inst3_run1,base,500,10080,20160.0,0.1596699169895146,,-3881.0,-3877.0
exp_kp_001,ABC_KP[base]_n100_inst3_run1,base,510,10281,20562.0,0.16270024998812005,,-3881.0,-3880.0
exp_kp_001,ABC_KP[base]_n100_inst3_run1,base,520,10485,20970.0,0.16576508300204296,,-3881.0,-3868.0
exp_kp_001,ABC_KP[base]_n100_inst3_run1,base,530,10686,21372.0,0.1688125829969067,,-3881.0,-3800.0
exp_kp_001,ABC_KP[base]_n100_inst3_run1,base,540,10887,21774.0,0.17193383300036658,,-3881.0,-3770.0
exp_kp_001,ABC_KP[base]_n100_inst3_run1,base,550,11087,22174.0,0.1749157500016736,,-3881.0,-3854.0
exp_kp_001,ABC_KP[base]_n100_inst3_run1,base,560,11289,22578.0,0.17808091700135265,,-3881.0,-3850.0
exp_kp_001,ABC_KP[base]_n100_inst3_run1,base,570,11489,22978.0,0.18107758299447596,,-3881.0,-3856.0
exp_kp_001,ABC_KP[base]_n100_inst3_run1,base,580,11693,23386.0,0.1841703329992015,,-3881.0,-3812.0
exp_kp_001,ABC_KP[base]_n100_inst3_run1,base,590,11893,23786.0,0.18714745799661614,,-3881.0,-3880.0
exp_kp_001,ABC_KP[base]_n100_inst3_run1,base,600,12096,24192.0,0.19015104199934285,,-3881.0,-3842.0
exp_kp_001,ABC_KP[base]_n100_inst3_run1,base,610,12296,24592.0,0.19315237499540672,,-3881.0,-3880.0
exp_kp_001,ABC_KP[base]_n100_inst3_run1,base,620,12498,24996.0,0.19620637499610893,,-3881.0,-3880.0
exp_kp_001,ABC_KP[base]_n100_inst3_run1,base,630,12700,25400.0,0.19923866698809434,,-3881.0,-3860.0
exp_kp_001,ABC_KP[base]_n100_inst3_run1,base,640,12901,25802.0,0.20223704200179782,,-3881.0,-3867.0
exp_kp_001,ABC_KP[base]_n100_inst3_run1,base,650,13104,26208.0,0.20535295800073072,,-3881.0,-3805.0
exp_kp_001,ABC_KP[base]_n100_inst3_run1,base,660,13304,26608.0,0.2083585829968797,,-3881.0,-3845.0
exp_kp_001,ABC_KP[base]_n100_inst3_run1,base,670,13507,27014.0,0.2114556669985177,,-3881.0,-3845.0
exp_kp_001,ABC_KP[base]_n100_inst3_run1,base,680,13709,27418.0,0.21449033298995346,,-3881.0,-3869.0
exp_kp_001,ABC_KP[base]_n100_inst3_run1,base,690,13910,27820.0,0.21750683299615048,,-3881.0,-3823.0
exp_kp_001,ABC_KP[base]_n100_inst3_run1,base,700,14112,28224.0,0.2205971669900464,,-3881.0,-3862.0
exp_kp_001,ABC_KP[base]_n100_inst3_run1,base,710,14313,28626.0,0.22350558299513068,,-3881.0,-3821.0
exp_kp_001,ABC_KP[base]_n100_inst3_run1,base,720,14513,29026.0,0.22654129199509043,,-3881.0,-3874.0
exp_kp_001,ABC_KP[base]_n100_inst3_run1,base,730,14714,29428.0,0.22968933299125638,,-3881.0,-3869.0
exp_kp_001,ABC_KP[base]_n100_inst3_run1,base,740,14917,29834.0,0.23267120799573604,,-3881.0,-3880.0
exp_kp_001,ABC_KP[base]_n100_inst3_run1,base,750,15121,30242.0,0.23561024999071378,,-3881.0,-3821.0
exp_kp_001,ABC_KP[base]_n100_inst3_run1,base,760,15322,30644.0,0.2414287499996135,,-3881.0,-3738.0
exp_kp_001,ABC_KP[base]_n100_inst3_run1,base,770,15524,31048.0,0.24494508298812434,,-3881.0,-3653.0
exp_kp_001,ABC_KP[base]_n100_inst3_run1,base,780,15724,31448.0,0.24808262499573175,,-3881.0,-3739.0
exp_kp_001,ABC_KP[base]_n100_inst3_run1,base,790,15924,31848.0,0.2513837500009686,,-3881.0,-3814.0
exp_kp_001,ABC_KP[base]_n100_inst3_run1,base,800,16125,32250.0,0.25485787499928847,,-3881.0,-3826.0
exp_kp_001,ABC_KP[base]_n100_inst3_run1,base,810,16327,32654.0,0.25829508299648296,,-3881.0,-3877.0
exp_kp_001,ABC_KP[base]_n100_inst3_run1,base,820,16529,33058.0,0.2631984579929849,,-3881.0,-3877.0
exp_kp_001,ABC_KP[base]_n100_inst3_run1,base,830,16732,33464.0,0.2663804999901913,,-3881.0,-3880.0
exp_kp_001,ABC_KP[base]_n100_inst3_run1,base,840,16933,33866.0,0.269615083001554,,-3881.0,-3855.0
exp_kp_001,ABC_KP[base]_n100_inst3_run1,base,850,17135,34270.0,0.2730448329966748,,-3881.0,-3748.0
exp_kp_001,ABC_KP[base]_n100_inst3_run1,base,860,17335,34670.0,0.2763154579879483,,-3881.0,-3789.0
exp_kp_001,ABC_KP[base]_n100_inst3_run1,base,870,17536,35072.0,0.27968591699027456,,-3881.0,-3833.0
exp_kp_001,ABC_KP[base]_n100_inst3_run1,base,880,17737,35474.0,0.2828245829878142,,-3881.0,-3846.0
exp_kp_001,ABC_KP[base]_n100_inst3_run1,base,890,17938,35876.0,0.28592779199243523,,-3881.0,-3876.0
exp_kp_001,ABC_KP[base]_n100_inst3_run1,base,900,18140,36280.0,0.28917774998990353,,-3881.0,-3877.0
exp_kp_001,ABC_KP[base]_n100_inst3_run1,base,910,18342,36684.0,0.2923219169897493,,-3881.0,-3880.0
exp_kp_001,ABC_KP[base]_n100_inst3_run1,base,920,18545,37090.0,0.29591829200217035,,-3881.0,-3872.0
exp_kp_001,ABC_KP[base]_n100_inst3_run1,base,930,18745,37490.0,0.2994538329949137,,-3881.0,-3880.0
exp_kp_001,ABC_KP[base]_n100_inst3_run1,base,940,18947,37894.0,0.30269149999367073,,-3881.0,-3880.0
exp_kp_001,ABC_KP[base]_n100_inst3_run1,base,950,19149,38298.0,0.3057162079931004,,-3881.0,-3876.0
exp_kp_001,ABC_KP[base]_n100_inst3_run1,base,960,19351,38702.0,0.3086990000010701,,-3881.0,-3782.0
exp_kp_001,ABC_KP[base]_n100_inst3_run1,base,970,19551,39102.0,0.311672957992414,,-3881.0,-3843.0
exp_kp_001,ABC_KP[base]_n100_inst3_run1,base,980,19753,39506.0,0.31464291700103786,,-3881.0,-3873.0
exp_kp_001,ABC_KP[base]_n100_inst3_run1,base,990,19954,39908.0,0.31765195800107904,,-3881.0,-3873.0
exp_kp_001,ABC_KP[base]_n100_inst3_run1,base,1000,20155,40310.0,0.3207805829879362,,-3881.0,-3881.0
exp_kp_001,ABC_KP[base]_n100_inst3_run1,base,1010,20358,40716.0,0.3239313329977449,,-3881.0,-3880.0
exp_kp_001,ABC_KP[base]_n100_inst3_run1,base,1020,20559,41118.0,0.32691895798780024,,-3881.0,-3881.0
exp_kp_001,ABC_KP[base]_n100_inst3_run1,base,1030,20762,41524.0,0.3299450829945272,,-3881.0,-3877.0
exp_kp_001,ABC_KP[base]_n100_inst3_run1,base,1040,20964,41928.0,0.33296566699573305,,-3881.0,-3607.0
exp_kp_001,ABC_KP[base]_n100_inst3_run1,base,1050,21164,42328.0,0.3359818749886472,,-3881.0,-3754.0
exp_kp_001,ABC_KP[base]_n100_inst3_run1,base,1060,21364,42728.0,0.3390256669954397,,-3881.0,-3850.0
exp_kp_001,ABC_KP[base]_n100_inst3_run1,base,1070,21566,43132.0,0.34210112498840317,,-3881.0,-3877.0
exp_kp_001,ABC_KP[base]_n100_inst3_run1,base,1080,21768,43536.0,0.34524633298860863,,-3881.0,-3859.0
exp_kp_001,ABC_KP[base]_n100_inst3_run1,base,1090,21970,43940.0,0.348262416999205,,-3881.0,-3877.0
exp_kp_001,ABC_KP[base]_n100_inst3_run1,base,1100,22172,44344.0,0.35131808299047407,,-3881.0,-3877.0
exp_kp_001,ABC_KP[base]_n100_inst3_run1,base,1110,22374,44748.0,0.35432008298812434,,-3881.0,-3833.0
exp_kp_001,ABC_KP[base]_n100_inst3_run1,base,1120,22575,45150.0,0.3573029169929214,,-3881.0,-3847.0
exp_kp_001,ABC_KP[base]_n100_inst3_run1,base,1130,22777,45554.0,0.36035145798814483,,-3881.0,-3780.0
exp_kp_001,ABC_KP[base]_n100_inst3_run1,base,1140,22977,45954.0,0.3632966250006575,,-3881.0,-3874.0
exp_kp_001,ABC_KP[base]_n100_inst3_run1,base,1150,23179,46358.0,0.36641258299641777,,-3881.0,-3877.0
exp_kp_001,ABC_KP[base]_n100_inst3_run1,base,1160,23382,46764.0,0.36944408300041687,,-3881.0,-3815.0
exp_kp_001,ABC_KP[base]_n100_inst3_run1,base,1170,23583,47166.0,0.3725331669993466,,-3881.0,-3828.0
exp_kp_001,ABC_KP[base]_n100_inst3_run1,base,1180,23783,47566.0,0.37548970799252857,,-3881.0,-3843.0
exp_kp_001,ABC_KP[base]_n100_inst3_run1,base,1190,23984,47968.0,0.37851270799001213,,-3881.0,-3880.0
exp_kp_001,ABC_KP[base]_n100_inst3_run1,base,1200,24186,48372.0,0.3815992079908028,,-3881.0,-3880.0
exp_kp_001,ABC_KP[base]_n100_inst3_run1,base,1210,24390,48780.0,0.38459216699993704,,-3881.0,-3877.0
exp_kp_001,ABC_KP[base]_n100_inst3_run1,base,1220,24593,49186.0,0.38765904199681245,,-3881.0,-3730.0
exp_kp_001,ABC_KP[base]_n100_inst3_run1,base,1230,24793,49586.0,0.39066574999014847,,-3881.0,-3785.0
exp_kp_001,ABC_KP[base]_n100_inst3_run1,base,1240,24993,49986.0,0.3937011249945499,,-3881.0,-3871.0
exp_kp_001,ABC_KP[base]_n100_inst3_run1,base,1250,25194,50388.0,0.3966907919966616,,-3881.0,-3866.0
exp_kp_001,ABC_KP[base]_n100_inst3_run1,base,1260,25396,50792.0,0.39972233299340587,,-3881.0,-3852.0
exp_kp_001,ABC_KP[base]_n100_inst3_run1,base,1270,25598,51196.0,0.40272724999522325,,-3881.0,-3869.0
exp_kp_001,ABC_KP[base]_n100_inst3_run1,base,1280,25800,51600.0,0.40580675000092015,,-3881.0,-3880.0
exp_kp_001,ABC_KP[base]_n100_inst3_run1,base,1290,26002,52004.0,0.4089335419994313,,-3881.0,-3807.0
exp_kp_001,ABC_KP[base]_n100_inst3_run1,base,1300,26204,52408.0,0.4119727499928558,,-3881.0,-3861.0
exp_kp_001,ABC_KP[base]_n100_inst3_run1,base,1310,26406,52812.0,0.4150371669966262,,-3881.0,-3818.0
exp_kp_001,ABC_KP[base]_n100_inst3_run1,base,1320,26607,53214.0,0.4181368329882389,,-3881.0,-3791.0
exp_kp_001,ABC_KP[base]_n100_inst3_run1,base,1330,26809,53618.0,0.42120383300061803,,-3881.0,-3850.0
exp_kp_001,ABC_KP[base]_n100_inst3_run1,base,1340,27010,54020.0,0.4242491670011077,,-3881.0,-3788.0
exp_kp_001,ABC_KP[base]_n100_inst3_run1,base,1350,27210,54420.0,0.4273954169912031,,-3881.0,-3847.0
exp_kp_001,ABC_KP[base]_n100_inst3_run1,base,1360,27412,54824.0,0.4305267500021728,,-3881.0,-3880.0
exp_kp_001,ABC_KP[base]_n100_inst3_run1,base,1370,27615,55230.0,0.43363999998837244,,-3881.0,-3874.0
exp_kp_001,ABC_KP[base]_n100_inst3_run1,base,1380,27816,55632.0,0.4367819579929346,,-3881.0,-3849.0
exp_kp_001,ABC_KP[base]_n100_inst3_run1,base,1390,28017,56034.0,0.4400292499922216,,-3881.0,-3847.0
exp_kp_001,ABC_KP[base]_n100_inst3_run1,base,1400,28218,56436.0,0.44319599999289494,,-3881.0,-3865.0
exp_kp_001,ABC_KP[base]_n100_inst3_run1,base,1410,28420,56840.0,0.44620008299534675,,-3881.0,-3859.0
exp_kp_001,ABC_KP[base]_n100_inst3_run1,base,1420,28620,57240.0,0.44915316699189134,,-3881.0,-3880.0
exp_kp_001,ABC_KP[base]_n100_inst3_run1,base,1430,28822,57644.0,0.45220999998855405,,-3881.0,-3874.0
exp_kp_001,ABC_KP[base]_n100_inst3_run1,base,1440,29024,58048.0,0.4554013750021113,,-3881.0,-3872.0
exp_kp_001,ABC_KP[base]_n100_inst3_run1,base,1450,29226,58452.0,0.4584915000014007,,-3881.0,-3864.0
exp_kp_001,ABC_KP[base]_n100_inst3_run1,base,1460,29426,58852.0,0.4616608329961309,,-3881.0,-3868.0
exp_kp_001,ABC_KP[base]_n100_inst3_run1,base,1470,29628,59256.0,0.4647154580015922,,-3881.0,-3824.0
exp_kp_001,ABC_KP[base]_n100_inst3_run1,base,1480,29828,59656.0,0.4678725419944385,,-3881.0,-3876.0
exp_kp_001,ABC_KP[base]_n100_inst3_run1,base,1490,30030,60060.0,0.4710869999980787,,-3881.0,-3876.0
exp_kp_001,ABC_KP[base]_n100_inst3_run1,base,1500,30231,60462.0,0.47412025000085123,,-3881.0,-3867.0
exp_kp_001,ABC_KP[base]_n100_inst3_run1,base,1510,30433,60866.0,0.4772797920013545,,-3881.0,-3880.0
exp_kp_001,ABC_KP[base]_n100_inst3_run1,base,1520,30636,61272.0,0.4804787920002127,,-3881.0,-3842.0
exp_kp_001,ABC_KP[base]_n100_inst3_run1,base,1530,30838,61676.0,0.48376054198888596,,-3881.0,-3835.0
exp_kp_001,ABC_KP[base]_n100_inst3_run1,base,1540,31039,62078.0,0.486975749998237,,-3881.0,-3830.0
exp_kp_001,ABC_KP[base]_n100_inst3_run1,base,1550,31241,62482.0,0.49352016700140666,,-3881.0,-3799.0
exp_kp_001,ABC_KP[base]_n100_inst3_run1,base,1560,31441,62882.0,0.49780716699024197,,-3881.0,-3868.0
exp_kp_001,ABC_KP[base]_n100_inst3_run1,base,1570,31642,63284.0,0.5010539169888943,,-3881.0,-3874.0
exp_kp_001,ABC_KP[base]_n100_inst3_run1,base,1580,31844,63688.0,0.5049987499951385,,-3881.0,-3877.0
exp_kp_001,ABC_KP[base]_n100_inst3_run1,base,1590,32048,64096.0,0.5085397499933606,,-3881.0,-3877.0
exp_kp_001,ABC_KP[base]_n100_inst3_run1,base,1600,32249,64498.0,0.5123779169953195,,-3881.0,-3873.0
exp_kp_001,ABC_KP[base]_n100_inst3_run1,base,1610,32451,64902.0,0.5158259999880102,,-3881.0,-3736.0
exp_kp_001,ABC_KP[base]_n100_inst3_run1,base,1620,32651,65302.0,0.5207903749978868,,-3881.0,-3872.0
exp_kp_001,ABC_KP[base]_n100_inst3_run1,base,1630,32853,65706.0,0.5247991669893963,,-3881.0,-3872.0
exp_kp_001,ABC_KP[base]_n100_inst3_run1,base,1640,33054,66108.0,0.5284394999907818,,-3881.0,-3877.0
exp_kp_001,ABC_KP[base]_n100_inst3_run1,base,1650,33257,66514.0,0.5318216669984395,,-3881.0,-3878.0
exp_kp_001,ABC_KP[base]_n100_inst3_run1,base,1660,33458,66916.0,0.5352634169976227,,-3881.0,-3867.0
exp_kp_001,ABC_KP[base]_n100_inst3_run1,base,1670,33659,67318.0,0.5386984999931883,,-3881.0,-3873.0
exp_kp_001,ABC_KP[base]_n100_inst3_run1,base,1680,33862,67724.0,0.5419386249996023,,-3881.0,-3877.0
exp_kp_001,ABC_KP[base]_n100_inst3_run1,base,1690,34063,68126.0,0.5451745829923311,,-3881.0,-3851.0
exp_kp_001,ABC_KP[base]_n100_inst3_run1,base,1700,34265,68530.0,0.5483493749925401,,-3881.0,-3862.0
exp_kp_001,ABC_KP[base]_n100_inst3_run1,base,1710,34465,68930.0,0.5515099170006579,,-3881.0,-3866.0
exp_kp_001,ABC_KP[base]_n100_inst3_run1,base,1720,34666,69332.0,0.5547270829993067,,-3881.0,-3878.0
exp_kp_001,ABC_KP[base]_n100_inst3_run1,base,1730,34869,69738.0,0.5583673329965677,,-3881.0,-3880.0
exp_kp_001,ABC_KP[base]_n100_inst3_run1,base,1740,35071,70142.0,0.5622939169988967,,-3881.0,-3873.0
exp_kp_001,ABC_KP[base]_n100_inst3_run1,base,1750,35274,70548.0,0.5655182079935912,,-3881.0,-3861.0
exp_kp_001,ABC_KP[base]_n100_inst3_run1,base,1760,35475,70950.0,0.5686069579969626,,-3881.0,-3809.0
exp_kp_001,ABC_KP[base]_n100_inst3_run1,base,1770,35676,71352.0,0.5718449999985751,,-3881.0,-3810.0
exp_kp_001,ABC_KP[base]_n100_inst3_run1,base,1780,35877,71754.0,0.5748822919995291,,-3881.0,-3758.0
exp_kp_001,ABC_KP[base]_n100_inst3_run1,base,1790,36077,72154.0,0.578120874997694,,-3881.0,-3874.0
exp_kp_001,ABC_KP[base]_n100_inst3_run1,base,1800,36279,72558.0,0.5813663750013802,,-3881.0,-3858.0
exp_kp_001,ABC_KP[base]_n100_inst3_run1,base,1810,36480,72960.0,0.5844922499964014,,-3881.0,-3872.0
exp_kp_001,ABC_KP[base]_n100_inst3_run1,base,1820,36682,73364.0,0.5876882500015199,,-3881.0,-3877.0
exp_kp_001,ABC_KP[base]_n100_inst3_run1,base,1830,36885,73770.0,0.590814416995272,,-3881.0,-3877.0
exp_kp_001,ABC_KP[base]_n100_inst3_run1,base,1840,37086,74172.0,0.5939873329916736,,-3881.0,-3871.0
exp_kp_001,ABC_KP[base]_n100_inst3_run1,base,1850,37289,74578.0,0.5971482919994742,,-3881.0,-3786.0
exp_kp_001,ABC_KP[base]_n100_inst3_run1,base,1860,37489,74978.0,0.6001253750000615,,-3881.0,-3817.0
exp_kp_001,ABC_KP[base]_n100_inst3_run1,base,1870,37691,75382.0,0.6033014169952367,,-3881.0,-3865.0
exp_kp_001,ABC_KP[base]_n100_inst3_run1,base,1880,37892,75784.0,0.6063452499947743,,-3881.0,-3879.0
exp_kp_001,ABC_KP[base]_n100_inst3_run1,base,1890,38093,76186.0,0.609321457988699,,-3881.0,-3836.0
exp_kp_001,ABC_KP[base]_n100_inst3_run1,base,1900,38294,76588.0,0.6124595829896862,,-3881.0,-3856.0
exp_kp_001,ABC_KP[base]_n100_inst3_run1,base,1910,38495,76990.0,0.6155118749884423,,-3881.0,-3877.0
exp_kp_001,ABC_KP[base]_n100_inst3_run1,base,1920,38699,77398.0,0.6186618329957128,,-3881.0,-3835.0
exp_kp_001,ABC_KP[base]_n100_inst3_run1,base,1930,38902,77804.0,0.6218732499983162,,-3881.0,-3810.0
exp_kp_001,ABC_KP[base]_n100_inst3_run1,base,1940,39103,78206.0,0.6248778750014026,,-3881.0,-3657.0
exp_kp_001,ABC_KP[base]_n100_inst3_run1,base,1950,39303,78606.0,0.628024749996257,,-3881.0,-3762.0
exp_kp_001,ABC_KP[base]_n100_inst3_run1,base,1960,39503,79006.0,0.6311932919925312,,-3881.0,-3851.0
exp_kp_001,ABC_KP[base]_n100_inst3_run1,base,1970,39705,79410.0,0.6344868750020396,,-3881.0,-3877.0
exp_kp_001,ABC_KP[base]_n100_inst3_run1,base,1980,39906,79812.0,0.6376131249999162,,-3881.0,-3877.0
exp_kp_001,ABC_KP[base]_n100_inst3_run1,base,1990,40111,80222.0,0.6408022919931682,,-3881.0,-3874.0
exp_kp_001,ABC_KP[base]_n100_inst3_run1,base,2000,40312,80624.0,0.6439210829994408,,-3881.0,-3726.0
exp_kp_001,ABC_KP[base]_n100_inst3_run1,base,2010,40512,81024.0,0.6469830829882994,,-3881.0,-3816.0
exp_kp_001,ABC_KP[base]_n100_inst3_run1,base,2020,40713,81426.0,0.650082874999498,,-3881.0,-3876.0
exp_kp_001,ABC_KP[base]_n100_inst3_run1,base,2030,40914,81828.0,0.6531897079985356,,-3881.0,-3872.0
exp_kp_001,ABC_KP[base]_n100_inst3_run1,base,2040,41116,82232.0,0.6562606669904198,,-3881.0,-3866.0
exp_kp_001,ABC_KP[base]_n100_inst3_run1,base,2050,41317,82634.0,0.6592321249918314,,-3881.0,-3880.0
exp_kp_001,ABC_KP[base]_n100_inst3_run1,base,2060,41522,83044.0,0.6624313329957658,,-3881.0,-3614.0
exp_kp_001,ABC_KP[base]_n100_inst3_run1,base,2070,41722,83444.0,0.6654969999945024,,-3881.0,-3738.0
exp_kp_001,ABC_KP[base]_n100_inst3_run1,base,2080,41922,83844.0,0.6684843330003787,,-3881.0,-3845.0
exp_kp_001,ABC_KP[base]_n100_inst3_run1,base,2090,42123,84246.0,0.6715488749905489,,-3881.0,-3880.0
exp_kp_001,ABC_KP[base]_n100_inst3_run1,base,2100,42324,84648.0,0.6746029169880785,,-3881.0,-3877.0
exp_kp_001,ABC_KP[base]_n100_inst3_run1,base,2110,42525,85050.0,0.6777194579917705,,-3881.0,-3880.0
exp_kp_001,ABC_KP[base]_n100_inst3_run1,base,2120,42727,85454.0,0.6808281669946155,,-3881.0,-3880.0
exp_kp_001,ABC_KP[base]_n100_inst3_run1,base,2130,42931,85862.0,0.6839917499892181,,-3881.0,-3880.0
exp_kp_001,ABC_KP[base]_n100_inst3_run1,base,2140,43132,86264.0,0.6870696669939207,,-3881.0,-3824.0
exp_kp_001,ABC_KP[base]_n100_inst3_run1,base,2150,43332,86664.0,0.6900543329975335,,-3881.0,-3857.0
exp_kp_001,ABC_KP[base]_n100_inst3_run1,base,2160,43533,87066.0,0.6930870419892017,,-3881.0,-3865.0
exp_kp_001,ABC_KP[base]_n100_inst3_run1,base,2170,43735,87470.0,0.6962958329968387,,-3881.0,-3865.0
exp_kp_001,ABC_KP[base]_n100_inst3_run1,base,2180,43936,87872.0,0.6994542079919484,,-3881.0,-3873.0
exp_kp_001,ABC_KP[base]_n100_inst3_run1,base,2190,44138,88276.0,0.7025736669893377,,-3881.0,-3857.0
exp_kp_001,ABC_KP[base]_n100_inst3_run1,base,2200,44338,88676.0,0.7056055829889374,,-3881.0,-3866.0
exp_kp_001,ABC_KP[base]_n100_inst3_run1,base,2210,44539,89078.0,0.7087849999952596,,-3881.0,-3874.0
exp_kp_001,ABC_KP[base]_n100_inst3_run1,base,2220,44742,89484.0,0.7119096669921419,,-3881.0,-3845.0
exp_kp_001,ABC_KP[base]_n100_inst3_run1,base,2230,44942,89884.0,0.7149355419969652,,-3881.0,-3874.0
exp_kp_001,ABC_KP[base]_n100_inst3_run1,base,2240,45144,90288.0,0.7180343749932945,,-3881.0,-3880.0
exp_kp_001,ABC_KP[base]_n100_inst3_run1,base,2250,45348,90696.0,0.7211853749904549,,-3881.0,-3861.0
exp_kp_001,ABC_KP[base]_n100_inst3_run1,base,2260,45549,91098.0,0.724291041988181,,-3881.0,-3798.0
exp_kp_001,ABC_KP[base]_n100_inst3_run1,base,2270,45749,91498.0,0.7273622499924386,,-3881.0,-3842.0
exp_kp_001,ABC_KP[base]_n100_inst3_run1,base,2280,45951,91902.0,0.7313117500016233,,-3881.0,-3867.0
exp_kp_001,ABC_KP[base]_n100_inst3_run1,base,2290,46153,92306.0,0.7381317499966826,,-3881.0,-3880.0
exp_kp_001,ABC_KP[base]_n100_inst3_run1,base,2300,46356,92712.0,0.7415969579888042,,-3881.0,-3880.0
exp_kp_001,ABC_KP[base]_n100_inst3_run1,base,2310,46558,93116.0,0.7451714999915566,,-3881.0,-3817.0
exp_kp_001,ABC_KP[base]_n100_inst3_run1,base,2320,46758,93516.0,0.748469500002102,,-3881.0,-3862.0
exp_kp_001,ABC_KP[base]_n100_inst3_run1,base,2330,46959,93918.0,0.752369333000388,,-3881.0,-3880.0
exp_kp_001,ABC_KP[base]_n100_inst3_run1,base,2340,47161,94322.0,0.7559068330010632,,-3881.0,-3798.0
exp_kp_001,ABC_KP[base]_n100_inst3_run1,base,2350,47362,94724.0,0.7600455829960993,,-3881.0,-3832.0
exp_kp_001,ABC_KP[base]_n100_inst3_run1,base,2360,47562,95124.0,0.7648790829989593,,-3881.0,-3880.0
exp_kp_001,ABC_KP[base]_n100_inst3_run1,base,2370,47763,95526.0,0.7683535419928376,,-3881.0,-3880.0
exp_kp_001,ABC_KP[base]_n100_inst3_run1,base,2380,47967,95934.0,0.7721175829938147,,-3881.0,-3880.0
exp_kp_001,ABC_KP[base]_n100_inst3_run1,base,2390,48169,96338.0,0.7756282499904046,,-3881.0,-3880.0
exp_kp_001,ABC_KP[base]_n100_inst3_run1,base,2400,48371,96742.0,0.7797932499961462,,-3881.0,-3623.0
exp_kp_001,ABC_KP[base]_n100_inst3_run1,base,2410,48571,97142.0,0.782993874992826,,-3881.0,-3775.0
exp_kp_001,ABC_KP[base]_n100_inst3_run1,base,2420,48771,97542.0,0.7861960000009276,,-3881.0,-3843.0
exp_kp_001,ABC_KP[base]_n100_inst3_run1,base,2430,48971,97942.0,0.7896359169972129,,-3881.0,-3880.0
exp_kp_001,ABC_KP[base]_n100_inst3_run1,base,2440,49173,98346.0,0.7930347499932395,,-3881.0,-3877.0
exp_kp_001,ABC_KP[base]_n100_inst3_run1,base,2450,49379,98758.0,0.7970317500003148,,-3881.0,-3880.0
exp_kp_001,ABC_KP[base]_n100_inst3_run1,base,2460,49580,99160.0,0.8008757499919739,,-3881.0,-3779.0
exp_kp_001,ABC_KP[base]_n100_inst3_run1,base,2470,49780,99560.0,0.8041874170012306,,-3881.0,-3808.0
exp_kp_001,ABC_KP[base]_n100_inst3_run1,base,2480,49980,99960.0,0.8074839999899268,,-3881.0,-3842.0
exp_kp_001,ABC_KP[base]_n100_inst3_run1,base,2490,50181,100362.0,0.8107508749963017,,-3881.0,-3877.0
exp_kp_001,ABC_KP[base]_n100_inst3_run1,base,2499,50361,100722.0,0.8136966250021942,,-3881.0,-3877.0
exp_kp_001,ABC_KP[base]_n100_inst3_run2,base,0,10,20.0,8.833012543618679e-06,,-2929.0,-2929.0
exp_kp_001,ABC_KP[base]_n100_inst3_run2,base,10,210,420.0,0.002980583012686111,,-3413.0,-3413.0
exp_kp_001,ABC_KP[base]_n100_inst3_run2,base,20,410,820.0,0.006102333005401306,,-3599.0,-3599.0
exp_kp_001,ABC_KP[base]_n100_inst3_run2,base,30,610,1220.0,0.009398667010827921,,-3681.0,-3681.0
exp_kp_001,ABC_KP[base]_n100_inst3_run2,base,40,810,1620.0,0.012711917006527074,,-3823.0,-3823.0
exp_kp_001,ABC_KP[base]_n100_inst3_run2,base,50,1010,2020.0,0.016241708013694733,,-3868.0,-3868.0
exp_kp_001,ABC_KP[base]_n100_inst3_run2,base,60,1211,2422.0,0.019646125001600012,,-3877.0,-3877.0
exp_kp_001,ABC_KP[base]_n100_inst3_run2,base,70,1412,2824.0,0.02304733300115913,,-3877.0,-3877.0
exp_kp_001,ABC_KP[base]_n100_inst3_run2,base,80,1617,3234.0,0.026371500003733672,,-3877.0,-3877.0
exp_kp_001,ABC_KP[base]_n100_inst3_run2,base,90,1819,3638.0,0.029524583005695604,,-3877.0,-3868.0
exp_kp_001,ABC_KP[base]_n100_inst3_run2,base,100,2020,4040.0,0.03300612501334399,,-3877.0,-3702.0
exp_kp_001,ABC_KP[base]_n100_inst3_run2,base,110,2220,4440.0,0.03621187500539236,,-3877.0,-3799.0
exp_kp_001,ABC_KP[base]_n100_inst3_run2,base,120,2420,4840.0,0.03946945800271351,,-3877.0,-3854.0
exp_kp_001,ABC_KP[base]_n100_inst3_run2,base,130,2621,5242.0,0.0427702080050949,,-3877.0,-3859.0
exp_kp_001,ABC_KP[base]_n100_inst3_run2,base,140,2824,5648.0,0.046034583006985486,,-3880.0,-3880.0
exp_kp_001,ABC_KP[base]_n100_inst3_run2,base,150,3026,6052.0,0.049206125011551194,,-3880.0,-3868.0
exp_kp_001,ABC_KP[base]_n100_inst3_run2,base,160,3228,6456.0,0.05211691700969823,,-3880.0,-3869.0
exp_kp_001,ABC_KP[base]_n100_inst3_run2,base,170,3428,6856.0,0.05520066700410098,,-3880.0,-3872.0
exp_kp_001,ABC_KP[base]_n100_inst3_run2,base,180,3629,7258.0,0.05830662501102779,,-3880.0,-3880.0
exp_kp_001,ABC_KP[base]_n100_inst3_run2,base,190,3832,7664.0,0.061391542010824196,,-3880.0,-3855.0
exp_kp_001,ABC_KP[base]_n100_inst3_run2,base,200,4033,8066.0,0.06452904200705234,,-3880.0,-3863.0
exp_kp_001,ABC_KP[base]_n100_inst3_run2,base,210,4234,8468.0,0.06756562500959262,,-3880.0,-3875.0
exp_kp_001,ABC_KP[base]_n100_inst3_run2,base,220,4435,8870.0,0.07065570801205467,,-3880.0,-3875.0
exp_kp_001,ABC_KP[base]_n100_inst3_run2,base,230,4639,9278.0,0.0737015830090968,,-3880.0,-3868.0
exp_kp_001,ABC_KP[base]_n100_inst3_run2,base,240,4840,9680.0,0.0766366250027204,,-3880.0,-3819.0
exp_kp_001,ABC_KP[base]_n100_inst3_run2,base,250,5041,10082.0,0.07975412500672974,,-3880.0,-3807.0
exp_kp_001,ABC_KP[base]_n100_inst3_run2,base,260,5241,10482.0,0.08293029200285673,,-3880.0,-3866.0
exp_kp_001,ABC_KP[base]_n100_inst3_run2,base,270,5442,10884.0,0.08603141701314598,,-3880.0,-3880.0
exp_kp_001,ABC_KP[base]_n100_inst3_run2,base,280,5645,11290.0,0.08913029200630262,,-3880.0,-3875.0
exp_kp_001,ABC_KP[base]_n100_inst3_run2,base,290,5848,11696.0,0.09217004200036172,,-3880.0,-3815.0
exp_kp_001,ABC_KP[base]_n100_inst3_run2,base,300,6049,12098.0,0.09523958300997037,,-3880.0,-3856.0
exp_kp_001,ABC_KP[base]_n100_inst3_run2,base,310,6252,12504.0,0.0984250420005992,,-3880.0,-3818.0
exp_kp_001,ABC_KP[base]_n100_inst3_run2,base,320,6453,12906.0,0.10155770801065955,,-3880.0,-3859.0
exp_kp_001,ABC_KP[base]_n100_inst3_run2,base,330,6653,13306.0,0.10467991699988488,,-3880.0,-3863.0
exp_kp_001,ABC_KP[base]_n100_inst3_run2,base,340,6855,13710.0,0.1078422499995213,,-3880.0,-3874.0
exp_kp_001,ABC_KP[base]_n100_inst3_run2,base,350,7057,14114.0,0.1111207500071032,,-3880.0,-3876.0
exp_kp_001,ABC_KP[base]_n100_inst3_run2,base,360,7261,14522.0,0.11425962501380127,,-3880.0,-3791.0
exp_kp_001,ABC_KP[base]_n100_inst3_run2,base,370,7462,14924.0,0.11730954200902488,,-3880.0,-3626.0
exp_kp_001,ABC_KP[base]_n100_inst3_run2,base,380,7662,15324.0,0.12029266700847074,,-3880.0,-3738.0
exp_kp_001,ABC_KP[base]_n100_inst3_run2,base,390,7862,15724.0,0.123306749999756,,-3880.0,-3871.0
exp_kp_001,ABC_KP[base]_n100_inst3_run2,base,400,8063,16126.0,0.12641008300124668,,-3880.0,-3877.0
exp_kp_001,ABC_KP[base]_n100_inst3_run2,base,410,8267,16534.0,0.12950845800514799,,-3880.0,-3880.0
exp_kp_001,ABC_KP[base]_n100_inst3_run2,base,420,8470,16940.0,0.13253275000897702,,-3880.0,-3877.0
exp_kp_001,ABC_KP[base]_n100_inst3_run2,base,430,8672,17344.0,0.13557808300538454,,-3880.0,-3748.0
exp_kp_001,ABC_KP[base]_n100_inst3_run2,base,440,8873,17746.0,0.13879370799986646,,-3880.0,-3790.0
exp_kp_001,ABC_KP[base]_n100_inst3_run2,base,450,9073,18146.0,0.1419387500063749,,-3880.0,-3819.0
exp_kp_001,ABC_KP[base]_n100_inst3_run2,base,460,9273,18546.0,0.14519358301186003,,-3880.0,-3873.0
exp_kp_001,ABC_KP[base]_n100_inst3_run2,base,470,9473,18946.0,0.14832562500669155,,-3880.0,-3880.0
exp_kp_001,ABC_KP[base]_n100_inst3_run2,base,480,9676,19352.0,0.15147529200476129,,-3880.0,-3880.0
exp_kp_001,ABC_KP[base]_n100_inst3_run2,base,490,9878,19756.0,0.15455045801354572,,-3880.0,-3880.0
exp_kp_001,ABC_KP[base]_n100_inst3_run2,base,500,10082,20164.0,0.15773970801092219,,-3880.0,-3851.0
exp_kp_001,ABC_KP[base]_n100_inst3_run2,base,510,10282,20564.0,0.16074241700698622,,-3880.0,-3862.0
exp_kp_001,ABC_KP[base]_n100_inst3_run2,base,520,10483,20966.0,0.16386333300033584,,-3880.0,-3818.0
exp_kp_001,ABC_KP[base]_n100_inst3_run2,base,530,10683,21366.0,0.1669597920117667,,-3880.0,-3865.0
exp_kp_001,ABC_KP[base]_n100_inst3_run2,base,540,10884,21768.0,0.17004504200303927,,-3880.0,-3880.0
exp_kp_001,ABC_KP[base]_n100_inst3_run2,base,550,11087,22174.0,0.1757606669998495,,-3880.0,-3880.0
exp_kp_001,ABC_KP[base]_n100_inst3_run2,base,560,11292,22584.0,0.18047345800732728,,-3880.0,-3781.0
exp_kp_001,ABC_KP[base]_n100_inst3_run2,base,570,11493,22986.0,0.18411133300105575,,-3880.0,-3532.0
exp_kp_001,ABC_KP[base]_n100_inst3_run2,base,580,11693,23386.0,0.18725245801033452,,-3880.0,-3725.0
exp_kp_001,ABC_KP[base]_n100_inst3_run2,base,590,11893,23786.0,0.19127508300880436,,-3880.0,-3852.0
exp_kp_001,ABC_KP[base]_n100_inst3_run2,base,600,12093,24186.0,0.1944663330068579,,-3880.0,-3873.0
exp_kp_001,ABC_KP[base]_n100_inst3_run2,base,610,12293,24586.0,0.19901408300211187,,-3882.0,-3882.0
exp_kp_001,ABC_KP[base]_n100_inst3_run2,base,620,12497,24994.0,0.20365083300566766,,-3882.0,-3881.0
exp_kp_001,ABC_KP[base]_n100_inst3_run2,base,630,12701,25402.0,0.20717200000945013,,-3882.0,-3880.0
exp_kp_001,ABC_KP[base]_n100_inst3_run2,base,640,12902,25804.0,0.21169883300899528,,-3882.0,-3849.0
exp_kp_001,ABC_KP[base]_n100_inst3_run2,base,650,13103,26206.0,0.21528891701018438,,-3882.0,-3738.0
exp_kp_001,ABC_KP[base]_n100_inst3_run2,base,660,13303,26606.0,0.21859333300380968,,-3882.0,-3807.0
exp_kp_001,ABC_KP[base]_n100_inst3_run2,base,670,13505,27010.0,0.22235137500683777,,-3882.0,-3880.0
exp_kp_001,ABC_KP[base]_n100_inst3_run2,base,680,13706,27412.0,0.2259033750015078,,-3882.0,-3872.0
exp_kp_001,ABC_KP[base]_n100_inst3_run2,base,690,13907,27814.0,0.22917254200729076,,-3882.0,-3880.0
exp_kp_001,ABC_KP[base]_n100_inst3_run2,base,700,14110,28220.0,0.23277512501226738,,-3882.0,-3880.0
exp_kp_001,ABC_KP[base]_n100_inst3_run2,base,710,14311,28622.0,0.2368431250069989,,-3882.0,-3874.0
exp_kp_001,ABC_KP[base]_n100_inst3_run2,base,720,14513,29026.0,0.2409966250124853,,-3882.0,-3853.0
exp_kp_001,ABC_KP[base]_n100_inst3_run2,base,730,14715,29430.0,0.24425854200671893,,-3882.0,-3876.0
exp_kp_001,ABC_KP[base]_n100_inst3_run2,base,740,14917,29834.0,0.24749475000135135,,-3882.0,-3800.0
exp_kp_001,ABC_KP[base]_n100_inst3_run2,base,750,15117,30234.0,0.2505783750093542,,-3882.0,-3875.0
exp_kp_001,ABC_KP[base]_n100_inst3_run2,base,760,15320,30640.0,0.25366945800487883,,-3882.0,-3868.0
exp_kp_001,ABC_KP[base]_n100_inst3_run2,base,770,15521,31042.0,0.256750833010301,,-3882.0,-3877.0
exp_kp_001,ABC_KP[base]_n100_inst3_run2,base,780,15723,31446.0,0.25985987500462215,,-3882.0,-3874.0
exp_kp_001,ABC_KP[base]_n100_inst3_run2,base,790,15923,31846.0,0.2628413750062464,,-3882.0,-3877.0
exp_kp_001,ABC_KP[base]_n100_inst3_run2,base,800,16124,32248.0,0.2659235000028275,,-3882.0,-3871.0
exp_kp_001,ABC_KP[base]_n100_inst3_run2,base,810,16327,32654.0,0.2690073330013547,,-3882.0,-3877.0
exp_kp_001,ABC_KP[base]_n100_inst3_run2,base,820,16528,33056.0,0.2721900830074446,,-3882.0,-3872.0
exp_kp_001,ABC_KP[base]_n100_inst3_run2,base,830,16731,33462.0,0.27536033300566487,,-3882.0,-3878.0
exp_kp_001,ABC_KP[base]_n100_inst3_run2,base,840,16932,33864.0,0.2784428330051014,,-3882.0,-3877.0
exp_kp_001,ABC_KP[base]_n100_inst3_run2,base,850,17133,34266.0,0.2818290830036858,,-3882.0,-3828.0
exp_kp_001,ABC_KP[base]_n100_inst3_run2,base,860,17333,34666.0,0.28489337500650436,,-3882.0,-3874.0
exp_kp_001,ABC_KP[base]_n100_inst3_run2,base,870,17535,35070.0,0.28804108301119413,,-3882.0,-3868.0
exp_kp_001,ABC_KP[base]_n100_inst3_run2,base,880,17737,35474.0,0.2912372499995399,,-3882.0,-3850.0
exp_kp_001,ABC_KP[base]_n100_inst3_run2,base,890,17941,35882.0,0.2944395000085933,,-3882.0,-3880.0
exp_kp_001,ABC_KP[base]_n100_inst3_run2,base,900,18142,36284.0,0.29757687500386965,,-3882.0,-3798.0
exp_kp_001,ABC_KP[base]_n100_inst3_run2,base,910,18342,36684.0,0.3006247080047615,,-3882.0,-3868.0
exp_kp_001,ABC_KP[base]_n100_inst3_run2,base,920,18545,37090.0,0.3036714580084663,,-3882.0,-3837.0
exp_kp_001,ABC_KP[base]_n100_inst3_run2,base,930,18745,37490.0,0.3068414580047829,,-3882.0,-3861.0
exp_kp_001,ABC_KP[base]_n100_inst3_run2,base,940,18946,37892.0,0.30996320801205,,-3882.0,-3879.0
exp_kp_001,ABC_KP[base]_n100_inst3_run2,base,950,19149,38298.0,0.31310712500999216,,-3882.0,-3862.0
exp_kp_001,ABC_KP[base]_n100_inst3_run2,base,960,19351,38702.0,0.3162451670068549,,-3882.0,-3836.0
exp_kp_001,ABC_KP[base]_n100_inst3_run2,base,970,19551,39102.0,0.3192985000059707,,-3882.0,-3857.0
exp_kp_001,ABC_KP[base]_n100_inst3_run2,base,980,19753,39506.0,0.3224110000010114,,-3882.0,-3877.0
exp_kp_001,ABC_KP[base]_n100_inst3_run2,base,990,19955,39910.0,0.3255322500044713,,-3882.0,-3868.0
exp_kp_001,ABC_KP[base]_n100_inst3_run2,base,1000,20156,40312.0,0.3285166670102626,,-3882.0,-3877.0
exp_kp_001,ABC_KP[base]_n100_inst3_run2,base,1010,20358,40716.0,0.3315677080099704,,-3882.0,-3877.0
exp_kp_001,ABC_KP[base]_n100_inst3_run2,base,1020,20559,41118.0,0.3345317080093082,,-3882.0,-3879.0
exp_kp_001,ABC_KP[base]_n100_inst3_run2,base,1030,20760,41520.0,0.33772304200101644,,-3882.0,-3858.0
exp_kp_001,ABC_KP[base]_n100_inst3_run2,base,1040,20961,41922.0,0.34080483300203923,,-3882.0,-3858.0
exp_kp_001,ABC_KP[base]_n100_inst3_run2,base,1050,21163,42326.0,0.3438654580095317,,-3882.0,-3858.0
exp_kp_001,ABC_KP[base]_n100_inst3_run2,base,1060,21365,42730.0,0.34703625000838656,,-3882.0,-3871.0
exp_kp_001,ABC_KP[base]_n100_inst3_run2,base,1070,21566,43132.0,0.3500147080048919,,-3882.0,-3877.0
exp_kp_001,ABC_KP[base]_n100_inst3_run2,base,1080,21769,43538.0,0.35304075000749435,,-3882.0,-3860.0
exp_kp_001,ABC_KP[base]_n100_inst3_run2,base,1090,21969,43938.0,0.35598925000522286,,-3882.0,-3880.0
exp_kp_001,ABC_KP[base]_n100_inst3_run2,base,1100,22171,44342.0,0.3590352500032168,,-3882.0,-3872.0
exp_kp_001,ABC_KP[base]_n100_inst3_run2,base,1110,22372,44744.0,0.36205125000560656,,-3882.0,-3869.0
exp_kp_001,ABC_KP[base]_n100_inst3_run2,base,1120,22574,45148.0,0.36516170800314285,,-3882.0,-3880.0
exp_kp_001,ABC_KP[base]_n100_inst3_run2,base,1130,22776,45552.0,0.3681308750092285,,-3882.0,-3860.0
exp_kp_001,ABC_KP[base]_n100_inst3_run2,base,1140,22978,45956.0,0.37122708300012164,,-3882.0,-3858.0
exp_kp_001,ABC_KP[base]_n100_inst3_run2,base,1150,23178,46356.0,0.3742824580112938,,-3882.0,-3868.0
exp_kp_001,ABC_KP[base]_n100_inst3_run2,base,1160,23381,46762.0,0.3773011670127744,,-3882.0,-3868.0
exp_kp_001,ABC_KP[base]_n100_inst3_run2,base,1170,23582,47164.0,0.38056712500110734,,-3882.0,-3805.0
exp_kp_001,ABC_KP[base]_n100_inst3_run2,base,1180,23783,47566.0,0.3837176250090124,,-3882.0,-3860.0
exp_kp_001,ABC_KP[base]_n100_inst3_run2,base,1190,23984,47968.0,0.3867250830080593,,-3882.0,-3861.0
exp_kp_001,ABC_KP[base]_n100_inst3_run2,base,1200,24185,48370.0,0.3898809580132365,,-3882.0,-3867.0
exp_kp_001,ABC_KP[base]_n100_inst3_run2,base,1210,24387,48774.0,0.3930659170000581,,-3882.0,-3863.0
exp_kp_001,ABC_KP[base]_n100_inst3_run2,base,1220,24588,49176.0,0.39609208299953025,,-3882.0,-3876.0
exp_kp_001,ABC_KP[base]_n100_inst3_run2,base,1230,24791,49582.0,0.39916570800414775,,-3882.0,-3877.0
exp_kp_001,ABC_KP[base]_n100_inst3_run2,base,1240,24991,49982.0,0.4021662920131348,,-3882.0,-3880.0
exp_kp_001,ABC_KP[base]_n100_inst3_run2,base,1250,25193,50386.0,0.40523912500066217,,-3882.0,-3876.0
exp_kp_001,ABC_KP[base]_n100_inst3_run2,base,1260,25393,50786.0,0.4082699999999022,,-3882.0,-3877.0
exp_kp_001,ABC_KP[base]_n100_inst3_run2,base,1270,25595,51190.0,0.41132062500400934,,-3882.0,-3877.0
exp_kp_001,ABC_KP[base]_n100_inst3_run2,base,1280,25796,51592.0,0.41438862500945106,,-3882.0,-3870.0
exp_kp_001,ABC_KP[base]_n100_inst3_run2,base,1290,25999,51998.0,0.41730829200241715,,-3882.0,-3851.0
exp_kp_001,ABC_KP[base]_n100_inst3_run2,base,1300,26200,52400.0,0.42039379201014526,,-3882.0,-3876.0
exp_kp_001,ABC_KP[base]_n100_inst3_run2,base,1310,26402,52804.0,0.42347400001017377,,-3882.0,-3876.0
exp_kp_001,ABC_KP[base]_n100_inst3_run2,base,1320,26603,53206.0,0.42649908301245887,,-3882.0,-3877.0
exp_kp_001,ABC_KP[base]_n100_inst3_run2,base,1330,26804,53608.0,0.43286541700945236,,-3882.0,-3873.0
exp_kp_001,ABC_KP[base]_n100_inst3_run2,base,1340,27007,54014.0,0.4363440000015544,,-3882.0,-3873.0
exp_kp_001,ABC_KP[base]_n100_inst3_run2,base,1350,27208,54416.0,0.43954679201124236,,-3882.0,-3873.0
exp_kp_001,ABC_KP[base]_n100_inst3_run2,base,1360,27409,54818.0,0.4429672920086887,,-3882.0,-3840.0
exp_kp_001,ABC_KP[base]_n100_inst3_run2,base,1370,27611,55222.0,0.4463704580120975,,-3882.0,-3872.0
exp_kp_001,ABC_KP[base]_n100_inst3_run2,base,1380,27812,55624.0,0.44976950000273064,,-3882.0,-3868.0
exp_kp_001,ABC_KP[base]_n100_inst3_run2,base,1390,28014,56028.0,0.4551348330132896,,-3882.0,-3868.0
exp_kp_001,ABC_KP[base]_n100_inst3_run2,base,1400,28215,56430.0,0.4583949170046253,,-3882.0,-3856.0
exp_kp_001,ABC_KP[base]_n100_inst3_run2,base,1410,28417,56834.0,0.46178995800437406,,-3882.0,-3859.0
exp_kp_001,ABC_KP[base]_n100_inst3_run2,base,1420,28618,57236.0,0.46511058301257435,,-3882.0,-3877.0
exp_kp_001,ABC_KP[base]_n100_inst3_run2,base,1430,28819,57638.0,0.46849458300857805,,-3882.0,-3877.0
exp_kp_001,ABC_KP[base]_n100_inst3_run2,base,1440,29020,58040.0,0.47173954200115986,,-3882.0,-3877.0
exp_kp_001,ABC_KP[base]_n100_inst3_run2,base,1450,29224,58448.0,0.4748627920052968,,-3882.0,-3877.0
exp_kp_001,ABC_KP[base]_n100_inst3_run2,base,1460,29427,58854.0,0.4780464580107946,,-3882.0,-3815.0
exp_kp_001,ABC_KP[base]_n100_inst3_run2,base,1470,29628,59256.0,0.481258167012129,,-3882.0,-3754.0
exp_kp_001,ABC_KP[base]_n100_inst3_run2,base,1480,29828,59656.0,0.4843748750136001,,-3882.0,-3787.0
exp_kp_001,ABC_KP[base]_n100_inst3_run2,base,1490,30030,60060.0,0.48801025000284426,,-3882.0,-3840.0
exp_kp_001,ABC_KP[base]_n100_inst3_run2,base,1500,30230,60460.0,0.49173866701312363,,-3882.0,-3880.0
exp_kp_001,ABC_KP[base]_n100_inst3_run2,base,1510,30431,60862.0,0.49521037501108367,,-3882.0,-3880.0
exp_kp_001,ABC_KP[base]_n100_inst3_run2,base,1520,30633,61266.0,0.498270208001486,,-3882.0,-3880.0
exp_kp_001,ABC_KP[base]_n100_inst3_run2,base,1530,30837,61674.0,0.5013301670114743,,-3882.0,-3873.0
exp_kp_001,ABC_KP[base]_n100_inst3_run2,base,1540,31039,62078.0,0.5043975420121569,,-3882.0,-3843.0
exp_kp_001,ABC_KP[base]_n100_inst3_run2,base,1550,31239,62478.0,0.5074023750057677,,-3882.0,-3877.0
exp_kp_001,ABC_KP[base]_n100_inst3_run2,base,1560,31440,62880.0,0.5103666670038365,,-3882.0,-3804.0
exp_kp_001,ABC_KP[base]_n100_inst3_run2,base,1570,31640,63280.0,0.513362458004849,,-3882.0,-3816.0
exp_kp_001,ABC_KP[base]_n100_inst3_run2,base,1580,31841,63682.0,0.5164930419996381,,-3882.0,-3841.0
exp_kp_001,ABC_KP[base]_n100_inst3_run2,base,1590,32044,64088.0,0.5195829170115758,,-3882.0,-3873.0
exp_kp_001,ABC_KP[base]_n100_inst3_run2,base,1600,32244,64488.0,0.5226970830117352,,-3882.0,-3874.0
exp_kp_001,ABC_KP[base]_n100_inst3_run2,base,1610,32447,64894.0,0.5257348750019446,,-3882.0,-3868.0
exp_kp_001,ABC_KP[base]_n100_inst3_run2,base,1620,32649,65298.0,0.5287275000009686,,-3882.0,-3877.0
exp_kp_001,ABC_KP[base]_n100_inst3_run2,base,1630,32851,65702.0,0.5317607920005685,,-3882.0,-3872.0
exp_kp_001,ABC_KP[base]_n100_inst3_run2,base,1640,33051,66102.0,0.5348199170111911,,-3882.0,-3878.0
exp_kp_001,ABC_KP[base]_n100_inst3_run2,base,1650,33253,66506.0,0.5380674580082996,,-3882.0,-3876.0
exp_kp_001,ABC_KP[base]_n100_inst3_run2,base,1660,33454,66908.0,0.5412503750121687,,-3882.0,-3826.0
exp_kp_001,ABC_KP[base]_n100_inst3_run2,base,1670,33654,67308.0,0.544266750002862,,-3882.0,-3876.0
exp_kp_001,ABC_KP[base]_n100_inst3_run2,base,1680,33856,67712.0,0.5472555000014836,,-3882.0,-3880.0
exp_kp_001,ABC_KP[base]_n100_inst3_run2,base,1690,34058,68116.0,0.5503025420039194,,-3882.0,-3880.0
exp_kp_001,ABC_KP[base]_n100_inst3_run2,base,1700,34261,68522.0,0.553404167003464,,-3882.0,-3872.0
exp_kp_001,ABC_KP[base]_n100_inst3_run2,base,1710,34461,68922.0,0.5565689170034602,,-3882.0,-3877.0
exp_kp_001,ABC_KP[base]_n100_inst3_run2,base,1720,34663,69326.0,0.5597826670127688,,-3882.0,-3861.0
exp_kp_001,ABC_KP[base]_n100_inst3_run2,base,1730,34865,69730.0,0.5629215830122121,,-3882.0,-3749.0
exp_kp_001,ABC_KP[base]_n100_inst3_run2,base,1740,35065,70130.0,0.5659087500098394,,-3882.0,-3853.0
exp_kp_001,ABC_KP[base]_n100_inst3_run2,base,1750,35267,70534.0,0.5689700420043664,,-3882.0,-3825.0
exp_kp_001,ABC_KP[base]_n100_inst3_run2,base,1760,35467,70934.0,0.5720156669995049,,-3882.0,-3877.0
exp_kp_001,ABC_KP[base]_n100_inst3_run2,base,1770,35669,71338.0,0.5751940420013852,,-3882.0,-3880.0
exp_kp_001,ABC_KP[base]_n100_inst3_run2,base,1780,35871,71742.0,0.5782240000116872,,-3882.0,-3874.0
exp_kp_001,ABC_KP[base]_n100_inst3_run2,base,1790,36075,72150.0,0.5813046670082258,,-3882.0,-3749.0
exp_kp_001,ABC_KP[base]_n100_inst3_run2,base,1800,36275,72550.0,0.5843611670134123,,-3882.0,-3813.0
exp_kp_001,ABC_KP[base]_n100_inst3_run2,base,1810,36475,72950.0,0.5873029580106959,,-3882.0,-3848.0
exp_kp_001,ABC_KP[base]_n100_inst3_run2,base,1820,36676,73352.0,0.5905032080045203,,-3882.0,-3862.0
exp_kp_001,ABC_KP[base]_n100_inst3_run2,base,1830,36878,73756.0,0.5937310000008438,,-3882.0,-3869.0
exp_kp_001,ABC_KP[base]_n100_inst3_run2,base,1840,37081,74162.0,0.5969126670097467,,-3882.0,-3859.0
exp_kp_001,ABC_KP[base]_n100_inst3_run2,base,1850,37282,74564.0,0.5999525830120547,,-3882.0,-3862.0
exp_kp_001,ABC_KP[base]_n100_inst3_run2,base,1860,37484,74968.0,0.6029342920082854,,-3882.0,-3872.0
exp_kp_001,ABC_KP[base]_n100_inst3_run2,base,1870,37686,75372.0,0.6060315000067931,,-3882.0,-3870.0
exp_kp_001,ABC_KP[base]_n100_inst3_run2,base,1880,37888,75776.0,0.609350667000399,,-3882.0,-3869.0
exp_kp_001,ABC_KP[base]_n100_inst3_run2,base,1890,38090,76180.0,0.6133730000001378,,-3882.0,-3851.0
exp_kp_001,ABC_KP[base]_n100_inst3_run2,base,1900,38291,76582.0,0.617178167012753,,-3882.0,-3766.0
exp_kp_001,ABC_KP[base]_n100_inst3_run2,base,1910,38491,76982.0,0.6205597920052242,,-3882.0,-3822.0
exp_kp_001,ABC_KP[base]_n100_inst3_run2,base,1920,38691,77382.0,0.6236008330015466,,-3882.0,-3856.0
exp_kp_001,ABC_KP[base]_n100_inst3_run2,base,1930,38892,77784.0,0.6267410420114174,,-3882.0,-3880.0
exp_kp_001,ABC_KP[base]_n100_inst3_run2,base,1940,39096,78192.0,0.6298639580054441,,-3882.0,-3864.0
exp_kp_001,ABC_KP[base]_n100_inst3_run2,base,1950,39298,78596.0,0.6331671250081854,,-3882.0,-3853.0
exp_kp_001,ABC_KP[base]_n100_inst3_run2,base,1960,39499,78998.0,0.6362639170110924,,-3882.0,-3860.0
exp_kp_001,ABC_KP[base]_n100_inst3_run2,base,1970,39700,79400.0,0.6393442920089001,,-3882.0,-3880.0
exp_kp_001,ABC_KP[base]_n100_inst3_run2,base,1980,39901,79802.0,0.6424166670039995,,-3882.0,-3759.0
exp_kp_001,ABC_KP[base]_n100_inst3_run2,base,1990,40101,80202.0,0.6454770420095883,,-3882.0,-3847.0
exp_kp_001,ABC_KP[base]_n100_inst3_run2,base,2000,40302,80604.0,0.6485290000127861,,-3882.0,-3880.0
exp_kp_001,ABC_KP[base]_n100_inst3_run2,base,2010,40505,81010.0,0.6515349170076661,,-3882.0,-3880.0
exp_kp_001,ABC_KP[base]_n100_inst3_run2,base,2020,40708,81416.0,0.6545409579994157,,-3882.0,-3880.0
exp_kp_001,ABC_KP[base]_n100_inst3_run2,base,2030,40910,81820.0,0.6575494999997318,,-3882.0,-3679.0
exp_kp_001,ABC_KP[base]_n100_inst3_run2,base,2040,41110,82220.0,0.6605887080077082,,-3882.0,-3700.0
exp_kp_001,ABC_KP[base]_n100_inst3_run2,base,2050,41311,82622.0,0.6641647080105031,,-3882.0,-3745.0
exp_kp_001,ABC_KP[base]_n100_inst3_run2,base,2060,41511,83022.0,0.667343458000687,,-3882.0,-3790.0
exp_kp_001,ABC_KP[base]_n100_inst3_run2,base,2070,41711,83422.0,0.6704277080134489,,-3882.0,-3874.0
exp_kp_001,ABC_KP[base]_n100_inst3_run2,base,2080,41912,83824.0,0.6734842920122901,,-3882.0,-3880.0
exp_kp_001,ABC_KP[base]_n100_inst3_run2,base,2090,42115,84230.0,0.6765689580061007,,-3882.0,-3880.0
exp_kp_001,ABC_KP[base]_n100_inst3_run2,base,2100,42319,84638.0,0.6830678750120569,,-3882.0,-3877.0
exp_kp_001,ABC_KP[base]_n100_inst3_run2,base,2110,42520,85040.0,0.6865330420114333,,-3882.0,-3844.0
exp_kp_001,ABC_KP[base]_n100_inst3_run2,base,2120,42721,85442.0,0.6897365000040736,,-3882.0,-3680.0
exp_kp_001,ABC_KP[base]_n100_inst3_run2,base,2130,42921,85842.0,0.6929157080012374,,-3882.0,-3795.0
exp_kp_001,ABC_KP[base]_n100_inst3_run2,base,2140,43121,86242.0,0.6968791250110371,,-3882.0,-3862.0
exp_kp_001,ABC_KP[base]_n100_inst3_run2,base,2150,43323,86646.0,0.7002472919994034,,-3882.0,-3877.0
exp_kp_001,ABC_KP[base]_n100_inst3_run2,base,2160,43527,87054.0,0.7056979580083862,,-3882.0,-3877.0
exp_kp_001,ABC_KP[base]_n100_inst3_run2,base,2170,43730,87460.0,0.7090264170110459,,-3882.0,-3851.0
exp_kp_001,ABC_KP[base]_n100_inst3_run2,base,2180,43931,87862.0,0.7125982920115348,,-3882.0,-3484.0
exp_kp_001,ABC_KP[base]_n100_inst3_run2,base,2190,44131,88262.0,0.7162968750053551,,-3882.0,-3753.0
exp_kp_001,ABC_KP[base]_n100_inst3_run2,base,2200,44331,88662.0,0.7196354170009727,,-3882.0,-3772.0
exp_kp_001,ABC_KP[base]_n100_inst3_run2,base,2210,44531,89062.0,0.7235254580009496,,-3882.0,-3871.0
exp_kp_001,ABC_KP[base]_n100_inst3_run2,base,2220,44731,89462.0,0.7268252500070957,,-3882.0,-3880.0
exp_kp_001,ABC_KP[base]_n100_inst3_run2,base,2230,44934,89868.0,0.7300292500003707,,-3882.0,-3880.0
exp_kp_001,ABC_KP[base]_n100_inst3_run2,base,2240,45138,90276.0,0.7332176670024637,,-3882.0,-3880.0
exp_kp_001,ABC_KP[base]_n100_inst3_run2,base,2250,45340,90680.0,0.7364318330073729,,-3882.0,-3873.0
exp_kp_001,ABC_KP[base]_n100_inst3_run2,base,2260,45541,91082.0,0.7404072500066832,,-3882.0,-3636.0
exp_kp_001,ABC_KP[base]_n100_inst3_run2,base,2270,45741,91482.0,0.7444962080044206,,-3882.0,-3841.0
exp_kp_001,ABC_KP[base]_n100_inst3_run2,base,2280,45941,91882.0,0.7485144580132328,,-3882.0,-3866.0
exp_kp_001,ABC_KP[base]_n100_inst3_run2,base,2290,46142,92284.0,0.7517708330124151,,-3882.0,-3880.0
exp_kp_001,ABC_KP[base]_n100_inst3_run2,base,2300,46344,92688.0,0.7549131250125356,,-3882.0,-3880.0
exp_kp_001,ABC_KP[base]_n100_inst3_run2,base,2310,46549,93098.0,0.75811429200985,,-3882.0,-3880.0
exp_kp_001,ABC_KP[base]_n100_inst3_run2,base,2320,46750,93500.0,0.7611564170074416,,-3882.0,-3871.0
exp_kp_001,ABC_KP[base]_n100_inst3_run2,base,2330,46951,93902.0,0.7642136670037871,,-3882.0,-3803.0
exp_kp_001,ABC_KP[base]_n100_inst3_run2,base,2340,47151,94302.0,0.7674814170022728,,-3882.0,-3840.0
exp_kp_001,ABC_KP[base]_n100_inst3_run2,base,2350,47353,94706.0,0.7705362080014311,,-3882.0,-3673.0
exp_kp_001,ABC_KP[base]_n100_inst3_run2,base,2360,47553,95106.0,0.7736198330094339,,-3882.0,-3862.0
exp_kp_001,ABC_KP[base]_n100_inst3_run2,base,2370,47755,95510.0,0.7766754580079578,,-3882.0,-3835.0
exp_kp_001,ABC_KP[base]_n100_inst3_run2,base,2380,47955,95910.0,0.7798192920017755,,-3882.0,-3872.0
exp_kp_001,ABC_KP[base]_n100_inst3_run2,base,2390,48159,96318.0,0.7829691670049215,,-3882.0,-3862.0
exp_kp_001,ABC_KP[base]_n100_inst3_run2,base,2400,48359,96718.0,0.7860396250034682,,-3882.0,-3871.0
exp_kp_001,ABC_KP[base]_n100_inst3_run2,base,2410,48562,97124.0,0.7892710830055876,,-3882.0,-3865.0
exp_kp_001,ABC_KP[base]_n100_inst3_run2,base,2420,48766,97532.0,0.792471332999412,,-3882.0,-3818.0
exp_kp_001,ABC_KP[base]_n100_inst3_run2,base,2430,48967,97934.0,0.7954183750116499,,-3882.0,-3720.0
exp_kp_001,ABC_KP[base]_n100_inst3_run2,base,2440,49167,98334.0,0.7984654169995338,,-3882.0,-3826.0
exp_kp_001,ABC_KP[base]_n100_inst3_run2,base,2450,49368,98736.0,0.8015506670053583,,-3882.0,-3867.0
exp_kp_001,ABC_KP[base]_n100_inst3_run2,base,2460,49570,99140.0,0.8046396670106333,,-3882.0,-3877.0
exp_kp_001,ABC_KP[base]_n100_inst3_run2,base,2470,49773,99546.0,0.8077763750043232,,-3882.0,-3873.0
exp_kp_001,ABC_KP[base]_n100_inst3_run2,base,2480,49975,99950.0,0.8108691670058761,,-3882.0,-3873.0
exp_kp_001,ABC_KP[base]_n100_inst3_run2,base,2490,50176,100352.0,0.8138712500076508,,-3882.0,-3867.0
exp_kp_001,ABC_KP[base]_n100_inst3_run2,base,2499,50357,100714.0,0.8166174580110237,,-3882.0,-3805.0
exp_kp_001,ABC_KP[base]_n100_inst4_run0,base,0,10,20.0,8.20901186671108e-06,,-2845.0,-2845.0
exp_kp_001,ABC_KP[base]_n100_inst4_run0,base,10,210,420.0,0.0029482090030796826,,-3350.0,-3350.0
exp_kp_001,ABC_KP[base]_n100_inst4_run0,base,20,410,820.0,0.0059112919989274815,,-3564.0,-3564.0
exp_kp_001,ABC_KP[base]_n100_inst4_run0,base,30,610,1220.0,0.008812625004793517,,-3743.0,-3743.0
exp_kp_001,ABC_KP[base]_n100_inst4_run0,base,40,810,1620.0,0.01179558401054237,,-3911.0,-3911.0
exp_kp_001,ABC_KP[base]_n100_inst4_run0,base,50,1011,2022.0,0.014902292008628137,,-3916.0,-3915.0
exp_kp_001,ABC_KP[base]_n100_inst4_run0,base,60,1211,2422.0,0.01802175000193529,,-3920.0,-3920.0
exp_kp_001,ABC_KP[base]_n100_inst4_run0,base,70,1416,2832.0,0.021259959001326934,,-3920.0,-3920.0
exp_kp_001,ABC_KP[base]_n100_inst4_run0,base,80,1619,3238.0,0.024462334011332132,,-3920.0,-3857.0
exp_kp_001,ABC_KP[base]_n100_inst4_run0,base,90,1820,3640.0,0.027440334000857547,,-3920.0,-3786.0
exp_kp_001,ABC_KP[base]_n100_inst4_run0,base,100,2020,4040.0,0.030466167008853517,,-3920.0,-3847.0
exp_kp_001,ABC_KP[base]_n100_inst4_run0,base,110,2221,4442.0,0.033504459002870135,,-3920.0,-3885.0
exp_kp_001,ABC_KP[base]_n100_inst4_run0,base,120,2422,4844.0,0.0365308750042459,,-3920.0,-3915.0
exp_kp_001,ABC_KP[base]_n100_inst4_run0,base,130,2625,5250.0,0.03965658400557004,,-3920.0,-3898.0
exp_kp_001,ABC_KP[base]_n100_inst4_run0,base,140,2828,5656.0,0.04275241700815968,,-3920.0,-3876.0
exp_kp_001,ABC_KP[base]_n100_inst4_run0,base,150,3030,6060.0,0.04605275001085829,,-3920.0,-3753.0
exp_kp_001,ABC_KP[base]_n100_inst4_run0,base,160,3231,6462.0,0.0499446670000907,,-3920.0,-3827.0
exp_kp_001,ABC_KP[base]_n100_inst4_run0,base,170,3431,6862.0,0.05316887500521261,,-3920.0,-3898.0
exp_kp_001,ABC_KP[base]_n100_inst4_run0,base,180,3632,7264.0,0.056315624999115244,,-3920.0,-3904.0
exp_kp_001,ABC_KP[base]_n100_inst4_run0,base,190,3834,7668.0,0.05948879200150259,,-3920.0,-3867.0
exp_kp_001,ABC_KP[base]_n100_inst4_run0,base,200,4036,8072.0,0.06270129200129304,,-3920.0,-3909.0
exp_kp_001,ABC_KP[base]_n100_inst4_run0,base,210,4236,8472.0,0.06581704200652894,,-3920.0,-3912.0
exp_kp_001,ABC_KP[base]_n100_inst4_run0,base,220,4438,8876.0,0.069077667008969,,-3920.0,-3920.0
exp_kp_001,ABC_KP[base]_n100_inst4_run0,base,230,4640,9280.0,0.07215195900062099,,-3920.0,-3901.0
exp_kp_001,ABC_KP[base]_n100_inst4_run0,base,240,4841,9682.0,0.0751829170039855,,-3920.0,-3894.0
exp_kp_001,ABC_KP[base]_n100_inst4_run0,base,250,5042,10084.0,0.07821562500612345,,-3920.0,-3920.0
exp_kp_001,ABC_KP[base]_n100_inst4_run0,base,260,5245,10490.0,0.0813606670126319,,-3920.0,-3913.0
exp_kp_001,ABC_KP[base]_n100_inst4_run0,base,270,5446,10892.0,0.08429825000348501,,-3920.0,-3911.0
exp_kp_001,ABC_KP[base]_n100_inst4_run0,base,280,5648,11296.0,0.08745454200834502,,-3920.0,-3898.0
exp_kp_001,ABC_KP[base]_n100_inst4_run0,base,290,5850,11700.0,0.09064304200001061,,-3920.0,-3768.0
exp_kp_001,ABC_KP[base]_n100_inst4_run0,base,300,6050,12100.0,0.09388254200166557,,-3920.0,-3899.0
exp_kp_001,ABC_KP[base]_n100_inst4_run0,base,310,6251,12502.0,0.09738554200157523,,-3920.0,-3907.0
exp_kp_001,ABC_KP[base]_n100_inst4_run0,base,320,6452,12904.0,0.10065362500608899,,-3920.0,-3916.0
exp_kp_001,ABC_KP[base]_n100_inst4_run0,base,330,6654,13308.0,0.10423479200107977,,-3920.0,-3916.0
exp_kp_001,ABC_KP[base]_n100_inst4_run0,base,340,6858,13716.0,0.10755720900488086,,-3920.0,-3888.0
exp_kp_001,ABC_KP[base]_n100_inst4_run0,base,350,7058,14116.0,0.11249345900432672,,-3920.0,-3920.0
exp_kp_001,ABC_KP[base]_n100_inst4_run0,base,360,7259,14518.0,0.11804137501167133,,-3920.0,-3920.0
exp_kp_001,ABC_KP[base]_n100_inst4_run0,base,370,7460,14920.0,0.12208795901096892,,-3920.0,-3915.0
exp_kp_001,ABC_KP[base]_n100_inst4_run0,base,380,7661,15322.0,0.12543962500058115,,-3920.0,-3895.0
exp_kp_001,ABC_KP[base]_n100_inst4_run0,base,390,7862,15724.0,0.1295549589995062,,-3920.0,-3911.0
exp_kp_001,ABC_KP[base]_n100_inst4_run0,base,400,8064,16128.0,0.13309266700525768,,-3920.0,-3916.0
exp_kp_001,ABC_KP[base]_n100_inst4_run0,base,410,8267,16534.0,0.13861566700506955,,-3920.0,-3910.0
exp_kp_001,ABC_KP[base]_n100_inst4_run0,base,420,8468,16936.0,0.1428146250109421,,-3920.0,-3892.0
exp_kp_001,ABC_KP[base]_n100_inst4_run0,base,430,8669,17338.0,0.14620287501020357,,-3920.0,-3905.0
exp_kp_001,ABC_KP[base]_n100_inst4_run0,base,440,8869,17738.0,0.14948387500771787,,-3920.0,-3915.0
exp_kp_001,ABC_KP[base]_n100_inst4_run0,base,450,9071,18142.0,0.15306941700691823,,-3920.0,-3920.0
exp_kp_001,ABC_KP[base]_n100_inst4_run0,base,460,9273,18546.0,0.15672595900832675,,-3920.0,-3903.0
exp_kp_001,ABC_KP[base]_n100_inst4_run0,base,470,9476,18952.0,0.16016987500188407,,-3920.0,-3920.0
exp_kp_001,ABC_KP[base]_n100_inst4_run0,base,480,9678,19356.0,0.16351608400873374,,-3920.0,-3848.0
exp_kp_001,ABC_KP[base]_n100_inst4_run0,base,490,9880,19760.0,0.16679879200819414,,-3920.0,-3621.0
exp_kp_001,ABC_KP[base]_n100_inst4_run0,base,500,10080,20160.0,0.17006600000604521,,-3920.0,-3730.0
exp_kp_001,ABC_KP[base]_n100_inst4_run0,base,510,10280,20560.0,0.17436000000452623,,-3920.0,-3914.0
exp_kp_001,ABC_KP[base]_n100_inst4_run0,base,520,10481,20962.0,0.17812675000459421,,-3920.0,-3920.0
exp_kp_001,ABC_KP[base]_n100_inst4_run0,base,530,10683,21366.0,0.18138487500254996,,-3920.0,-3908.0
exp_kp_001,ABC_KP[base]_n100_inst4_run0,base,540,10886,21772.0,0.18440866700257175,,-3920.0,-3872.0
exp_kp_001,ABC_KP[base]_n100_inst4_run0,base,550,11087,22174.0,0.1873621670092689,,-3920.0,-3892.0
exp_kp_001,ABC_KP[base]_n100_inst4_run0,base,560,11287,22574.0,0.19036891699943226,,-3920.0,-3897.0
exp_kp_001,ABC_KP[base]_n100_inst4_run0,base,570,11488,22976.0,0.1934153750044061,,-3920.0,-3898.0
exp_kp_001,ABC_KP[base]_n100_inst4_run0,base,580,11689,23378.0,0.19656979200954083,,-3920.0,-3920.0
exp_kp_001,ABC_KP[base]_n100_inst4_run0,base,590,11891,23782.0,0.19960833400546107,,-3920.0,-3885.0
exp_kp_001,ABC_KP[base]_n100_inst4_run0,base,600,12092,24184.0,0.20256029200390913,,-3920.0,-3920.0
exp_kp_001,ABC_KP[base]_n100_inst4_run0,base,610,12293,24586.0,0.20551516700652428,,-3920.0,-3920.0
exp_kp_001,ABC_KP[base]_n100_inst4_run0,base,620,12495,24990.0,0.2085467920114752,,-3920.0,-3903.0
exp_kp_001,ABC_KP[base]_n100_inst4_run0,base,630,12696,25392.0,0.2115310840017628,,-3920.0,-3903.0
exp_kp_001,ABC_KP[base]_n100_inst4_run0,base,640,12899,25798.0,0.2147628750099102,,-3920.0,-3859.0
exp_kp_001,ABC_KP[base]_n100_inst4_run0,base,650,13101,26202.0,0.21781358400767203,,-3920.0,-3876.0
exp_kp_001,ABC_KP[base]_n100_inst4_run0,base,660,13301,26602.0,0.22086883400334045,,-3920.0,-3882.0
exp_kp_001,ABC_KP[base]_n100_inst4_run0,base,670,13503,27006.0,0.22398783400421962,,-3920.0,-3905.0
exp_kp_001,ABC_KP[base]_n100_inst4_run0,base,680,13705,27410.0,0.22694654201040976,,-3920.0,-3875.0
exp_kp_001,ABC_KP[base]_n100_inst4_run0,base,690,13908,27816.0,0.23009008400549646,,-3920.0,-3826.0
exp_kp_001,ABC_KP[base]_n100_inst4_run0,base,700,14108,28216.0,0.23312154201266821,,-3920.0,-3911.0
exp_kp_001,ABC_KP[base]_n100_inst4_run0,base,710,14311,28622.0,0.2361783340020338,,-3920.0,-3883.0
exp_kp_001,ABC_KP[base]_n100_inst4_run0,base,720,14512,29024.0,0.23916433400881942,,-3920.0,-3892.0
exp_kp_001,ABC_KP[base]_n100_inst4_run0,base,730,14712,29424.0,0.24213791701185983,,-3920.0,-3892.0
exp_kp_001,ABC_KP[base]_n100_inst4_run0,base,740,14913,29826.0,0.24513379200652707,,-3920.0,-3920.0
exp_kp_001,ABC_KP[base]_n100_inst4_run0,base,750,15115,30230.0,0.24820154201006517,,-3920.0,-3907.0
exp_kp_001,ABC_KP[base]_n100_inst4_run0,base,760,15317,30634.0,0.25129675000789575,,-3920.0,-3915.0
exp_kp_001,ABC_KP[base]_n100_inst4_run0,base,770,15520,31040.0,0.2543720840039896,,-3920.0,-3832.0
exp_kp_001,ABC_KP[base]_n100_inst4_run0,base,780,15721,31442.0,0.2572539590037195,,-3920.0,-3752.0
exp_kp_001,ABC_KP[base]_n100_inst4_run0,base,790,15922,31844.0,0.2602828750095796,,-3920.0,-3848.0
exp_kp_001,ABC_KP[base]_n100_inst4_run0,base,800,16123,32246.0,0.26334675001271535,,-3920.0,-3853.0
exp_kp_001,ABC_KP[base]_n100_inst4_run0,base,810,16323,32646.0,0.2663284590089461,,-3920.0,-3907.0
exp_kp_001,ABC_KP[base]_n100_inst4_run0,base,820,16524,33048.0,0.26932041700638365,,-3920.0,-3920.0
exp_kp_001,ABC_KP[base]_n100_inst4_run0,base,830,16727,33454.0,0.27244408401020337,,-3920.0,-3916.0
exp_kp_001,ABC_KP[base]_n100_inst4_run0,base,840,16930,33860.0,0.2754655840108171,,-3920.0,-3886.0
exp_kp_001,ABC_KP[base]_n100_inst4_run0,base,850,17131,34262.0,0.2785034170083236,,-3920.0,-3877.0
exp_kp_001,ABC_KP[base]_n100_inst4_run0,base,860,17332,34664.0,0.2814359170006355,,-3920.0,-3839.0
exp_kp_001,ABC_KP[base]_n100_inst4_run0,base,870,17533,35066.0,0.284447750003892,,-3920.0,-3892.0
exp_kp_001,ABC_KP[base]_n100_inst4_run0,base,880,17733,35466.0,0.2873682089993963,,-3920.0,-3893.0
exp_kp_001,ABC_KP[base]_n100_inst4_run0,base,890,17935,35870.0,0.2904197500029113,,-3920.0,-3891.0
exp_kp_001,ABC_KP[base]_n100_inst4_run0,base,900,18136,36272.0,0.29374954200466163,,-3920.0,-3920.0
exp_kp_001,ABC_KP[base]_n100_inst4_run0,base,910,18341,36682.0,0.2971556670090649,,-3920.0,-3898.0
exp_kp_001,ABC_KP[base]_n100_inst4_run0,base,920,18543,37086.0,0.30021637500612997,,-3920.0,-3741.0
exp_kp_001,ABC_KP[base]_n100_inst4_run0,base,930,18744,37488.0,0.30317533400375396,,-3920.0,-3765.0
exp_kp_001,ABC_KP[base]_n100_inst4_run0,base,940,18944,37888.0,0.3061209590086946,,-3920.0,-3808.0
exp_kp_001,ABC_KP[base]_n100_inst4_run0,base,950,19144,38288.0,0.309106167012942,,-3920.0,-3916.0
exp_kp_001,ABC_KP[base]_n100_inst4_run0,base,960,19344,38688.0,0.3121372500027064,,-3920.0,-3920.0
exp_kp_001,ABC_KP[base]_n100_inst4_run0,base,970,19550,39100.0,0.3153832920070272,,-3920.0,-3899.0
exp_kp_001,ABC_KP[base]_n100_inst4_run0,base,980,19753,39506.0,0.31844254200404976,,-3920.0,-3766.0
exp_kp_001,ABC_KP[base]_n100_inst4_run0,base,990,19953,39906.0,0.32146520901005715,,-3920.0,-3840.0
exp_kp_001,ABC_KP[base]_n100_inst4_run0,base,1000,20154,40308.0,0.324544084010995,,-3920.0,-3847.0
exp_kp_001,ABC_KP[base]_n100_inst4_run0,base,1010,20354,40708.0,0.3275227500125766,,-3920.0,-3874.0
exp_kp_001,ABC_KP[base]_n100_inst4_run0,base,1020,20556,41112.0,0.3305232499988051,,-3920.0,-3911.0
exp_kp_001,ABC_KP[base]_n100_inst4_run0,base,1030,20758,41516.0,0.33350191700446885,,-3920.0,-3862.0
exp_kp_001,ABC_KP[base]_n100_inst4_run0,base,1040,20958,41916.0,0.3364913340046769,,-3920.0,-3884.0
exp_kp_001,ABC_KP[base]_n100_inst4_run0,base,1050,21159,42318.0,0.3394970840017777,,-3920.0,-3893.0
exp_kp_001,ABC_KP[base]_n100_inst4_run0,base,1060,21359,42718.0,0.3425770000030752,,-3920.0,-3907.0
exp_kp_001,ABC_KP[base]_n100_inst4_run0,base,1070,21561,43122.0,0.3456917920120759,,-3920.0,-3903.0
exp_kp_001,ABC_KP[base]_n100_inst4_run0,base,1080,21764,43528.0,0.34871716701309197,,-3920.0,-3915.0
exp_kp_001,ABC_KP[base]_n100_inst4_run0,base,1090,21965,43930.0,0.35176183401199523,,-3920.0,-3920.0
exp_kp_001,ABC_KP[base]_n100_inst4_run0,base,1100,22167,44334.0,0.35468225000659004,,-3920.0,-3920.0
exp_kp_001,ABC_KP[base]_n100_inst4_run0,base,1110,22369,44738.0,0.35774700000183657,,-3920.0,-3769.0
exp_kp_001,ABC_KP[base]_n100_inst4_run0,base,1120,22569,45138.0,0.36063729200395755,,-3920.0,-3804.0
exp_kp_001,ABC_KP[base]_n100_inst4_run0,base,1130,22770,45540.0,0.364060125008109,,-3920.0,-3854.0
exp_kp_001,ABC_KP[base]_n100_inst4_run0,base,1140,22970,45940.0,0.369443167001009,,-3920.0,-3915.0
exp_kp_001,ABC_KP[base]_n100_inst4_run0,base,1150,23171,46342.0,0.37274170901218895,,-3920.0,-3920.0
exp_kp_001,ABC_KP[base]_n100_inst4_run0,base,1160,23375,46750.0,0.37620758400589693,,-3920.0,-3920.0
exp_kp_001,ABC_KP[base]_n100_inst4_run0,base,1170,23577,47154.0,0.37966695900831837,,-3920.0,-3902.0
exp_kp_001,ABC_KP[base]_n100_inst4_run0,base,1180,23778,47556.0,0.3832129590009572,,-3920.0,-3862.0
exp_kp_001,ABC_KP[base]_n100_inst4_run0,base,1190,23978,47956.0,0.38666075000946876,,-3920.0,-3896.0
exp_kp_001,ABC_KP[base]_n100_inst4_run0,base,1200,24178,48356.0,0.3916100839996943,,-3920.0,-3920.0
exp_kp_001,ABC_KP[base]_n100_inst4_run0,base,1210,24380,48760.0,0.39504908400704153,,-3920.0,-3920.0
exp_kp_001,ABC_KP[base]_n100_inst4_run0,base,1220,24582,49164.0,0.3984095839987276,,-3920.0,-3920.0
exp_kp_001,ABC_KP[base]_n100_inst4_run0,base,1230,24785,49570.0,0.4018025840050541,,-3920.0,-3898.0
exp_kp_001,ABC_KP[base]_n100_inst4_run0,base,1240,24986,49972.0,0.40497445900109597,,-3920.0,-3891.0
exp_kp_001,ABC_KP[base]_n100_inst4_run0,base,1250,25186,50372.0,0.4082036670006346,,-3920.0,-3920.0
exp_kp_001,ABC_KP[base]_n100_inst4_run0,base,1260,25388,50776.0,0.4114393750060117,,-3920.0,-3920.0
exp_kp_001,ABC_KP[base]_n100_inst4_run0,base,1270,25590,51180.0,0.4145909170038067,,-3920.0,-3872.0
exp_kp_001,ABC_KP[base]_n100_inst4_run0,base,1280,25790,51580.0,0.41772795900760684,,-3920.0,-3888.0
exp_kp_001,ABC_KP[base]_n100_inst4_run0,base,1290,25990,51980.0,0.4208490840101149,,-3920.0,-3920.0
exp_kp_001,ABC_KP[base]_n100_inst4_run0,base,1300,26194,52388.0,0.4243661670043366,,-3920.0,-3910.0
exp_kp_001,ABC_KP[base]_n100_inst4_run0,base,1310,26395,52790.0,0.4279641670000274,,-3920.0,-3910.0
exp_kp_001,ABC_KP[base]_n100_inst4_run0,base,1320,26597,53194.0,0.4311980000056792,,-3920.0,-3898.0
exp_kp_001,ABC_KP[base]_n100_inst4_run0,base,1330,26797,53594.0,0.43425725000270177,,-3920.0,-3920.0
exp_kp_001,ABC_KP[base]_n100_inst4_run0,base,1340,26999,53998.0,0.43728837500384543,,-3920.0,-3899.0
exp_kp_001,ABC_KP[base]_n100_inst4_run0,base,1350,27202,54404.0,0.4403501250053523,,-3920.0,-3872.0
exp_kp_001,ABC_KP[base]_n100_inst4_run0,base,1360,27403,54806.0,0.4433993749989895,,-3920.0,-3916.0
exp_kp_001,ABC_KP[base]_n100_inst4_run0,base,1370,27605,55210.0,0.4465374590072315,,-3920.0,-3896.0
exp_kp_001,ABC_KP[base]_n100_inst4_run0,base,1380,27806,55612.0,0.44957875000545755,,-3920.0,-3897.0
exp_kp_001,ABC_KP[base]_n100_inst4_run0,base,1390,28006,56012.0,0.4526188340096269,,-3920.0,-3902.0
exp_kp_001,ABC_KP[base]_n100_inst4_run0,base,1400,28209,56418.0,0.45570625000982545,,-3920.0,-3862.0
exp_kp_001,ABC_KP[base]_n100_inst4_run0,base,1410,28410,56820.0,0.4587019590107957,,-3920.0,-3915.0
exp_kp_001,ABC_KP[base]_n100_inst4_run0,base,1420,28611,57222.0,0.46196495900221635,,-3920.0,-3900.0
exp_kp_001,ABC_KP[base]_n100_inst4_run0,base,1430,28812,57624.0,0.46556670901190955,,-3920.0,-3901.0
exp_kp_001,ABC_KP[base]_n100_inst4_run0,base,1440,29014,58028.0,0.4687956250127172,,-3920.0,-3920.0
exp_kp_001,ABC_KP[base]_n100_inst4_run0,base,1450,29216,58432.0,0.47177804200327955,,-3920.0,-3910.0
exp_kp_001,ABC_KP[base]_n100_inst4_run0,base,1460,29416,58832.0,0.47486412500438746,,-3920.0,-3920.0
exp_kp_001,ABC_KP[base]_n100_inst4_run0,base,1470,29619,59238.0,0.4779110420058714,,-3920.0,-3920.0
exp_kp_001,ABC_KP[base]_n100_inst4_run0,base,1480,29823,59646.0,0.4812286250089528,,-3920.0,-3915.0
exp_kp_001,ABC_KP[base]_n100_inst4_run0,base,1490,30024,60048.0,0.4843741670047166,,-3920.0,-3861.0
exp_kp_001,ABC_KP[base]_n100_inst4_run0,base,1500,30224,60448.0,0.48725825001019984,,-3920.0,-3866.0
exp_kp_001,ABC_KP[base]_n100_inst4_run0,base,1510,30425,60850.0,0.4903057500050636,,-3920.0,-3867.0
exp_kp_001,ABC_KP[base]_n100_inst4_run0,base,1520,30626,61252.0,0.49333345900231507,,-3920.0,-3872.0
exp_kp_001,ABC_KP[base]_n100_inst4_run0,base,1530,30828,61656.0,0.4963914590043714,,-3920.0,-3910.0
exp_kp_001,ABC_KP[base]_n100_inst4_run0,base,1540,31029,62058.0,0.4995128340087831,,-3920.0,-3910.0
exp_kp_001,ABC_KP[base]_n100_inst4_run0,base,1550,31231,62462.0,0.5025367500056745,,-3920.0,-3907.0
exp_kp_001,ABC_KP[base]_n100_inst4_run0,base,1560,31432,62864.0,0.5055515840067528,,-3920.0,-3920.0
exp_kp_001,ABC_KP[base]_n100_inst4_run0,base,1570,31637,63274.0,0.5085619169985875,,-3920.0,-3777.0
exp_kp_001,ABC_KP[base]_n100_inst4_run0,base,1580,31838,63676.0,0.5115400420036167,,-3920.0,-3722.0
exp_kp_001,ABC_KP[base]_n100_inst4_run0,base,1590,32038,64076.0,0.5146254999999655,,-3920.0,-3892.0
exp_kp_001,ABC_KP[base]_n100_inst4_run0,base,1600,32238,64476.0,0.5176037500059465,,-3920.0,-3899.0
exp_kp_001,ABC_KP[base]_n100_inst4_run0,base,1610,32438,64876.0,0.5207252920081373,,-3920.0,-3920.0
exp_kp_001,ABC_KP[base]_n100_inst4_run0,base,1620,32641,65282.0,0.5237349590024678,,-3920.0,-3920.0
exp_kp_001,ABC_KP[base]_n100_inst4_run0,base,1630,32843,65686.0,0.5268410420103464,,-3920.0,-3920.0
exp_kp_001,ABC_KP[base]_n100_inst4_run0,base,1640,33046,66092.0,0.5298030420090072,,-3920.0,-3892.0
exp_kp_001,ABC_KP[base]_n100_inst4_run0,base,1650,33248,66496.0,0.5328282920090714,,-3920.0,-3725.0
exp_kp_001,ABC_KP[base]_n100_inst4_run0,base,1660,33448,66896.0,0.5358073750103358,,-3920.0,-3864.0
exp_kp_001,ABC_KP[base]_n100_inst4_run0,base,1670,33648,67296.0,0.5387369590025628,,-3920.0,-3864.0
exp_kp_001,ABC_KP[base]_n100_inst4_run0,base,1680,33849,67698.0,0.5417016670107841,,-3920.0,-3899.0
exp_kp_001,ABC_KP[base]_n100_inst4_run0,base,1690,34051,68102.0,0.5447690000000875,,-3920.0,-3920.0
exp_kp_001,ABC_KP[base]_n100_inst4_run0,base,1700,34257,68514.0,0.5479572500044014,,-3920.0,-3673.0
exp_kp_001,ABC_KP[base]_n100_inst4_run0,base,1710,34457,68914.0,0.5508695840107976,,-3920.0,-3845.0
exp_kp_001,ABC_KP[base]_n100_inst4_run0,base,1720,34658,69316.0,0.553871167008765,,-3920.0,-3821.0
exp_kp_001,ABC_KP[base]_n100_inst4_run0,base,1730,34858,69716.0,0.556829209002899,,-3920.0,-3826.0
exp_kp_001,ABC_KP[base]_n100_inst4_run0,base,1740,35058,70116.0,0.5598160840017954,,-3920.0,-3910.0
exp_kp_001,ABC_KP[base]_n100_inst4_run0,base,1750,35259,70518.0,0.5631354170036502,,-3920.0,-3916.0
exp_kp_001,ABC_KP[base]_n100_inst4_run0,base,1760,35463,70926.0,0.5662419170112116,,-3920.0,-3920.0
exp_kp_001,ABC_KP[base]_n100_inst4_run0,base,1770,35666,71332.0,0.5693365420011105,,-3920.0,-3920.0
exp_kp_001,ABC_KP[base]_n100_inst4_run0,base,1780,35869,71738.0,0.5723473750113044,,-3920.0,-3620.0
exp_kp_001,ABC_KP[base]_n100_inst4_run0,base,1790,36069,72138.0,0.5752975420036819,,-3920.0,-3673.0
exp_kp_001,ABC_KP[base]_n100_inst4_run0,base,1800,36269,72538.0,0.5782891670096433,,-3920.0,-3775.0
exp_kp_001,ABC_KP[base]_n100_inst4_run0,base,1810,36469,72938.0,0.5812742090056418,,-3920.0,-3868.0
exp_kp_001,ABC_KP[base]_n100_inst4_run0,base,1820,36669,73338.0,0.5842820000107167,,-3920.0,-3916.0
exp_kp_001,ABC_KP[base]_n100_inst4_run0,base,1830,36870,73740.0,0.587374834009097,,-3920.0,-3920.0
exp_kp_001,ABC_KP[base]_n100_inst4_run0,base,1840,37073,74146.0,0.5904553750006016,,-3920.0,-3920.0
exp_kp_001,ABC_KP[base]_n100_inst4_run0,base,1850,37276,74552.0,0.5935076669993578,,-3920.0,-3920.0
exp_kp_001,ABC_KP[base]_n100_inst4_run0,base,1860,37479,74958.0,0.5965682500100229,,-3920.0,-3690.0
exp_kp_001,ABC_KP[base]_n100_inst4_run0,base,1870,37679,75358.0,0.5995321250084089,,-3920.0,-3740.0
exp_kp_001,ABC_KP[base]_n100_inst4_run0,base,1880,37879,75758.0,0.6024976250046166,,-3920.0,-3838.0
exp_kp_001,ABC_KP[base]_n100_inst4_run0,base,1890,38079,76158.0,0.6055022090004059,,-3920.0,-3897.0
exp_kp_001,ABC_KP[base]_n100_inst4_run0,base,1900,38280,76560.0,0.6084746670094319,,-3920.0,-3920.0
exp_kp_001,ABC_KP[base]_n100_inst4_run0,base,1910,38483,76966.0,0.6116769170039333,,-3920.0,-3915.0
exp_kp_001,ABC_KP[base]_n100_inst4_run0,base,1920,38685,77370.0,0.6147809590038378,,-3920.0,-3920.0
exp_kp_001,ABC_KP[base]_n100_inst4_run0,base,1930,38888,77776.0,0.618433042007382,,-3920.0,-3892.0
exp_kp_001,ABC_KP[base]_n100_inst4_run0,base,1940,39089,78178.0,0.6239537500077859,,-3920.0,-3866.0
exp_kp_001,ABC_KP[base]_n100_inst4_run0,base,1950,39289,78578.0,0.6271388750028564,,-3920.0,-3891.0
exp_kp_001,ABC_KP[base]_n100_inst4_run0,base,1960,39489,78978.0,0.6304670840036124,,-3920.0,-3906.0
exp_kp_001,ABC_KP[base]_n100_inst4_run0,base,1970,39690,79380.0,0.6340238750126446,,-3920.0,-3919.0
exp_kp_001,ABC_KP[base]_n100_inst4_run0,base,1980,39896,79792.0,0.6375013340002624,,-3920.0,-3904.0
exp_kp_001,ABC_KP[base]_n100_inst4_run0,base,1990,40098,80196.0,0.6406823340075789,,-3920.0,-3811.0
exp_kp_001,ABC_KP[base]_n100_inst4_run0,base,2000,40298,80596.0,0.6450517920020502,,-3920.0,-3880.0
exp_kp_001,ABC_KP[base]_n100_inst4_run0,base,2010,40498,80996.0,0.6491087500035064,,-3920.0,-3887.0
exp_kp_001,ABC_KP[base]_n100_inst4_run0,base,2020,40698,81396.0,0.6523999589990126,,-3920.0,-3920.0
exp_kp_001,ABC_KP[base]_n100_inst4_run0,base,2030,40900,81800.0,0.6557802090101177,,-3920.0,-3915.0
exp_kp_001,ABC_KP[base]_n100_inst4_run0,base,2040,41101,82202.0,0.6590430840005865,,-3920.0,-3916.0
exp_kp_001,ABC_KP[base]_n100_inst4_run0,base,2050,41303,82606.0,0.6623721670039231,,-3920.0,-3920.0
exp_kp_001,ABC_KP[base]_n100_inst4_run0,base,2060,41504,83008.0,0.6655459590110695,,-3920.0,-3920.0
exp_kp_001,ABC_KP[base]_n100_inst4_run0,base,2070,41707,83414.0,0.668658750000759,,-3920.0,-3913.0
exp_kp_001,ABC_KP[base]_n100_inst4_run0,base,2080,41909,83818.0,0.6716953750001267,,-3920.0,-3903.0
exp_kp_001,ABC_KP[base]_n100_inst4_run0,base,2090,42110,84220.0,0.6747495840099873,,-3920.0,-3895.0
exp_kp_001,ABC_KP[base]_n100_inst4_run0,base,2100,42311,84622.0,0.6779945000016596,,-3920.0,-3879.0
exp_kp_001,ABC_KP[base]_n100_inst4_run0,base,2110,42512,85024.0,0.6817459590092767,,-3920.0,-3920.0
exp_kp_001,ABC_KP[base]_n100_inst4_run0,base,2120,42715,85430.0,0.6853271250001853,,-3920.0,-3920.0
exp_kp_001,ABC_KP[base]_n100_inst4_run0,base,2130,42916,85832.0,0.6884441250003874,,-3920.0,-3911.0
exp_kp_001,ABC_KP[base]_n100_inst4_run0,base,2140,43118,86236.0,0.6915086250082823,,-3920.0,-3898.0
exp_kp_001,ABC_KP[base]_n100_inst4_run0,base,2150,43320,86640.0,0.6944760420010425,,-3920.0,-3885.0
exp_kp_001,ABC_KP[base]_n100_inst4_run0,base,2160,43521,87042.0,0.6975281250051921,,-3920.0,-3895.0
exp_kp_001,ABC_KP[base]_n100_inst4_run0,base,2170,43721,87442.0,0.7004600420041243,,-3920.0,-3915.0
exp_kp_001,ABC_KP[base]_n100_inst4_run0,base,2180,43925,87850.0,0.70357637500274,,-3920.0,-3902.0
exp_kp_001,ABC_KP[base]_n100_inst4_run0,base,2190,44127,88254.0,0.7066649170010351,,-3920.0,-3900.0
exp_kp_001,ABC_KP[base]_n100_inst4_run0,base,2200,44328,88656.0,0.7095948339992901,,-3920.0,-3900.0
exp_kp_001,ABC_KP[base]_n100_inst4_run0,base,2210,44530,89060.0,0.712736750007025,,-3920.0,-3732.0
exp_kp_001,ABC_KP[base]_n100_inst4_run0,base,2220,44730,89460.0,0.7158143750129966,,-3920.0,-3915.0
exp_kp_001,ABC_KP[base]_n100_inst4_run0,base,2230,44931,89862.0,0.7188398750004126,,-3920.0,-3920.0
exp_kp_001,ABC_KP[base]_n100_inst4_run0,base,2240,45134,90268.0,0.7219900839991169,,-3920.0,-3920.0
exp_kp_001,ABC_KP[base]_n100_inst4_run0,base,2250,45338,90676.0,0.7249933340062853,,-3920.0,-3904.0
exp_kp_001,ABC_KP[base]_n100_inst4_run0,base,2260,45539,91078.0,0.7279172920098063,,-3920.0,-3879.0
exp_kp_001,ABC_KP[base]_n100_inst4_run0,base,2270,45739,91478.0,0.7308997090003686,,-3920.0,-3895.0
exp_kp_001,ABC_KP[base]_n100_inst4_run0,base,2280,45939,91878.0,0.7339202090079198,,-3920.0,-3920.0
exp_kp_001,ABC_KP[base]_n100_inst4_run0,base,2290,46139,92278.0,0.7369554169999901,,-3920.0,-3920.0
exp_kp_001,ABC_KP[base]_n100_inst4_run0,base,2300,46344,92688.0,0.7400549170124577,,-3920.0,-3892.0
exp_kp_001,ABC_KP[base]_n100_inst4_run0,base,2310,46545,93090.0,0.7430171250016429,,-3920.0,-3882.0
exp_kp_001,ABC_KP[base]_n100_inst4_run0,base,2320,46747,93494.0,0.7459970839991001,,-3920.0,-3862.0
exp_kp_001,ABC_KP[base]_n100_inst4_run0,base,2330,46948,93896.0,0.7489875419996679,,-3920.0,-3910.0
exp_kp_001,ABC_KP[base]_n100_inst4_run0,base,2340,47148,94296.0,0.7520174590026727,,-3920.0,-3915.0
exp_kp_001,ABC_KP[base]_n100_inst4_run0,base,2350,47349,94698.0,0.7550600840040715,,-3920.0,-3915.0
exp_kp_001,ABC_KP[base]_n100_inst4_run0,base,2360,47552,95104.0,0.7581459590001032,,-3920.0,-3916.0
exp_kp_001,ABC_KP[base]_n100_inst4_run0,base,2370,47754,95508.0,0.7612008750002133,,-3920.0,-3920.0
exp_kp_001,ABC_KP[base]_n100_inst4_run0,base,2380,47956,95912.0,0.7644245420087827,,-3920.0,-3873.0
exp_kp_001,ABC_KP[base]_n100_inst4_run0,base,2390,48158,96316.0,0.7674079170101322,,-3920.0,-3802.0
exp_kp_001,ABC_KP[base]_n100_inst4_run0,base,2400,48358,96716.0,0.7703254590014694,,-3920.0,-3887.0
exp_kp_001,ABC_KP[base]_n100_inst4_run0,base,2410,48559,97118.0,0.7733297920058249,,-3920.0,-3903.0
exp_kp_001,ABC_KP[base]_n100_inst4_run0,base,2420,48759,97518.0,0.7762861250084825,,-3920.0,-3903.0
exp_kp_001,ABC_KP[base]_n100_inst4_run0,base,2430,48962,97924.0,0.7793581250007264,,-3920.0,-3898.0
exp_kp_001,ABC_KP[base]_n100_inst4_run0,base,2440,49165,98330.0,0.7823277920106193,,-3920.0,-3882.0
exp_kp_001,ABC_KP[base]_n100_inst4_run0,base,2450,49366,98732.0,0.7853781250014435,,-3920.0,-3852.0
exp_kp_001,ABC_KP[base]_n100_inst4_run0,base,2460,49566,99132.0,0.7883567500102799,,-3920.0,-3916.0
exp_kp_001,ABC_KP[base]_n100_inst4_run0,base,2470,49769,99538.0,0.7913990000088234,,-3920.0,-3900.0
exp_kp_001,ABC_KP[base]_n100_inst4_run0,base,2480,49970,99940.0,0.7944065420015249,,-3920.0,-3855.0
exp_kp_001,ABC_KP[base]_n100_inst4_run0,base,2490,50170,100340.0,0.7974666670052102,,-3920.0,-3892.0
exp_kp_001,ABC_KP[base]_n100_inst4_run0,base,2499,50350,100700.0,0.8001894590124721,,-3920.0,-3920.0
exp_kp_001,ABC_KP[base]_n100_inst4_run1,base,0,10,20.0,7.6669966802001e-06,,-2569.0,-2569.0
exp_kp_001,ABC_KP[base]_n100_inst4_run1,base,10,210,420.0,0.002980624994961545,,-3129.0,-3129.0
exp_kp_001,ABC_KP[base]_n100_inst4_run1,base,20,410,820.0,0.0059785000048577785,,-3500.0,-3500.0
exp_kp_001,ABC_KP[base]_n100_inst4_run1,base,30,610,1220.0,0.008935457997722551,,-3797.0,-3797.0
exp_kp_001,ABC_KP[base]_n100_inst4_run1,base,40,810,1620.0,0.012061375004122965,,-3877.0,-3877.0
exp_kp_001,ABC_KP[base]_n100_inst4_run1,base,50,1010,2020.0,0.015105250000488013,,-3916.0,-3916.0
exp_kp_001,ABC_KP[base]_n100_inst4_run1,base,60,1212,2424.0,0.01814070799446199,,-3920.0,-3920.0
exp_kp_001,ABC_KP[base]_n100_inst4_run1,base,70,1418,2836.0,0.021395542004029267,,-3920.0,-3910.0
exp_kp_001,ABC_KP[base]_n100_inst4_run1,base,80,1620,3240.0,0.024495042001944967,,-3920.0,-3498.0
exp_kp_001,ABC_KP[base]_n100_inst4_run1,base,90,1820,3640.0,0.027468707994557917,,-3920.0,-3712.0
exp_kp_001,ABC_KP[base]_n100_inst4_run1,base,100,2020,4040.0,0.030524457994033583,,-3920.0,-3856.0
exp_kp_001,ABC_KP[base]_n100_inst4_run1,base,110,2221,4442.0,0.03344825000385754,,-3920.0,-3884.0
exp_kp_001,ABC_KP[base]_n100_inst4_run1,base,120,2422,4844.0,0.03654141699371394,,-3920.0,-3914.0
exp_kp_001,ABC_KP[base]_n100_inst4_run1,base,130,2623,5246.0,0.03952408299664967,,-3920.0,-3920.0
exp_kp_001,ABC_KP[base]_n100_inst4_run1,base,140,2827,5654.0,0.042594750004354864,,-3920.0,-3903.0
exp_kp_001,ABC_KP[base]_n100_inst4_run1,base,150,3029,6058.0,0.045629416999872774,,-3920.0,-3852.0
exp_kp_001,ABC_KP[base]_n100_inst4_run1,base,160,3230,6460.0,0.04872758299461566,,-3920.0,-3852.0
exp_kp_001,ABC_KP[base]_n100_inst4_run1,base,170,3430,6860.0,0.05180083299637772,,-3920.0,-3911.0
exp_kp_001,ABC_KP[base]_n100_inst4_run1,base,180,3632,7264.0,0.05488704200251959,,-3920.0,-3888.0
exp_kp_001,ABC_KP[base]_n100_inst4_run1,base,190,3832,7664.0,0.05788633300107904,,-3920.0,-3909.0
exp_kp_001,ABC_KP[base]_n100_inst4_run1,base,200,4034,8068.0,0.060841625003376976,,-3920.0,-3920.0
exp_kp_001,ABC_KP[base]_n100_inst4_run1,base,210,4237,8474.0,0.06391808300395496,,-3920.0,-3916.0
exp_kp_001,ABC_KP[base]_n100_inst4_run1,base,220,4439,8878.0,0.06704933299624827,,-3920.0,-3916.0
exp_kp_001,ABC_KP[base]_n100_inst4_run1,base,230,4641,9282.0,0.07000137500290293,,-3920.0,-3892.0
exp_kp_001,ABC_KP[base]_n100_inst4_run1,base,240,4842,9684.0,0.07588729199778754,,-3920.0,-3776.0
exp_kp_001,ABC_KP[base]_n100_inst4_run1,base,250,5043,10086.0,0.07926604199747089,,-3920.0,-3829.0
exp_kp_001,ABC_KP[base]_n100_inst4_run1,base,260,5243,10486.0,0.08249637500557583,,-3920.0,-3900.0
exp_kp_001,ABC_KP[base]_n100_inst4_run1,base,270,5445,10890.0,0.08586291699612048,,-3920.0,-3920.0
exp_kp_001,ABC_KP[base]_n100_inst4_run1,base,280,5648,11296.0,0.08981258299900219,,-3920.0,-3915.0
exp_kp_001,ABC_KP[base]_n100_inst4_run1,base,290,5850,11700.0,0.09325041700503789,,-3920.0,-3910.0
exp_kp_001,ABC_KP[base]_n100_inst4_run1,base,300,6053,12106.0,0.09828887500043493,,-3920.0,-3542.0
exp_kp_001,ABC_KP[base]_n100_inst4_run1,base,310,6253,12506.0,0.10130275000119582,,-3920.0,-3653.0
exp_kp_001,ABC_KP[base]_n100_inst4_run1,base,320,6453,12906.0,0.104386874998454,,-3920.0,-3868.0
exp_kp_001,ABC_KP[base]_n100_inst4_run1,base,330,6653,13306.0,0.10749549999309238,,-3920.0,-3905.0
exp_kp_001,ABC_KP[base]_n100_inst4_run1,base,340,6854,13708.0,0.11089062500104774,,-3920.0,-3920.0
exp_kp_001,ABC_KP[base]_n100_inst4_run1,base,350,7058,14116.0,0.11424833300407045,,-3920.0,-3920.0
exp_kp_001,ABC_KP[base]_n100_inst4_run1,base,360,7260,14520.0,0.11757499999657739,,-3920.0,-3890.0
exp_kp_001,ABC_KP[base]_n100_inst4_run1,base,370,7462,14924.0,0.12061312499281485,,-3920.0,-3898.0
exp_kp_001,ABC_KP[base]_n100_inst4_run1,base,380,7663,15326.0,0.12369012499402743,,-3920.0,-3532.0
exp_kp_001,ABC_KP[base]_n100_inst4_run1,base,390,7863,15726.0,0.12671683299413417,,-3920.0,-3734.0
exp_kp_001,ABC_KP[base]_n100_inst4_run1,base,400,8063,16126.0,0.1301259169995319,,-3920.0,-3882.0
exp_kp_001,ABC_KP[base]_n100_inst4_run1,base,410,8263,16526.0,0.13387120800325647,,-3920.0,-3897.0
exp_kp_001,ABC_KP[base]_n100_inst4_run1,base,420,8466,16932.0,0.13715137500548735,,-3920.0,-3916.0
exp_kp_001,ABC_KP[base]_n100_inst4_run1,base,430,8670,17340.0,0.1403638750052778,,-3920.0,-3903.0
exp_kp_001,ABC_KP[base]_n100_inst4_run1,base,440,8873,17746.0,0.1434334579971619,,-3920.0,-3505.0
exp_kp_001,ABC_KP[base]_n100_inst4_run1,base,450,9073,18146.0,0.14649854200251866,,-3920.0,-3678.0
exp_kp_001,ABC_KP[base]_n100_inst4_run1,base,460,9273,18546.0,0.14937870799622033,,-3920.0,-3763.0
exp_kp_001,ABC_KP[base]_n100_inst4_run1,base,470,9473,18946.0,0.15243191699846648,,-3920.0,-3896.0
exp_kp_001,ABC_KP[base]_n100_inst4_run1,base,480,9675,19350.0,0.15555479199974798,,-3920.0,-3901.0
exp_kp_001,ABC_KP[base]_n100_inst4_run1,base,490,9876,19752.0,0.15854495800158475,,-3920.0,-3915.0
exp_kp_001,ABC_KP[base]_n100_inst4_run1,base,500,10080,20160.0,0.16167179199692328,,-3920.0,-3896.0
exp_kp_001,ABC_KP[base]_n100_inst4_run1,base,510,10282,20564.0,0.16497495799558237,,-3920.0,-3822.0
exp_kp_001,ABC_KP[base]_n100_inst4_run1,base,520,10483,20966.0,0.1680742500029737,,-3920.0,-3671.0
exp_kp_001,ABC_KP[base]_n100_inst4_run1,base,530,10683,21366.0,0.17104333300085273,,-3920.0,-3853.0
exp_kp_001,ABC_KP[base]_n100_inst4_run1,base,540,10883,21766.0,0.17411587499373127,,-3920.0,-3905.0
exp_kp_001,ABC_KP[base]_n100_inst4_run1,base,550,11083,22166.0,0.17716054199263453,,-3920.0,-3911.0
exp_kp_001,ABC_KP[base]_n100_inst4_run1,base,560,11285,22570.0,0.18048224999802187,,-3920.0,-3916.0
exp_kp_001,ABC_KP[base]_n100_inst4_run1,base,570,11487,22974.0,0.18359741699532606,,-3920.0,-3920.0
exp_kp_001,ABC_KP[base]_n100_inst4_run1,base,580,11690,23380.0,0.1865982500021346,,-3920.0,-3920.0
exp_kp_001,ABC_KP[base]_n100_inst4_run1,base,590,11893,23786.0,0.1896142079931451,,-3920.0,-3909.0
exp_kp_001,ABC_KP[base]_n100_inst4_run1,base,600,12094,24188.0,0.19255762499233242,,-3920.0,-3914.0
exp_kp_001,ABC_KP[base]_n100_inst4_run1,base,610,12295,24590.0,0.19552720799401868,,-3920.0,-3794.0
exp_kp_001,ABC_KP[base]_n100_inst4_run1,base,620,12496,24992.0,0.19862058300350327,,-3920.0,-3838.0
exp_kp_001,ABC_KP[base]_n100_inst4_run1,base,630,12697,25394.0,0.20163825000054203,,-3920.0,-3901.0
exp_kp_001,ABC_KP[base]_n100_inst4_run1,base,640,12897,25794.0,0.20460712499334477,,-3920.0,-3920.0
exp_kp_001,ABC_KP[base]_n100_inst4_run1,base,650,13099,26198.0,0.20771158300340176,,-3920.0,-3920.0
exp_kp_001,ABC_KP[base]_n100_inst4_run1,base,660,13302,26604.0,0.21075708299758844,,-3920.0,-3898.0
exp_kp_001,ABC_KP[base]_n100_inst4_run1,base,670,13502,27004.0,0.2137765829975251,,-3920.0,-3903.0
exp_kp_001,ABC_KP[base]_n100_inst4_run1,base,680,13704,27408.0,0.21689654199872166,,-3920.0,-3906.0
exp_kp_001,ABC_KP[base]_n100_inst4_run1,base,690,13905,27810.0,0.21991720799996983,,-3920.0,-3906.0
exp_kp_001,ABC_KP[base]_n100_inst4_run1,base,700,14107,28214.0,0.22296420800557826,,-3920.0,-3916.0
exp_kp_001,ABC_KP[base]_n100_inst4_run1,base,710,14308,28616.0,0.2259834169963142,,-3920.0,-3920.0
exp_kp_001,ABC_KP[base]_n100_inst4_run1,base,720,14509,29018.0,0.22900354200100992,,-3920.0,-3857.0
exp_kp_001,ABC_KP[base]_n100_inst4_run1,base,730,14709,29418.0,0.23198608300299384,,-3920.0,-3899.0
exp_kp_001,ABC_KP[base]_n100_inst4_run1,base,740,14910,29820.0,0.2350207080016844,,-3920.0,-3910.0
exp_kp_001,ABC_KP[base]_n100_inst4_run1,base,750,15112,30224.0,0.2381342919979943,,-3920.0,-3920.0
exp_kp_001,ABC_KP[base]_n100_inst4_run1,base,760,15314,30628.0,0.24103499999910127,,-3920.0,-3907.0
exp_kp_001,ABC_KP[base]_n100_inst4_run1,base,770,15516,31032.0,0.24409720799303614,,-3920.0,-3892.0
exp_kp_001,ABC_KP[base]_n100_inst4_run1,base,780,15718,31436.0,0.24713137499929871,,-3920.0,-3897.0
exp_kp_001,ABC_KP[base]_n100_inst4_run1,base,790,15919,31838.0,0.25009933300316334,,-3920.0,-3843.0
exp_kp_001,ABC_KP[base]_n100_inst4_run1,base,800,16119,32238.0,0.2530380829994101,,-3920.0,-3880.0
exp_kp_001,ABC_KP[base]_n100_inst4_run1,base,810,16319,32638.0,0.2560870419983985,,-3920.0,-3916.0
exp_kp_001,ABC_KP[base]_n100_inst4_run1,base,820,16520,33040.0,0.2591887919988949,,-3920.0,-3920.0
exp_kp_001,ABC_KP[base]_n100_inst4_run1,base,830,16724,33448.0,0.26222691699513234,,-3920.0,-3903.0
exp_kp_001,ABC_KP[base]_n100_inst4_run1,base,840,16926,33852.0,0.2652421249949839,,-3920.0,-3893.0
exp_kp_001,ABC_KP[base]_n100_inst4_run1,base,850,17129,34258.0,0.26829341700067744,,-3920.0,-3613.0
exp_kp_001,ABC_KP[base]_n100_inst4_run1,base,860,17329,34658.0,0.27120162500068545,,-3920.0,-3824.0
exp_kp_001,ABC_KP[base]_n100_inst4_run1,base,870,17529,35058.0,0.2742351250053616,,-3920.0,-3887.0
exp_kp_001,ABC_KP[base]_n100_inst4_run1,base,880,17730,35460.0,0.2772053749940824,,-3920.0,-3903.0
exp_kp_001,ABC_KP[base]_n100_inst4_run1,base,890,17930,35860.0,0.28022012500150595,,-3920.0,-3913.0
exp_kp_001,ABC_KP[base]_n100_inst4_run1,base,900,18132,36264.0,0.2833613749971846,,-3920.0,-3920.0
exp_kp_001,ABC_KP[base]_n100_inst4_run1,base,910,18336,36672.0,0.2863751249969937,,-3920.0,-3920.0
exp_kp_001,ABC_KP[base]_n100_inst4_run1,base,920,18539,37078.0,0.2893676669918932,,-3920.0,-3820.0
exp_kp_001,ABC_KP[base]_n100_inst4_run1,base,930,18739,37478.0,0.29227091699431185,,-3920.0,-3846.0
exp_kp_001,ABC_KP[base]_n100_inst4_run1,base,940,18939,37878.0,0.29528087499784306,,-3920.0,-3877.0
exp_kp_001,ABC_KP[base]_n100_inst4_run1,base,950,19139,38278.0,0.2981453749962384,,-3920.0,-3916.0
exp_kp_001,ABC_KP[base]_n100_inst4_run1,base,960,19341,38682.0,0.3011973329994362,,-3920.0,-3920.0
exp_kp_001,ABC_KP[base]_n100_inst4_run1,base,970,19543,39086.0,0.3042898330022581,,-3920.0,-3920.0
exp_kp_001,ABC_KP[base]_n100_inst4_run1,base,980,19746,39492.0,0.307342542000697,,-3920.0,-3920.0
exp_kp_001,ABC_KP[base]_n100_inst4_run1,base,990,19947,39894.0,0.3103231249988312,,-3920.0,-3920.0
exp_kp_001,ABC_KP[base]_n100_inst4_run1,base,1000,20149,40298.0,0.31336079200264066,,-3920.0,-3898.0
exp_kp_001,ABC_KP[base]_n100_inst4_run1,base,1010,20351,40702.0,0.316284792002989,,-3920.0,-3915.0
exp_kp_001,ABC_KP[base]_n100_inst4_run1,base,1020,20552,41104.0,0.3192654169979505,,-3920.0,-3817.0
exp_kp_001,ABC_KP[base]_n100_inst4_run1,base,1030,20752,41504.0,0.3228395000041928,,-3920.0,-3839.0
exp_kp_001,ABC_KP[base]_n100_inst4_run1,base,1040,20953,41906.0,0.3277620000008028,,-3920.0,-3920.0
exp_kp_001,ABC_KP[base]_n100_inst4_run1,base,1050,21155,42310.0,0.3313911669974914,,-3920.0,-3915.0
exp_kp_001,ABC_KP[base]_n100_inst4_run1,base,1060,21357,42714.0,0.3346690420003142,,-3920.0,-3910.0
exp_kp_001,ABC_KP[base]_n100_inst4_run1,base,1070,21559,43118.0,0.33818216700456105,,-3920.0,-3897.0
exp_kp_001,ABC_KP[base]_n100_inst4_run1,base,1080,21761,43522.0,0.3415432920010062,,-3920.0,-3875.0
exp_kp_001,ABC_KP[base]_n100_inst4_run1,base,1090,21961,43922.0,0.34550770799978636,,-3920.0,-3882.0
exp_kp_001,ABC_KP[base]_n100_inst4_run1,base,1100,22162,44324.0,0.35055170800478663,,-3920.0,-3898.0
exp_kp_001,ABC_KP[base]_n100_inst4_run1,base,1110,22364,44728.0,0.353908874996705,,-3920.0,-3920.0
exp_kp_001,ABC_KP[base]_n100_inst4_run1,base,1120,22565,45130.0,0.3573426670045592,,-3920.0,-3920.0
exp_kp_001,ABC_KP[base]_n100_inst4_run1,base,1130,22767,45534.0,0.3606802919966867,,-3920.0,-3892.0
exp_kp_001,ABC_KP[base]_n100_inst4_run1,base,1140,22969,45938.0,0.36416825000196695,,-3920.0,-3920.0
exp_kp_001,ABC_KP[base]_n100_inst4_run1,base,1150,23171,46342.0,0.3676443750009639,,-3920.0,-3868.0
exp_kp_001,ABC_KP[base]_n100_inst4_run1,base,1160,23372,46744.0,0.37098912500368897,,-3920.0,-3911.0
exp_kp_001,ABC_KP[base]_n100_inst4_run1,base,1170,23575,47150.0,0.37426241699722596,,-3920.0,-3894.0
exp_kp_001,ABC_KP[base]_n100_inst4_run1,base,1180,23777,47554.0,0.3774203749926528,,-3920.0,-3732.0
exp_kp_001,ABC_KP[base]_n100_inst4_run1,base,1190,23979,47958.0,0.3808402919967193,,-3920.0,-3686.0
exp_kp_001,ABC_KP[base]_n100_inst4_run1,base,1200,24179,48358.0,0.38454170800105203,,-3920.0,-3856.0
exp_kp_001,ABC_KP[base]_n100_inst4_run1,base,1210,24379,48758.0,0.38809370799572207,,-3920.0,-3911.0
exp_kp_001,ABC_KP[base]_n100_inst4_run1,base,1220,24579,49158.0,0.3914317500020843,,-3920.0,-3916.0
exp_kp_001,ABC_KP[base]_n100_inst4_run1,base,1230,24783,49566.0,0.39467316700029187,,-3920.0,-3920.0
exp_kp_001,ABC_KP[base]_n100_inst4_run1,base,1240,24988,49976.0,0.39787295799760614,,-3920.0,-3718.0
exp_kp_001,ABC_KP[base]_n100_inst4_run1,base,1250,25188,50376.0,0.400912041994161,,-3920.0,-3760.0
exp_kp_001,ABC_KP[base]_n100_inst4_run1,base,1260,25388,50776.0,0.4039331669919193,,-3920.0,-3877.0
exp_kp_001,ABC_KP[base]_n100_inst4_run1,base,1270,25589,51178.0,0.4069604579999577,,-3920.0,-3920.0
exp_kp_001,ABC_KP[base]_n100_inst4_run1,base,1280,25789,51578.0,0.4099592080019647,,-3920.0,-3920.0
exp_kp_001,ABC_KP[base]_n100_inst4_run1,base,1290,25992,51984.0,0.4130118750035763,,-3920.0,-3890.0
exp_kp_001,ABC_KP[base]_n100_inst4_run1,base,1300,26193,52386.0,0.41605937499844003,,-3920.0,-3915.0
exp_kp_001,ABC_KP[base]_n100_inst4_run1,base,1310,26395,52790.0,0.41915254200284835,,-3920.0,-3905.0
exp_kp_001,ABC_KP[base]_n100_inst4_run1,base,1320,26596,53192.0,0.42227162499330007,,-3920.0,-3910.0
exp_kp_001,ABC_KP[base]_n100_inst4_run1,base,1330,26796,53592.0,0.42528899999160785,,-3920.0,-3915.0
exp_kp_001,ABC_KP[base]_n100_inst4_run1,base,1340,26999,53998.0,0.42823849999695085,,-3920.0,-3920.0
exp_kp_001,ABC_KP[base]_n100_inst4_run1,base,1350,27201,54402.0,0.43125725000572857,,-3920.0,-3903.0
exp_kp_001,ABC_KP[base]_n100_inst4_run1,base,1360,27403,54806.0,0.4341897499980405,,-3920.0,-3867.0
exp_kp_001,ABC_KP[base]_n100_inst4_run1,base,1370,27603,55206.0,0.4371924580045743,,-3920.0,-3913.0
exp_kp_001,ABC_KP[base]_n100_inst4_run1,base,1380,27805,55610.0,0.44029295799555257,,-3920.0,-3916.0
exp_kp_001,ABC_KP[base]_n100_inst4_run1,base,1390,28008,56016.0,0.44343795800523367,,-3920.0,-3916.0
exp_kp_001,ABC_KP[base]_n100_inst4_run1,base,1400,28209,56418.0,0.44644749999861233,,-3920.0,-3881.0
exp_kp_001,ABC_KP[base]_n100_inst4_run1,base,1410,28410,56820.0,0.44950083299772814,,-3920.0,-3896.0
exp_kp_001,ABC_KP[base]_n100_inst4_run1,base,1420,28610,57220.0,0.4524343749944819,,-3920.0,-3916.0
exp_kp_001,ABC_KP[base]_n100_inst4_run1,base,1430,28811,57622.0,0.4554142499982845,,-3920.0,-3920.0
exp_kp_001,ABC_KP[base]_n100_inst4_run1,base,1440,29014,58028.0,0.45848920800199267,,-3920.0,-3916.0
exp_kp_001,ABC_KP[base]_n100_inst4_run1,base,1450,29218,58436.0,0.46171408299414907,,-3920.0,-3868.0
exp_kp_001,ABC_KP[base]_n100_inst4_run1,base,1460,29419,58838.0,0.4647031249915017,,-3920.0,-3728.0
exp_kp_001,ABC_KP[base]_n100_inst4_run1,base,1470,29619,59238.0,0.46767587499925867,,-3920.0,-3871.0
exp_kp_001,ABC_KP[base]_n100_inst4_run1,base,1480,29820,59640.0,0.47069029200065415,,-3920.0,-3884.0
exp_kp_001,ABC_KP[base]_n100_inst4_run1,base,1490,30021,60042.0,0.47383066700422205,,-3920.0,-3920.0
exp_kp_001,ABC_KP[base]_n100_inst4_run1,base,1500,30224,60448.0,0.47692658299638424,,-3920.0,-3920.0
exp_kp_001,ABC_KP[base]_n100_inst4_run1,base,1510,30425,60850.0,0.47998587500478607,,-3920.0,-3911.0
exp_kp_001,ABC_KP[base]_n100_inst4_run1,base,1520,30627,61254.0,0.48302008300379384,,-3920.0,-3911.0
exp_kp_001,ABC_KP[base]_n100_inst4_run1,base,1530,30829,61658.0,0.48597708299348596,,-3920.0,-3830.0
exp_kp_001,ABC_KP[base]_n100_inst4_run1,base,1540,31029,62058.0,0.489067292000982,,-3920.0,-3882.0
exp_kp_001,ABC_KP[base]_n100_inst4_run1,base,1550,31231,62462.0,0.4924410419916967,,-3920.0,-3888.0
exp_kp_001,ABC_KP[base]_n100_inst4_run1,base,1560,31431,62862.0,0.4956264999927953,,-3920.0,-3894.0
exp_kp_001,ABC_KP[base]_n100_inst4_run1,base,1570,31632,63264.0,0.49870412499876693,,-3920.0,-3909.0
exp_kp_001,ABC_KP[base]_n100_inst4_run1,base,1580,31837,63674.0,0.5018779169913614,,-3920.0,-3901.0
exp_kp_001,ABC_KP[base]_n100_inst4_run1,base,1590,32038,64076.0,0.5048982500011334,,-3920.0,-3875.0
exp_kp_001,ABC_KP[base]_n100_inst4_run1,base,1600,32239,64478.0,0.5079379999951925,,-3920.0,-3873.0
exp_kp_001,ABC_KP[base]_n100_inst4_run1,base,1610,32439,64878.0,0.5109364999952959,,-3920.0,-3920.0
exp_kp_001,ABC_KP[base]_n100_inst4_run1,base,1620,32640,65280.0,0.5140641250036424,,-3920.0,-3920.0
exp_kp_001,ABC_KP[base]_n100_inst4_run1,base,1630,32843,65686.0,0.5172259999962989,,-3920.0,-3920.0
exp_kp_001,ABC_KP[base]_n100_inst4_run1,base,1640,33045,66090.0,0.5203020000044489,,-3920.0,-3920.0
exp_kp_001,ABC_KP[base]_n100_inst4_run1,base,1650,33248,66496.0,0.5233963329956168,,-3920.0,-3766.0
exp_kp_001,ABC_KP[base]_n100_inst4_run1,base,1660,33448,66896.0,0.5263439999980619,,-3920.0,-3874.0
exp_kp_001,ABC_KP[base]_n100_inst4_run1,base,1670,33649,67298.0,0.5293471250042785,,-3920.0,-3889.0
exp_kp_001,ABC_KP[base]_n100_inst4_run1,base,1680,33849,67698.0,0.53233829200326,,-3920.0,-3899.0
exp_kp_001,ABC_KP[base]_n100_inst4_run1,base,1690,34052,68104.0,0.535523208003724,,-3920.0,-3915.0
exp_kp_001,ABC_KP[base]_n100_inst4_run1,base,1700,34253,68506.0,0.5384872080030618,,-3920.0,-3895.0
exp_kp_001,ABC_KP[base]_n100_inst4_run1,base,1710,34456,68912.0,0.5414559999917401,,-3920.0,-3909.0
exp_kp_001,ABC_KP[base]_n100_inst4_run1,base,1720,34657,69314.0,0.5443999999988591,,-3920.0,-3914.0
exp_kp_001,ABC_KP[base]_n100_inst4_run1,base,1730,34858,69716.0,0.5474438749952242,,-3920.0,-3883.0
exp_kp_001,ABC_KP[base]_n100_inst4_run1,base,1740,35059,70118.0,0.5504756250011269,,-3920.0,-3902.0
exp_kp_001,ABC_KP[base]_n100_inst4_run1,base,1750,35261,70522.0,0.5534621249971678,,-3920.0,-3920.0
exp_kp_001,ABC_KP[base]_n100_inst4_run1,base,1760,35462,70924.0,0.5564329579938203,,-3920.0,-3869.0
exp_kp_001,ABC_KP[base]_n100_inst4_run1,base,1770,35663,71326.0,0.5594142920017475,,-3920.0,-3915.0
exp_kp_001,ABC_KP[base]_n100_inst4_run1,base,1780,35865,71730.0,0.5624267079983838,,-3920.0,-3920.0
exp_kp_001,ABC_KP[base]_n100_inst4_run1,base,1790,36069,72138.0,0.5655739579960937,,-3920.0,-3793.0
exp_kp_001,ABC_KP[base]_n100_inst4_run1,base,1800,36269,72538.0,0.5685156249965075,,-3920.0,-3882.0
exp_kp_001,ABC_KP[base]_n100_inst4_run1,base,1810,36471,72942.0,0.5714182920055464,,-3920.0,-3800.0
exp_kp_001,ABC_KP[base]_n100_inst4_run1,base,1820,36671,73342.0,0.5774138330016285,,-3920.0,-3871.0
exp_kp_001,ABC_KP[base]_n100_inst4_run1,base,1830,36871,73742.0,0.5808135830011452,,-3920.0,-3886.0
exp_kp_001,ABC_KP[base]_n100_inst4_run1,base,1840,37073,74146.0,0.5841164169978583,,-3920.0,-3910.0
exp_kp_001,ABC_KP[base]_n100_inst4_run1,base,1850,37275,74550.0,0.5873674579925137,,-3920.0,-3920.0
exp_kp_001,ABC_KP[base]_n100_inst4_run1,base,1860,37478,74956.0,0.5910262079996755,,-3920.0,-3889.0
exp_kp_001,ABC_KP[base]_n100_inst4_run1,base,1870,37679,75358.0,0.5942378329928033,,-3920.0,-3853.0
exp_kp_001,ABC_KP[base]_n100_inst4_run1,base,1880,37879,75758.0,0.5981522499932908,,-3920.0,-3920.0
exp_kp_001,ABC_KP[base]_n100_inst4_run1,base,1890,38081,76162.0,0.6024955829925602,,-3920.0,-3914.0
exp_kp_001,ABC_KP[base]_n100_inst4_run1,base,1900,38282,76564.0,0.6058127080032136,,-3920.0,-3906.0
exp_kp_001,ABC_KP[base]_n100_inst4_run1,base,1910,38485,76970.0,0.6091189169965219,,-3920.0,-3888.0
exp_kp_001,ABC_KP[base]_n100_inst4_run1,base,1920,38686,77372.0,0.6124369579920312,,-3920.0,-3911.0
exp_kp_001,ABC_KP[base]_n100_inst4_run1,base,1930,38888,77776.0,0.6156684580055298,,-3920.0,-3910.0
exp_kp_001,ABC_KP[base]_n100_inst4_run1,base,1940,39089,78178.0,0.6188027079915628,,-3920.0,-3920.0
exp_kp_001,ABC_KP[base]_n100_inst4_run1,base,1950,39291,78582.0,0.6219079169968609,,-3920.0,-3920.0
exp_kp_001,ABC_KP[base]_n100_inst4_run1,base,1960,39492,78984.0,0.6250306669971906,,-3920.0,-3920.0
exp_kp_001,ABC_KP[base]_n100_inst4_run1,base,1970,39693,79386.0,0.628082583003561,,-3920.0,-3920.0
exp_kp_001,ABC_KP[base]_n100_inst4_run1,base,1980,39896,79792.0,0.6314203329966404,,-3920.0,-3897.0
exp_kp_001,ABC_KP[base]_n100_inst4_run1,base,1990,40098,80196.0,0.6349450830020942,,-3920.0,-3771.0
exp_kp_001,ABC_KP[base]_n100_inst4_run1,base,2000,40298,80596.0,0.6382955419976497,,-3920.0,-3878.0
exp_kp_001,ABC_KP[base]_n100_inst4_run1,base,2010,40499,80998.0,0.6414161249995232,,-3920.0,-3897.0
exp_kp_001,ABC_KP[base]_n100_inst4_run1,base,2020,40701,81402.0,0.6444613749918062,,-3920.0,-3920.0
exp_kp_001,ABC_KP[base]_n100_inst4_run1,base,2030,40903,81806.0,0.6476930829958292,,-3920.0,-3920.0
exp_kp_001,ABC_KP[base]_n100_inst4_run1,base,2040,41105,82210.0,0.6508064579975326,,-3920.0,-3920.0
exp_kp_001,ABC_KP[base]_n100_inst4_run1,base,2050,41309,82618.0,0.6538603749941103,,-3920.0,-3753.0
exp_kp_001,ABC_KP[base]_n100_inst4_run1,base,2060,41509,83018.0,0.6569087919924641,,-3920.0,-3869.0
exp_kp_001,ABC_KP[base]_n100_inst4_run1,base,2070,41709,83418.0,0.6598313330032397,,-3920.0,-3896.0
exp_kp_001,ABC_KP[base]_n100_inst4_run1,base,2080,41909,83818.0,0.663115374991321,,-3920.0,-3920.0
exp_kp_001,ABC_KP[base]_n100_inst4_run1,base,2090,42116,84232.0,0.666355207999004,,-3920.0,-3915.0
exp_kp_001,ABC_KP[base]_n100_inst4_run1,base,2100,42317,84634.0,0.6693762079958105,,-3920.0,-3810.0
exp_kp_001,ABC_KP[base]_n100_inst4_run1,base,2110,42517,85034.0,0.6723507919959957,,-3920.0,-3876.0
exp_kp_001,ABC_KP[base]_n100_inst4_run1,base,2120,42718,85436.0,0.6754015000042273,,-3920.0,-3812.0
exp_kp_001,ABC_KP[base]_n100_inst4_run1,base,2130,42919,85838.0,0.6783890829974553,,-3920.0,-3869.0
exp_kp_001,ABC_KP[base]_n100_inst4_run1,base,2140,43119,86238.0,0.6813189169915859,,-3920.0,-3903.0
exp_kp_001,ABC_KP[base]_n100_inst4_run1,base,2150,43322,86644.0,0.6845248750032624,,-3920.0,-3904.0
exp_kp_001,ABC_KP[base]_n100_inst4_run1,base,2160,43525,87050.0,0.687568666995503,,-3920.0,-3844.0
exp_kp_001,ABC_KP[base]_n100_inst4_run1,base,2170,43725,87450.0,0.6906100829946809,,-3920.0,-3901.0
exp_kp_001,ABC_KP[base]_n100_inst4_run1,base,2180,43927,87854.0,0.6936933329998283,,-3920.0,-3897.0
exp_kp_001,ABC_KP[base]_n100_inst4_run1,base,2190,44129,88258.0,0.6966959169949405,,-3920.0,-3897.0
exp_kp_001,ABC_KP[base]_n100_inst4_run1,base,2200,44329,88658.0,0.6996384579979349,,-3920.0,-3920.0
exp_kp_001,ABC_KP[base]_n100_inst4_run1,base,2210,44531,89062.0,0.7026384170021629,,-3920.0,-3898.0
exp_kp_001,ABC_KP[base]_n100_inst4_run1,base,2220,44734,89468.0,0.705601541994838,,-3920.0,-3902.0
exp_kp_001,ABC_KP[base]_n100_inst4_run1,base,2230,44936,89872.0,0.7086615830048686,,-3920.0,-3869.0
exp_kp_001,ABC_KP[base]_n100_inst4_run1,base,2240,45138,90276.0,0.7117244580003899,,-3920.0,-3740.0
exp_kp_001,ABC_KP[base]_n100_inst4_run1,base,2250,45338,90676.0,0.7147275419993093,,-3920.0,-3756.0
exp_kp_001,ABC_KP[base]_n100_inst4_run1,base,2260,45538,91076.0,0.7176703330042074,,-3920.0,-3896.0
exp_kp_001,ABC_KP[base]_n100_inst4_run1,base,2270,45738,91476.0,0.7206708750018151,,-3920.0,-3914.0
exp_kp_001,ABC_KP[base]_n100_inst4_run1,base,2280,45939,91878.0,0.7237235829961719,,-3920.0,-3920.0
exp_kp_001,ABC_KP[base]_n100_inst4_run1,base,2290,46141,92282.0,0.7267487079952843,,-3920.0,-3920.0
exp_kp_001,ABC_KP[base]_n100_inst4_run1,base,2300,46345,92690.0,0.7299570829927688,,-3920.0,-3920.0
exp_kp_001,ABC_KP[base]_n100_inst4_run1,base,2310,46547,93094.0,0.7330265420023352,,-3920.0,-3795.0
exp_kp_001,ABC_KP[base]_n100_inst4_run1,base,2320,46749,93498.0,0.7359861250006361,,-3920.0,-3718.0
exp_kp_001,ABC_KP[base]_n100_inst4_run1,base,2330,46949,93898.0,0.738949374994263,,-3920.0,-3862.0
exp_kp_001,ABC_KP[base]_n100_inst4_run1,base,2340,47150,94300.0,0.7419993749936111,,-3920.0,-3902.0
exp_kp_001,ABC_KP[base]_n100_inst4_run1,base,2350,47353,94706.0,0.7451550830010092,,-3920.0,-3916.0
exp_kp_001,ABC_KP[base]_n100_inst4_run1,base,2360,47554,95108.0,0.7481128749932395,,-3920.0,-3905.0
exp_kp_001,ABC_KP[base]_n100_inst4_run1,base,2370,47757,95514.0,0.7512830829946324,,-3920.0,-3902.0
exp_kp_001,ABC_KP[base]_n100_inst4_run1,base,2380,47958,95916.0,0.754258041997673,,-3920.0,-3903.0
exp_kp_001,ABC_KP[base]_n100_inst4_run1,base,2390,48160,96320.0,0.7572831249999581,,-3920.0,-3761.0
exp_kp_001,ABC_KP[base]_n100_inst4_run1,base,2400,48360,96720.0,0.7602917500043986,,-3920.0,-3885.0
exp_kp_001,ABC_KP[base]_n100_inst4_run1,base,2410,48560,97120.0,0.7633343329944182,,-3920.0,-3920.0
exp_kp_001,ABC_KP[base]_n100_inst4_run1,base,2420,48765,97530.0,0.7664830830035498,,-3920.0,-3906.0
exp_kp_001,ABC_KP[base]_n100_inst4_run1,base,2430,48967,97934.0,0.7694493750022957,,-3920.0,-3808.0
exp_kp_001,ABC_KP[base]_n100_inst4_run1,base,2440,49167,98334.0,0.7724747920001391,,-3920.0,-3849.0
exp_kp_001,ABC_KP[base]_n100_inst4_run1,base,2450,49367,98734.0,0.7754302919929614,,-3920.0,-3916.0
exp_kp_001,ABC_KP[base]_n100_inst4_run1,base,2460,49569,99138.0,0.7784708330000285,,-3920.0,-3910.0
exp_kp_001,ABC_KP[base]_n100_inst4_run1,base,2470,49770,99540.0,0.7816405420016963,,-3920.0,-3920.0
exp_kp_001,ABC_KP[base]_n100_inst4_run1,base,2480,49975,99950.0,0.7847435419971589,,-3920.0,-3920.0
exp_kp_001,ABC_KP[base]_n100_inst4_run1,base,2490,50177,100354.0,0.7876824999984819,,-3920.0,-3733.0
exp_kp_001,ABC_KP[base]_n100_inst4_run1,base,2499,50358,100716.0,0.7903405419929186,,-3920.0,-3741.0
exp_kp_001,ABC_KP[base]_n100_inst4_run2,base,0,10,20.0,7.791997632011771e-06,,-2819.0,-2819.0
exp_kp_001,ABC_KP[base]_n100_inst4_run2,base,10,210,420.0,0.0028961670032003894,,-3352.0,-3352.0
exp_kp_001,ABC_KP[base]_n100_inst4_run2,base,20,410,820.0,0.0060034579946659505,,-3487.0,-3487.0
exp_kp_001,ABC_KP[base]_n100_inst4_run2,base,30,610,1220.0,0.008931167001719587,,-3692.0,-3692.0
exp_kp_001,ABC_KP[base]_n100_inst4_run2,base,40,810,1620.0,0.011955708003370091,,-3843.0,-3843.0
exp_kp_001,ABC_KP[base]_n100_inst4_run2,base,50,1010,2020.0,0.015037624994874932,,-3920.0,-3920.0
exp_kp_001,ABC_KP[base]_n100_inst4_run2,base,60,1212,2424.0,0.018041666990029626,,-3920.0,-3920.0
exp_kp_001,ABC_KP[base]_n100_inst4_run2,base,70,1415,2830.0,0.021158124989597127,,-3920.0,-3905.0
exp_kp_001,ABC_KP[base]_n100_inst4_run2,base,80,1619,3238.0,0.02433020799071528,,-3920.0,-3910.0
exp_kp_001,ABC_KP[base]_n100_inst4_run2,base,90,1820,3640.0,0.02724970800045412,,-3920.0,-3726.0
exp_kp_001,ABC_KP[base]_n100_inst4_run2,base,100,2020,4040.0,0.030170291996910237,,-3920.0,-3814.0
exp_kp_001,ABC_KP[base]_n100_inst4_run2,base,110,2220,4440.0,0.033107832990936004,,-3920.0,-3892.0
exp_kp_001,ABC_KP[base]_n100_inst4_run2,base,120,2420,4840.0,0.036540957997203805,,-3920.0,-3911.0
exp_kp_001,ABC_KP[base]_n100_inst4_run2,base,130,2623,5246.0,0.04199408300337382,,-3920.0,-3920.0
exp_kp_001,ABC_KP[base]_n100_inst4_run2,base,140,2828,5656.0,0.04536999999254476,,-3920.0,-3909.0
exp_kp_001,ABC_KP[base]_n100_inst4_run2,base,150,3029,6058.0,0.04866874999424908,,-3920.0,-3630.0
exp_kp_001,ABC_KP[base]_n100_inst4_run2,base,160,3229,6458.0,0.0521992499998305,,-3920.0,-3889.0
exp_kp_001,ABC_KP[base]_n100_inst4_run2,base,170,3430,6860.0,0.05558658299560193,,-3920.0,-3841.0
exp_kp_001,ABC_KP[base]_n100_inst4_run2,base,180,3630,7260.0,0.05926145799458027,,-3920.0,-3906.0
exp_kp_001,ABC_KP[base]_n100_inst4_run2,base,190,3831,7662.0,0.0640872919902904,,-3920.0,-3911.0
exp_kp_001,ABC_KP[base]_n100_inst4_run2,base,200,4037,8074.0,0.06753308299812488,,-3920.0,-3892.0
exp_kp_001,ABC_KP[base]_n100_inst4_run2,base,210,4238,8476.0,0.07080983299238142,,-3920.0,-3896.0
exp_kp_001,ABC_KP[base]_n100_inst4_run2,base,220,4439,8878.0,0.07416720800392795,,-3920.0,-3736.0
exp_kp_001,ABC_KP[base]_n100_inst4_run2,base,230,4639,9278.0,0.07738699999754317,,-3920.0,-3828.0
exp_kp_001,ABC_KP[base]_n100_inst4_run2,base,240,4839,9678.0,0.08073595799214672,,-3920.0,-3887.0
exp_kp_001,ABC_KP[base]_n100_inst4_run2,base,250,5040,10080.0,0.08407304200227372,,-3920.0,-3916.0
exp_kp_001,ABC_KP[base]_n100_inst4_run2,base,260,5241,10482.0,0.08728291699662805,,-3920.0,-3920.0
exp_kp_001,ABC_KP[base]_n100_inst4_run2,base,270,5443,10886.0,0.09059974999399856,,-3920.0,-3920.0
exp_kp_001,ABC_KP[base]_n100_inst4_run2,base,280,5647,11294.0,0.09404308299417607,,-3920.0,-3916.0
exp_kp_001,ABC_KP[base]_n100_inst4_run2,base,290,5850,11700.0,0.09747520799282938,,-3920.0,-3548.0
exp_kp_001,ABC_KP[base]_n100_inst4_run2,base,300,6050,12100.0,0.10084112499316689,,-3920.0,-3613.0
exp_kp_001,ABC_KP[base]_n100_inst4_run2,base,310,6250,12500.0,0.10394133299996611,,-3920.0,-3867.0
exp_kp_001,ABC_KP[base]_n100_inst4_run2,base,320,6450,12900.0,0.10701349998998921,,-3920.0,-3895.0
exp_kp_001,ABC_KP[base]_n100_inst4_run2,base,330,6652,13304.0,0.11014291699393652,,-3920.0,-3910.0
exp_kp_001,ABC_KP[base]_n100_inst4_run2,base,340,6855,13710.0,0.11325516700162552,,-3920.0,-3920.0
exp_kp_001,ABC_KP[base]_n100_inst4_run2,base,350,7060,14120.0,0.11630924999190029,,-3920.0,-3364.0
exp_kp_001,ABC_KP[base]_n100_inst4_run2,base,360,7260,14520.0,0.119308583001839,,-3920.0,-3550.0
exp_kp_001,ABC_KP[base]_n100_inst4_run2,base,370,7460,14920.0,0.12238441700174008,,-3920.0,-3791.0
exp_kp_001,ABC_KP[base]_n100_inst4_run2,base,380,7660,15320.0,0.1253677499917103,,-3920.0,-3901.0
exp_kp_001,ABC_KP[base]_n100_inst4_run2,base,390,7860,15720.0,0.12839837500359863,,-3920.0,-3920.0
exp_kp_001,ABC_KP[base]_n100_inst4_run2,base,400,8063,16126.0,0.13145333300053608,,-3920.0,-3911.0
exp_kp_001,ABC_KP[base]_n100_inst4_run2,base,410,8265,16530.0,0.13457229199411813,,-3920.0,-3920.0
exp_kp_001,ABC_KP[base]_n100_inst4_run2,base,420,8468,16936.0,0.14154229199630208,,-3920.0,-3887.0
exp_kp_001,ABC_KP[base]_n100_inst4_run2,base,430,8670,17340.0,0.14456000000063796,,-3920.0,-3566.0
exp_kp_001,ABC_KP[base]_n100_inst4_run2,base,440,8870,17740.0,0.14770175000012387,,-3920.0,-3737.0
exp_kp_001,ABC_KP[base]_n100_inst4_run2,base,450,9070,18140.0,0.15082483299192972,,-3920.0,-3797.0
exp_kp_001,ABC_KP[base]_n100_inst4_run2,base,460,9270,18540.0,0.15394662499602418,,-3920.0,-3914.0
exp_kp_001,ABC_KP[base]_n100_inst4_run2,base,470,9471,18942.0,0.1578079579921905,,-3920.0,-3920.0
exp_kp_001,ABC_KP[base]_n100_inst4_run2,base,480,9674,19348.0,0.16098699999565724,,-3920.0,-3914.0
exp_kp_001,ABC_KP[base]_n100_inst4_run2,base,490,9878,19756.0,0.1641229579981882,,-3920.0,-3896.0
exp_kp_001,ABC_KP[base]_n100_inst4_run2,base,500,10078,20156.0,0.1670940000039991,,-3920.0,-3915.0
exp_kp_001,ABC_KP[base]_n100_inst4_run2,base,510,10279,20558.0,0.17012779199285433,,-3920.0,-3916.0
exp_kp_001,ABC_KP[base]_n100_inst4_run2,base,520,10483,20966.0,0.17324283299967647,,-3920.0,-3858.0
exp_kp_001,ABC_KP[base]_n100_inst4_run2,base,530,10685,21370.0,0.1763063329999568,,-3920.0,-3875.0
exp_kp_001,ABC_KP[base]_n100_inst4_run2,base,540,10886,21772.0,0.17934833299659658,,-3920.0,-3849.0
exp_kp_001,ABC_KP[base]_n100_inst4_run2,base,550,11087,22174.0,0.18243070799508132,,-3920.0,-3854.0
exp_kp_001,ABC_KP[base]_n100_inst4_run2,base,560,11288,22576.0,0.18546308299119119,,-3920.0,-3908.0
exp_kp_001,ABC_KP[base]_n100_inst4_run2,base,570,11490,22980.0,0.1884420419955859,,-3920.0,-3916.0
exp_kp_001,ABC_KP[base]_n100_inst4_run2,base,580,11691,23382.0,0.1914854579954408,,-3920.0,-3915.0
exp_kp_001,ABC_KP[base]_n100_inst4_run2,base,590,11894,23788.0,0.19447599998966325,,-3920.0,-3888.0
exp_kp_001,ABC_KP[base]_n100_inst4_run2,base,600,12095,24190.0,0.19742129200312775,,-3920.0,-3863.0
exp_kp_001,ABC_KP[base]_n100_inst4_run2,base,610,12296,24592.0,0.20040775000234134,,-3920.0,-3892.0
exp_kp_001,ABC_KP[base]_n100_inst4_run2,base,620,12497,24994.0,0.20342274999711663,,-3920.0,-3916.0
exp_kp_001,ABC_KP[base]_n100_inst4_run2,base,630,12699,25398.0,0.20664391700120177,,-3920.0,-3901.0
exp_kp_001,ABC_KP[base]_n100_inst4_run2,base,640,12902,25804.0,0.20980491700174753,,-3920.0,-3904.0
exp_kp_001,ABC_KP[base]_n100_inst4_run2,base,650,13103,26206.0,0.21285524999257177,,-3920.0,-3911.0
exp_kp_001,ABC_KP[base]_n100_inst4_run2,base,660,13305,26610.0,0.2158869999984745,,-3920.0,-3915.0
exp_kp_001,ABC_KP[base]_n100_inst4_run2,base,670,13505,27010.0,0.21891024999786168,,-3920.0,-3920.0
exp_kp_001,ABC_KP[base]_n100_inst4_run2,base,680,13709,27418.0,0.2220714169961866,,-3920.0,-3823.0
exp_kp_001,ABC_KP[base]_n100_inst4_run2,base,690,13909,27818.0,0.22496645800129045,,-3920.0,-3902.0
exp_kp_001,ABC_KP[base]_n100_inst4_run2,base,700,14111,28222.0,0.22806424999726005,,-3920.0,-3920.0
exp_kp_001,ABC_KP[base]_n100_inst4_run2,base,710,14314,28628.0,0.23106141699827276,,-3920.0,-3876.0
exp_kp_001,ABC_KP[base]_n100_inst4_run2,base,720,14514,29028.0,0.23410887499630917,,-3920.0,-3880.0
exp_kp_001,ABC_KP[base]_n100_inst4_run2,base,730,14715,29430.0,0.2370580830029212,,-3920.0,-3903.0
exp_kp_001,ABC_KP[base]_n100_inst4_run2,base,740,14917,29834.0,0.24021666699263733,,-3920.0,-3905.0
exp_kp_001,ABC_KP[base]_n100_inst4_run2,base,750,15120,30240.0,0.24327304199687205,,-3920.0,-3914.0
exp_kp_001,ABC_KP[base]_n100_inst4_run2,base,760,15322,30644.0,0.2463884169992525,,-3920.0,-3915.0
exp_kp_001,ABC_KP[base]_n100_inst4_run2,base,770,15523,31046.0,0.24940462499216665,,-3920.0,-3920.0
exp_kp_001,ABC_KP[base]_n100_inst4_run2,base,780,15724,31448.0,0.25232758300262503,,-3920.0,-3865.0
exp_kp_001,ABC_KP[base]_n100_inst4_run2,base,790,15924,31848.0,0.25543499999912456,,-3920.0,-3904.0
exp_kp_001,ABC_KP[base]_n100_inst4_run2,base,800,16124,32248.0,0.258440707999398,,-3920.0,-3910.0
exp_kp_001,ABC_KP[base]_n100_inst4_run2,base,810,16327,32654.0,0.2615666249912465,,-3920.0,-3920.0
exp_kp_001,ABC_KP[base]_n100_inst4_run2,base,820,16529,33058.0,0.26462516699393746,,-3920.0,-3916.0
exp_kp_001,ABC_KP[base]_n100_inst4_run2,base,830,16732,33464.0,0.2675813329988159,,-3920.0,-3896.0
exp_kp_001,ABC_KP[base]_n100_inst4_run2,base,840,16934,33868.0,0.27064720800262876,,-3920.0,-3855.0
exp_kp_001,ABC_KP[base]_n100_inst4_run2,base,850,17134,34268.0,0.27355108299525455,,-3920.0,-3855.0
exp_kp_001,ABC_KP[base]_n100_inst4_run2,base,860,17335,34670.0,0.2764300419948995,,-3920.0,-3754.0
exp_kp_001,ABC_KP[base]_n100_inst4_run2,base,870,17536,35072.0,0.27952924999408424,,-3920.0,-3909.0
exp_kp_001,ABC_KP[base]_n100_inst4_run2,base,880,17737,35474.0,0.2825349170016125,,-3920.0,-3895.0
exp_kp_001,ABC_KP[base]_n100_inst4_run2,base,890,17939,35878.0,0.2856241669942392,,-3920.0,-3903.0
exp_kp_001,ABC_KP[base]_n100_inst4_run2,base,900,18140,36280.0,0.2915568750031525,,-3920.0,-3915.0
exp_kp_001,ABC_KP[base]_n100_inst4_run2,base,910,18343,36686.0,0.294813582993811,,-3920.0,-3900.0
exp_kp_001,ABC_KP[base]_n100_inst4_run2,base,920,18545,37090.0,0.29789616700145416,,-3920.0,-3803.0
exp_kp_001,ABC_KP[base]_n100_inst4_run2,base,930,18745,37490.0,0.3012737079989165,,-3920.0,-3897.0
exp_kp_001,ABC_KP[base]_n100_inst4_run2,base,940,18946,37892.0,0.30502174999855924,,-3920.0,-3889.0
exp_kp_001,ABC_KP[base]_n100_inst4_run2,base,950,19147,38294.0,0.30818183299561497,,-3920.0,-3920.0
exp_kp_001,ABC_KP[base]_n100_inst4_run2,base,960,19350,38700.0,0.31246241700137034,,-3920.0,-3889.0
exp_kp_001,ABC_KP[base]_n100_inst4_run2,base,970,19552,39104.0,0.3161875829973724,,-3920.0,-3893.0
exp_kp_001,ABC_KP[base]_n100_inst4_run2,base,980,19752,39504.0,0.31929537499672733,,-3920.0,-3899.0
exp_kp_001,ABC_KP[base]_n100_inst4_run2,base,990,19953,39906.0,0.3227275829995051,,-3920.0,-3916.0
exp_kp_001,ABC_KP[base]_n100_inst4_run2,base,1000,20156,40312.0,0.3260122079955181,,-3920.0,-3876.0
exp_kp_001,ABC_KP[base]_n100_inst4_run2,base,1010,20356,40712.0,0.3292699579906184,,-3920.0,-3911.0
exp_kp_001,ABC_KP[base]_n100_inst4_run2,base,1020,20557,41114.0,0.33234883299155626,,-3920.0,-3910.0
exp_kp_001,ABC_KP[base]_n100_inst4_run2,base,1030,20759,41518.0,0.33549745799973607,,-3920.0,-3910.0
exp_kp_001,ABC_KP[base]_n100_inst4_run2,base,1040,20963,41926.0,0.33872262499062344,,-3920.0,-3876.0
exp_kp_001,ABC_KP[base]_n100_inst4_run2,base,1050,21163,42326.0,0.3418434579944005,,-3920.0,-3915.0
exp_kp_001,ABC_KP[base]_n100_inst4_run2,base,1060,21366,42732.0,0.34506166700157337,,-3920.0,-3653.0
exp_kp_001,ABC_KP[base]_n100_inst4_run2,base,1070,21566,43132.0,0.3483106249914272,,-3920.0,-3867.0
exp_kp_001,ABC_KP[base]_n100_inst4_run2,base,1080,21767,43534.0,0.35180383299302775,,-3920.0,-3904.0
exp_kp_001,ABC_KP[base]_n100_inst4_run2,base,1090,21967,43934.0,0.3550786249979865,,-3920.0,-3904.0
exp_kp_001,ABC_KP[base]_n100_inst4_run2,base,1100,22169,44338.0,0.3581417499954114,,-3920.0,-3920.0
exp_kp_001,ABC_KP[base]_n100_inst4_run2,base,1110,22371,44742.0,0.3612037919956492,,-3920.0,-3920.0
exp_kp_001,ABC_KP[base]_n100_inst4_run2,base,1120,22573,45146.0,0.3641151249903487,,-3920.0,-3920.0
exp_kp_001,ABC_KP[base]_n100_inst4_run2,base,1130,22777,45554.0,0.36714499999652617,,-3920.0,-3896.0
exp_kp_001,ABC_KP[base]_n100_inst4_run2,base,1140,22978,45956.0,0.3701291670004139,,-3920.0,-3712.0
exp_kp_001,ABC_KP[base]_n100_inst4_run2,base,1150,23178,46356.0,0.37330695799028035,,-3920.0,-3745.0
exp_kp_001,ABC_KP[base]_n100_inst4_run2,base,1160,23378,46756.0,0.37641458299185615,,-3920.0,-3873.0
exp_kp_001,ABC_KP[base]_n100_inst4_run2,base,1170,23578,47156.0,0.37943600000289734,,-3920.0,-3896.0
exp_kp_001,ABC_KP[base]_n100_inst4_run2,base,1180,23779,47558.0,0.3825457499915501,,-3920.0,-3920.0
exp_kp_001,ABC_KP[base]_n100_inst4_run2,base,1190,23985,47970.0,0.3855950419965666,,-3920.0,-3920.0
exp_kp_001,ABC_KP[base]_n100_inst4_run2,base,1200,24187,48374.0,0.38870016699365806,,-3920.0,-3894.0
exp_kp_001,ABC_KP[base]_n100_inst4_run2,base,1210,24387,48774.0,0.3917730829998618,,-3920.0,-3896.0
exp_kp_001,ABC_KP[base]_n100_inst4_run2,base,1220,24587,49174.0,0.3947768329962855,,-3920.0,-3901.0
exp_kp_001,ABC_KP[base]_n100_inst4_run2,base,1230,24788,49576.0,0.3977672920009354,,-3920.0,-3900.0
exp_kp_001,ABC_KP[base]_n100_inst4_run2,base,1240,24990,49980.0,0.4007863750011893,,-3920.0,-3897.0
exp_kp_001,ABC_KP[base]_n100_inst4_run2,base,1250,25193,50386.0,0.40394637499412056,,-3920.0,-3920.0
exp_kp_001,ABC_KP[base]_n100_inst4_run2,base,1260,25395,50790.0,0.4070619580015773,,-3920.0,-3879.0
exp_kp_001,ABC_KP[base]_n100_inst4_run2,base,1270,25596,51192.0,0.41012312499515247,,-3920.0,-3890.0
exp_kp_001,ABC_KP[base]_n100_inst4_run2,base,1280,25796,51592.0,0.41303612499905284,,-3920.0,-3915.0
exp_kp_001,ABC_KP[base]_n100_inst4_run2,base,1290,25997,51994.0,0.4161429999949178,,-3920.0,-3915.0
exp_kp_001,ABC_KP[base]_n100_inst4_run2,base,1300,26201,52402.0,0.41919287499331404,,-3920.0,-3915.0
exp_kp_001,ABC_KP[base]_n100_inst4_run2,base,1310,26404,52808.0,0.42234241699043196,,-3920.0,-3920.0
exp_kp_001,ABC_KP[base]_n100_inst4_run2,base,1320,26605,53210.0,0.42542487499304116,,-3920.0,-3762.0
exp_kp_001,ABC_KP[base]_n100_inst4_run2,base,1330,26805,53610.0,0.42847108299611136,,-3920.0,-3853.0
exp_kp_001,ABC_KP[base]_n100_inst4_run2,base,1340,27006,54012.0,0.4318041669903323,,-3920.0,-3879.0
exp_kp_001,ABC_KP[base]_n100_inst4_run2,base,1350,27208,54416.0,0.43496504198992625,,-3920.0,-3916.0
exp_kp_001,ABC_KP[base]_n100_inst4_run2,base,1360,27409,54818.0,0.4383260829927167,,-3920.0,-3920.0
exp_kp_001,ABC_KP[base]_n100_inst4_run2,base,1370,27612,55224.0,0.4418269169982523,,-3920.0,-3902.0
exp_kp_001,ABC_KP[base]_n100_inst4_run2,base,1380,27814,55628.0,0.44493024999974295,,-3920.0,-3889.0
exp_kp_001,ABC_KP[base]_n100_inst4_run2,base,1390,28014,56028.0,0.4480754169926513,,-3920.0,-3895.0
exp_kp_001,ABC_KP[base]_n100_inst4_run2,base,1400,28216,56432.0,0.45113479199062567,,-3920.0,-3910.0
exp_kp_001,ABC_KP[base]_n100_inst4_run2,base,1410,28416,56832.0,0.4542294580023736,,-3920.0,-3915.0
exp_kp_001,ABC_KP[base]_n100_inst4_run2,base,1420,28617,57234.0,0.457429707996198,,-3920.0,-3920.0
exp_kp_001,ABC_KP[base]_n100_inst4_run2,base,1430,28821,57642.0,0.4606932919996325,,-3920.0,-3920.0
exp_kp_001,ABC_KP[base]_n100_inst4_run2,base,1440,29024,58048.0,0.46381920800195076,,-3920.0,-3894.0
exp_kp_001,ABC_KP[base]_n100_inst4_run2,base,1450,29224,58448.0,0.466844750000746,,-3920.0,-3896.0
exp_kp_001,ABC_KP[base]_n100_inst4_run2,base,1460,29425,58850.0,0.4699034999939613,,-3920.0,-3870.0
exp_kp_001,ABC_KP[base]_n100_inst4_run2,base,1470,29625,59250.0,0.47309250000398606,,-3920.0,-3907.0
exp_kp_001,ABC_KP[base]_n100_inst4_run2,base,1480,29829,59658.0,0.476241750002373,,-3920.0,-3890.0
exp_kp_001,ABC_KP[base]_n100_inst4_run2,base,1490,30031,60062.0,0.479331208000076,,-3920.0,-3896.0
exp_kp_001,ABC_KP[base]_n100_inst4_run2,base,1500,30233,60466.0,0.4825434999947902,,-3920.0,-3859.0
exp_kp_001,ABC_KP[base]_n100_inst4_run2,base,1510,30433,60866.0,0.48562329199921805,,-3920.0,-3920.0
exp_kp_001,ABC_KP[base]_n100_inst4_run2,base,1520,30634,61268.0,0.4886690830026055,,-3920.0,-3734.0
exp_kp_001,ABC_KP[base]_n100_inst4_run2,base,1530,30834,61668.0,0.49167074999422766,,-3920.0,-3891.0
exp_kp_001,ABC_KP[base]_n100_inst4_run2,base,1540,31035,62070.0,0.49469174999103416,,-3920.0,-3920.0
exp_kp_001,ABC_KP[base]_n100_inst4_run2,base,1550,31237,62474.0,0.49772662499162834,,-3920.0,-3905.0
exp_kp_001,ABC_KP[base]_n100_inst4_run2,base,1560,31438,62876.0,0.5007786670030328,,-3920.0,-3910.0
exp_kp_001,ABC_KP[base]_n100_inst4_run2,base,1570,31643,63286.0,0.5038579579995712,,-3920.0,-3852.0
exp_kp_001,ABC_KP[base]_n100_inst4_run2,base,1580,31844,63688.0,0.5069355000014184,,-3920.0,-3717.0
exp_kp_001,ABC_KP[base]_n100_inst4_run2,base,1590,32044,64088.0,0.5098375829984434,,-3920.0,-3818.0
exp_kp_001,ABC_KP[base]_n100_inst4_run2,base,1600,32245,64490.0,0.513021958002355,,-3920.0,-3889.0
exp_kp_001,ABC_KP[base]_n100_inst4_run2,base,1610,32445,64890.0,0.5161035829951288,,-3920.0,-3916.0
exp_kp_001,ABC_KP[base]_n100_inst4_run2,base,1620,32647,65294.0,0.5191665000020294,,-3920.0,-3899.0
exp_kp_001,ABC_KP[base]_n100_inst4_run2,base,1630,32849,65698.0,0.5223027500032913,,-3920.0,-3916.0
exp_kp_001,ABC_KP[base]_n100_inst4_run2,base,1640,33052,66104.0,0.5253474170021946,,-3920.0,-3901.0
exp_kp_001,ABC_KP[base]_n100_inst4_run2,base,1650,33255,66510.0,0.5283249170024646,,-3920.0,-3636.0
exp_kp_001,ABC_KP[base]_n100_inst4_run2,base,1660,33456,66912.0,0.531630541998311,,-3920.0,-3794.0
exp_kp_001,ABC_KP[base]_n100_inst4_run2,base,1670,33656,67312.0,0.5353899999900023,,-3920.0,-3899.0
exp_kp_001,ABC_KP[base]_n100_inst4_run2,base,1680,33857,67714.0,0.5437960830022348,,-3920.0,-3915.0
exp_kp_001,ABC_KP[base]_n100_inst4_run2,base,1690,34057,68114.0,0.5475682499964023,,-3920.0,-3920.0
exp_kp_001,ABC_KP[base]_n100_inst4_run2,base,1700,34261,68522.0,0.5527139999903738,,-3920.0,-3920.0
exp_kp_001,ABC_KP[base]_n100_inst4_run2,base,1710,34463,68926.0,0.5565739579906221,,-3920.0,-3908.0
exp_kp_001,ABC_KP[base]_n100_inst4_run2,base,1720,34665,69330.0,0.5615895419905428,,-3920.0,-3779.0
exp_kp_001,ABC_KP[base]_n100_inst4_run2,base,1730,34865,69730.0,0.5656187080021482,,-3920.0,-3847.0
exp_kp_001,ABC_KP[base]_n100_inst4_run2,base,1740,35065,70130.0,0.5688576249958714,,-3920.0,-3916.0
exp_kp_001,ABC_KP[base]_n100_inst4_run2,base,1750,35267,70534.0,0.5724959170038346,,-3920.0,-3916.0
exp_kp_001,ABC_KP[base]_n100_inst4_run2,base,1760,35470,70940.0,0.5759811250027269,,-3920.0,-3920.0
exp_kp_001,ABC_KP[base]_n100_inst4_run2,base,1770,35671,71342.0,0.5793382499978179,,-3920.0,-3901.0
exp_kp_001,ABC_KP[base]_n100_inst4_run2,base,1780,35873,71746.0,0.5826822919916594,,-3920.0,-3826.0
exp_kp_001,ABC_KP[base]_n100_inst4_run2,base,1790,36073,72146.0,0.5858828749915119,,-3920.0,-3872.0
exp_kp_001,ABC_KP[base]_n100_inst4_run2,base,1800,36273,72546.0,0.5890920419915346,,-3920.0,-3920.0
exp_kp_001,ABC_KP[base]_n100_inst4_run2,base,1810,36475,72950.0,0.5923872499988647,,-3920.0,-3920.0
exp_kp_001,ABC_KP[base]_n100_inst4_run2,base,1820,36678,73356.0,0.595899666994228,,-3920.0,-3920.0
exp_kp_001,ABC_KP[base]_n100_inst4_run2,base,1830,36880,73760.0,0.5996765829913784,,-3920.0,-3920.0
exp_kp_001,ABC_KP[base]_n100_inst4_run2,base,1840,37082,74164.0,0.6032532499957597,,-3920.0,-3883.0
exp_kp_001,ABC_KP[base]_n100_inst4_run2,base,1850,37282,74564.0,0.6065236669965088,,-3920.0,-3920.0
exp_kp_001,ABC_KP[base]_n100_inst4_run2,base,1860,37483,74966.0,0.6097757079987787,,-3920.0,-3851.0
exp_kp_001,ABC_KP[base]_n100_inst4_run2,base,1870,37683,75366.0,0.6129487919970416,,-3920.0,-3920.0
exp_kp_001,ABC_KP[base]_n100_inst4_run2,base,1880,37884,75768.0,0.6161261669913074,,-3920.0,-3920.0
exp_kp_001,ABC_KP[base]_n100_inst4_run2,base,1890,38089,76178.0,0.6193846669921186,,-3920.0,-3919.0
exp_kp_001,ABC_KP[base]_n100_inst4_run2,base,1900,38292,76584.0,0.6225637919997098,,-3920.0,-3688.0
exp_kp_001,ABC_KP[base]_n100_inst4_run2,base,1910,38492,76984.0,0.6257239999977173,,-3920.0,-3865.0
exp_kp_001,ABC_KP[base]_n100_inst4_run2,base,1920,38692,77384.0,0.6289314169989666,,-3920.0,-3875.0
exp_kp_001,ABC_KP[base]_n100_inst4_run2,base,1930,38894,77788.0,0.6321683749993099,,-3920.0,-3901.0
exp_kp_001,ABC_KP[base]_n100_inst4_run2,base,1940,39095,78190.0,0.6354431669897167,,-3920.0,-3915.0
exp_kp_001,ABC_KP[base]_n100_inst4_run2,base,1950,39299,78598.0,0.638557625003159,,-3920.0,-3920.0
exp_kp_001,ABC_KP[base]_n100_inst4_run2,base,1960,39501,79002.0,0.6416665830038255,,-3920.0,-3908.0
exp_kp_001,ABC_KP[base]_n100_inst4_run2,base,1970,39702,79404.0,0.6446531249966938,,-3920.0,-3797.0
exp_kp_001,ABC_KP[base]_n100_inst4_run2,base,1980,39902,79804.0,0.6476687919930555,,-3920.0,-3824.0
exp_kp_001,ABC_KP[base]_n100_inst4_run2,base,1990,40102,80204.0,0.6508150000008754,,-3920.0,-3920.0
exp_kp_001,ABC_KP[base]_n100_inst4_run2,base,2000,40303,80606.0,0.6537971670040861,,-3920.0,-3920.0
exp_kp_001,ABC_KP[base]_n100_inst4_run2,base,2010,40506,81012.0,0.6568704999954207,,-3920.0,-3920.0
exp_kp_001,ABC_KP[base]_n100_inst4_run2,base,2020,40710,81420.0,0.6598469579912489,,-3920.0,-3850.0
exp_kp_001,ABC_KP[base]_n100_inst4_run2,base,2030,40911,81822.0,0.662786207991303,,-3920.0,-3855.0
exp_kp_001,ABC_KP[base]_n100_inst4_run2,base,2040,41112,82224.0,0.6656734580028569,,-3920.0,-3551.0
exp_kp_001,ABC_KP[base]_n100_inst4_run2,base,2050,41312,82624.0,0.6686512079904787,,-3920.0,-3778.0
exp_kp_001,ABC_KP[base]_n100_inst4_run2,base,2060,41513,83026.0,0.6718056669924408,,-3920.0,-3872.0
exp_kp_001,ABC_KP[base]_n100_inst4_run2,base,2070,41714,83428.0,0.6749275829934049,,-3920.0,-3899.0
exp_kp_001,ABC_KP[base]_n100_inst4_run2,base,2080,41914,83828.0,0.6779887079901528,,-3920.0,-3916.0
exp_kp_001,ABC_KP[base]_n100_inst4_run2,base,2090,42116,84232.0,0.6811470829998143,,-3920.0,-3920.0
exp_kp_001,ABC_KP[base]_n100_inst4_run2,base,2100,42320,84640.0,0.6843263329938054,,-3920.0,-3920.0
exp_kp_001,ABC_KP[base]_n100_inst4_run2,base,2110,42522,85044.0,0.6873458329937421,,-3920.0,-3878.0
exp_kp_001,ABC_KP[base]_n100_inst4_run2,base,2120,42723,85446.0,0.6903698329988401,,-3920.0,-3840.0
exp_kp_001,ABC_KP[base]_n100_inst4_run2,base,2130,42924,85848.0,0.6933062500029337,,-3920.0,-3864.0
exp_kp_001,ABC_KP[base]_n100_inst4_run2,base,2140,43126,86252.0,0.6962762499897508,,-3920.0,-3889.0
exp_kp_001,ABC_KP[base]_n100_inst4_run2,base,2150,43326,86652.0,0.6992447079974227,,-3920.0,-3902.0
exp_kp_001,ABC_KP[base]_n100_inst4_run2,base,2160,43530,87060.0,0.702386832999764,,-3920.0,-3893.0
exp_kp_001,ABC_KP[base]_n100_inst4_run2,base,2170,43732,87464.0,0.7054478749923874,,-3920.0,-3897.0
exp_kp_001,ABC_KP[base]_n100_inst4_run2,base,2180,43933,87866.0,0.7085144169977866,,-3920.0,-3864.0
exp_kp_001,ABC_KP[base]_n100_inst4_run2,base,2190,44133,88266.0,0.7114812079962576,,-3920.0,-3920.0
exp_kp_001,ABC_KP[base]_n100_inst4_run2,base,2200,44334,88668.0,0.7145541670033708,,-3920.0,-3896.0
exp_kp_001,ABC_KP[base]_n100_inst4_run2,base,2210,44534,89068.0,0.7176155420020223,,-3920.0,-3920.0
exp_kp_001,ABC_KP[base]_n100_inst4_run2,base,2220,44735,89470.0,0.7206926669896347,,-3920.0,-3920.0
exp_kp_001,ABC_KP[base]_n100_inst4_run2,base,2230,44938,89876.0,0.723836332996143,,-3920.0,-3920.0
exp_kp_001,ABC_KP[base]_n100_inst4_run2,base,2240,45142,90284.0,0.7268396250001388,,-3920.0,-3920.0
exp_kp_001,ABC_KP[base]_n100_inst4_run2,base,2250,45343,90686.0,0.7298437919962453,,-3920.0,-3811.0
exp_kp_001,ABC_KP[base]_n100_inst4_run2,base,2260,45543,91086.0,0.7328697499906411,,-3920.0,-3848.0
exp_kp_001,ABC_KP[base]_n100_inst4_run2,base,2270,45744,91488.0,0.735861458000727,,-3920.0,-3884.0
exp_kp_001,ABC_KP[base]_n100_inst4_run2,base,2280,45944,91888.0,0.7388991670013638,,-3920.0,-3888.0
exp_kp_001,ABC_KP[base]_n100_inst4_run2,base,2290,46146,92292.0,0.7418807499925606,,-3920.0,-3916.0
exp_kp_001,ABC_KP[base]_n100_inst4_run2,base,2300,46350,92700.0,0.7449263329908717,,-3920.0,-3911.0
exp_kp_001,ABC_KP[base]_n100_inst4_run2,base,2310,46553,93106.0,0.7478498330019647,,-3920.0,-3674.0
exp_kp_001,ABC_KP[base]_n100_inst4_run2,base,2320,46753,93506.0,0.7508749580010772,,-3920.0,-3774.0
exp_kp_001,ABC_KP[base]_n100_inst4_run2,base,2330,46953,93906.0,0.7538782920019003,,-3920.0,-3871.0
exp_kp_001,ABC_KP[base]_n100_inst4_run2,base,2340,47154,94308.0,0.7568874999997206,,-3920.0,-3864.0
exp_kp_001,ABC_KP[base]_n100_inst4_run2,base,2350,47354,94708.0,0.759875000003376,,-3920.0,-3900.0
exp_kp_001,ABC_KP[base]_n100_inst4_run2,base,2360,47555,95110.0,0.762900499990792,,-3920.0,-3920.0
exp_kp_001,ABC_KP[base]_n100_inst4_run2,base,2370,47761,95522.0,0.7660872919950634,,-3920.0,-3920.0
exp_kp_001,ABC_KP[base]_n100_inst4_run2,base,2380,47963,95926.0,0.7690495830029249,,-3920.0,-3658.0
exp_kp_001,ABC_KP[base]_n100_inst4_run2,base,2390,48164,96328.0,0.7720192499982659,,-3920.0,-3365.0
exp_kp_001,ABC_KP[base]_n100_inst4_run2,base,2400,48364,96728.0,0.7750060830003349,,-3920.0,-3672.0
exp_kp_001,ABC_KP[base]_n100_inst4_run2,base,2410,48564,97128.0,0.7778954999957932,,-3920.0,-3879.0
exp_kp_001,ABC_KP[base]_n100_inst4_run2,base,2420,48764,97528.0,0.7808792499999981,,-3920.0,-3912.0
exp_kp_001,ABC_KP[base]_n100_inst4_run2,base,2430,48967,97934.0,0.7844362079922576,,-3920.0,-3910.0
exp_kp_001,ABC_KP[base]_n100_inst4_run2,base,2440,49168,98336.0,0.7879702499922132,,-3920.0,-3920.0
exp_kp_001,ABC_KP[base]_n100_inst4_run2,base,2450,49373,98746.0,0.8002034169912804,,-3920.0,-3900.0
exp_kp_001,ABC_KP[base]_n100_inst4_run2,base,2460,49574,99148.0,0.8034972079913132,,-3920.0,-3596.0
exp_kp_001,ABC_KP[base]_n100_inst4_run2,base,2470,49774,99548.0,0.8069577080023009,,-3920.0,-3746.0
exp_kp_001,ABC_KP[base]_n100_inst4_run2,base,2480,49974,99948.0,0.8109384169947589,,-3920.0,-3855.0
exp_kp_001,ABC_KP[base]_n100_inst4_run2,base,2490,50174,100348.0,0.8141964169917628,,-3920.0,-3884.0
exp_kp_001,ABC_KP[base]_n100_inst4_run2,base,2499,50355,100710.0,0.8181078749912558,,-3920.0,-3916.0
