experiment_id,run_id,param_tag,iter,evals_cost,normalized_evals,time_sec,temp,best_cost,current_cost
exp_001,ACO_n30_inst0_run0,base,0,0,0.0,2.8329668566584587e-06,,inf,inf
exp_001,ACO_n30_inst0_run0,base,10,300,9000.0,0.1117457079817541,,611.3558076754554,611.3558076754554
exp_001,ACO_n30_inst0_run0,base,20,600,18000.0,0.22276120795868337,,527.2682633072675,527.2682633072675
exp_001,ACO_n30_inst0_run0,base,30,900,27000.0,0.33646337495883927,,527.2682633072675,582.6397502203523
exp_001,ACO_n30_inst0_run0,base,40,1200,36000.0,0.4487192499800585,,527.2682633072675,576.5149460041362
exp_001,ACO_n30_inst0_run0,base,50,1500,45000.0,0.5645977910025977,,527.2682633072675,591.4992641597211
exp_001,ACO_n30_inst0_run0,base,60,1800,54000.0,0.6800363750080578,,527.2682633072675,536.4072784136094
exp_001,ACO_n30_inst0_run0,base,70,2100,63000.0,0.8032714999862947,,527.2682633072675,565.4323355073519
exp_001,ACO_n30_inst0_run0,base,80,2400,72000.0,0.9616409160080366,,527.2682633072675,549.5901146827675
exp_001,ACO_n30_inst0_run0,base,90,2700,81000.0,1.0773142909747548,,521.355102773133,529.4610476446867
exp_001,ACO_n30_inst0_run0,base,100,3000,90000.0,1.1894856249564327,,498.5063443961156,575.9842882013971
exp_001,ACO_n30_inst0_run0,base,110,3300,99000.0,1.3010387079557404,,498.5063443961156,554.037054171187
exp_001,ACO_n30_inst0_run0,base,120,3600,108000.0,1.4122432500007562,,498.5063443961156,648.8595191421196
exp_001,ACO_n30_inst0_run0,base,130,3900,117000.0,1.6071466659777798,,498.5063443961156,557.2498671711038
exp_001,ACO_n30_inst0_run0,base,140,4200,126000.0,1.7182511659921147,,498.5063443961156,549.5109265701061
exp_001,ACO_n30_inst0_run0,base,150,4500,135000.0,1.8293200829648413,,498.5063443961156,612.2909077588506
exp_001,ACO_n30_inst0_run0,base,160,4800,144000.0,1.9405095829861239,,498.5063443961156,573.2378251917502
exp_001,ACO_n30_inst0_run0,base,170,5100,153000.0,2.0795412909938022,,498.5063443961156,536.0555174629175
exp_001,ACO_n30_inst0_run0,base,180,5400,162000.0,2.2454354999936186,,498.5063443961156,522.828537258128
exp_001,ACO_n30_inst0_run0,base,190,5700,171000.0,2.3697619999875315,,498.5063443961156,576.2829283078192
exp_001,ACO_n30_inst0_run0,base,200,6000,180000.0,2.4847215409972705,,498.5063443961156,576.2898609348058
exp_001,ACO_n30_inst0_run0,base,210,6300,189000.0,2.6370680409600027,,486.66199959235456,591.6377033825765
exp_001,ACO_n30_inst0_run0,base,220,6600,198000.0,2.8234098329558037,,486.66199959235456,578.9887311683576
exp_001,ACO_n30_inst0_run0,base,230,6900,207000.0,2.964390540961176,,486.66199959235456,509.8696649831467
exp_001,ACO_n30_inst0_run0,base,240,7200,216000.0,3.0858715409995057,,486.66199959235456,553.3569967315184
exp_001,ACO_n30_inst0_run0,base,250,7500,225000.0,3.202101374976337,,486.66199959235456,600.9607110857737
exp_001,ACO_n30_inst0_run0,base,260,7800,234000.0,3.321164958004374,,486.66199959235456,567.8078928296783
exp_001,ACO_n30_inst0_run0,base,270,8100,243000.0,3.4331319159828126,,486.66199959235456,545.24238137784
exp_001,ACO_n30_inst0_run0,base,280,8400,252000.0,3.544672082993202,,486.66199959235456,592.7391307734022
exp_001,ACO_n30_inst0_run0,base,290,8700,261000.0,3.6557182079995982,,486.66199959235456,578.2049039254093
exp_001,ACO_n30_inst0_run0,base,300,9000,270000.0,3.768882250005845,,486.66199959235456,509.7444236859609
exp_001,ACO_n30_inst0_run0,base,310,9300,279000.0,3.924266332993284,,486.66199959235456,551.259419004637
exp_001,ACO_n30_inst0_run0,base,320,9600,288000.0,4.056195207987912,,486.66199959235456,536.8883564010478
exp_001,ACO_n30_inst0_run0,base,330,9900,297000.0,4.170402999967337,,486.66199959235456,560.3162702664139
exp_001,ACO_n30_inst0_run0,base,340,10200,306000.0,4.285572415974457,,486.66199959235456,581.1347128015383
exp_001,ACO_n30_inst0_run0,base,350,10500,315000.0,4.4022932079969905,,486.66199959235456,553.4072378012368
exp_001,ACO_n30_inst0_run0,base,360,10800,324000.0,4.517962790967431,,486.66199959235456,604.314999659024
exp_001,ACO_n30_inst0_run0,base,370,11100,333000.0,4.633335082966369,,486.66199959235456,549.6661123386866
exp_001,ACO_n30_inst0_run0,base,380,11400,342000.0,4.748386166000273,,486.66199959235456,551.4827541530072
exp_001,ACO_n30_inst0_run0,base,390,11700,351000.0,4.872861624986399,,486.66199959235456,576.5287668401895
exp_001,ACO_n30_inst0_run0,base,400,12000,360000.0,5.014232707966585,,486.66199959235456,566.4235195355994
exp_001,ACO_n30_inst0_run0,base,410,12300,369000.0,5.133222832984757,,486.66199959235456,595.1872016003562
exp_001,ACO_n30_inst0_run0,base,420,12600,378000.0,5.249406332965009,,486.66199959235456,621.3007853479239
exp_001,ACO_n30_inst0_run0,base,430,12900,387000.0,5.368766375002451,,486.66199959235456,526.6650735795313
exp_001,ACO_n30_inst0_run0,base,440,13200,396000.0,5.484628624981269,,486.66199959235456,572.4671151320746
exp_001,ACO_n30_inst0_run0,base,450,13500,405000.0,5.599044375005178,,486.66199959235456,600.3272476803331
exp_001,ACO_n30_inst0_run0,base,460,13800,414000.0,5.714246874966193,,486.66199959235456,546.1660521479813
exp_001,ACO_n30_inst0_run0,base,470,14100,423000.0,5.830073499993887,,486.66199959235456,573.7705188076558
exp_001,ACO_n30_inst0_run0,base,480,14400,432000.0,5.9483880829648115,,486.66199959235456,598.6533644480138
exp_001,ACO_n30_inst0_run0,base,490,14700,441000.0,6.063787832972594,,486.66199959235456,579.2657306049716
exp_001,ACO_n30_inst0_run0,base,500,15000,450000.0,6.179570832988247,,486.66199959235456,541.3597902714503
exp_001,ACO_n30_inst0_run0,base,510,15300,459000.0,6.295438790984917,,486.66199959235456,579.7958576498128
exp_001,ACO_n30_inst0_run0,base,520,15600,468000.0,6.410940540954471,,486.66199959235456,577.5436124733808
exp_001,ACO_n30_inst0_run0,base,530,15900,477000.0,6.525188457977492,,486.66199959235456,544.2463498207871
exp_001,ACO_n30_inst0_run0,base,540,16200,486000.0,6.651531582989264,,486.66199959235456,587.9675634728029
exp_001,ACO_n30_inst0_run0,base,550,16500,495000.0,6.79171633295482,,486.66199959235456,569.8765177949349
exp_001,ACO_n30_inst0_run0,base,560,16800,504000.0,6.9107559159747325,,486.66199959235456,553.7604870134977
exp_001,ACO_n30_inst0_run0,base,570,17100,513000.0,7.028051375003997,,486.66199959235456,514.7269749868013
exp_001,ACO_n30_inst0_run0,base,580,17400,522000.0,7.144898874976207,,486.66199959235456,562.592666449884
exp_001,ACO_n30_inst0_run0,base,590,17700,531000.0,7.25933912495384,,486.66199959235456,556.2333823189869
exp_001,ACO_n30_inst0_run0,base,600,18000,540000.0,7.376121832989156,,486.66199959235456,537.1020400506502
exp_001,ACO_n30_inst0_run0,base,610,18300,549000.0,7.491044749971479,,486.66199959235456,607.0540932260094
exp_001,ACO_n30_inst0_run0,base,620,18600,558000.0,7.6053866659640335,,486.66199959235456,555.734254677502
exp_001,ACO_n30_inst0_run0,base,630,18900,567000.0,7.723975999979302,,486.66199959235456,565.209010703109
exp_001,ACO_n30_inst0_run0,base,640,19200,576000.0,7.878384540963452,,486.66199959235456,558.6761314474737
exp_001,ACO_n30_inst0_run0,base,650,19500,585000.0,7.994689749961253,,486.66199959235456,597.7416540549402
exp_001,ACO_n30_inst0_run0,base,660,19800,594000.0,8.111054499982856,,486.66199959235456,602.3155467633488
exp_001,ACO_n30_inst0_run0,base,670,20100,603000.0,8.225710749975406,,486.66199959235456,529.1524332933133
exp_001,ACO_n30_inst0_run0,base,680,20400,612000.0,8.339281832973938,,486.66199959235456,595.7874295145403
exp_001,ACO_n30_inst0_run0,base,690,20700,621000.0,8.45360308297677,,486.66199959235456,546.4183837336574
exp_001,ACO_n30_inst0_run0,base,700,21000,630000.0,8.566699999966659,,486.66199959235456,548.5281021642567
exp_001,ACO_n30_inst0_run0,base,710,21300,639000.0,8.67999041598523,,486.66199959235456,547.9603551294233
exp_001,ACO_n30_inst0_run0,base,720,21600,648000.0,8.793755916005466,,486.66199959235456,573.1098819786172
exp_001,ACO_n30_inst0_run0,base,730,21900,657000.0,8.908763832994737,,486.66199959235456,505.8909936163395
exp_001,ACO_n30_inst0_run0,base,740,22200,666000.0,9.022704083006829,,486.66199959235456,577.479921938079
exp_001,ACO_n30_inst0_run0,base,750,22500,675000.0,9.135953790973872,,486.66199959235456,559.3826539831156
exp_001,ACO_n30_inst0_run0,base,760,22800,684000.0,9.250031874980778,,486.66199959235456,560.6287384413766
exp_001,ACO_n30_inst0_run0,base,770,23100,693000.0,9.36372429097537,,486.66199959235456,551.5035972612019
exp_001,ACO_n30_inst0_run0,base,780,23400,702000.0,9.477971124986652,,486.66199959235456,557.1245146882134
exp_001,ACO_n30_inst0_run0,base,790,23700,711000.0,9.590758915990591,,486.66199959235456,541.623537136274
exp_001,ACO_n30_inst0_run0,base,800,24000,720000.0,9.703521790972445,,486.66199959235456,582.132611153362
exp_001,ACO_n30_inst0_run0,base,810,24300,729000.0,9.817056750005577,,486.66199959235456,556.1743689123415
exp_001,ACO_n30_inst0_run0,base,820,24600,738000.0,9.932572665973566,,486.66199959235456,573.5587770878469
exp_001,ACO_n30_inst0_run0,base,830,24900,747000.0,10.047555750003085,,486.66199959235456,507.16190087683816
exp_001,ACO_n30_inst0_run0,base,840,25200,756000.0,10.162681290996261,,486.66199959235456,556.6896448464316
exp_001,ACO_n30_inst0_run0,base,850,25500,765000.0,10.278689833008684,,486.66199959235456,584.388443960404
exp_001,ACO_n30_inst0_run0,base,860,25800,774000.0,10.393598207971081,,486.66199959235456,586.5109942437489
exp_001,ACO_n30_inst0_run0,base,870,26100,783000.0,10.50950391596416,,486.66199959235456,538.1629260385912
exp_001,ACO_n30_inst0_run0,base,880,26400,792000.0,10.624475582968444,,486.66199959235456,603.7322656841525
exp_001,ACO_n30_inst0_run0,base,890,26700,801000.0,10.742526999965776,,486.66199959235456,602.3988483940392
exp_001,ACO_n30_inst0_run0,base,900,27000,810000.0,10.859065249969717,,486.66199959235456,584.450259535657
exp_001,ACO_n30_inst0_run0,base,910,27300,819000.0,10.972714540956076,,486.66199959235456,578.678435865314
exp_001,ACO_n30_inst0_run0,base,920,27600,828000.0,11.086984707973897,,486.66199959235456,519.4401512555996
exp_001,ACO_n30_inst0_run0,base,930,27900,837000.0,11.201907207956538,,486.66199959235456,563.4012368898008
exp_001,ACO_n30_inst0_run0,base,940,28200,846000.0,11.318024665990379,,486.66199959235456,570.5539665011574
exp_001,ACO_n30_inst0_run0,base,950,28500,855000.0,11.431392750004306,,486.66199959235456,562.0992867183006
exp_001,ACO_n30_inst0_run0,base,960,28800,864000.0,11.544735957984813,,486.66199959235456,536.8720613890501
exp_001,ACO_n30_inst0_run0,base,970,29100,873000.0,11.655480165965855,,481.58128384380274,557.6430637090683
exp_001,ACO_n30_inst0_run0,base,980,29400,882000.0,11.766497665958013,,481.58128384380274,540.7993748493291
exp_001,ACO_n30_inst0_run0,base,990,29700,891000.0,11.87706241599517,,481.58128384380274,548.5237977229358
exp_001,ACO_n30_inst0_run0,base,1000,30000,900000.0,11.98932612495264,,481.58128384380274,581.5668848430342
exp_001,ACO_n30_inst0_run0,base,1010,30300,909000.0,12.13635229098145,,481.58128384380274,554.0506524960667
exp_001,ACO_n30_inst0_run0,base,1020,30600,918000.0,12.277250582992565,,481.58128384380274,562.7623230706662
exp_001,ACO_n30_inst0_run0,base,1030,30900,927000.0,12.468253333005123,,481.58128384380274,584.274055864622
exp_001,ACO_n30_inst0_run0,base,1040,31200,936000.0,12.601936040970031,,481.58128384380274,543.6870393705509
exp_001,ACO_n30_inst0_run0,base,1050,31500,945000.0,12.7187611249974,,481.58128384380274,536.7441803923581
exp_001,ACO_n30_inst0_run0,base,1060,31800,954000.0,12.833912124973722,,481.58128384380274,563.6537135127878
exp_001,ACO_n30_inst0_run0,base,1070,32100,963000.0,12.945090124965645,,481.58128384380274,532.8866797577048
exp_001,ACO_n30_inst0_run0,base,1080,32400,972000.0,13.05601708299946,,481.58128384380274,536.5371046695512
exp_001,ACO_n30_inst0_run0,base,1090,32700,981000.0,13.166833165974822,,481.58128384380274,564.1832341479437
exp_001,ACO_n30_inst0_run0,base,1100,33000,990000.0,13.278870957961772,,481.58128384380274,628.5581016241456
exp_001,ACO_n30_inst0_run0,base,1110,33300,999000.0,13.389631500001997,,481.58128384380274,592.1349978975416
exp_001,ACO_n30_inst0_run0,base,1120,33600,1008000.0,13.50000491598621,,481.58128384380274,549.2401726810823
exp_001,ACO_n30_inst0_run0,base,1130,33900,1017000.0,13.610565999988467,,481.58128384380274,593.1011488612457
exp_001,ACO_n30_inst0_run0,base,1140,34200,1026000.0,13.722617790976074,,481.58128384380274,578.2497172841655
exp_001,ACO_n30_inst0_run0,base,1150,34500,1035000.0,13.834727290959563,,481.58128384380274,613.8100192369561
exp_001,ACO_n30_inst0_run0,base,1160,34800,1044000.0,13.946987415954936,,481.58128384380274,575.8225018562057
exp_001,ACO_n30_inst0_run0,base,1170,35100,1053000.0,14.057779541006312,,481.58128384380274,561.6818081786063
exp_001,ACO_n30_inst0_run0,base,1180,35400,1062000.0,14.168657290982082,,481.58128384380274,551.820165965701
exp_001,ACO_n30_inst0_run0,base,1190,35700,1071000.0,14.280646457977127,,481.58128384380274,578.480536482326
exp_001,ACO_n30_inst0_run0,base,1200,36000,1080000.0,14.39144524995936,,481.58128384380274,545.1080727416629
exp_001,ACO_n30_inst0_run0,base,1210,36300,1089000.0,14.502354874974117,,481.58128384380274,550.7879184548409
exp_001,ACO_n30_inst0_run0,base,1220,36600,1098000.0,14.613089957972988,,481.58128384380274,575.370144975372
exp_001,ACO_n30_inst0_run0,base,1230,36900,1107000.0,14.72534804098541,,481.58128384380274,553.6592161967941
exp_001,ACO_n30_inst0_run0,base,1240,37200,1116000.0,14.836988499970175,,481.58128384380274,599.0504848658638
exp_001,ACO_n30_inst0_run0,base,1250,37500,1125000.0,14.947740582982078,,481.58128384380274,523.671108588439
exp_001,ACO_n30_inst0_run0,base,1260,37800,1134000.0,15.05845174996648,,481.58128384380274,597.1534604963805
exp_001,ACO_n30_inst0_run0,base,1270,38100,1143000.0,15.169407290988602,,481.58128384380274,567.3495549791593
exp_001,ACO_n30_inst0_run0,base,1280,38400,1152000.0,15.281739750003908,,481.58128384380274,566.3666487632465
exp_001,ACO_n30_inst0_run0,base,1290,38700,1161000.0,15.392551957978867,,481.58128384380274,594.7868357521813
exp_001,ACO_n30_inst0_run0,base,1300,39000,1170000.0,15.503481749969069,,481.58128384380274,527.7130051893108
exp_001,ACO_n30_inst0_run0,base,1310,39300,1179000.0,15.614557957975194,,481.58128384380274,568.2731321741029
exp_001,ACO_n30_inst0_run0,base,1320,39600,1188000.0,15.726477916003205,,481.58128384380274,568.2347078116793
exp_001,ACO_n30_inst0_run0,base,1330,39900,1197000.0,15.837232374993619,,481.58128384380274,562.0437383547535
exp_001,ACO_n30_inst0_run0,base,1340,40200,1206000.0,15.948196957993787,,481.58128384380274,593.0264952465538
exp_001,ACO_n30_inst0_run0,base,1350,40500,1215000.0,16.05893366597593,,481.58128384380274,524.7539718677406
exp_001,ACO_n30_inst0_run0,base,1360,40800,1224000.0,16.169788874976803,,481.58128384380274,555.8891394051112
exp_001,ACO_n30_inst0_run0,base,1370,41100,1233000.0,16.28178612497868,,481.58128384380274,576.5694401300682
exp_001,ACO_n30_inst0_run0,base,1380,41400,1242000.0,16.39279254100984,,481.58128384380274,514.0133917505914
exp_001,ACO_n30_inst0_run0,base,1390,41700,1251000.0,16.503485749999527,,481.58128384380274,534.5859145232656
exp_001,ACO_n30_inst0_run0,base,1400,42000,1260000.0,16.614222207979765,,481.58128384380274,583.7528357225513
exp_001,ACO_n30_inst0_run0,base,1410,42300,1269000.0,16.725497999985237,,481.58128384380274,575.5225925415662
exp_001,ACO_n30_inst0_run0,base,1420,42600,1278000.0,16.8366197499563,,481.58128384380274,574.7600061503431
exp_001,ACO_n30_inst0_run0,base,1430,42900,1287000.0,16.9474439159967,,481.58128384380274,527.5815404415009
exp_001,ACO_n30_inst0_run0,base,1440,43200,1296000.0,17.0636843329994,,481.58128384380274,541.8102574599369
exp_001,ACO_n30_inst0_run0,base,1450,43500,1305000.0,17.209717541001737,,481.58128384380274,571.4837867135313
exp_001,ACO_n30_inst0_run0,base,1460,43800,1314000.0,17.323929165955633,,481.58128384380274,601.9240586438534
exp_001,ACO_n30_inst0_run0,base,1470,44100,1323000.0,17.435771916003432,,481.58128384380274,495.407594606141
exp_001,ACO_n30_inst0_run0,base,1480,44400,1332000.0,17.546601540991105,,481.58128384380274,587.1672480430266
exp_001,ACO_n30_inst0_run0,base,1490,44700,1341000.0,17.66124399995897,,481.58128384380274,570.5310764740206
exp_001,ACO_n30_inst0_run0,base,1500,45000,1350000.0,17.77362616598839,,481.58128384380274,528.1788028063452
exp_001,ACO_n30_inst0_run0,base,1510,45300,1359000.0,17.904443332983647,,481.58128384380274,528.9566292069547
exp_001,ACO_n30_inst0_run0,base,1520,45600,1368000.0,18.043922290962655,,481.58128384380274,582.6717170707072
exp_001,ACO_n30_inst0_run0,base,1530,45900,1377000.0,18.15927374997409,,481.58128384380274,568.8048950189033
exp_001,ACO_n30_inst0_run0,base,1540,46200,1386000.0,18.273254416009877,,481.58128384380274,536.2193747150127
exp_001,ACO_n30_inst0_run0,base,1550,46500,1395000.0,18.384303124970756,,481.58128384380274,547.0318058685962
exp_001,ACO_n30_inst0_run0,base,1560,46800,1404000.0,18.494976457965095,,481.58128384380274,576.6171334766209
exp_001,ACO_n30_inst0_run0,base,1570,47100,1413000.0,18.605938665976282,,481.58128384380274,573.192700752306
exp_001,ACO_n30_inst0_run0,base,1580,47400,1422000.0,18.717113249993417,,481.58128384380274,594.5282964237391
exp_001,ACO_n30_inst0_run0,base,1590,47700,1431000.0,18.830590082972776,,481.58128384380274,609.6998391288648
exp_001,ACO_n30_inst0_run0,base,1600,48000,1440000.0,18.941903915954754,,481.58128384380274,533.719148572199
exp_001,ACO_n30_inst0_run0,base,1610,48300,1449000.0,19.05305149999913,,481.58128384380274,602.2960740266928
exp_001,ACO_n30_inst0_run0,base,1620,48600,1458000.0,19.163760415976867,,481.58128384380274,535.9956302101162
exp_001,ACO_n30_inst0_run0,base,1630,48900,1467000.0,19.275845207972452,,481.58128384380274,519.7597350406767
exp_001,ACO_n30_inst0_run0,base,1640,49200,1476000.0,19.38671233295463,,481.58128384380274,592.909769741142
exp_001,ACO_n30_inst0_run0,base,1650,49500,1485000.0,19.49753829097608,,481.58128384380274,560.7622965566302
exp_001,ACO_n30_inst0_run0,base,1660,49800,1494000.0,19.6082840829622,,481.58128384380274,559.674432509115
exp_001,ACO_n30_inst0_run1,base,0,0,0.0,1.2919772416353226e-06,,inf,inf
exp_001,ACO_n30_inst0_run1,base,10,300,9000.0,0.11254991701571271,,651.74023958749,651.74023958749
exp_001,ACO_n30_inst0_run1,base,20,600,18000.0,0.22310554201249033,,575.7099406723032,645.0647421282912
exp_001,ACO_n30_inst0_run1,base,30,900,27000.0,0.3338620000286028,,538.9542784829742,599.816571416683
exp_001,ACO_n30_inst0_run1,base,40,1200,36000.0,0.44437020900659263,,538.9542784829742,575.9646639656511
exp_001,ACO_n30_inst0_run1,base,50,1500,45000.0,0.57545616698917,,538.9542784829742,602.9107134553483
exp_001,ACO_n30_inst0_run1,base,60,1800,54000.0,0.6874617920257151,,513.9622128738608,601.3048770828557
exp_001,ACO_n30_inst0_run1,base,70,2100,63000.0,0.799283042026218,,513.9622128738608,596.2446579859316
exp_001,ACO_n30_inst0_run1,base,80,2400,72000.0,0.909887959016487,,513.9622128738608,595.8199379542889
exp_001,ACO_n30_inst0_run1,base,90,2700,81000.0,1.021631333976984,,513.9622128738608,559.9206063528424
exp_001,ACO_n30_inst0_run1,base,100,3000,90000.0,1.133765249978751,,511.2748514457315,537.1701591188239
exp_001,ACO_n30_inst0_run1,base,110,3300,99000.0,1.2445356249809265,,511.2748514457315,544.4400411288633
exp_001,ACO_n30_inst0_run1,base,120,3600,108000.0,1.3554563749930821,,511.2748514457315,609.0490426450511
exp_001,ACO_n30_inst0_run1,base,130,3900,117000.0,1.4669243749813177,,511.2748514457315,538.769809895554
exp_001,ACO_n30_inst0_run1,base,140,4200,126000.0,1.5785373750259168,,511.2748514457315,560.8576842468955
exp_001,ACO_n30_inst0_run1,base,150,4500,135000.0,1.6891124169924296,,511.2748514457315,593.2199841021259
exp_001,ACO_n30_inst0_run1,base,160,4800,144000.0,1.8000614999909885,,511.2748514457315,552.5133252042817
exp_001,ACO_n30_inst0_run1,base,170,5100,153000.0,1.9138794590253383,,503.5047143247745,568.8483792850905
exp_001,ACO_n30_inst0_run1,base,180,5400,162000.0,2.0283207499887794,,503.5047143247745,573.1730905190681
exp_001,ACO_n30_inst0_run1,base,190,5700,171000.0,2.1437045839847997,,503.5047143247745,569.5636518986264
exp_001,ACO_n30_inst0_run1,base,200,6000,180000.0,2.2559507500263862,,496.7456231521645,563.2175708037748
exp_001,ACO_n30_inst0_run1,base,210,6300,189000.0,2.3687862919759937,,496.7456231521645,591.2856215868968
exp_001,ACO_n30_inst0_run1,base,220,6600,198000.0,2.5025499170296825,,496.7456231521645,566.5342989918898
exp_001,ACO_n30_inst0_run1,base,230,6900,207000.0,2.620709999988321,,496.7456231521645,562.1572412701132
exp_001,ACO_n30_inst0_run1,base,240,7200,216000.0,2.7336238339776173,,496.7456231521645,524.0797411061702
exp_001,ACO_n30_inst0_run1,base,250,7500,225000.0,2.844379750022199,,496.7456231521645,565.2899503258627
exp_001,ACO_n30_inst0_run1,base,260,7800,234000.0,2.955007750017103,,496.7456231521645,552.1169609585615
exp_001,ACO_n30_inst0_run1,base,270,8100,243000.0,3.0657953749760054,,496.7456231521645,585.2379262243485
exp_001,ACO_n30_inst0_run1,base,280,8400,252000.0,3.1780250840238295,,496.7456231521645,543.2008095562891
exp_001,ACO_n30_inst0_run1,base,290,8700,261000.0,3.288899125007447,,496.7456231521645,588.4789803200644
exp_001,ACO_n30_inst0_run1,base,300,9000,270000.0,3.4007821250124834,,496.7456231521645,550.8998767158787
exp_001,ACO_n30_inst0_run1,base,310,9300,279000.0,3.5117715839878656,,496.7456231521645,502.9995657639257
exp_001,ACO_n30_inst0_run1,base,320,9600,288000.0,3.6242598749813624,,496.7456231521645,541.2683928035719
exp_001,ACO_n30_inst0_run1,base,330,9900,297000.0,3.785803542006761,,496.7456231521645,592.4896381007704
exp_001,ACO_n30_inst0_run1,base,340,10200,306000.0,3.8963759589823894,,496.7456231521645,587.3656301611202
exp_001,ACO_n30_inst0_run1,base,350,10500,315000.0,4.006757042021491,,496.7456231521645,567.7604928823768
exp_001,ACO_n30_inst0_run1,base,360,10800,324000.0,4.119283750012983,,496.7456231521645,594.3747948593744
exp_001,ACO_n30_inst0_run1,base,370,11100,333000.0,4.231234334001783,,496.7456231521645,562.8710899603649
exp_001,ACO_n30_inst0_run1,base,380,11400,342000.0,4.342855209019035,,496.7456231521645,571.8000033119414
exp_001,ACO_n30_inst0_run1,base,390,11700,351000.0,4.453888666990679,,496.7456231521645,546.3140994794604
exp_001,ACO_n30_inst0_run1,base,400,12000,360000.0,4.564841458981391,,496.2302987227966,593.9831496035895
exp_001,ACO_n30_inst0_run1,base,410,12300,369000.0,4.6775402090279385,,496.2302987227966,586.6052918309103
exp_001,ACO_n30_inst0_run1,base,420,12600,378000.0,4.788223500014283,,496.2302987227966,572.3561496905921
exp_001,ACO_n30_inst0_run1,base,430,12900,387000.0,4.8990723750321195,,496.2302987227966,562.5608948219083
exp_001,ACO_n30_inst0_run1,base,440,13200,396000.0,5.009849667025264,,496.2302987227966,570.4710513786475
exp_001,ACO_n30_inst0_run1,base,450,13500,405000.0,5.121839250030462,,496.2302987227966,536.6688411365835
exp_001,ACO_n30_inst0_run1,base,460,13800,414000.0,5.232761583989486,,496.2302987227966,577.601747909804
exp_001,ACO_n30_inst0_run1,base,470,14100,423000.0,5.343983958999161,,496.2302987227966,577.9280470440156
exp_001,ACO_n30_inst0_run1,base,480,14400,432000.0,5.468882417015266,,495.65753242795915,542.6975787589831
exp_001,ACO_n30_inst0_run1,base,490,14700,441000.0,5.6323053750093095,,495.65753242795915,571.0140664032679
exp_001,ACO_n30_inst0_run1,base,500,15000,450000.0,5.7455708750057966,,495.65753242795915,538.3854766746963
exp_001,ACO_n30_inst0_run1,base,510,15300,459000.0,5.857430666976143,,495.65753242795915,578.366544093093
exp_001,ACO_n30_inst0_run1,base,520,15600,468000.0,5.9682197499787435,,495.65753242795915,581.0617926703923
exp_001,ACO_n30_inst0_run1,base,530,15900,477000.0,6.079364167002495,,495.65753242795915,620.3423625134519
exp_001,ACO_n30_inst0_run1,base,540,16200,486000.0,6.191984916978981,,495.65753242795915,552.127697498516
exp_001,ACO_n30_inst0_run1,base,550,16500,495000.0,6.303086667030584,,495.65753242795915,548.5973516547153
exp_001,ACO_n30_inst0_run1,base,560,16800,504000.0,6.41482275002636,,495.65753242795915,563.6801868772335
exp_001,ACO_n30_inst0_run1,base,570,17100,513000.0,6.525867583986837,,495.65753242795915,582.2466009882887
exp_001,ACO_n30_inst0_run1,base,580,17400,522000.0,6.638986916979775,,495.65753242795915,601.0337872059266
exp_001,ACO_n30_inst0_run1,base,590,17700,531000.0,6.750502375012729,,495.65753242795915,564.1715353003482
exp_001,ACO_n30_inst0_run1,base,600,18000,540000.0,6.862005417002365,,482.5869433593082,570.2707457655697
exp_001,ACO_n30_inst0_run1,base,610,18300,549000.0,6.972827417019289,,482.5869433593082,574.6536714125482
exp_001,ACO_n30_inst0_run1,base,620,18600,558000.0,7.083762834023219,,482.5869433593082,551.7493642871955
exp_001,ACO_n30_inst0_run1,base,630,18900,567000.0,7.19610870903125,,482.5869433593082,550.3601848323724
exp_001,ACO_n30_inst0_run1,base,640,19200,576000.0,7.307095042022411,,482.5869433593082,524.6882759120945
exp_001,ACO_n30_inst0_run1,base,650,19500,585000.0,7.439240084029734,,482.5869433593082,576.0267385600348
exp_001,ACO_n30_inst0_run1,base,660,19800,594000.0,7.568621292011812,,482.5869433593082,569.3681971452464
exp_001,ACO_n30_inst0_run1,base,670,20100,603000.0,7.683304541977122,,482.5869433593082,603.9519975528808
exp_001,ACO_n30_inst0_run1,base,680,20400,612000.0,7.794630124990363,,482.5869433593082,596.3673547911907
exp_001,ACO_n30_inst0_run1,base,690,20700,621000.0,7.905496208986733,,482.5869433593082,564.7121289586196
exp_001,ACO_n30_inst0_run1,base,700,21000,630000.0,8.016593875014223,,482.5869433593082,547.5044243496317
exp_001,ACO_n30_inst0_run1,base,710,21300,639000.0,8.128766375011764,,482.5869433593082,586.2903290992649
exp_001,ACO_n30_inst0_run1,base,720,21600,648000.0,8.239675500022713,,482.5869433593082,545.459039394632
exp_001,ACO_n30_inst0_run1,base,730,21900,657000.0,8.350308375025634,,479.06306365454,544.4084600980635
exp_001,ACO_n30_inst0_run1,base,740,22200,666000.0,8.46092475001933,,479.06306365454,568.1634955295173
exp_001,ACO_n30_inst0_run1,base,750,22500,675000.0,8.57177729200339,,479.06306365454,573.9439750753085
exp_001,ACO_n30_inst0_run1,base,760,22800,684000.0,8.684443000005558,,479.06306365454,584.0990439498167
exp_001,ACO_n30_inst0_run1,base,770,23100,693000.0,8.795556250028312,,479.06306365454,580.4997563386887
exp_001,ACO_n30_inst0_run1,base,780,23400,702000.0,8.906395917001646,,479.06306365454,545.9951348600854
exp_001,ACO_n30_inst0_run1,base,790,23700,711000.0,9.017198499990627,,479.06306365454,582.9189656945165
exp_001,ACO_n30_inst0_run1,base,800,24000,720000.0,9.128549167013261,,479.06306365454,604.710223981877
exp_001,ACO_n30_inst0_run1,base,810,24300,729000.0,9.240971875027753,,479.06306365454,557.465070458391
exp_001,ACO_n30_inst0_run1,base,820,24600,738000.0,9.352343417005613,,479.06306365454,571.1201338880247
exp_001,ACO_n30_inst0_run1,base,830,24900,747000.0,9.463376083993353,,479.06306365454,563.0279347806718
exp_001,ACO_n30_inst0_run1,base,840,25200,756000.0,9.574012249999214,,479.06306365454,582.0347659229632
exp_001,ACO_n30_inst0_run1,base,850,25500,765000.0,9.686374583980069,,479.06306365454,545.5190723118445
exp_001,ACO_n30_inst0_run1,base,860,25800,774000.0,9.797472500009462,,479.06306365454,588.4712740195105
exp_001,ACO_n30_inst0_run1,base,870,26100,783000.0,9.908137583988719,,479.06306365454,541.01233595681
exp_001,ACO_n30_inst0_run1,base,880,26400,792000.0,10.01898837502813,,479.06306365454,536.3895479695235
exp_001,ACO_n30_inst0_run1,base,890,26700,801000.0,10.130500208993908,,479.06306365454,553.0202059365787
exp_001,ACO_n30_inst0_run1,base,900,27000,810000.0,10.242325959028676,,479.06306365454,556.1646969557737
exp_001,ACO_n30_inst0_run1,base,910,27300,819000.0,10.35292641702108,,479.06306365454,560.7165710150246
exp_001,ACO_n30_inst0_run1,base,920,27600,828000.0,10.463788792025298,,479.06306365454,532.2937070550488
exp_001,ACO_n30_inst0_run1,base,930,27900,837000.0,10.57435012498172,,479.06306365454,547.0855491298566
exp_001,ACO_n30_inst0_run1,base,940,28200,846000.0,10.686947666981723,,479.06306365454,574.6760998039994
exp_001,ACO_n30_inst0_run1,base,950,28500,855000.0,10.797924541984685,,479.06306365454,556.0472040089674
exp_001,ACO_n30_inst0_run1,base,960,28800,864000.0,10.908565042016562,,479.06306365454,558.0361547549755
exp_001,ACO_n30_inst0_run1,base,970,29100,873000.0,11.019180042028893,,479.06306365454,587.1616148400278
exp_001,ACO_n30_inst0_run1,base,980,29400,882000.0,11.149003166996408,,479.06306365454,530.8669577909313
exp_001,ACO_n30_inst0_run1,base,990,29700,891000.0,11.286591749987565,,479.06306365454,570.1847957111213
exp_001,ACO_n30_inst0_run1,base,1000,30000,900000.0,11.399778000020888,,479.06306365454,591.0574371066084
exp_001,ACO_n30_inst0_run1,base,1010,30300,909000.0,11.512102500011679,,479.06306365454,548.7898889190304
exp_001,ACO_n30_inst0_run1,base,1020,30600,918000.0,11.62310399999842,,479.06306365454,561.6962673448463
exp_001,ACO_n30_inst0_run1,base,1030,30900,927000.0,11.735918709018733,,479.06306365454,575.6483224402543
exp_001,ACO_n30_inst0_run1,base,1040,31200,936000.0,11.846946209028829,,479.06306365454,589.4940540253342
exp_001,ACO_n30_inst0_run1,base,1050,31500,945000.0,11.957813000015449,,479.06306365454,559.9405087127782
exp_001,ACO_n30_inst0_run1,base,1060,31800,954000.0,12.068644125014544,,479.06306365454,565.3654133050381
exp_001,ACO_n30_inst0_run1,base,1070,32100,963000.0,12.179542792029679,,479.06306365454,534.5747480406332
exp_001,ACO_n30_inst0_run1,base,1080,32400,972000.0,12.29212858399842,,479.06306365454,562.7422111303869
exp_001,ACO_n30_inst0_run1,base,1090,32700,981000.0,12.4042927090195,,479.06306365454,568.3673073926986
exp_001,ACO_n30_inst0_run1,base,1100,33000,990000.0,12.519940417027101,,479.06306365454,526.3889612745737
exp_001,ACO_n30_inst0_run1,base,1110,33300,999000.0,12.633935042016674,,479.06306365454,609.098557696647
exp_001,ACO_n30_inst0_run1,base,1120,33600,1008000.0,12.747725208988413,,479.06306365454,638.1583896089153
exp_001,ACO_n30_inst0_run1,base,1130,33900,1017000.0,12.860082708997652,,479.06306365454,577.1504795173014
exp_001,ACO_n30_inst0_run1,base,1140,34200,1026000.0,12.97055387502769,,479.06306365454,544.3058355801268
exp_001,ACO_n30_inst0_run1,base,1150,34500,1035000.0,13.081541916995775,,479.06306365454,540.6814940317245
exp_001,ACO_n30_inst0_run1,base,1160,34800,1044000.0,13.19293162500253,,479.06306365454,545.8055633444776
exp_001,ACO_n30_inst0_run1,base,1170,35100,1053000.0,13.305556999985129,,479.06306365454,589.542729643263
exp_001,ACO_n30_inst0_run1,base,1180,35400,1062000.0,13.417164375016,,479.06306365454,532.4045584099955
exp_001,ACO_n30_inst0_run1,base,1190,35700,1071000.0,13.528252916992642,,479.06306365454,596.3761863173984
exp_001,ACO_n30_inst0_run1,base,1200,36000,1080000.0,13.638726459001191,,479.06306365454,553.2062795124348
exp_001,ACO_n30_inst0_run1,base,1210,36300,1089000.0,13.751294417015743,,479.06306365454,556.8100532299823
exp_001,ACO_n30_inst0_run1,base,1220,36600,1098000.0,13.862556374981068,,479.06306365454,586.3644083424167
exp_001,ACO_n30_inst0_run1,base,1230,36900,1107000.0,13.973634499998298,,479.06306365454,555.7907974004726
exp_001,ACO_n30_inst0_run1,base,1240,37200,1116000.0,14.087813667021692,,479.06306365454,602.8989376973636
exp_001,ACO_n30_inst0_run1,base,1250,37500,1125000.0,14.199756958987564,,479.06306365454,612.2473909779538
exp_001,ACO_n30_inst0_run1,base,1260,37800,1134000.0,14.3130746249808,,479.06306365454,522.2254246521247
exp_001,ACO_n30_inst0_run1,base,1270,38100,1143000.0,14.42420570901595,,479.06306365454,600.926983599863
exp_001,ACO_n30_inst0_run1,base,1280,38400,1152000.0,14.535363333998248,,479.06306365454,506.8138695895424
exp_001,ACO_n30_inst0_run1,base,1290,38700,1161000.0,14.646405834006146,,479.06306365454,531.3290099161575
exp_001,ACO_n30_inst0_run1,base,1300,39000,1170000.0,14.759119583992288,,479.06306365454,569.400224849593
exp_001,ACO_n30_inst0_run1,base,1310,39300,1179000.0,14.869963500008453,,479.06306365454,529.8781365851682
exp_001,ACO_n30_inst0_run1,base,1320,39600,1188000.0,14.980801541998517,,479.06306365454,555.456947809182
exp_001,ACO_n30_inst0_run1,base,1330,39900,1197000.0,15.091534209030215,,479.06306365454,581.2537615082988
exp_001,ACO_n30_inst0_run1,base,1340,40200,1206000.0,15.202878709009383,,479.06306365454,555.0419766395958
exp_001,ACO_n30_inst0_run1,base,1350,40500,1215000.0,15.315324958995916,,479.06306365454,554.338052083302
exp_001,ACO_n30_inst0_run1,base,1360,40800,1224000.0,15.426419917028397,,479.06306365454,535.5247575712534
exp_001,ACO_n30_inst0_run1,base,1370,41100,1233000.0,15.537284667021595,,479.06306365454,533.9804344895942
exp_001,ACO_n30_inst0_run1,base,1380,41400,1242000.0,15.648407166998368,,479.06306365454,571.5597431174701
exp_001,ACO_n30_inst0_run1,base,1390,41700,1251000.0,15.76135837502079,,479.06306365454,587.3222110016119
exp_001,ACO_n30_inst0_run1,base,1400,42000,1260000.0,15.872420000028796,,479.06306365454,530.6409488378489
exp_001,ACO_n30_inst0_run1,base,1410,42300,1269000.0,15.985715958988294,,479.06306365454,583.8978767159329
exp_001,ACO_n30_inst0_run1,base,1420,42600,1278000.0,16.096872084017377,,479.06306365454,554.3756400897295
exp_001,ACO_n30_inst0_run1,base,1430,42900,1287000.0,16.231860083993524,,479.06306365454,610.0149181751175
exp_001,ACO_n30_inst0_run1,base,1440,43200,1296000.0,16.348164417024236,,479.06306365454,550.2391852599844
exp_001,ACO_n30_inst0_run1,base,1450,43500,1305000.0,16.461594709020574,,479.06306365454,597.245482434979
exp_001,ACO_n30_inst0_run1,base,1460,43800,1314000.0,16.57537437498104,,479.06306365454,580.6389786470697
exp_001,ACO_n30_inst0_run1,base,1470,44100,1323000.0,16.68838250002591,,479.06306365454,582.8407167092777
exp_001,ACO_n30_inst0_run1,base,1480,44400,1332000.0,16.801927375025116,,479.06306365454,554.6215081122439
exp_001,ACO_n30_inst0_run1,base,1490,44700,1341000.0,16.912919667025562,,479.06306365454,544.9487946611799
exp_001,ACO_n30_inst0_run1,base,1500,45000,1350000.0,17.02425266703358,,479.06306365454,571.251733880239
exp_001,ACO_n30_inst0_run1,base,1510,45300,1359000.0,17.135078458988573,,479.06306365454,533.230707861825
exp_001,ACO_n30_inst0_run1,base,1520,45600,1368000.0,17.24612054199679,,479.06306365454,563.5903546611898
exp_001,ACO_n30_inst0_run1,base,1530,45900,1377000.0,17.381507874990348,,479.06306365454,554.0630521771002
exp_001,ACO_n30_inst0_run1,base,1540,46200,1386000.0,17.57293445902178,,479.06306365454,517.602399226235
exp_001,ACO_n30_inst0_run1,base,1550,46500,1395000.0,17.68722995900316,,479.06306365454,565.0217353463682
exp_001,ACO_n30_inst0_run1,base,1560,46800,1404000.0,17.80114333401434,,479.06306365454,606.1567167952636
exp_001,ACO_n30_inst0_run1,base,1570,47100,1413000.0,17.91407050000271,,479.06306365454,526.5523796433536
exp_001,ACO_n30_inst0_run1,base,1580,47400,1422000.0,18.027458500000648,,479.06306365454,578.8917163615719
exp_001,ACO_n30_inst0_run1,base,1590,47700,1431000.0,18.14035616698675,,479.06306365454,573.3399416747579
exp_001,ACO_n30_inst0_run1,base,1600,48000,1440000.0,18.25310020899633,,479.06306365454,512.6188479950442
exp_001,ACO_n30_inst0_run1,base,1610,48300,1449000.0,18.36611304199323,,479.06306365454,558.6415858726785
exp_001,ACO_n30_inst0_run1,base,1620,48600,1458000.0,18.47889937501168,,479.06306365454,583.8487041517789
exp_001,ACO_n30_inst0_run1,base,1630,48900,1467000.0,18.592056500026956,,479.06306365454,579.6855975071594
exp_001,ACO_n30_inst0_run1,base,1640,49200,1476000.0,18.705219249997754,,479.06306365454,546.1914481872246
exp_001,ACO_n30_inst0_run1,base,1650,49500,1485000.0,18.843410999979824,,479.06306365454,505.80867763334055
exp_001,ACO_n30_inst0_run1,base,1660,49800,1494000.0,18.95815262501128,,479.06306365454,576.8122331943592
exp_001,ACO_n30_inst0_run2,base,0,0,0.0,1.166015863418579e-06,,inf,inf
exp_001,ACO_n30_inst0_run2,base,10,300,9000.0,0.11268675001338124,,585.329761232402,668.4683288737662
exp_001,ACO_n30_inst0_run2,base,20,600,18000.0,0.22666770801879466,,562.7456768372782,600.9028417097584
exp_001,ACO_n30_inst0_run2,base,30,900,27000.0,0.340560499986168,,554.947177572217,561.8117473867204
exp_001,ACO_n30_inst0_run2,base,40,1200,36000.0,0.4562988330144435,,546.4606581598376,585.02557201555
exp_001,ACO_n30_inst0_run2,base,50,1500,45000.0,0.5690264159929939,,499.1497772051448,608.5200730495685
exp_001,ACO_n30_inst0_run2,base,60,1800,54000.0,0.6813746250118129,,499.1497772051448,568.8793407380408
exp_001,ACO_n30_inst0_run2,base,70,2100,63000.0,0.7943596660043113,,499.1497772051448,554.3594146194505
exp_001,ACO_n30_inst0_run2,base,80,2400,72000.0,0.9087116660084575,,499.1497772051448,548.5093316824825
exp_001,ACO_n30_inst0_run2,base,90,2700,81000.0,1.021701125020627,,499.1497772051448,576.8992403166019
exp_001,ACO_n30_inst0_run2,base,100,3000,90000.0,1.1342412080266513,,495.95059064834436,495.95059064834436
exp_001,ACO_n30_inst0_run2,base,110,3300,99000.0,1.2471779999905266,,495.95059064834436,518.673493996669
exp_001,ACO_n30_inst0_run2,base,120,3600,108000.0,1.3619153749896213,,495.95059064834436,549.956712908004
exp_001,ACO_n30_inst0_run2,base,130,3900,117000.0,1.475029999972321,,483.3055211091812,565.3650798982331
exp_001,ACO_n30_inst0_run2,base,140,4200,126000.0,1.6093501659925096,,483.3055211091812,491.42277208534705
exp_001,ACO_n30_inst0_run2,base,150,4500,135000.0,1.7215770829934627,,483.3055211091812,563.9349495720828
exp_001,ACO_n30_inst0_run2,base,160,4800,144000.0,1.8328520830255002,,479.3052381704837,560.3009984157043
exp_001,ACO_n30_inst0_run2,base,170,5100,153000.0,1.9451765000121668,,479.3052381704837,593.8519096038948
exp_001,ACO_n30_inst0_run2,base,180,5400,162000.0,2.0561834999825805,,479.3052381704837,597.2876516460806
exp_001,ACO_n30_inst0_run2,base,190,5700,171000.0,2.1668807080131955,,479.3052381704837,624.887310829449
exp_001,ACO_n30_inst0_run2,base,200,6000,180000.0,2.277609582990408,,479.3052381704837,571.9529452499704
exp_001,ACO_n30_inst0_run2,base,210,6300,189000.0,2.3885842909803614,,479.3052381704837,589.1753471711597
exp_001,ACO_n30_inst0_run2,base,220,6600,198000.0,2.5005412499886006,,479.3052381704837,549.4827953920089
exp_001,ACO_n30_inst0_run2,base,230,6900,207000.0,2.6115242909872904,,479.3052381704837,547.5438973332485
exp_001,ACO_n30_inst0_run2,base,240,7200,216000.0,2.7223158749984577,,479.3052381704837,588.2565685735011
exp_001,ACO_n30_inst0_run2,base,250,7500,225000.0,2.8329410000005737,,479.3052381704837,564.9322443939816
exp_001,ACO_n30_inst0_run2,base,260,7800,234000.0,2.9591230410151184,,479.3052381704837,566.6920283223642
exp_001,ACO_n30_inst0_run2,base,270,8100,243000.0,3.0716983749880455,,479.3052381704837,594.9633084141717
exp_001,ACO_n30_inst0_run2,base,280,8400,252000.0,3.1829259999794886,,479.3052381704837,592.1219237988836
exp_001,ACO_n30_inst0_run2,base,290,8700,261000.0,3.2940694579738192,,479.3052381704837,541.843376700314
exp_001,ACO_n30_inst0_run2,base,300,9000,270000.0,3.4054628330050036,,479.3052381704837,561.5840767574203
exp_001,ACO_n30_inst0_run2,base,310,9300,279000.0,3.5179032500018366,,479.3052381704837,551.303585108016
exp_001,ACO_n30_inst0_run2,base,320,9600,288000.0,3.628646040975582,,479.3052381704837,498.963854609332
exp_001,ACO_n30_inst0_run2,base,330,9900,297000.0,3.7394754579872824,,479.3052381704837,505.2922772234425
exp_001,ACO_n30_inst0_run2,base,340,10200,306000.0,3.85161379101919,,479.3052381704837,554.9399164561398
exp_001,ACO_n30_inst0_run2,base,350,10500,315000.0,3.9659275410231203,,479.3052381704837,568.9420970923288
exp_001,ACO_n30_inst0_run2,base,360,10800,324000.0,4.080783375015017,,479.3052381704837,592.7073837558673
exp_001,ACO_n30_inst0_run2,base,370,11100,333000.0,4.193364207982086,,479.3052381704837,556.8368208153178
exp_001,ACO_n30_inst0_run2,base,380,11400,342000.0,4.30618274997687,,479.3052381704837,503.39189981521343
exp_001,ACO_n30_inst0_run2,base,390,11700,351000.0,4.417068583017681,,479.3052381704837,613.8424992224734
exp_001,ACO_n30_inst0_run2,base,400,12000,360000.0,4.529874374973588,,479.3052381704837,559.4362114200073
exp_001,ACO_n30_inst0_run2,base,410,12300,369000.0,4.641154416021891,,479.3052381704837,610.6733013546586
exp_001,ACO_n30_inst0_run2,base,420,12600,378000.0,4.752102040976752,,479.3052381704837,547.7465953410988
exp_001,ACO_n30_inst0_run2,base,430,12900,387000.0,4.863352916028816,,479.3052381704837,507.1232809293933
exp_001,ACO_n30_inst0_run2,base,440,13200,396000.0,4.975491458026227,,476.6498266168033,594.4045254721163
exp_001,ACO_n30_inst0_run2,base,450,13500,405000.0,5.086654708022252,,476.6498266168033,546.2397578616171
exp_001,ACO_n30_inst0_run2,base,460,13800,414000.0,5.198393166007008,,476.6498266168033,488.0412752055039
exp_001,ACO_n30_inst0_run2,base,470,14100,423000.0,5.310501915984787,,476.6498266168033,546.2559768991999
exp_001,ACO_n30_inst0_run2,base,480,14400,432000.0,5.421918332984205,,476.6025241900619,541.2598044183874
exp_001,ACO_n30_inst0_run2,base,490,14700,441000.0,5.534540832974017,,476.6025241900619,580.2093522652366
exp_001,ACO_n30_inst0_run2,base,500,15000,450000.0,5.6686667909962125,,476.6025241900619,570.52431239818
exp_001,ACO_n30_inst0_run2,base,510,15300,459000.0,5.788000250002369,,476.6025241900619,596.5493711490602
exp_001,ACO_n30_inst0_run2,base,520,15600,468000.0,5.900515291024931,,476.6025241900619,569.8973462255324
exp_001,ACO_n30_inst0_run2,base,530,15900,477000.0,6.0135257500223815,,476.6025241900619,564.0806415593457
exp_001,ACO_n30_inst0_run2,base,540,16200,486000.0,6.125465499993879,,476.6025241900619,550.2893990618782
exp_001,ACO_n30_inst0_run2,base,550,16500,495000.0,6.236732083023526,,476.6025241900619,566.1085433466353
exp_001,ACO_n30_inst0_run2,base,560,16800,504000.0,6.347704957996029,,476.6025241900619,559.2216820578968
exp_001,ACO_n30_inst0_run2,base,570,17100,513000.0,6.459452915994916,,476.6025241900619,600.3912225420006
exp_001,ACO_n30_inst0_run2,base,580,17400,522000.0,6.57163716602372,,476.6025241900619,565.7464044309387
exp_001,ACO_n30_inst0_run2,base,590,17700,531000.0,6.6827386660152115,,476.6025241900619,532.0626229110381
exp_001,ACO_n30_inst0_run2,base,600,18000,540000.0,6.794275625026785,,476.6025241900619,524.9702324406529
exp_001,ACO_n30_inst0_run2,base,610,18300,549000.0,6.9059410829795524,,476.6025241900619,569.7202579631896
exp_001,ACO_n30_inst0_run2,base,620,18600,558000.0,7.018575750000309,,476.6025241900619,582.6361317578124
exp_001,ACO_n30_inst0_run2,base,630,18900,567000.0,7.129346082976554,,476.6025241900619,580.4998874518236
exp_001,ACO_n30_inst0_run2,base,640,19200,576000.0,7.240399374975823,,476.6025241900619,568.9787129932544
exp_001,ACO_n30_inst0_run2,base,650,19500,585000.0,7.352409415994771,,476.6025241900619,504.7908490231465
exp_001,ACO_n30_inst0_run2,base,660,19800,594000.0,7.463795582996681,,476.6025241900619,581.5984284909993
exp_001,ACO_n30_inst0_run2,base,670,20100,603000.0,7.575971083017066,,476.6025241900619,515.7913199689984
exp_001,ACO_n30_inst0_run2,base,680,20400,612000.0,7.686880499997642,,476.6025241900619,568.54793352514
exp_001,ACO_n30_inst0_run2,base,690,20700,621000.0,7.798118332982995,,476.6025241900619,544.8119937247308
exp_001,ACO_n30_inst0_run2,base,700,21000,630000.0,7.912033875007182,,476.6025241900619,539.2603363502786
exp_001,ACO_n30_inst0_run2,base,710,21300,639000.0,8.059187458013184,,476.6025241900619,564.0055371239124
exp_001,ACO_n30_inst0_run2,base,720,21600,648000.0,8.171977457997855,,476.6025241900619,568.6682831081604
exp_001,ACO_n30_inst0_run2,base,730,21900,657000.0,8.2840462080203,,476.6025241900619,524.3472142770875
exp_001,ACO_n30_inst0_run2,base,740,22200,666000.0,8.394987915991805,,476.6025241900619,516.1485437273586
exp_001,ACO_n30_inst0_run2,base,750,22500,675000.0,8.505902833014261,,476.6025241900619,543.3715432307276
exp_001,ACO_n30_inst0_run2,base,760,22800,684000.0,8.617904958024155,,476.6025241900619,555.6848537189217
exp_001,ACO_n30_inst0_run2,base,770,23100,693000.0,8.72855579102179,,476.6025241900619,577.1354799502359
exp_001,ACO_n30_inst0_run2,base,780,23400,702000.0,8.839359291014262,,476.6025241900619,584.0885061966525
exp_001,ACO_n30_inst0_run2,base,790,23700,711000.0,8.950118291017134,,476.6025241900619,543.8346810202349
exp_001,ACO_n30_inst0_run2,base,800,24000,720000.0,9.060862165992148,,476.6025241900619,577.869038083521
exp_001,ACO_n30_inst0_run2,base,810,24300,729000.0,9.1732295830152,,476.6025241900619,508.1205153954088
exp_001,ACO_n30_inst0_run2,base,820,24600,738000.0,9.284321582992561,,476.6025241900619,582.2474195357588
exp_001,ACO_n30_inst0_run2,base,830,24900,747000.0,9.395424916001502,,476.6025241900619,520.8521817883476
exp_001,ACO_n30_inst0_run2,base,840,25200,756000.0,9.506825125019532,,476.6025241900619,536.6776910231932
exp_001,ACO_n30_inst0_run2,base,850,25500,765000.0,9.61886729102116,,476.6025241900619,522.308787048764
exp_001,ACO_n30_inst0_run2,base,860,25800,774000.0,9.73029704100918,,476.6025241900619,615.1174579936222
exp_001,ACO_n30_inst0_run2,base,870,26100,783000.0,9.841362832987215,,476.6025241900619,569.5951318846669
exp_001,ACO_n30_inst0_run2,base,880,26400,792000.0,9.952383040974382,,476.6025241900619,580.7407804879606
exp_001,ACO_n30_inst0_run2,base,890,26700,801000.0,10.063221040996723,,476.6025241900619,567.4922389274274
exp_001,ACO_n30_inst0_run2,base,900,27000,810000.0,10.175852500018664,,476.6025241900619,529.0231630108299
exp_001,ACO_n30_inst0_run2,base,910,27300,819000.0,10.287045666016638,,476.6025241900619,593.7888779376996
exp_001,ACO_n30_inst0_run2,base,920,27600,828000.0,10.398361540981568,,476.6025241900619,573.182339407134
exp_001,ACO_n30_inst0_run2,base,930,27900,837000.0,10.508769333013333,,476.6025241900619,510.86898499629297
exp_001,ACO_n30_inst0_run2,base,940,28200,846000.0,10.620737500023097,,476.6025241900619,514.5659138857587
exp_001,ACO_n30_inst0_run2,base,950,28500,855000.0,10.731708250008523,,476.6025241900619,581.5325299400834
exp_001,ACO_n30_inst0_run2,base,960,28800,864000.0,10.84278741601156,,476.6025241900619,581.8126413695531
exp_001,ACO_n30_inst0_run2,base,970,29100,873000.0,11.012433875002898,,476.6025241900619,563.4899900456568
exp_001,ACO_n30_inst0_run2,base,980,29400,882000.0,11.124456125020515,,476.6025241900619,580.0281570732529
exp_001,ACO_n30_inst0_run2,base,990,29700,891000.0,11.235656249977183,,476.6025241900619,541.714399538675
exp_001,ACO_n30_inst0_run2,base,1000,30000,900000.0,11.346409999998286,,476.6025241900619,588.6909105534326
exp_001,ACO_n30_inst0_run2,base,1010,30300,909000.0,11.457337540981825,,476.6025241900619,516.2915773298503
exp_001,ACO_n30_inst0_run2,base,1020,30600,918000.0,11.567949291027617,,476.6025241900619,592.2034670724499
exp_001,ACO_n30_inst0_run2,base,1030,30900,927000.0,11.680221125017852,,476.6025241900619,553.5969502777687
exp_001,ACO_n30_inst0_run2,base,1040,31200,936000.0,11.791481374995783,,476.6025241900619,570.3216103020883
exp_001,ACO_n30_inst0_run2,base,1050,31500,945000.0,11.902526499994565,,476.6025241900619,505.52556026675364
exp_001,ACO_n30_inst0_run2,base,1060,31800,954000.0,12.013400790980086,,476.6025241900619,558.1970723200425
exp_001,ACO_n30_inst0_run2,base,1070,32100,963000.0,12.125046624976676,,476.6025241900619,565.7116801270438
exp_001,ACO_n30_inst0_run2,base,1080,32400,972000.0,12.236625750025269,,476.6025241900619,525.994856146156
exp_001,ACO_n30_inst0_run2,base,1090,32700,981000.0,12.34732229099609,,476.6025241900619,545.4718832288113
exp_001,ACO_n30_inst0_run2,base,1100,33000,990000.0,12.458543249987997,,476.6025241900619,543.0587912226324
exp_001,ACO_n30_inst0_run2,base,1110,33300,999000.0,12.56944533297792,,476.6025241900619,567.5913757658365
exp_001,ACO_n30_inst0_run2,base,1120,33600,1008000.0,12.681531750014983,,476.6025241900619,537.4870295944817
exp_001,ACO_n30_inst0_run2,base,1130,33900,1017000.0,12.792636208003387,,476.6025241900619,567.6247706424174
exp_001,ACO_n30_inst0_run2,base,1140,34200,1026000.0,12.90346729097655,,476.6025241900619,510.44931058735733
exp_001,ACO_n30_inst0_run2,base,1150,34500,1035000.0,13.015157291025389,,476.6025241900619,503.4545112446702
exp_001,ACO_n30_inst0_run2,base,1160,34800,1044000.0,13.126925375021528,,476.6025241900619,557.4801531750618
exp_001,ACO_n30_inst0_run2,base,1170,35100,1053000.0,13.23856650001835,,476.6025241900619,509.25258445874204
exp_001,ACO_n30_inst0_run2,base,1180,35400,1062000.0,13.34969825000735,,476.6025241900619,508.05564915051644
exp_001,ACO_n30_inst0_run2,base,1190,35700,1071000.0,13.460898416000418,,476.6025241900619,511.1174177732717
exp_001,ACO_n30_inst0_run2,base,1200,36000,1080000.0,13.571779582998715,,476.6025241900619,597.432746419579
exp_001,ACO_n30_inst0_run2,base,1210,36300,1089000.0,13.68377549998695,,476.6025241900619,598.6947030942283
exp_001,ACO_n30_inst0_run2,base,1220,36600,1098000.0,13.795098832983058,,476.6025241900619,580.3730291175171
exp_001,ACO_n30_inst0_run2,base,1230,36900,1107000.0,13.905804458016064,,476.6025241900619,572.3203217204075
exp_001,ACO_n30_inst0_run2,base,1240,37200,1116000.0,14.01750658301171,,476.6025241900619,554.9655336395291
exp_001,ACO_n30_inst0_run2,base,1250,37500,1125000.0,14.12961683300091,,476.6025241900619,504.6010460124878
exp_001,ACO_n30_inst0_run2,base,1260,37800,1134000.0,14.245311332982965,,476.6025241900619,541.1343753952275
exp_001,ACO_n30_inst0_run2,base,1270,38100,1143000.0,14.364264791016467,,476.6025241900619,563.015008622753
exp_001,ACO_n30_inst0_run2,base,1280,38400,1152000.0,14.485247000004165,,476.6025241900619,584.1598370054461
exp_001,ACO_n30_inst0_run2,base,1290,38700,1161000.0,14.603288332989905,,476.6025241900619,517.180642772167
exp_001,ACO_n30_inst0_run2,base,1300,39000,1170000.0,14.719879875017796,,476.6025241900619,585.182334354394
exp_001,ACO_n30_inst0_run2,base,1310,39300,1179000.0,14.83546320797177,,476.6025241900619,557.8420973429984
exp_001,ACO_n30_inst0_run2,base,1320,39600,1188000.0,14.947544874972664,,476.6025241900619,598.6067544385752
exp_001,ACO_n30_inst0_run2,base,1330,39900,1197000.0,15.059028749994468,,476.6025241900619,590.5776172331961
exp_001,ACO_n30_inst0_run2,base,1340,40200,1206000.0,15.171603665978182,,476.6025241900619,570.1915893893815
exp_001,ACO_n30_inst0_run2,base,1350,40500,1215000.0,15.283436290977988,,476.6025241900619,551.0725494558814
exp_001,ACO_n30_inst0_run2,base,1360,40800,1224000.0,15.39505133300554,,476.6025241900619,553.9904812378901
exp_001,ACO_n30_inst0_run2,base,1370,41100,1233000.0,15.506409582972992,,476.6025241900619,590.47824416232
exp_001,ACO_n30_inst0_run2,base,1380,41400,1242000.0,15.617489541007672,,476.6025241900619,559.6391619717022
exp_001,ACO_n30_inst0_run2,base,1390,41700,1251000.0,15.729849249997642,,476.6025241900619,554.4453328473426
exp_001,ACO_n30_inst0_run2,base,1400,42000,1260000.0,15.840935499989428,,476.6025241900619,596.5455658906322
exp_001,ACO_n30_inst0_run2,base,1410,42300,1269000.0,15.951693458016962,,476.6025241900619,579.4202319452625
exp_001,ACO_n30_inst0_run2,base,1420,42600,1278000.0,16.062451375008095,,476.6025241900619,545.273905817863
exp_001,ACO_n30_inst0_run2,base,1430,42900,1287000.0,16.17464308300987,,476.6025241900619,535.4686462592978
exp_001,ACO_n30_inst0_run2,base,1440,43200,1296000.0,16.28585316601675,,476.6025241900619,564.8237624425383
exp_001,ACO_n30_inst0_run2,base,1450,43500,1305000.0,16.39683020801749,,476.6025241900619,512.0874921692694
exp_001,ACO_n30_inst0_run2,base,1460,43800,1314000.0,16.522968791017774,,476.6025241900619,540.9806253044903
exp_001,ACO_n30_inst0_run2,base,1470,44100,1323000.0,16.636123707983643,,476.6025241900619,593.434125202608
exp_001,ACO_n30_inst0_run2,base,1480,44400,1332000.0,16.750081458012573,,476.6025241900619,593.9702519345024
exp_001,ACO_n30_inst0_run2,base,1490,44700,1341000.0,16.861404500028584,,476.6025241900619,514.7166340645668
exp_001,ACO_n30_inst0_run2,base,1500,45000,1350000.0,16.972594708029646,,476.6025241900619,603.8391085640602
exp_001,ACO_n30_inst0_run2,base,1510,45300,1359000.0,17.0835084579885,,476.6025241900619,582.6343901329558
exp_001,ACO_n30_inst0_run2,base,1520,45600,1368000.0,17.195906541019212,,476.6025241900619,584.6128096460311
exp_001,ACO_n30_inst0_run2,base,1530,45900,1377000.0,17.30711433297256,,476.6025241900619,539.2942155742141
exp_001,ACO_n30_inst0_run2,base,1540,46200,1386000.0,17.41957662499044,,476.6025241900619,563.3816135874854
exp_001,ACO_n30_inst0_run2,base,1550,46500,1395000.0,17.531211040972266,,476.6025241900619,578.0944703606075
exp_001,ACO_n30_inst0_run2,base,1560,46800,1404000.0,17.64222083298955,,476.6025241900619,629.9372061493569
exp_001,ACO_n30_inst0_run2,base,1570,47100,1413000.0,17.754976624972187,,476.6025241900619,555.034506148768
exp_001,ACO_n30_inst0_run2,base,1580,47400,1422000.0,17.865772666002158,,476.6025241900619,489.9619090410085
exp_001,ACO_n30_inst0_run2,base,1590,47700,1431000.0,17.97718874999555,,476.6025241900619,613.6041317575413
exp_001,ACO_n30_inst0_run2,base,1600,48000,1440000.0,18.08828241599258,,476.6025241900619,557.4403791502307
exp_001,ACO_n30_inst0_run2,base,1610,48300,1449000.0,18.200558207987342,,476.6025241900619,581.3422123107008
exp_001,ACO_n30_inst0_run2,base,1620,48600,1458000.0,18.31131949997507,,476.6025241900619,555.0549025284892
exp_001,ACO_n30_inst0_run2,base,1630,48900,1467000.0,18.42214475001674,,476.6025241900619,600.2959295810751
exp_001,ACO_n30_inst0_run2,base,1640,49200,1476000.0,18.532881832972635,,476.6025241900619,529.6909498710405
exp_001,ACO_n30_inst0_run2,base,1650,49500,1485000.0,18.643873166001868,,476.6025241900619,541.2674248458964
exp_001,ACO_n30_inst0_run2,base,1660,49800,1494000.0,18.756262957991567,,476.6025241900619,559.0773808901243
exp_001,ACO_n30_inst1_run0,base,0,0,0.0,1.0840012691915035e-06,,inf,inf
exp_001,ACO_n30_inst1_run0,base,10,300,9000.0,0.11117033404298127,,586.8180241205354,586.8180241205354
exp_001,ACO_n30_inst1_run0,base,20,600,18000.0,0.2216333750402555,,491.0072980823879,510.88720044605765
exp_001,ACO_n30_inst1_run0,base,30,900,27000.0,0.33279275003587827,,435.14471566951005,519.9100770427291
exp_001,ACO_n30_inst1_run0,base,40,1200,36000.0,0.4450857090414502,,435.14471566951005,484.6038960666116
exp_001,ACO_n30_inst1_run0,base,50,1500,45000.0,0.556070999999065,,432.82053247793345,509.5269165090905
exp_001,ACO_n30_inst1_run0,base,60,1800,54000.0,0.6666283750091679,,424.5838561258666,477.82380507146866
exp_001,ACO_n30_inst1_run0,base,70,2100,63000.0,0.7776902920450084,,424.5838561258666,479.37293594493303
exp_001,ACO_n30_inst1_run0,base,80,2400,72000.0,0.8901781670283526,,424.5838561258666,479.4038834610059
exp_001,ACO_n30_inst1_run0,base,90,2700,81000.0,1.0013760839938186,,424.5838561258666,441.9195931762764
exp_001,ACO_n30_inst1_run0,base,100,3000,90000.0,1.1127374169882387,,424.5838561258666,484.2701948796503
exp_001,ACO_n30_inst1_run0,base,110,3300,99000.0,1.2242463750299066,,424.5838561258666,483.1941598808982
exp_001,ACO_n30_inst1_run0,base,120,3600,108000.0,1.3355220000375994,,415.8555021210753,493.89666396449456
exp_001,ACO_n30_inst1_run0,base,130,3900,117000.0,1.4486441670451313,,415.8555021210753,520.7973603832583
exp_001,ACO_n30_inst1_run0,base,140,4200,126000.0,1.5600837499951012,,415.8555021210753,463.6462152783565
exp_001,ACO_n30_inst1_run0,base,150,4500,135000.0,1.6713487920351326,,415.8555021210753,446.3815234718024
exp_001,ACO_n30_inst1_run0,base,160,4800,144000.0,1.7821299170027487,,415.8555021210753,448.3471620622596
exp_001,ACO_n30_inst1_run0,base,170,5100,153000.0,1.8944304999895394,,415.8555021210753,438.3932224700359
exp_001,ACO_n30_inst1_run0,base,180,5400,162000.0,2.005267459026072,,415.8555021210753,445.25779849565515
exp_001,ACO_n30_inst1_run0,base,190,5700,171000.0,2.1162594170309603,,415.8555021210753,457.4482610059446
exp_001,ACO_n30_inst1_run0,base,200,6000,180000.0,2.227004542015493,,415.8555021210753,478.4207229591669
exp_001,ACO_n30_inst1_run0,base,210,6300,189000.0,2.338159542006906,,415.8555021210753,494.5092088947851
exp_001,ACO_n30_inst1_run0,base,220,6600,198000.0,2.4499972499907017,,415.8555021210753,446.75626107271705
exp_001,ACO_n30_inst1_run0,base,230,6900,207000.0,2.5610614170436747,,415.8555021210753,471.20517151887765
exp_001,ACO_n30_inst1_run0,base,240,7200,216000.0,2.6721341669908725,,415.8555021210753,458.84541743990974
exp_001,ACO_n30_inst1_run0,base,250,7500,225000.0,2.783060999994632,,415.8555021210753,436.9818663476043
exp_001,ACO_n30_inst1_run0,base,260,7800,234000.0,2.8952825420419686,,415.8555021210753,450.65826641974235
exp_001,ACO_n30_inst1_run0,base,270,8100,243000.0,3.0064865419990383,,415.8555021210753,483.91577585951677
exp_001,ACO_n30_inst1_run0,base,280,8400,252000.0,3.117634750029538,,415.8555021210753,426.9824291625706
exp_001,ACO_n30_inst1_run0,base,290,8700,261000.0,3.228788500011433,,415.8555021210753,472.6559797851954
exp_001,ACO_n30_inst1_run0,base,300,9000,270000.0,3.339802000031341,,415.8555021210753,424.0921784731421
exp_001,ACO_n30_inst1_run0,base,310,9300,279000.0,3.4521854170016013,,415.8555021210753,446.8010188148427
exp_001,ACO_n30_inst1_run0,base,320,9600,288000.0,3.562559459009208,,415.8555021210753,460.0582434125965
exp_001,ACO_n30_inst1_run0,base,330,9900,297000.0,3.6733019170351326,,415.8555021210753,487.0282113144439
exp_001,ACO_n30_inst1_run0,base,340,10200,306000.0,3.7843528750236146,,415.8555021210753,447.2079550244126
exp_001,ACO_n30_inst1_run0,base,350,10500,315000.0,3.896694209019188,,415.8555021210753,504.8878731242516
exp_001,ACO_n30_inst1_run0,base,360,10800,324000.0,4.007721917005256,,415.8555021210753,440.9314273968778
exp_001,ACO_n30_inst1_run0,base,370,11100,333000.0,4.118835959001444,,415.8555021210753,465.767921543381
exp_001,ACO_n30_inst1_run0,base,380,11400,342000.0,4.229695042013191,,415.8555021210753,484.6542426571802
exp_001,ACO_n30_inst1_run0,base,390,11700,351000.0,4.340153375000227,,415.8555021210753,446.1957950772568
exp_001,ACO_n30_inst1_run0,base,400,12000,360000.0,4.452430083998479,,415.8555021210753,484.7734727078821
exp_001,ACO_n30_inst1_run0,base,410,12300,369000.0,4.56307575001847,,415.8555021210753,430.1335161290268
exp_001,ACO_n30_inst1_run0,base,420,12600,378000.0,4.673828750033863,,415.8555021210753,481.90918754716097
exp_001,ACO_n30_inst1_run0,base,430,12900,387000.0,4.7847187500447035,,415.8555021210753,464.6946538150583
exp_001,ACO_n30_inst1_run0,base,440,13200,396000.0,4.897061792027671,,415.8555021210753,503.8353279084764
exp_001,ACO_n30_inst1_run0,base,450,13500,405000.0,5.008327834017109,,415.8555021210753,444.92210898235476
exp_001,ACO_n30_inst1_run0,base,460,13800,414000.0,5.1191511250217445,,415.8555021210753,494.3920137611895
exp_001,ACO_n30_inst1_run0,base,470,14100,423000.0,5.229778334032744,,415.8555021210753,470.1919754328888
exp_001,ACO_n30_inst1_run0,base,480,14400,432000.0,5.340820292010903,,415.8555021210753,496.8759941861404
exp_001,ACO_n30_inst1_run0,base,490,14700,441000.0,5.453248417004943,,415.8555021210753,483.5210603264817
exp_001,ACO_n30_inst1_run0,base,500,15000,450000.0,5.564276417018846,,415.8555021210753,460.95264455514285
exp_001,ACO_n30_inst1_run0,base,510,15300,459000.0,5.675608041987289,,415.8555021210753,450.6582664197424
exp_001,ACO_n30_inst1_run0,base,520,15600,468000.0,5.786439249990508,,415.8555021210753,449.60636457097576
exp_001,ACO_n30_inst1_run0,base,530,15900,477000.0,5.8986200840445235,,415.8555021210753,435.37491147237137
exp_001,ACO_n30_inst1_run0,base,540,16200,486000.0,6.0127185840392485,,415.8555021210753,507.946403801987
exp_001,ACO_n30_inst1_run0,base,550,16500,495000.0,6.128864208993036,,415.8555021210753,458.0737938179421
exp_001,ACO_n30_inst1_run0,base,560,16800,504000.0,6.24362420901889,,415.8555021210753,430.01573110707693
exp_001,ACO_n30_inst1_run0,base,570,17100,513000.0,6.356281750020571,,415.8555021210753,438.57840726918886
exp_001,ACO_n30_inst1_run0,base,580,17400,522000.0,6.471430417033844,,415.8555021210753,462.44357441338036
exp_001,ACO_n30_inst1_run0,base,590,17700,531000.0,6.583393750013784,,415.8555021210753,453.8254553264629
exp_001,ACO_n30_inst1_run0,base,600,18000,540000.0,6.695084750012029,,415.8555021210753,441.5802831068974
exp_001,ACO_n30_inst1_run0,base,610,18300,549000.0,6.806523459032178,,415.8555021210753,516.1537824780764
exp_001,ACO_n30_inst1_run0,base,620,18600,558000.0,6.919142875005491,,415.8555021210753,458.8680850419049
exp_001,ACO_n30_inst1_run0,base,630,18900,567000.0,7.030038625001907,,415.8555021210753,472.52529854767414
exp_001,ACO_n30_inst1_run0,base,640,19200,576000.0,7.14096516702557,,415.8555021210753,474.1973824027451
exp_001,ACO_n30_inst1_run0,base,650,19500,585000.0,7.252117292024195,,415.8555021210753,456.10216385155115
exp_001,ACO_n30_inst1_run0,base,660,19800,594000.0,7.387000209011603,,415.8555021210753,467.75075551587105
exp_001,ACO_n30_inst1_run0,base,670,20100,603000.0,7.524497542006429,,415.8555021210753,435.1017324646473
exp_001,ACO_n30_inst1_run0,base,680,20400,612000.0,7.667605124996044,,415.8555021210753,448.3471620622596
exp_001,ACO_n30_inst1_run0,base,690,20700,621000.0,7.781346334028058,,415.8555021210753,482.1529233110422
exp_001,ACO_n30_inst1_run0,base,700,21000,630000.0,7.894394625036512,,415.8555021210753,471.5317795813365
exp_001,ACO_n30_inst1_run0,base,710,21300,639000.0,8.007296000025235,,415.8555021210753,491.7190478008413
exp_001,ACO_n30_inst1_run0,base,720,21600,648000.0,8.11810558399884,,415.8555021210753,510.6363176090406
exp_001,ACO_n30_inst1_run0,base,730,21900,657000.0,8.22873883403372,,415.8555021210753,503.09856423335503
exp_001,ACO_n30_inst1_run0,base,740,22200,666000.0,8.339791834005155,,415.8555021210753,487.8813578648063
exp_001,ACO_n30_inst1_run0,base,750,22500,675000.0,8.451760124997236,,415.8555021210753,490.4382415943437
exp_001,ACO_n30_inst1_run0,base,760,22800,684000.0,8.56232737499522,,415.8555021210753,423.9251519830408
exp_001,ACO_n30_inst1_run0,base,770,23100,693000.0,8.67306154203834,,415.8555021210753,488.57218032328194
exp_001,ACO_n30_inst1_run0,base,780,23400,702000.0,8.784222292015329,,415.8555021210753,466.0811690868378
exp_001,ACO_n30_inst1_run0,base,790,23700,711000.0,8.894936333992518,,415.8555021210753,451.38408663002133
exp_001,ACO_n30_inst1_run0,base,800,24000,720000.0,9.007531167007983,,415.8555021210753,486.29018684198843
exp_001,ACO_n30_inst1_run0,base,810,24300,729000.0,9.134505917027127,,415.8555021210753,515.0311101993327
exp_001,ACO_n30_inst1_run0,base,820,24600,738000.0,9.271273875026964,,415.8555021210753,488.8327706233776
exp_001,ACO_n30_inst1_run0,base,830,24900,747000.0,9.384620000026189,,415.8555021210753,495.1786420869643
exp_001,ACO_n30_inst1_run0,base,840,25200,756000.0,9.49787208402995,,415.8555021210753,459.19078519512993
exp_001,ACO_n30_inst1_run0,base,850,25500,765000.0,9.609253750008065,,415.8555021210753,503.42582758905877
exp_001,ACO_n30_inst1_run0,base,860,25800,774000.0,9.72019950003596,,415.8555021210753,481.70943020759876
exp_001,ACO_n30_inst1_run0,base,870,26100,783000.0,9.830950875009876,,415.8555021210753,493.1201387105816
exp_001,ACO_n30_inst1_run0,base,880,26400,792000.0,9.94285995903192,,415.8555021210753,510.64764691014324
exp_001,ACO_n30_inst1_run0,base,890,26700,801000.0,10.054534916998819,,415.8555021210753,492.96041662847495
exp_001,ACO_n30_inst1_run0,base,900,27000,810000.0,10.16572545899544,,415.8555021210753,470.2794076290252
exp_001,ACO_n30_inst1_run0,base,910,27300,819000.0,10.276617333991453,,415.8555021210753,448.38841777959755
exp_001,ACO_n30_inst1_run0,base,920,27600,828000.0,10.38771291699959,,415.8555021210753,465.24731116307026
exp_001,ACO_n30_inst1_run0,base,930,27900,837000.0,10.500504833995365,,415.8555021210753,451.0389605171198
exp_001,ACO_n30_inst1_run0,base,940,28200,846000.0,10.611555625044275,,415.8555021210753,486.0255831332086
exp_001,ACO_n30_inst1_run0,base,950,28500,855000.0,10.722538792004343,,415.8555021210753,488.50335816341124
exp_001,ACO_n30_inst1_run0,base,960,28800,864000.0,10.833432584011462,,415.8555021210753,506.6036841230189
exp_001,ACO_n30_inst1_run0,base,970,29100,873000.0,10.965527958993334,,415.8555021210753,484.19279086251527
exp_001,ACO_n30_inst1_run0,base,980,29400,882000.0,11.078648208989762,,415.8555021210753,423.1475815321594
exp_001,ACO_n30_inst1_run0,base,990,29700,891000.0,11.191087334009353,,415.8555021210753,507.7302668732376
exp_001,ACO_n30_inst1_run0,base,1000,30000,900000.0,11.302400542015675,,415.8555021210753,460.2872518558695
exp_001,ACO_n30_inst1_run0,base,1010,30300,909000.0,11.414464792003855,,415.8555021210753,434.646411665697
exp_001,ACO_n30_inst1_run0,base,1020,30600,918000.0,11.527246209036093,,415.85550212107523,484.691660012505
exp_001,ACO_n30_inst1_run0,base,1030,30900,927000.0,11.638858709018677,,415.85550212107523,433.7932017197253
exp_001,ACO_n30_inst1_run0,base,1040,31200,936000.0,11.749831542023458,,415.85550212107523,454.1931431798486
exp_001,ACO_n30_inst1_run0,base,1050,31500,945000.0,11.86065716703888,,415.85550212107523,496.1868186963506
exp_001,ACO_n30_inst1_run0,base,1060,31800,954000.0,11.971829834044911,,415.85550212107523,452.0683504744752
exp_001,ACO_n30_inst1_run0,base,1070,32100,963000.0,12.083571708993986,,415.85550212107523,442.8936315200648
exp_001,ACO_n30_inst1_run0,base,1080,32400,972000.0,12.194456416997127,,415.85550212107523,467.29476393196165
exp_001,ACO_n30_inst1_run0,base,1090,32700,981000.0,12.30539391702041,,415.85550212107523,457.6927524363943
exp_001,ACO_n30_inst1_run0,base,1100,33000,990000.0,12.416114374995232,,415.85550212107523,454.6899212384522
exp_001,ACO_n30_inst1_run0,base,1110,33300,999000.0,12.528511084034108,,415.85550212107523,504.6007007227103
exp_001,ACO_n30_inst1_run0,base,1120,33600,1008000.0,12.639586000004783,,415.85550212107523,464.73322723392533
exp_001,ACO_n30_inst1_run0,base,1130,33900,1017000.0,12.750551083998289,,415.85550212107523,467.3566113856414
exp_001,ACO_n30_inst1_run0,base,1140,34200,1026000.0,12.861499209015165,,415.85550212107523,464.8753412766696
exp_001,ACO_n30_inst1_run0,base,1150,34500,1035000.0,12.973849625035655,,415.85550212107523,486.91717612704855
exp_001,ACO_n30_inst1_run0,base,1160,34800,1044000.0,13.085716083995067,,415.85550212107523,515.615408583324
exp_001,ACO_n30_inst1_run0,base,1170,35100,1053000.0,13.196949083998334,,415.85550212107523,483.994705349852
exp_001,ACO_n30_inst1_run0,base,1180,35400,1062000.0,13.307711167028174,,415.85550212107523,505.289622647656
exp_001,ACO_n30_inst1_run0,base,1190,35700,1071000.0,13.418508125003427,,415.85550212107523,441.64040987601055
exp_001,ACO_n30_inst1_run0,base,1200,36000,1080000.0,13.53124675003346,,415.85550212107523,438.1809750100289
exp_001,ACO_n30_inst1_run0,base,1210,36300,1089000.0,13.64205658400897,,415.85550212107523,415.8555021210753
exp_001,ACO_n30_inst1_run0,base,1220,36600,1098000.0,13.753212334006093,,415.85550212107523,497.73688169010745
exp_001,ACO_n30_inst1_run0,base,1230,36900,1107000.0,13.864044499990996,,415.85550212107523,465.2934768818649
exp_001,ACO_n30_inst1_run0,base,1240,37200,1116000.0,13.975659416988492,,415.85550212107523,461.2510219276209
exp_001,ACO_n30_inst1_run0,base,1250,37500,1125000.0,14.08772587502608,,415.85550212107523,441.79716817310316
exp_001,ACO_n30_inst1_run0,base,1260,37800,1134000.0,14.199707084044348,,415.85550212107523,430.70048787154644
exp_001,ACO_n30_inst1_run0,base,1270,38100,1143000.0,14.310896209033672,,415.85550212107523,458.2916113022411
exp_001,ACO_n30_inst1_run0,base,1280,38400,1152000.0,14.422786125040147,,415.85550212107523,458.95715846121277
exp_001,ACO_n30_inst1_run0,base,1290,38700,1161000.0,14.535350584017579,,415.85550212107523,440.7563284515093
exp_001,ACO_n30_inst1_run0,base,1300,39000,1170000.0,14.646515625005122,,415.85550212107523,434.355927023966
exp_001,ACO_n30_inst1_run0,base,1310,39300,1179000.0,14.75740941701224,,415.85550212107523,518.4804343029491
exp_001,ACO_n30_inst1_run0,base,1320,39600,1188000.0,14.868231834028848,,415.85550212107523,437.9153893535554
exp_001,ACO_n30_inst1_run0,base,1330,39900,1197000.0,15.010997542005498,,415.85550212107523,463.96263414760296
exp_001,ACO_n30_inst1_run0,base,1340,40200,1206000.0,15.13317475002259,,414.54079398084076,526.4048774039657
exp_001,ACO_n30_inst1_run0,base,1350,40500,1215000.0,15.246254917001352,,414.54079398084076,450.9884289001226
exp_001,ACO_n30_inst1_run0,base,1360,40800,1224000.0,15.358012375014368,,414.54079398084076,430.67113609002973
exp_001,ACO_n30_inst1_run0,base,1370,41100,1233000.0,15.469094416999724,,414.54079398084076,463.31808488606725
exp_001,ACO_n30_inst1_run0,base,1380,41400,1242000.0,15.581704292038921,,414.54079398084076,431.3591920143721
exp_001,ACO_n30_inst1_run0,base,1390,41700,1251000.0,15.693370125023648,,414.54079398084076,463.1312244934346
exp_001,ACO_n30_inst1_run0,base,1400,42000,1260000.0,15.804431417025626,,414.54079398084076,463.9567250937938
exp_001,ACO_n30_inst1_run0,base,1410,42300,1269000.0,15.916153750033118,,414.54079398084076,506.46964835823354
exp_001,ACO_n30_inst1_run0,base,1420,42600,1278000.0,16.027525042009074,,414.54079398084076,467.4027153086038
exp_001,ACO_n30_inst1_run0,base,1430,42900,1287000.0,16.13866329198936,,414.54079398084076,421.77905475500995
exp_001,ACO_n30_inst1_run0,base,1440,43200,1296000.0,16.24978816701332,,414.54079398084076,481.03676164030105
exp_001,ACO_n30_inst1_run0,base,1450,43500,1305000.0,16.363958417030517,,414.54079398084076,438.3862456578076
exp_001,ACO_n30_inst1_run0,base,1460,43800,1314000.0,16.477591084025335,,414.54079398084076,479.3731100730289
exp_001,ACO_n30_inst1_run0,base,1470,44100,1323000.0,16.593807084020227,,414.54079398084076,442.3722705478156
exp_001,ACO_n30_inst1_run0,base,1480,44400,1332000.0,16.7092007920146,,414.54079398084076,437.38880667726465
exp_001,ACO_n30_inst1_run0,base,1490,44700,1341000.0,16.822295124991797,,414.54079398084076,442.8936315200649
exp_001,ACO_n30_inst1_run0,base,1500,45000,1350000.0,16.93621041701408,,414.54079398084076,450.3262739420364
exp_001,ACO_n30_inst1_run0,base,1510,45300,1359000.0,17.04917654203018,,414.54079398084076,491.970611863238
exp_001,ACO_n30_inst1_run0,base,1520,45600,1368000.0,17.160225292027462,,414.54079398084076,441.11463337795345
exp_001,ACO_n30_inst1_run0,base,1530,45900,1377000.0,17.27118475001771,,414.54079398084076,451.20585459538796
exp_001,ACO_n30_inst1_run0,base,1540,46200,1386000.0,17.38250370899914,,414.54079398084076,424.608359910982
exp_001,ACO_n30_inst1_run0,base,1550,46500,1395000.0,17.493672334006988,,414.54079398084076,451.5588978510782
exp_001,ACO_n30_inst1_run0,base,1560,46800,1404000.0,17.606236917024944,,414.54079398084076,448.3471620622596
exp_001,ACO_n30_inst1_run0,base,1570,47100,1413000.0,17.717827292042784,,414.54079398084076,459.3278781227191
exp_001,ACO_n30_inst1_run0,base,1580,47400,1422000.0,17.828732417023275,,414.54079398084076,501.01709770410645
exp_001,ACO_n30_inst1_run0,base,1590,47700,1431000.0,17.93967287504347,,414.54079398084076,494.125318208835
exp_001,ACO_n30_inst1_run0,base,1600,48000,1440000.0,18.050847084028646,,414.54079398084076,492.25593187959333
exp_001,ACO_n30_inst1_run0,base,1610,48300,1449000.0,18.16332400002284,,414.54079398084076,484.70855857611974
exp_001,ACO_n30_inst1_run0,base,1620,48600,1458000.0,18.274311209039297,,414.54079398084076,473.0780736199766
exp_001,ACO_n30_inst1_run0,base,1630,48900,1467000.0,18.439165625022724,,414.54079398084076,514.3072850431909
exp_001,ACO_n30_inst1_run0,base,1640,49200,1476000.0,18.55138104199432,,414.54079398084076,437.06650259268383
exp_001,ACO_n30_inst1_run0,base,1650,49500,1485000.0,18.664323584001977,,414.54079398084076,482.1510867233685
exp_001,ACO_n30_inst1_run0,base,1660,49800,1494000.0,18.77520725002978,,414.54079398084076,487.59557600505025
exp_001,ACO_n30_inst1_run1,base,0,0,0.0,1.0830117389559746e-06,,inf,inf
exp_001,ACO_n30_inst1_run1,base,10,300,9000.0,0.11090566602069885,,576.1918541742568,626.1412018819259
exp_001,ACO_n30_inst1_run1,base,20,600,18000.0,0.22181337501388043,,479.1055895591414,479.1055895591414
exp_001,ACO_n30_inst1_run1,base,30,900,27000.0,0.3659244580194354,,474.9377762604799,474.9377762604799
exp_001,ACO_n30_inst1_run1,base,40,1200,36000.0,0.48896758299088106,,438.29348731645524,521.9508087770341
exp_001,ACO_n30_inst1_run1,base,50,1500,45000.0,0.6019294160068966,,438.29348731645524,528.5865028992018
exp_001,ACO_n30_inst1_run1,base,60,1800,54000.0,0.7154455830459483,,438.29348731645524,543.3021413930535
exp_001,ACO_n30_inst1_run1,base,70,2100,63000.0,0.828505875018891,,431.64026155081876,468.1149550602268
exp_001,ACO_n30_inst1_run1,base,80,2400,72000.0,0.9392371660214849,,431.64026155081876,440.08591699230055
exp_001,ACO_n30_inst1_run1,base,90,2700,81000.0,1.0504227910423651,,431.64026155081876,477.9637188299928
exp_001,ACO_n30_inst1_run1,base,100,3000,90000.0,1.1616250000079162,,425.9691847255574,502.8127911179378
exp_001,ACO_n30_inst1_run1,base,110,3300,99000.0,1.276421874994412,,425.9691847255574,452.2995159501999
exp_001,ACO_n30_inst1_run1,base,120,3600,108000.0,1.387600916030351,,425.9691847255574,503.87422466623224
exp_001,ACO_n30_inst1_run1,base,130,3900,117000.0,1.4987441659905016,,425.9691847255574,426.98242916257067
exp_001,ACO_n30_inst1_run1,base,140,4200,126000.0,1.6096676660235971,,425.9691847255574,456.2956955790082
exp_001,ACO_n30_inst1_run1,base,150,4500,135000.0,1.720928750000894,,421.0585265078183,495.3869158144048
exp_001,ACO_n30_inst1_run1,base,160,4800,144000.0,1.8331811660318635,,421.0585265078183,483.15141988227407
exp_001,ACO_n30_inst1_run1,base,170,5100,153000.0,1.9436109160305932,,421.0585265078183,508.14946416550544
exp_001,ACO_n30_inst1_run1,base,180,5400,162000.0,2.054641625029035,,421.0585265078183,497.7008789499686
exp_001,ACO_n30_inst1_run1,base,190,5700,171000.0,2.1659961250261404,,421.0163435781448,520.4925009244112
exp_001,ACO_n30_inst1_run1,base,200,6000,180000.0,2.2783083750400692,,421.0163435781448,463.16538701089723
exp_001,ACO_n30_inst1_run1,base,210,6300,189000.0,2.3889285000041127,,421.0163435781448,448.86737809230624
exp_001,ACO_n30_inst1_run1,base,220,6600,198000.0,2.4998260000138544,,421.0163435781448,450.6582664197424
exp_001,ACO_n30_inst1_run1,base,230,6900,207000.0,2.6115755410282873,,421.0163435781448,498.17585620029377
exp_001,ACO_n30_inst1_run1,base,240,7200,216000.0,2.7225046660169028,,421.0163435781448,493.6957068694276
exp_001,ACO_n30_inst1_run1,base,250,7500,225000.0,2.83534316602163,,421.0163435781448,518.1887261560875
exp_001,ACO_n30_inst1_run1,base,260,7800,234000.0,2.9463470409973525,,421.0163435781448,422.2197658215213
exp_001,ACO_n30_inst1_run1,base,270,8100,243000.0,3.064695625042077,,421.0163435781448,431.64026155081876
exp_001,ACO_n30_inst1_run1,base,280,8400,252000.0,3.1964139580377378,,421.0163435781448,456.76500146217063
exp_001,ACO_n30_inst1_run1,base,290,8700,261000.0,3.3114368329988793,,421.0163435781448,453.10800900899426
exp_001,ACO_n30_inst1_run1,base,300,9000,270000.0,3.4233109580236487,,421.0163435781448,484.40008182794946
exp_001,ACO_n30_inst1_run1,base,310,9300,279000.0,3.5341522080125287,,421.0163435781448,527.262507115536
exp_001,ACO_n30_inst1_run1,base,320,9600,288000.0,3.6450072079896927,,415.85550212107523,436.31468515164363
exp_001,ACO_n30_inst1_run1,base,330,9900,297000.0,3.7567114580306225,,415.85550212107523,459.26836799641785
exp_001,ACO_n30_inst1_run1,base,340,10200,306000.0,3.8701045410125516,,415.85550212107523,472.7522919945275
exp_001,ACO_n30_inst1_run1,base,350,10500,315000.0,3.985457958013285,,415.85550212107523,441.78682459789167
exp_001,ACO_n30_inst1_run1,base,360,10800,324000.0,4.096818374993745,,415.85550212107523,437.23002939206384
exp_001,ACO_n30_inst1_run1,base,370,11100,333000.0,4.2077086250064895,,415.85550212107523,459.74808493022744
exp_001,ACO_n30_inst1_run1,base,380,11400,342000.0,4.3201699160272256,,415.85550212107523,458.2094661483005
exp_001,ACO_n30_inst1_run1,base,390,11700,351000.0,4.430955208023079,,415.85550212107523,446.6123896624611
exp_001,ACO_n30_inst1_run1,base,400,12000,360000.0,4.541833333030809,,415.85550212107523,459.9547697295614
exp_001,ACO_n30_inst1_run1,base,410,12300,369000.0,4.653694583044853,,415.85550212107523,489.44587581662597
exp_001,ACO_n30_inst1_run1,base,420,12600,378000.0,4.7646561250439845,,415.85550212107523,451.69645326782324
exp_001,ACO_n30_inst1_run1,base,430,12900,387000.0,4.876420375017915,,415.85550212107523,466.4208332534632
exp_001,ACO_n30_inst1_run1,base,440,13200,396000.0,4.987226125027519,,415.85550212107523,452.7337390759828
exp_001,ACO_n30_inst1_run1,base,450,13500,405000.0,5.098344916012138,,415.85550212107523,446.2775755890199
exp_001,ACO_n30_inst1_run1,base,460,13800,414000.0,5.209054041013587,,415.85550212107523,485.0799314817487
exp_001,ACO_n30_inst1_run1,base,470,14100,423000.0,5.322055666008964,,415.85550212107523,493.3854440600472
exp_001,ACO_n30_inst1_run1,base,480,14400,432000.0,5.432832833030261,,415.85550212107523,493.70492996426805
exp_001,ACO_n30_inst1_run1,base,490,14700,441000.0,5.543712416023482,,415.85550212107523,443.51837341529523
exp_001,ACO_n30_inst1_run1,base,500,15000,450000.0,5.65501441602828,,415.85550212107523,449.29539267467544
exp_001,ACO_n30_inst1_run1,base,510,15300,459000.0,5.766330333019141,,415.85550212107523,454.57256344327675
exp_001,ACO_n30_inst1_run1,base,520,15600,468000.0,5.877976916031912,,415.85550212107523,424.58385612586653
exp_001,ACO_n30_inst1_run1,base,530,15900,477000.0,5.988956790999509,,415.85550212107523,423.9251519830409
exp_001,ACO_n30_inst1_run1,base,540,16200,486000.0,6.113988291006535,,415.85550212107523,424.5838561258666
exp_001,ACO_n30_inst1_run1,base,550,16500,495000.0,6.234674291044939,,415.85550212107523,424.5838561258664
exp_001,ACO_n30_inst1_run1,base,560,16800,504000.0,6.348958500020672,,415.85550212107523,434.5409197267093
exp_001,ACO_n30_inst1_run1,base,570,17100,513000.0,6.460565457993653,,415.85550212107523,453.5506676967963
exp_001,ACO_n30_inst1_run1,base,580,17400,522000.0,6.571848291030619,,415.85550212107523,428.9933530399968
exp_001,ACO_n30_inst1_run1,base,590,17700,531000.0,6.682753791043069,,415.85550212107523,415.85550212107523
exp_001,ACO_n30_inst1_run1,base,600,18000,540000.0,6.795818125014193,,415.85550212107523,440.1628533949907
exp_001,ACO_n30_inst1_run1,base,610,18300,549000.0,6.907971250009723,,415.85550212107523,443.64829460599594
exp_001,ACO_n30_inst1_run1,base,620,18600,558000.0,7.019432791043073,,415.85550212107523,465.31390396904226
exp_001,ACO_n30_inst1_run1,base,630,18900,567000.0,7.131133916031104,,415.85550212107523,435.76868892850257
exp_001,ACO_n30_inst1_run1,base,640,19200,576000.0,7.242140208021738,,415.85550212107523,499.10895298414925
exp_001,ACO_n30_inst1_run1,base,650,19500,585000.0,7.354657125019003,,415.85550212107523,432.29896569364445
exp_001,ACO_n30_inst1_run1,base,660,19800,594000.0,7.465955708001275,,415.85550212107523,434.3559270239659
exp_001,ACO_n30_inst1_run1,base,670,20100,603000.0,7.577176249993499,,415.85550212107523,447.1391034477142
exp_001,ACO_n30_inst1_run1,base,680,20400,612000.0,7.688971666037105,,415.85550212107523,434.6275137651923
exp_001,ACO_n30_inst1_run1,base,690,20700,621000.0,7.801169500045944,,415.85550212107523,456.59657625847996
exp_001,ACO_n30_inst1_run1,base,700,21000,630000.0,7.913708708016202,,415.85550212107523,439.9450633336931
exp_001,ACO_n30_inst1_run1,base,710,21300,639000.0,8.02561437501572,,415.85550212107523,430.70048787154644
exp_001,ACO_n30_inst1_run1,base,720,21600,648000.0,8.13758899999084,,415.85550212107523,467.82858604989354
exp_001,ACO_n30_inst1_run1,base,730,21900,657000.0,8.251542708021589,,415.85550212107523,426.07809215194743
exp_001,ACO_n30_inst1_run1,base,740,22200,666000.0,8.368035125022288,,415.85550212107523,464.5356931968764
exp_001,ACO_n30_inst1_run1,base,750,22500,675000.0,8.48043791600503,,415.85550212107523,454.1356314015695
exp_001,ACO_n30_inst1_run1,base,760,22800,684000.0,8.594264000013936,,415.85550212107523,448.3471620622596
exp_001,ACO_n30_inst1_run1,base,770,23100,693000.0,8.706117416033521,,415.85550212107523,472.7676800737648
exp_001,ACO_n30_inst1_run1,base,780,23400,702000.0,8.840243250015192,,415.85550212107523,467.4317412739918
exp_001,ACO_n30_inst1_run1,base,790,23700,711000.0,8.955082666012459,,415.85550212107523,468.2610416100097
exp_001,ACO_n30_inst1_run1,base,800,24000,720000.0,9.076222500007134,,415.85550212107523,441.4634832001971
exp_001,ACO_n30_inst1_run1,base,810,24300,729000.0,9.209768083004747,,415.85550212107523,491.66937974789374
exp_001,ACO_n30_inst1_run1,base,820,24600,738000.0,9.323095416009892,,415.85550212107523,437.8736694066181
exp_001,ACO_n30_inst1_run1,base,830,24900,747000.0,9.435645541001577,,415.85550212107523,469.9312250394345
exp_001,ACO_n30_inst1_run1,base,840,25200,756000.0,9.547114207991399,,415.85550212107523,528.4393801640965
exp_001,ACO_n30_inst1_run1,base,850,25500,765000.0,9.659557416045573,,415.85550212107523,426.4095457712508
exp_001,ACO_n30_inst1_run1,base,860,25800,774000.0,9.771472749998793,,415.85550212107523,431.6402615508188
exp_001,ACO_n30_inst1_run1,base,870,26100,783000.0,9.882695915992372,,415.85550212107523,445.2569907845495
exp_001,ACO_n30_inst1_run1,base,880,26400,792000.0,9.993694583012257,,415.85550212107523,508.4639028754469
exp_001,ACO_n30_inst1_run1,base,890,26700,801000.0,10.105212875001598,,415.85550212107523,492.1045452773951
exp_001,ACO_n30_inst1_run1,base,900,27000,810000.0,10.217779500002507,,415.85550212107523,488.1375456380039
exp_001,ACO_n30_inst1_run1,base,910,27300,819000.0,10.352429916034453,,415.85550212107523,456.14958038753093
exp_001,ACO_n30_inst1_run1,base,920,27600,828000.0,10.47968645801302,,415.85550212107523,459.35249162800693
exp_001,ACO_n30_inst1_run1,base,930,27900,837000.0,10.592917166010011,,415.85550212107523,461.4685241659227
exp_001,ACO_n30_inst1_run1,base,940,28200,846000.0,10.705028041033074,,415.85550212107523,464.77072943621806
exp_001,ACO_n30_inst1_run1,base,950,28500,855000.0,10.816936166025698,,415.85550212107523,491.59347640559025
exp_001,ACO_n30_inst1_run1,base,960,28800,864000.0,10.928328125039116,,415.85550212107523,451.38408663002144
exp_001,ACO_n30_inst1_run1,base,970,29100,873000.0,11.039682000002358,,415.85550212107523,491.27234755517736
exp_001,ACO_n30_inst1_run1,base,980,29400,882000.0,11.151088582992088,,415.85550212107523,502.4535290634019
exp_001,ACO_n30_inst1_run1,base,990,29700,891000.0,11.263765750045422,,412.330172503027,485.5635724007064
exp_001,ACO_n30_inst1_run1,base,1000,30000,900000.0,11.374724833003711,,412.330172503027,483.07413015676354
exp_001,ACO_n30_inst1_run1,base,1010,30300,909000.0,11.485694458009675,,412.330172503027,462.6971028185838
exp_001,ACO_n30_inst1_run1,base,1020,30600,918000.0,11.596487125032581,,412.330172503027,459.42234848191947
exp_001,ACO_n30_inst1_run1,base,1030,30900,927000.0,11.70844204101013,,412.330172503027,439.6501203190507
exp_001,ACO_n30_inst1_run1,base,1040,31200,936000.0,11.819874708016869,,412.330172503027,484.1440415157886
exp_001,ACO_n30_inst1_run1,base,1050,31500,945000.0,11.930884583038278,,412.330172503027,448.2063624200507
exp_001,ACO_n30_inst1_run1,base,1060,31800,954000.0,12.041340916010085,,412.330172503027,456.23203125920855
exp_001,ACO_n30_inst1_run1,base,1070,32100,963000.0,12.152180458011571,,412.330172503027,452.3851831562102
exp_001,ACO_n30_inst1_run1,base,1080,32400,972000.0,12.264605083037168,,412.330172503027,478.055512228991
exp_001,ACO_n30_inst1_run1,base,1090,32700,981000.0,12.375711750006303,,412.330172503027,525.0059878225145
exp_001,ACO_n30_inst1_run1,base,1100,33000,990000.0,12.486786666035186,,412.330172503027,447.21332734386067
exp_001,ACO_n30_inst1_run1,base,1110,33300,999000.0,12.597815499990247,,412.330172503027,415.85550212107523
exp_001,ACO_n30_inst1_run1,base,1120,33600,1008000.0,12.710438708018046,,412.330172503027,461.37265281146284
exp_001,ACO_n30_inst1_run1,base,1130,33900,1017000.0,12.82287387503311,,412.330172503027,519.0698559408382
exp_001,ACO_n30_inst1_run1,base,1140,34200,1026000.0,12.933964458003175,,412.330172503027,452.97058403539404
exp_001,ACO_n30_inst1_run1,base,1150,34500,1035000.0,13.045349124993663,,412.330172503027,483.61252919021814
exp_001,ACO_n30_inst1_run1,base,1160,34800,1044000.0,13.156445125001483,,412.330172503027,450.359355843349
exp_001,ACO_n30_inst1_run1,base,1170,35100,1053000.0,13.269077750039287,,412.330172503027,458.5539252341972
exp_001,ACO_n30_inst1_run1,base,1180,35400,1062000.0,13.38024787500035,,412.330172503027,438.3932224700359
exp_001,ACO_n30_inst1_run1,base,1190,35700,1071000.0,13.503950250044,,412.330172503027,449.6689674085705
exp_001,ACO_n30_inst1_run1,base,1200,36000,1080000.0,13.629397874989081,,412.330172503027,434.3559270239659
exp_001,ACO_n30_inst1_run1,base,1210,36300,1089000.0,13.743924833019264,,412.330172503027,443.51837341529523
exp_001,ACO_n30_inst1_run1,base,1220,36600,1098000.0,13.855289208004251,,412.330172503027,469.1836337337006
exp_001,ACO_n30_inst1_run1,base,1230,36900,1107000.0,13.966415958013386,,412.330172503027,440.43346240756836
exp_001,ACO_n30_inst1_run1,base,1240,37200,1116000.0,14.078209541039541,,412.330172503027,478.29788394940033
exp_001,ACO_n30_inst1_run1,base,1250,37500,1125000.0,14.18934129102854,,412.330172503027,442.6029607912772
exp_001,ACO_n30_inst1_run1,base,1260,37800,1134000.0,14.301977041002829,,412.330172503027,458.0816437319807
exp_001,ACO_n30_inst1_run1,base,1270,38100,1143000.0,14.413157791015692,,412.330172503027,452.67183174807275
exp_001,ACO_n30_inst1_run1,base,1280,38400,1152000.0,14.524102583003696,,412.330172503027,458.04138350981435
exp_001,ACO_n30_inst1_run1,base,1290,38700,1161000.0,14.635108040994965,,412.330172503027,442.0710365917438
exp_001,ACO_n30_inst1_run1,base,1300,39000,1170000.0,14.747309375030454,,412.330172503027,497.54712471806545
exp_001,ACO_n30_inst1_run1,base,1310,39300,1179000.0,14.858405041042715,,412.330172503027,431.64026155081876
exp_001,ACO_n30_inst1_run1,base,1320,39600,1188000.0,14.969245165993925,,412.330172503027,436.5965582833647
exp_001,ACO_n30_inst1_run1,base,1330,39900,1197000.0,15.080507125006989,,412.330172503027,506.3833603378844
exp_001,ACO_n30_inst1_run1,base,1340,40200,1206000.0,15.191608124994673,,412.330172503027,430.1335161290268
exp_001,ACO_n30_inst1_run1,base,1350,40500,1215000.0,15.304760208004154,,412.330172503027,499.05911072640197
exp_001,ACO_n30_inst1_run1,base,1360,40800,1224000.0,15.416206374997273,,412.330172503027,491.9314340912378
exp_001,ACO_n30_inst1_run1,base,1370,41100,1233000.0,15.527304415998515,,412.330172503027,475.7790881346009
exp_001,ACO_n30_inst1_run1,base,1380,41400,1242000.0,15.638462916016579,,412.330172503027,498.81541678247646
exp_001,ACO_n30_inst1_run1,base,1390,41700,1251000.0,15.751292708038818,,412.330172503027,467.4643718534705
exp_001,ACO_n30_inst1_run1,base,1400,42000,1260000.0,15.861970208003186,,412.330172503027,457.29695153786025
exp_001,ACO_n30_inst1_run1,base,1410,42300,1269000.0,15.97292104101507,,412.330172503027,455.8476481749019
exp_001,ACO_n30_inst1_run1,base,1420,42600,1278000.0,16.083930833032355,,412.330172503027,460.81287273301166
exp_001,ACO_n30_inst1_run1,base,1430,42900,1287000.0,16.194927875010762,,412.330172503027,463.0453412501481
exp_001,ACO_n30_inst1_run1,base,1440,43200,1296000.0,16.306915041001048,,412.330172503027,435.147222948488
exp_001,ACO_n30_inst1_run1,base,1450,43500,1305000.0,16.418489250005223,,412.330172503027,465.86970458922747
exp_001,ACO_n30_inst1_run1,base,1460,43800,1314000.0,16.529721958038863,,412.330172503027,495.57604265987953
exp_001,ACO_n30_inst1_run1,base,1470,44100,1323000.0,16.64065383299021,,412.330172503027,499.9345453189673
exp_001,ACO_n30_inst1_run1,base,1480,44400,1332000.0,16.753369458019733,,412.330172503027,469.1653252921126
exp_001,ACO_n30_inst1_run1,base,1490,44700,1341000.0,16.864729875000194,,412.330172503027,504.0943400602572
exp_001,ACO_n30_inst1_run1,base,1500,45000,1350000.0,16.976100041007157,,412.330172503027,429.78561436336884
exp_001,ACO_n30_inst1_run1,base,1510,45300,1359000.0,17.08729937503813,,412.330172503027,440.31530921749413
exp_001,ACO_n30_inst1_run1,base,1520,45600,1368000.0,17.198362625029404,,412.330172503027,482.8096349592477
exp_001,ACO_n30_inst1_run1,base,1530,45900,1377000.0,17.310763375018723,,412.330172503027,512.3369501032918
exp_001,ACO_n30_inst1_run1,base,1540,46200,1386000.0,17.421766665996984,,412.330172503027,481.2599652363566
exp_001,ACO_n30_inst1_run1,base,1550,46500,1395000.0,17.532791333040223,,412.330172503027,483.0960460514209
exp_001,ACO_n30_inst1_run1,base,1560,46800,1404000.0,17.64490991603816,,412.330172503027,447.87409272045477
exp_001,ACO_n30_inst1_run1,base,1570,47100,1413000.0,17.758339625026565,,412.330172503027,431.92507306287007
exp_001,ACO_n30_inst1_run1,base,1580,47400,1422000.0,17.8702526660054,,412.330172503027,437.5699869504849
exp_001,ACO_n30_inst1_run1,base,1590,47700,1431000.0,17.98311620799359,,412.330172503027,477.44057172765713
exp_001,ACO_n30_inst1_run1,base,1600,48000,1440000.0,18.094521582999732,,412.330172503027,484.03160923737585
exp_001,ACO_n30_inst1_run1,base,1610,48300,1449000.0,18.23154212499503,,412.330172503027,488.1441753884889
exp_001,ACO_n30_inst1_run1,base,1620,48600,1458000.0,18.37477212504018,,412.330172503027,451.3275388258871
exp_001,ACO_n30_inst1_run1,base,1630,48900,1467000.0,18.48984808300156,,412.330172503027,485.6109361990539
exp_001,ACO_n30_inst1_run1,base,1640,49200,1476000.0,18.60785237501841,,412.330172503027,440.16973859857154
exp_001,ACO_n30_inst1_run1,base,1650,49500,1485000.0,18.78355604101671,,412.330172503027,449.00892639568355
exp_001,ACO_n30_inst1_run1,base,1660,49800,1494000.0,18.933644750039093,,412.330172503027,454.0316507691105
exp_001,ACO_n30_inst1_run2,base,0,0,0.0,5.749985575675964e-06,,inf,inf
exp_001,ACO_n30_inst1_run2,base,10,300,9000.0,0.12373820797074586,,580.1427445469661,594.3158831811253
exp_001,ACO_n30_inst1_run2,base,20,600,18000.0,0.2442954159923829,,494.8181744144444,555.2970501232994
exp_001,ACO_n30_inst1_run2,base,30,900,27000.0,0.3629234159598127,,444.8923386571614,444.8923386571614
exp_001,ACO_n30_inst1_run2,base,40,1200,36000.0,0.47852395800873637,,434.61119693759645,547.1052974975653
exp_001,ACO_n30_inst1_run2,base,50,1500,45000.0,0.6046543329721317,,434.1982574173038,493.9596439010812
exp_001,ACO_n30_inst1_run2,base,60,1800,54000.0,0.746087915962562,,434.1982574173038,532.7288143340821
exp_001,ACO_n30_inst1_run2,base,70,2100,63000.0,0.8646783749572933,,434.1982574173038,480.48348815324243
exp_001,ACO_n30_inst1_run2,base,80,2400,72000.0,0.9820381249883212,,434.1982574173038,470.66922785050264
exp_001,ACO_n30_inst1_run2,base,90,2700,81000.0,1.0984517079778016,,429.25386248297156,500.04404156264087
exp_001,ACO_n30_inst1_run2,base,100,3000,90000.0,1.2139577500056475,,428.73145314592267,533.0237477268222
exp_001,ACO_n30_inst1_run2,base,110,3300,99000.0,1.368616290972568,,427.61843341419336,429.29520285988525
exp_001,ACO_n30_inst1_run2,base,120,3600,108000.0,1.487226750003174,,427.61843341419336,447.76553287137864
exp_001,ACO_n30_inst1_run2,base,130,3900,117000.0,1.6043775829602964,,427.61843341419336,504.0135165457132
exp_001,ACO_n30_inst1_run2,base,140,4200,126000.0,1.719974750012625,,427.61843341419336,476.54188729092516
exp_001,ACO_n30_inst1_run2,base,150,4500,135000.0,1.8375454579945654,,427.61843341419336,482.1396351210552
exp_001,ACO_n30_inst1_run2,base,160,4800,144000.0,1.9540327499853447,,427.61843341419336,484.1634569237047
exp_001,ACO_n30_inst1_run2,base,170,5100,153000.0,2.0696221659891307,,427.61843341419336,441.15226852452844
exp_001,ACO_n30_inst1_run2,base,180,5400,162000.0,2.1844015409587882,,414.72874553973116,508.93516274977753
exp_001,ACO_n30_inst1_run2,base,190,5700,171000.0,2.2994490829878487,,414.72874553973116,453.5512686596094
exp_001,ACO_n30_inst1_run2,base,200,6000,180000.0,2.414175540965516,,414.72874553973116,507.58076451623316
exp_001,ACO_n30_inst1_run2,base,210,6300,189000.0,2.529256165958941,,414.72874553973116,437.8486256968047
exp_001,ACO_n30_inst1_run2,base,220,6600,198000.0,2.6446301660034806,,414.72874553973116,496.22209029735143
exp_001,ACO_n30_inst1_run2,base,230,6900,207000.0,2.759826541005168,,414.72874553973116,470.2843432524477
exp_001,ACO_n30_inst1_run2,base,240,7200,216000.0,2.8747914159903303,,414.72874553973116,435.0860680275134
exp_001,ACO_n30_inst1_run2,base,250,7500,225000.0,2.989485165977385,,414.72874553973116,470.90259298391044
exp_001,ACO_n30_inst1_run2,base,260,7800,234000.0,3.1058842909988016,,414.72874553973116,460.8090530112249
exp_001,ACO_n30_inst1_run2,base,270,8100,243000.0,3.2247892909799702,,414.72874553973116,438.84320506419357
exp_001,ACO_n30_inst1_run2,base,280,8400,252000.0,3.340804790961556,,414.72874553973116,441.1312629124715
exp_001,ACO_n30_inst1_run2,base,290,8700,261000.0,3.455274500011001,,414.72874553973116,478.0555122289911
exp_001,ACO_n30_inst1_run2,base,300,9000,270000.0,3.5741506249760278,,414.72874553973116,458.99378347255356
exp_001,ACO_n30_inst1_run2,base,310,9300,279000.0,3.688572874991223,,414.72874553973116,508.8651559215162
exp_001,ACO_n30_inst1_run2,base,320,9600,288000.0,3.8022689999779686,,414.72874553973116,424.5838561258664
exp_001,ACO_n30_inst1_run2,base,330,9900,297000.0,3.913853540958371,,414.72874553973116,432.2989656936445
exp_001,ACO_n30_inst1_run2,base,340,10200,306000.0,4.025366874993779,,414.72874553973116,450.26245438066763
exp_001,ACO_n30_inst1_run2,base,350,10500,315000.0,4.137386124988552,,414.72874553973116,430.01841804284237
exp_001,ACO_n30_inst1_run2,base,360,10800,324000.0,4.24799958296353,,414.72874553973116,468.6941007091575
exp_001,ACO_n30_inst1_run2,base,370,11100,333000.0,4.425789333006833,,414.72874553973116,461.46852416592276
exp_001,ACO_n30_inst1_run2,base,380,11400,342000.0,4.537563624966424,,414.72874553973116,438.46160213896337
exp_001,ACO_n30_inst1_run2,base,390,11700,351000.0,4.6492507079965435,,414.72874553973116,502.51435745483883
exp_001,ACO_n30_inst1_run2,base,400,12000,360000.0,4.760017082968261,,414.72874553973116,473.5226634146981
exp_001,ACO_n30_inst1_run2,base,410,12300,369000.0,4.871248250012286,,414.72874553973116,456.2213882921096
exp_001,ACO_n30_inst1_run2,base,420,12600,378000.0,4.981985207996331,,414.72874553973116,454.4359506647696
exp_001,ACO_n30_inst1_run2,base,430,12900,387000.0,5.0941717909881845,,414.72874553973116,452.06894814823227
exp_001,ACO_n30_inst1_run2,base,440,13200,396000.0,5.205220207979437,,414.72874553973116,517.1381644346943
exp_001,ACO_n30_inst1_run2,base,450,13500,405000.0,5.316486374998931,,414.72874553973116,448.97723753713717
exp_001,ACO_n30_inst1_run2,base,460,13800,414000.0,5.427298415976111,,414.72874553973116,519.8677510306953
exp_001,ACO_n30_inst1_run2,base,470,14100,423000.0,5.5386680829687975,,414.72874553973116,472.0963600727303
exp_001,ACO_n30_inst1_run2,base,480,14400,432000.0,5.65232841600664,,414.72874553973116,519.6969685940207
exp_001,ACO_n30_inst1_run2,base,490,14700,441000.0,5.763216166000348,,414.72874553973116,439.5643502080115
exp_001,ACO_n30_inst1_run2,base,500,15000,450000.0,5.874415208003484,,414.72874553973116,502.18639311534787
exp_001,ACO_n30_inst1_run2,base,510,15300,459000.0,5.985372958006337,,414.72874553973116,455.46425136713475
exp_001,ACO_n30_inst1_run2,base,520,15600,468000.0,6.097712582966778,,414.72874553973116,431.8492406402336
exp_001,ACO_n30_inst1_run2,base,530,15900,477000.0,6.208756165986415,,414.72874553973116,510.7109666941691
exp_001,ACO_n30_inst1_run2,base,540,16200,486000.0,6.320482790993992,,414.72874553973116,474.8834294463601
exp_001,ACO_n30_inst1_run2,base,550,16500,495000.0,6.431754624994937,,414.72874553973116,480.89585026333424
exp_001,ACO_n30_inst1_run2,base,560,16800,504000.0,6.543874124996364,,414.72874553973116,537.3539677115175
exp_001,ACO_n30_inst1_run2,base,570,17100,513000.0,6.656237624993082,,414.72874553973116,499.65997775330214
exp_001,ACO_n30_inst1_run2,base,580,17400,522000.0,6.767476915963925,,414.72874553973116,448.7401127297612
exp_001,ACO_n30_inst1_run2,base,590,17700,531000.0,6.89237229101127,,414.72874553973116,504.2761460927791
exp_001,ACO_n30_inst1_run2,base,600,18000,540000.0,7.0350612080073915,,414.72874553973116,497.79886840343113
exp_001,ACO_n30_inst1_run2,base,610,18300,549000.0,7.152511207968928,,414.72874553973116,524.8276119264069
exp_001,ACO_n30_inst1_run2,base,620,18600,558000.0,7.269873040961102,,414.72874553973116,453.61870620640843
exp_001,ACO_n30_inst1_run2,base,630,18900,567000.0,7.385525249992497,,414.72874553973116,509.5637779648075
exp_001,ACO_n30_inst1_run2,base,640,19200,576000.0,7.499879624985624,,414.72874553973116,495.52456114460335
exp_001,ACO_n30_inst1_run2,base,650,19500,585000.0,7.615198999992572,,414.72874553973116,519.9350591967178
exp_001,ACO_n30_inst1_run2,base,660,19800,594000.0,7.753376540960744,,414.72874553973116,415.85550212107523
exp_001,ACO_n30_inst1_run2,base,670,20100,603000.0,7.875532082980499,,414.72874553973116,463.6434047343372
exp_001,ACO_n30_inst1_run2,base,680,20400,612000.0,7.993247415986843,,414.72874553973116,437.02112214358823
exp_001,ACO_n30_inst1_run2,base,690,20700,621000.0,8.112081457977183,,414.72874553973116,454.72177304706184
exp_001,ACO_n30_inst1_run2,base,700,21000,630000.0,8.227747583005112,,414.7287455397311,467.94326375681214
exp_001,ACO_n30_inst1_run2,base,710,21300,639000.0,8.34260016598273,,414.7287455397311,509.512360699888
exp_001,ACO_n30_inst1_run2,base,720,21600,648000.0,8.457489583001006,,414.7287455397311,489.35274982107114
exp_001,ACO_n30_inst1_run2,base,730,21900,657000.0,8.573530749999918,,414.7287455397311,494.28903146570025
exp_001,ACO_n30_inst1_run2,base,740,22200,666000.0,8.691158665984403,,414.7287455397311,469.2909468184287
exp_001,ACO_n30_inst1_run2,base,750,22500,675000.0,8.806772290961817,,414.7287455397311,451.6876038165784
exp_001,ACO_n30_inst1_run2,base,760,22800,684000.0,8.924164791009389,,414.7287455397311,467.1917899368542
exp_001,ACO_n30_inst1_run2,base,770,23100,693000.0,9.05159474996617,,414.7287455397311,469.54790562779675
exp_001,ACO_n30_inst1_run2,base,780,23400,702000.0,9.17021637497237,,414.7287455397311,490.0814168503727
exp_001,ACO_n30_inst1_run2,base,790,23700,711000.0,9.285059749963693,,414.7287455397311,433.06970912673364
exp_001,ACO_n30_inst1_run2,base,800,24000,720000.0,9.399562290986069,,414.7287455397311,495.08769438112296
exp_001,ACO_n30_inst1_run2,base,810,24300,729000.0,9.515010165981948,,414.7287455397311,474.66936639178243
exp_001,ACO_n30_inst1_run2,base,820,24600,738000.0,9.63241358299274,,414.7287455397311,498.4854613316127
exp_001,ACO_n30_inst1_run2,base,830,24900,747000.0,9.746760290989187,,414.7287455397311,478.82038136759445
exp_001,ACO_n30_inst1_run2,base,840,25200,756000.0,9.861363500007428,,414.7287455397311,459.27859498460487
exp_001,ACO_n30_inst1_run2,base,850,25500,765000.0,9.97640770795988,,414.7287455397311,470.3537019771119
exp_001,ACO_n30_inst1_run2,base,860,25800,774000.0,10.091348582995124,,414.7287455397311,439.3001891678066
exp_001,ACO_n30_inst1_run2,base,870,26100,783000.0,10.205863082956057,,414.7287455397311,425.4054785898909
exp_001,ACO_n30_inst1_run2,base,880,26400,792000.0,10.323386832955293,,412.3301725030269,470.16581027006083
exp_001,ACO_n30_inst1_run2,base,890,26700,801000.0,10.440016832959373,,412.3301725030269,432.85192910210617
exp_001,ACO_n30_inst1_run2,base,900,27000,810000.0,10.561336415994447,,412.3301725030269,471.67925080337983
exp_001,ACO_n30_inst1_run2,base,910,27300,819000.0,10.684383165964391,,412.3301725030269,453.8763836062337
exp_001,ACO_n30_inst1_run2,base,920,27600,828000.0,10.801703832985368,,412.3301725030269,485.29624091552483
exp_001,ACO_n30_inst1_run2,base,930,27900,837000.0,10.913884874957148,,412.3301725030269,448.7424778662408
exp_001,ACO_n30_inst1_run2,base,940,28200,846000.0,11.026395457971375,,412.3301725030269,533.5802503373918
exp_001,ACO_n30_inst1_run2,base,950,28500,855000.0,11.137724125001114,,412.3301725030269,437.174453301406
exp_001,ACO_n30_inst1_run2,base,960,28800,864000.0,11.25017499999376,,412.3301725030269,448.5062787243317
exp_001,ACO_n30_inst1_run2,base,970,29100,873000.0,11.361446249997243,,412.3301725030269,452.53728465451366
exp_001,ACO_n30_inst1_run2,base,980,29400,882000.0,11.472598541004118,,412.3301725030269,444.8895628691841
exp_001,ACO_n30_inst1_run2,base,990,29700,891000.0,11.583704165997915,,412.3301725030269,492.08006536166596
exp_001,ACO_n30_inst1_run2,base,1000,30000,900000.0,11.696219875011593,,412.3301725030269,473.0267734196669
exp_001,ACO_n30_inst1_run2,base,1010,30300,909000.0,11.80712895799661,,412.3301725030269,460.33533163175537
exp_001,ACO_n30_inst1_run2,base,1020,30600,918000.0,11.918495916004758,,412.3301725030269,469.574762382022
exp_001,ACO_n30_inst1_run2,base,1030,30900,927000.0,12.030172874976415,,412.3301725030269,498.68206795367144
exp_001,ACO_n30_inst1_run2,base,1040,31200,936000.0,12.141238374984823,,412.3301725030269,451.4379236231734
exp_001,ACO_n30_inst1_run2,base,1050,31500,945000.0,12.252951374975964,,412.3301725030269,493.27737891736246
exp_001,ACO_n30_inst1_run2,base,1060,31800,954000.0,12.363929665996693,,412.3301725030269,470.8598452740685
exp_001,ACO_n30_inst1_run2,base,1070,32100,963000.0,12.474846082972363,,412.3301725030269,472.3098439712106
exp_001,ACO_n30_inst1_run2,base,1080,32400,972000.0,12.58563166600652,,412.3301725030269,464.8252062649474
exp_001,ACO_n30_inst1_run2,base,1090,32700,981000.0,12.697526375006419,,412.3301725030269,453.77669152110246
exp_001,ACO_n30_inst1_run2,base,1100,33000,990000.0,12.809220833005384,,412.3301725030269,454.07220269970276
exp_001,ACO_n30_inst1_run2,base,1110,33300,999000.0,12.920621207973454,,412.3301725030269,453.6208446553673
exp_001,ACO_n30_inst1_run2,base,1120,33600,1008000.0,13.031985790992621,,412.3301725030269,475.87866616812397
exp_001,ACO_n30_inst1_run2,base,1130,33900,1017000.0,13.143712374963798,,412.3301725030269,453.9180577566446
exp_001,ACO_n30_inst1_run2,base,1140,34200,1026000.0,13.256064790999517,,412.3301725030269,457.0024447061881
exp_001,ACO_n30_inst1_run2,base,1150,34500,1035000.0,13.367339707969222,,412.3301725030269,435.76868892850246
exp_001,ACO_n30_inst1_run2,base,1160,34800,1044000.0,13.47856229095487,,412.3301725030269,465.17203354710034
exp_001,ACO_n30_inst1_run2,base,1170,35100,1053000.0,13.589743165997788,,412.3301725030269,431.8492406402336
exp_001,ACO_n30_inst1_run2,base,1180,35400,1062000.0,13.701792707957793,,412.3301725030269,473.64969115026236
exp_001,ACO_n30_inst1_run2,base,1190,35700,1071000.0,13.81472024996765,,412.3301725030269,446.4600460675927
exp_001,ACO_n30_inst1_run2,base,1200,36000,1080000.0,13.925855165987741,,412.3301725030269,470.08105221295057
exp_001,ACO_n30_inst1_run2,base,1210,36300,1089000.0,14.037501290964428,,412.3301725030269,482.4499219873754
exp_001,ACO_n30_inst1_run2,base,1220,36600,1098000.0,14.148700207995716,,412.3301725030269,453.2204707955446
exp_001,ACO_n30_inst1_run2,base,1230,36900,1107000.0,14.261024040984921,,412.3301725030269,444.43358663257794
exp_001,ACO_n30_inst1_run2,base,1240,37200,1116000.0,14.372349707991816,,412.3301725030269,471.1044681336198
exp_001,ACO_n30_inst1_run2,base,1250,37500,1125000.0,14.48343704099534,,412.3301725030269,470.6615613558821
exp_001,ACO_n30_inst1_run2,base,1260,37800,1134000.0,14.594841457961593,,412.3301725030269,440.83270843878233
exp_001,ACO_n30_inst1_run2,base,1270,38100,1143000.0,14.70659566600807,,412.3301725030269,476.24017350308776
exp_001,ACO_n30_inst1_run2,base,1280,38400,1152000.0,14.819386999995913,,412.3301725030269,459.4929519861742
exp_001,ACO_n30_inst1_run2,base,1290,38700,1161000.0,14.930784374999348,,412.3301725030269,497.6910590948733
exp_001,ACO_n30_inst1_run2,base,1300,39000,1170000.0,15.04248916596407,,412.3301725030269,464.0967666429368
exp_001,ACO_n30_inst1_run2,base,1310,39300,1179000.0,15.153988832957111,,412.3301725030269,515.162120877373
exp_001,ACO_n30_inst1_run2,base,1320,39600,1188000.0,15.266942040994763,,412.3301725030269,454.60647062359413
exp_001,ACO_n30_inst1_run2,base,1330,39900,1197000.0,15.378153208002914,,412.3301725030269,432.2989656936444
exp_001,ACO_n30_inst1_run2,base,1340,40200,1206000.0,15.489240791008342,,412.3301725030269,458.07379381794215
exp_001,ACO_n30_inst1_run2,base,1350,40500,1215000.0,15.600234415964223,,412.3301725030269,467.9434456592461
exp_001,ACO_n30_inst1_run2,base,1360,40800,1224000.0,15.711183790990617,,412.3301725030269,497.44949728593934
exp_001,ACO_n30_inst1_run2,base,1370,41100,1233000.0,15.823656041000504,,412.3301725030269,453.04077551206717
exp_001,ACO_n30_inst1_run2,base,1380,41400,1242000.0,15.934925832960289,,412.3301725030269,467.1416682597272
exp_001,ACO_n30_inst1_run2,base,1390,41700,1251000.0,16.04635799996322,,412.3301725030269,450.3268913329987
exp_001,ACO_n30_inst1_run2,base,1400,42000,1260000.0,16.157577832986135,,412.3301725030269,445.1847414621498
exp_001,ACO_n30_inst1_run2,base,1410,42300,1269000.0,16.270069874997716,,412.3301725030269,494.5531926051919
exp_001,ACO_n30_inst1_run2,base,1420,42600,1278000.0,16.41913354099961,,412.3301725030269,440.22123612404266
exp_001,ACO_n30_inst1_run2,base,1430,42900,1287000.0,16.53238499996951,,412.3301725030269,415.85550212107535
exp_001,ACO_n30_inst1_run2,base,1440,43200,1296000.0,16.645307249971665,,412.3301725030269,450.08738011559353
exp_001,ACO_n30_inst1_run2,base,1450,43500,1305000.0,16.761679790972266,,412.3301725030269,506.3960847272169
exp_001,ACO_n30_inst1_run2,base,1460,43800,1314000.0,16.876986957970075,,412.3301725030269,424.2099634950921
exp_001,ACO_n30_inst1_run2,base,1470,44100,1323000.0,16.98882154095918,,412.3301725030269,424.5838561258665
exp_001,ACO_n30_inst1_run2,base,1480,44400,1332000.0,17.100445957970805,,412.3301725030269,451.08730585021675
exp_001,ACO_n30_inst1_run2,base,1490,44700,1341000.0,17.211999124963768,,412.3301725030269,463.1708951047834
exp_001,ACO_n30_inst1_run2,base,1500,45000,1350000.0,17.32446620799601,,412.3301725030269,449.18593913181195
exp_001,ACO_n30_inst1_run2,base,1510,45300,1359000.0,17.43573462497443,,412.3301725030269,482.5329709072731
exp_001,ACO_n30_inst1_run2,base,1520,45600,1368000.0,17.61279270797968,,412.3301725030269,441.62131153833303
exp_001,ACO_n30_inst1_run2,base,1530,45900,1377000.0,17.73315358295804,,412.3301725030269,507.5074613881993
exp_001,ACO_n30_inst1_run2,base,1540,46200,1386000.0,17.849785749975126,,412.3301725030269,521.7933030475785
exp_001,ACO_n30_inst1_run2,base,1550,46500,1395000.0,17.964885749970563,,412.3301725030269,481.5839471088143
exp_001,ACO_n30_inst1_run2,base,1560,46800,1404000.0,18.07912224996835,,412.3301725030269,461.454272515245
exp_001,ACO_n30_inst1_run2,base,1570,47100,1413000.0,18.19203799997922,,412.3301725030269,423.69833439920586
exp_001,ACO_n30_inst1_run2,base,1580,47400,1422000.0,18.306044041004498,,412.3301725030269,479.2454154486003
exp_001,ACO_n30_inst1_run2,base,1590,47700,1431000.0,18.420251332980115,,412.3301725030269,458.3086674375829
exp_001,ACO_n30_inst1_run2,base,1600,48000,1440000.0,18.534995124966372,,412.3301725030269,478.12504774323804
exp_001,ACO_n30_inst1_run2,base,1610,48300,1449000.0,18.664153457968496,,412.3301725030269,446.6006733096609
exp_001,ACO_n30_inst1_run2,base,1620,48600,1458000.0,18.801573249977082,,412.3301725030269,476.4077377804038
exp_001,ACO_n30_inst1_run2,base,1630,48900,1467000.0,18.919836665969342,,412.3301725030269,446.0150134328334
exp_001,ACO_n30_inst1_run2,base,1640,49200,1476000.0,19.037697915977333,,412.3301725030269,452.0959472301149
exp_001,ACO_n30_inst1_run2,base,1650,49500,1485000.0,19.23033204098465,,412.3301725030269,491.05388677651297
exp_001,ACO_n30_inst1_run2,base,1660,49800,1494000.0,19.431966250005644,,412.3301725030269,445.48790284194615
exp_001,ACO_n30_inst2_run0,base,0,0,0.0,1.4170072972774506e-06,,inf,inf
exp_001,ACO_n30_inst2_run0,base,10,300,9000.0,0.11973008402856067,,529.6455753524964,584.8331377949215
exp_001,ACO_n30_inst2_run0,base,20,600,18000.0,0.25269962497986853,,502.5743348431476,502.5743348431476
exp_001,ACO_n30_inst2_run0,base,30,900,27000.0,0.3704091670224443,,421.37111773052817,496.1693945866539
exp_001,ACO_n30_inst2_run0,base,40,1200,36000.0,0.4866933340090327,,421.37111773052817,509.97421393286055
exp_001,ACO_n30_inst2_run0,base,50,1500,45000.0,0.6003878340125084,,421.37111773052817,473.0498029449634
exp_001,ACO_n30_inst2_run0,base,60,1800,54000.0,0.7152602500282228,,421.37111773052817,479.80359337172996
exp_001,ACO_n30_inst2_run0,base,70,2100,63000.0,0.828702875005547,,421.37111773052817,473.68041802111856
exp_001,ACO_n30_inst2_run0,base,80,2400,72000.0,0.9421283340197988,,421.37111773052817,498.503693447574
exp_001,ACO_n30_inst2_run0,base,90,2700,81000.0,1.0574507500277832,,421.37111773052817,452.1885241867612
exp_001,ACO_n30_inst2_run0,base,100,3000,90000.0,1.1754947500303388,,421.37111773052817,536.7863837254428
exp_001,ACO_n30_inst2_run0,base,110,3300,99000.0,1.2920464589842595,,421.37111773052817,490.25505407950993
exp_001,ACO_n30_inst2_run0,base,120,3600,108000.0,1.4186911249998957,,421.37111773052817,492.851876977819
exp_001,ACO_n30_inst2_run0,base,130,3900,117000.0,1.5618848750018515,,419.1431927027944,492.6503170177613
exp_001,ACO_n30_inst2_run0,base,140,4200,126000.0,1.6819066670141183,,419.1431927027944,473.07982228481603
exp_001,ACO_n30_inst2_run0,base,150,4500,135000.0,1.7965384590206668,,419.1431927027944,448.99474932802997
exp_001,ACO_n30_inst2_run0,base,160,4800,144000.0,1.9881944169756025,,419.1431927027944,456.5772461607791
exp_001,ACO_n30_inst2_run0,base,170,5100,153000.0,2.199546499992721,,419.1431927027944,471.07593820087226
exp_001,ACO_n30_inst2_run0,base,180,5400,162000.0,2.315283834002912,,419.1431927027944,493.8952830946952
exp_001,ACO_n30_inst2_run0,base,190,5700,171000.0,2.433798125013709,,419.1431927027944,483.32730052609276
exp_001,ACO_n30_inst2_run0,base,200,6000,180000.0,2.5489594590035267,,419.1431927027944,492.1814482705502
exp_001,ACO_n30_inst2_run0,base,210,6300,189000.0,2.6634598749806173,,419.1431927027944,497.3723174709626
exp_001,ACO_n30_inst2_run0,base,220,6600,198000.0,2.7779983750078827,,419.1431927027944,467.00539320228586
exp_001,ACO_n30_inst2_run0,base,230,6900,207000.0,2.89203066698974,,406.34966785914094,481.53477753824603
exp_001,ACO_n30_inst2_run0,base,240,7200,216000.0,3.0061159169999883,,406.34966785914094,490.0744180445346
exp_001,ACO_n30_inst2_run0,base,250,7500,225000.0,3.120687916991301,,406.34966785914094,518.3253587973682
exp_001,ACO_n30_inst2_run0,base,260,7800,234000.0,3.237847584008705,,406.34966785914094,410.35826869390604
exp_001,ACO_n30_inst2_run0,base,270,8100,243000.0,3.352539292012807,,406.34966785914094,477.2637556735857
exp_001,ACO_n30_inst2_run0,base,280,8400,252000.0,3.4674612089875154,,406.34966785914094,469.13223615484657
exp_001,ACO_n30_inst2_run0,base,290,8700,261000.0,3.582850791979581,,406.34966785914094,497.02826602332624
exp_001,ACO_n30_inst2_run0,base,300,9000,270000.0,3.699021417007316,,406.34966785914094,455.4915806921789
exp_001,ACO_n30_inst2_run0,base,310,9300,279000.0,3.8135227920138277,,406.34966785914094,487.63836783867214
exp_001,ACO_n30_inst2_run0,base,320,9600,288000.0,3.9289415000239387,,406.34966785914094,434.8177825805861
exp_001,ACO_n30_inst2_run0,base,330,9900,297000.0,4.04430983401835,,406.34966785914094,461.4050519862267
exp_001,ACO_n30_inst2_run0,base,340,10200,306000.0,4.159877875004895,,406.34966785914094,507.4704241434291
exp_001,ACO_n30_inst2_run0,base,350,10500,315000.0,4.27657350001391,,406.34966785914094,511.7431379872098
exp_001,ACO_n30_inst2_run0,base,360,10800,324000.0,4.393773542018607,,406.34966785914094,504.26978811291633
exp_001,ACO_n30_inst2_run0,base,370,11100,333000.0,4.509197584004141,,406.34966785914094,457.09474904315937
exp_001,ACO_n30_inst2_run0,base,380,11400,342000.0,4.624307084013708,,406.34966785914094,510.3226899782435
exp_001,ACO_n30_inst2_run0,base,390,11700,351000.0,4.7405430839862674,,406.34966785914094,496.0542351115298
exp_001,ACO_n30_inst2_run0,base,400,12000,360000.0,4.856546125025488,,406.34966785914094,483.1851345989527
exp_001,ACO_n30_inst2_run0,base,410,12300,369000.0,5.018888042017352,,406.34966785914094,486.7875983736924
exp_001,ACO_n30_inst2_run0,base,420,12600,378000.0,5.1367672919877805,,406.34966785914094,488.3655116469539
exp_001,ACO_n30_inst2_run0,base,430,12900,387000.0,5.254895458987448,,406.34966785914094,487.2993264313723
exp_001,ACO_n30_inst2_run0,base,440,13200,396000.0,5.376834416994825,,406.34966785914094,439.3320963422643
exp_001,ACO_n30_inst2_run0,base,450,13500,405000.0,5.551424917008262,,406.34966785914094,502.2372436305246
exp_001,ACO_n30_inst2_run0,base,460,13800,414000.0,5.669747749983799,,406.34966785914094,490.09517726930795
exp_001,ACO_n30_inst2_run0,base,470,14100,423000.0,5.78877637500409,,406.34966785914094,446.31000626730355
exp_001,ACO_n30_inst2_run0,base,480,14400,432000.0,5.905421625007875,,404.4220706516928,404.4220706516928
exp_001,ACO_n30_inst2_run0,base,490,14700,441000.0,6.031194749986753,,404.4220706516928,486.99455136040234
exp_001,ACO_n30_inst2_run0,base,500,15000,450000.0,6.1974264170276,,404.4220706516928,425.67923389617374
exp_001,ACO_n30_inst2_run0,base,510,15300,459000.0,6.3143440000130795,,404.4220706516928,472.25284167830887
exp_001,ACO_n30_inst2_run0,base,520,15600,468000.0,6.431899834016804,,404.4220706516928,478.87493177615187
exp_001,ACO_n30_inst2_run0,base,530,15900,477000.0,6.594145416980609,,404.4220706516928,429.0470744928551
exp_001,ACO_n30_inst2_run0,base,540,16200,486000.0,6.779809667030349,,404.4220706516928,511.62369910806063
exp_001,ACO_n30_inst2_run0,base,550,16500,495000.0,6.954143750015646,,404.4220706516928,469.4855140615699
exp_001,ACO_n30_inst2_run0,base,560,16800,504000.0,7.10356945899548,,404.4220706516928,457.174766966355
exp_001,ACO_n30_inst2_run0,base,570,17100,513000.0,7.221394416992553,,404.4220706516928,449.6477000217528
exp_001,ACO_n30_inst2_run0,base,580,17400,522000.0,7.338995583995711,,404.4220706516928,470.99758563019145
exp_001,ACO_n30_inst2_run0,base,590,17700,531000.0,7.454957999987528,,404.4220706516928,461.9222437058517
exp_001,ACO_n30_inst2_run0,base,600,18000,540000.0,7.569998542021494,,404.4220706516928,486.7586397870114
exp_001,ACO_n30_inst2_run0,base,610,18300,549000.0,7.686287791992072,,404.4220706516928,454.3133478244454
exp_001,ACO_n30_inst2_run0,base,620,18600,558000.0,7.8024495000136085,,404.4220706516928,484.33374552818555
exp_001,ACO_n30_inst2_run0,base,630,18900,567000.0,7.92236808402231,,404.4220706516928,437.7067357680507
exp_001,ACO_n30_inst2_run0,base,640,19200,576000.0,8.038879500003532,,404.4220706516928,504.73899316758735
exp_001,ACO_n30_inst2_run0,base,650,19500,585000.0,8.159874417004175,,404.4220706516928,475.52934769598664
exp_001,ACO_n30_inst2_run0,base,660,19800,594000.0,8.275668125017546,,404.4220706516928,498.8162289832543
exp_001,ACO_n30_inst2_run0,base,670,20100,603000.0,8.392041667015292,,404.4220706516928,476.2500950563083
exp_001,ACO_n30_inst2_run0,base,680,20400,612000.0,8.50802254199516,,404.4220706516928,445.38794388919774
exp_001,ACO_n30_inst2_run0,base,690,20700,621000.0,8.624148084025364,,404.4220706516928,470.6472408052929
exp_001,ACO_n30_inst2_run0,base,700,21000,630000.0,8.740224084001966,,404.4220706516928,517.856526325818
exp_001,ACO_n30_inst2_run0,base,710,21300,639000.0,8.862405834021047,,404.4220706516928,489.48175350177695
exp_001,ACO_n30_inst2_run0,base,720,21600,648000.0,9.009108208992984,,404.4220706516928,513.302048060973
exp_001,ACO_n30_inst2_run0,base,730,21900,657000.0,9.127552999998443,,404.4220706516928,446.72033392056835
exp_001,ACO_n30_inst2_run0,base,740,22200,666000.0,9.245257916976698,,404.4220706516928,484.1741624217288
exp_001,ACO_n30_inst2_run0,base,750,22500,675000.0,9.361726667033508,,404.4220706516928,490.8966820622359
exp_001,ACO_n30_inst2_run0,base,760,22800,684000.0,9.47895487502683,,404.4220706516928,444.97411583349714
exp_001,ACO_n30_inst2_run0,base,770,23100,693000.0,9.595146292005666,,404.4220706516928,509.77005731220584
exp_001,ACO_n30_inst2_run0,base,780,23400,702000.0,9.71008345898008,,404.4220706516928,483.8191873577245
exp_001,ACO_n30_inst2_run0,base,790,23700,711000.0,9.825754459016025,,404.4220706516928,468.16077202176075
exp_001,ACO_n30_inst2_run0,base,800,24000,720000.0,9.943160417024046,,404.4220706516928,496.3827149403252
exp_001,ACO_n30_inst2_run0,base,810,24300,729000.0,10.059215958986897,,404.4220706516928,441.2100641048871
exp_001,ACO_n30_inst2_run0,base,820,24600,738000.0,10.174046333995648,,404.4220706516928,472.7918815404492
exp_001,ACO_n30_inst2_run0,base,830,24900,747000.0,10.291290374996606,,404.4220706516928,509.16310908212165
exp_001,ACO_n30_inst2_run0,base,840,25200,756000.0,10.406408792012371,,404.4220706516928,443.12011563491933
exp_001,ACO_n30_inst2_run0,base,850,25500,765000.0,10.523730874992907,,404.4220706516928,469.47905876542586
exp_001,ACO_n30_inst2_run0,base,860,25800,774000.0,10.639399209001567,,404.4220706516928,477.59304507382734
exp_001,ACO_n30_inst2_run0,base,870,26100,783000.0,10.75472179200733,,404.4220706516928,484.1864312611458
exp_001,ACO_n30_inst2_run0,base,880,26400,792000.0,10.869994291977491,,404.4220706516928,494.6469752020794
exp_001,ACO_n30_inst2_run0,base,890,26700,801000.0,10.987880291999318,,404.4220706516928,506.0166759483555
exp_001,ACO_n30_inst2_run0,base,900,27000,810000.0,11.102990875020623,,404.4220706516928,478.87062797235865
exp_001,ACO_n30_inst2_run0,base,910,27300,819000.0,11.218669334019069,,404.4220706516928,503.8485024938706
exp_001,ACO_n30_inst2_run0,base,920,27600,828000.0,11.334557834023144,,404.4220706516928,460.13582241546516
exp_001,ACO_n30_inst2_run0,base,930,27900,837000.0,11.450478499988094,,404.4220706516928,497.68510426214755
exp_001,ACO_n30_inst2_run0,base,940,28200,846000.0,11.567151291994378,,404.4220706516928,439.713080672935
exp_001,ACO_n30_inst2_run0,base,950,28500,855000.0,11.682150167005602,,404.4220706516928,504.94688392014734
exp_001,ACO_n30_inst2_run0,base,960,28800,864000.0,11.800926875032019,,404.4220706516928,439.71586421025813
exp_001,ACO_n30_inst2_run0,base,970,29100,873000.0,11.939589541987516,,404.4220706516928,535.1632847742095
exp_001,ACO_n30_inst2_run0,base,980,29400,882000.0,12.077428792021237,,404.4220706516928,489.61071485565907
exp_001,ACO_n30_inst2_run0,base,990,29700,891000.0,12.21333225001581,,404.4220706516928,461.8539194749149
exp_001,ACO_n30_inst2_run0,base,1000,30000,900000.0,12.325733167002909,,404.4220706516928,491.1634320174053
exp_001,ACO_n30_inst2_run0,base,1010,30300,909000.0,12.43721150001511,,404.4220706516928,489.28646654988876
exp_001,ACO_n30_inst2_run0,base,1020,30600,918000.0,12.54830658400897,,404.4220706516928,453.429290227837
exp_001,ACO_n30_inst2_run0,base,1030,30900,927000.0,12.66033583402168,,404.4220706516928,475.10931146808105
exp_001,ACO_n30_inst2_run0,base,1040,31200,936000.0,12.824531583988573,,404.4220706516928,466.4392606393116
exp_001,ACO_n30_inst2_run0,base,1050,31500,945000.0,12.935788709030021,,404.4220706516928,520.1946697420942
exp_001,ACO_n30_inst2_run0,base,1060,31800,954000.0,13.046956375008449,,404.4220706516928,492.459492406845
exp_001,ACO_n30_inst2_run0,base,1070,32100,963000.0,13.158493208989967,,404.4220706516928,498.14456855169743
exp_001,ACO_n30_inst2_run0,base,1080,32400,972000.0,13.2709967920091,,404.4220706516928,513.1065877316834
exp_001,ACO_n30_inst2_run0,base,1090,32700,981000.0,13.382185959024355,,404.4220706516928,516.1432446635363
exp_001,ACO_n30_inst2_run0,base,1100,33000,990000.0,13.493211209017318,,404.4220706516928,474.2088362092081
exp_001,ACO_n30_inst2_run0,base,1110,33300,999000.0,13.604281542007811,,404.4220706516928,506.35883426553244
exp_001,ACO_n30_inst2_run0,base,1120,33600,1008000.0,13.717392667022068,,404.4220706516928,496.60509648116005
exp_001,ACO_n30_inst2_run0,base,1130,33900,1017000.0,13.829357958980836,,404.4220706516928,457.51096510241376
exp_001,ACO_n30_inst2_run0,base,1140,34200,1026000.0,13.940541209012736,,404.4220706516928,480.1747346861037
exp_001,ACO_n30_inst2_run0,base,1150,34500,1035000.0,14.052007084013894,,404.4220706516928,481.9001024038039
exp_001,ACO_n30_inst2_run0,base,1160,34800,1044000.0,14.171021374990232,,404.4220706516928,481.31890442307713
exp_001,ACO_n30_inst2_run0,base,1170,35100,1053000.0,14.291262459009886,,404.4220706516928,496.8729802561451
exp_001,ACO_n30_inst2_run0,base,1180,35400,1062000.0,14.40400329203112,,404.4220706516928,503.74082958090077
exp_001,ACO_n30_inst2_run0,base,1190,35700,1071000.0,14.515628624998499,,404.4220706516928,473.858115768768
exp_001,ACO_n30_inst2_run0,base,1200,36000,1080000.0,14.627834249986336,,404.4220706516928,504.3864169846795
exp_001,ACO_n30_inst2_run0,base,1210,36300,1089000.0,14.73886904201936,,404.4220706516928,463.97525439128447
exp_001,ACO_n30_inst2_run0,base,1220,36600,1098000.0,14.851262083975598,,404.4220706516928,491.69436231741037
exp_001,ACO_n30_inst2_run0,base,1230,36900,1107000.0,14.96302987501258,,404.4220706516928,421.79622442191373
exp_001,ACO_n30_inst2_run0,base,1240,37200,1116000.0,15.074366708984599,,404.4220706516928,437.2536090568006
exp_001,ACO_n30_inst2_run0,base,1250,37500,1125000.0,15.185737250023521,,404.4220706516928,420.4616216374041
exp_001,ACO_n30_inst2_run0,base,1260,37800,1134000.0,15.296993291995022,,404.4220706516928,485.650979762651
exp_001,ACO_n30_inst2_run0,base,1270,38100,1143000.0,15.409790374978911,,404.4220706516928,415.8540615186033
exp_001,ACO_n30_inst2_run0,base,1280,38400,1152000.0,15.521265833987854,,404.4220706516928,452.8424984319589
exp_001,ACO_n30_inst2_run0,base,1290,38700,1161000.0,15.632478667015675,,404.4220706516928,483.72503420293424
exp_001,ACO_n30_inst2_run0,base,1300,39000,1170000.0,15.744177834014408,,404.4220706516928,453.47087430330873
exp_001,ACO_n30_inst2_run0,base,1310,39300,1179000.0,15.856501834001392,,404.4220706516928,454.8374529134453
exp_001,ACO_n30_inst2_run0,base,1320,39600,1188000.0,15.967535791976843,,404.4220706516928,452.67696957394577
exp_001,ACO_n30_inst2_run0,base,1330,39900,1197000.0,16.07846679200884,,404.4220706516928,437.1368442716389
exp_001,ACO_n30_inst2_run0,base,1340,40200,1206000.0,16.18989124998916,,404.4220706516928,446.9857826318517
exp_001,ACO_n30_inst2_run0,base,1350,40500,1215000.0,16.30127833399456,,404.4220706516928,466.52937828257956
exp_001,ACO_n30_inst2_run0,base,1360,40800,1224000.0,16.414009250001982,,404.4220706516928,444.44386834773445
exp_001,ACO_n30_inst2_run0,base,1370,41100,1233000.0,16.52543808397604,,404.4220706516928,434.068209962484
exp_001,ACO_n30_inst2_run0,base,1380,41400,1242000.0,16.636762084031943,,404.4220706516928,465.49961315695066
exp_001,ACO_n30_inst2_run0,base,1390,41700,1251000.0,16.74812737503089,,404.4220706516928,471.80105173146586
exp_001,ACO_n30_inst2_run0,base,1400,42000,1260000.0,16.86021958402125,,404.4220706516928,478.3186621587876
exp_001,ACO_n30_inst2_run0,base,1410,42300,1269000.0,16.97177995898528,,404.4220706516928,445.05608518475645
exp_001,ACO_n30_inst2_run0,base,1420,42600,1278000.0,17.084098750026897,,404.4220706516928,454.4855228769153
exp_001,ACO_n30_inst2_run0,base,1430,42900,1287000.0,17.195417125010863,,404.4220706516928,518.7327113801973
exp_001,ACO_n30_inst2_run0,base,1440,43200,1296000.0,17.306742042012047,,404.4220706516928,442.1565786341825
exp_001,ACO_n30_inst2_run0,base,1450,43500,1305000.0,17.41924029198708,,404.4220706516928,491.5517894515416
exp_001,ACO_n30_inst2_run0,base,1460,43800,1314000.0,17.530305167019833,,404.4220706516928,464.49545623451326
exp_001,ACO_n30_inst2_run0,base,1470,44100,1323000.0,17.641413667006418,,404.4220706516928,451.7431767370696
exp_001,ACO_n30_inst2_run0,base,1480,44400,1332000.0,17.752469709026627,,404.4220706516928,521.4336920307708
exp_001,ACO_n30_inst2_run0,base,1490,44700,1341000.0,17.864107709028758,,404.4220706516928,500.84310928668714
exp_001,ACO_n30_inst2_run0,base,1500,45000,1350000.0,17.975624250015244,,404.4220706516928,487.2066348742175
exp_001,ACO_n30_inst2_run0,base,1510,45300,1359000.0,18.08649845898617,,404.4220706516928,488.97540630399027
exp_001,ACO_n30_inst2_run0,base,1520,45600,1368000.0,18.197963042010088,,404.4220706516928,464.0449466671128
exp_001,ACO_n30_inst2_run0,base,1530,45900,1377000.0,18.30914374999702,,404.4220706516928,535.000085156594
exp_001,ACO_n30_inst2_run0,base,1540,46200,1386000.0,18.42191408399958,,404.4220706516928,482.85992598204854
exp_001,ACO_n30_inst2_run0,base,1550,46500,1395000.0,18.533018000016455,,404.4220706516928,463.6548515256551
exp_001,ACO_n30_inst2_run0,base,1560,46800,1404000.0,18.643845417012926,,404.4220706516928,481.39952779992365
exp_001,ACO_n30_inst2_run0,base,1570,47100,1413000.0,18.754981875012163,,404.4220706516928,489.6080010993426
exp_001,ACO_n30_inst2_run0,base,1580,47400,1422000.0,18.867308166984003,,404.4220706516928,498.44649373027755
exp_001,ACO_n30_inst2_run0,base,1590,47700,1431000.0,18.979868624999654,,404.4220706516928,465.7741580847608
exp_001,ACO_n30_inst2_run0,base,1600,48000,1440000.0,19.09101216698764,,404.4220706516928,477.4978286796462
exp_001,ACO_n30_inst2_run0,base,1610,48300,1449000.0,19.225044834020082,,404.4220706516928,477.59015064485556
exp_001,ACO_n30_inst2_run0,base,1620,48600,1458000.0,19.35185974999331,,404.4220706516928,471.98186294025453
exp_001,ACO_n30_inst2_run0,base,1630,48900,1467000.0,19.46692933398299,,404.4220706516928,466.96422919955705
exp_001,ACO_n30_inst2_run0,base,1640,49200,1476000.0,19.578572375001386,,404.4220706516928,470.4320225645453
exp_001,ACO_n30_inst2_run0,base,1650,49500,1485000.0,19.69624695897801,,404.4220706516928,466.00074393505326
exp_001,ACO_n30_inst2_run0,base,1660,49800,1494000.0,19.838708250026684,,404.4220706516928,471.4196438635269
exp_001,ACO_n30_inst2_run1,base,0,0,0.0,1.374981366097927e-06,,inf,inf
exp_001,ACO_n30_inst2_run1,base,10,300,9000.0,0.11280058400006965,,598.6949671092958,600.8009928001655
exp_001,ACO_n30_inst2_run1,base,20,600,18000.0,0.22460391698405147,,465.4489620787294,553.7155409810829
exp_001,ACO_n30_inst2_run1,base,30,900,27000.0,0.33558679197449237,,440.5706431754322,491.5543992192106
exp_001,ACO_n30_inst2_run1,base,40,1200,36000.0,0.4466328749549575,,440.5706431754322,474.5901614103537
exp_001,ACO_n30_inst2_run1,base,50,1500,45000.0,0.5593086250009947,,440.5706431754322,563.3033034230053
exp_001,ACO_n30_inst2_run1,base,60,1800,54000.0,0.670387583959382,,432.54227906139715,511.00121792357453
exp_001,ACO_n30_inst2_run1,base,70,2100,63000.0,0.7814240419538692,,432.54227906139715,548.5965095428062
exp_001,ACO_n30_inst2_run1,base,80,2400,72000.0,0.89226900000358,,432.54227906139715,494.09276034760853
exp_001,ACO_n30_inst2_run1,base,90,2700,81000.0,1.004466374986805,,432.54227906139715,444.18663548679643
exp_001,ACO_n30_inst2_run1,base,100,3000,90000.0,1.1157933750073425,,410.35826869390604,458.2529189921312
exp_001,ACO_n30_inst2_run1,base,110,3300,99000.0,1.227622042002622,,410.35826869390604,498.353421005286
exp_001,ACO_n30_inst2_run1,base,120,3600,108000.0,1.3389335839892738,,410.35826869390604,440.0809252224848
exp_001,ACO_n30_inst2_run1,base,130,3900,117000.0,1.4498366249608807,,410.35826869390604,451.3846210807513
exp_001,ACO_n30_inst2_run1,base,140,4200,126000.0,1.5626161249820143,,410.35826869390604,461.065931065764
exp_001,ACO_n30_inst2_run1,base,150,4500,135000.0,1.673304249998182,,410.35826869390604,459.6546578115046
exp_001,ACO_n30_inst2_run1,base,160,4800,144000.0,1.7841817919979803,,410.35826869390604,512.1365215239712
exp_001,ACO_n30_inst2_run1,base,170,5100,153000.0,1.8953253339859657,,410.35826869390604,486.06330938361333
exp_001,ACO_n30_inst2_run1,base,180,5400,162000.0,2.0078369170078076,,410.35826869390604,462.62434716102223
exp_001,ACO_n30_inst2_run1,base,190,5700,171000.0,2.1188160000019707,,410.35826869390604,460.3942749087005
exp_001,ACO_n30_inst2_run1,base,200,6000,180000.0,2.2297524999594316,,410.35826869390604,482.6353922374646
exp_001,ACO_n30_inst2_run1,base,210,6300,189000.0,2.3436356249731034,,410.35826869390604,505.9807054954575
exp_001,ACO_n30_inst2_run1,base,220,6600,198000.0,2.4606267089839093,,410.35826869390604,473.2091824658097
exp_001,ACO_n30_inst2_run1,base,230,6900,207000.0,2.57468754198635,,410.35826869390604,449.09069444922983
exp_001,ACO_n30_inst2_run1,base,240,7200,216000.0,2.68707349995384,,410.35826869390604,476.7100509855769
exp_001,ACO_n30_inst2_run1,base,250,7500,225000.0,2.800101624976378,,410.35826869390604,488.1814021049838
exp_001,ACO_n30_inst2_run1,base,260,7800,234000.0,2.9113127919845283,,410.35826869390604,505.6332167975203
exp_001,ACO_n30_inst2_run1,base,270,8100,243000.0,3.023473749984987,,404.4220706516929,459.4364036248039
exp_001,ACO_n30_inst2_run1,base,280,8400,252000.0,3.134160958987195,,404.4220706516929,472.7293696051874
exp_001,ACO_n30_inst2_run1,base,290,8700,261000.0,3.244992708961945,,404.4220706516929,471.9562899214266
exp_001,ACO_n30_inst2_run1,base,300,9000,270000.0,3.3556507919565775,,404.4220706516929,426.70546785689993
exp_001,ACO_n30_inst2_run1,base,310,9300,279000.0,3.466244666953571,,404.4220706516929,452.9657392635894
exp_001,ACO_n30_inst2_run1,base,320,9600,288000.0,3.578651458956301,,404.4220706516929,512.4750705959885
exp_001,ACO_n30_inst2_run1,base,330,9900,297000.0,3.6893436249811202,,404.4220706516929,447.5927453281471
exp_001,ACO_n30_inst2_run1,base,340,10200,306000.0,3.8186077089631,,404.4220706516929,509.5808546620925
exp_001,ACO_n30_inst2_run1,base,350,10500,315000.0,3.9418451249948703,,404.4220706516929,518.1812706441561
exp_001,ACO_n30_inst2_run1,base,360,10800,324000.0,4.06013100000564,,404.4220706516929,507.19754291764053
exp_001,ACO_n30_inst2_run1,base,370,11100,333000.0,4.173178999975789,,404.4220706516929,494.59198830373896
exp_001,ACO_n30_inst2_run1,base,380,11400,342000.0,4.284628249995876,,404.4220706516929,443.716581204523
exp_001,ACO_n30_inst2_run1,base,390,11700,351000.0,4.39604787499411,,404.4220706516929,481.5423890753475
exp_001,ACO_n30_inst2_run1,base,400,12000,360000.0,4.509106334007811,,404.4220706516929,454.6911111482553
exp_001,ACO_n30_inst2_run1,base,410,12300,369000.0,4.61999954195926,,404.4220706516929,464.33896806527576
exp_001,ACO_n30_inst2_run1,base,420,12600,378000.0,4.730865249992348,,404.4220706516929,478.11985283356705
exp_001,ACO_n30_inst2_run1,base,430,12900,387000.0,4.841722124954686,,404.4220706516929,486.2370621658686
exp_001,ACO_n30_inst2_run1,base,440,13200,396000.0,4.952586916973814,,404.4220706516929,456.61823857942187
exp_001,ACO_n30_inst2_run1,base,450,13500,405000.0,5.064785083988681,,404.4220706516929,433.013440295893
exp_001,ACO_n30_inst2_run1,base,460,13800,414000.0,5.175597583991475,,404.4220706516929,464.0449466671128
exp_001,ACO_n30_inst2_run1,base,470,14100,423000.0,5.286405749968253,,404.4220706516929,466.39342667934886
exp_001,ACO_n30_inst2_run1,base,480,14400,432000.0,5.397155374987051,,404.4220706516929,481.93118342053674
exp_001,ACO_n30_inst2_run1,base,490,14700,441000.0,5.513485791976564,,404.4220706516929,501.33068247160463
exp_001,ACO_n30_inst2_run1,base,500,15000,450000.0,5.625874541990925,,404.4220706516929,435.1397331125119
exp_001,ACO_n30_inst2_run1,base,510,15300,459000.0,5.736707250005566,,404.4220706516929,444.17257767362696
exp_001,ACO_n30_inst2_run1,base,520,15600,468000.0,5.847782083961647,,404.4220706516929,443.7165812045231
exp_001,ACO_n30_inst2_run1,base,530,15900,477000.0,5.958913041977212,,404.4220706516929,461.85391947491496
exp_001,ACO_n30_inst2_run1,base,540,16200,486000.0,6.07120083400514,,404.4220706516929,483.6383831107988
exp_001,ACO_n30_inst2_run1,base,550,16500,495000.0,6.183204667002428,,404.4220706516929,457.499804385101
exp_001,ACO_n30_inst2_run1,base,560,16800,504000.0,6.294780249998439,,404.4220706516929,485.92887474931996
exp_001,ACO_n30_inst2_run1,base,570,17100,513000.0,6.4061016669729725,,404.4220706516929,458.7333338083275
exp_001,ACO_n30_inst2_run1,base,580,17400,522000.0,6.518636458960827,,404.4220706516929,437.93609049037394
exp_001,ACO_n30_inst2_run1,base,590,17700,531000.0,6.630111959006172,,404.4220706516929,452.0632055666963
exp_001,ACO_n30_inst2_run1,base,600,18000,540000.0,6.741515083995182,,404.4220706516929,469.9967025291888
exp_001,ACO_n30_inst2_run1,base,610,18300,549000.0,6.852788624993991,,404.4220706516929,470.8286880737572
exp_001,ACO_n30_inst2_run1,base,620,18600,558000.0,6.96375466696918,,404.4220706516929,429.85041407259706
exp_001,ACO_n30_inst2_run1,base,630,18900,567000.0,7.076374874974135,,404.4220706516929,479.857222580085
exp_001,ACO_n30_inst2_run1,base,640,19200,576000.0,7.187994459003676,,404.4220706516929,469.3490008383905
exp_001,ACO_n30_inst2_run1,base,650,19500,585000.0,7.299368749954738,,404.4220706516929,457.4861205011031
exp_001,ACO_n30_inst2_run1,base,660,19800,594000.0,7.41046791698318,,404.4220706516929,469.55765946996536
exp_001,ACO_n30_inst2_run1,base,670,20100,603000.0,7.522927874990273,,404.4220706516929,480.45399533445527
exp_001,ACO_n30_inst2_run1,base,680,20400,612000.0,7.634134791966062,,404.4220706516929,487.8986588448717
exp_001,ACO_n30_inst2_run1,base,690,20700,621000.0,7.745527416991536,,404.4220706516929,514.4071519401905
exp_001,ACO_n30_inst2_run1,base,700,21000,630000.0,7.856676291965414,,404.4220706516929,455.49158069217896
exp_001,ACO_n30_inst2_run1,base,710,21300,639000.0,7.967717541963793,,404.4220706516929,463.9059397517974
exp_001,ACO_n30_inst2_run1,base,720,21600,648000.0,8.08048979198793,,404.4220706516929,444.40993374369884
exp_001,ACO_n30_inst2_run1,base,730,21900,657000.0,8.19160954200197,,404.4220706516929,458.5713106157722
exp_001,ACO_n30_inst2_run1,base,740,22200,666000.0,8.304125749971718,,404.4220706516929,444.0748669603449
exp_001,ACO_n30_inst2_run1,base,750,22500,675000.0,8.41518970899051,,404.4220706516929,455.098451444008
exp_001,ACO_n30_inst2_run1,base,760,22800,684000.0,8.527938583982177,,404.4220706516929,436.00634729255273
exp_001,ACO_n30_inst2_run1,base,770,23100,693000.0,8.639124874956906,,404.4220706516929,489.0714152130184
exp_001,ACO_n30_inst2_run1,base,780,23400,702000.0,8.749993167002685,,404.4220706516929,431.0858430884452
exp_001,ACO_n30_inst2_run1,base,790,23700,711000.0,8.861437583982479,,404.4220706516929,512.1258286804419
exp_001,ACO_n30_inst2_run1,base,800,24000,720000.0,8.972860666981433,,404.4220706516929,446.1686569040047
exp_001,ACO_n30_inst2_run1,base,810,24300,729000.0,9.085498499975074,,404.4220706516929,431.76959997167063
exp_001,ACO_n30_inst2_run1,base,820,24600,738000.0,9.19667124998523,,404.4220706516929,480.19973628437833
exp_001,ACO_n30_inst2_run1,base,830,24900,747000.0,9.339124833990354,,404.4220706516929,473.73472962634236
exp_001,ACO_n30_inst2_run1,base,840,25200,756000.0,9.475840833969414,,404.4220706516929,460.9349387964671
exp_001,ACO_n30_inst2_run1,base,850,25500,765000.0,9.591685249994043,,404.4220706516929,460.95426974849795
exp_001,ACO_n30_inst2_run1,base,860,25800,774000.0,9.703951791976579,,404.4220706516929,453.429290227837
exp_001,ACO_n30_inst2_run1,base,870,26100,783000.0,9.815044749993831,,404.4220706516929,439.5276044676948
exp_001,ACO_n30_inst2_run1,base,880,26400,792000.0,9.926179083995521,,404.4220706516929,461.6846239655715
exp_001,ACO_n30_inst2_run1,base,890,26700,801000.0,10.039141999965068,,404.4220706516929,497.6512099930838
exp_001,ACO_n30_inst2_run1,base,900,27000,810000.0,10.150517583999317,,404.4220706516929,484.38444275518543
exp_001,ACO_n30_inst2_run1,base,910,27300,819000.0,10.261980874987785,,404.4220706516929,471.16289487645076
exp_001,ACO_n30_inst2_run1,base,920,27600,828000.0,10.393031708954368,,404.4220706516929,495.31238738486326
exp_001,ACO_n30_inst2_run1,base,930,27900,837000.0,10.507128833967727,,404.4220706516929,494.57927052947144
exp_001,ACO_n30_inst2_run1,base,940,28200,846000.0,10.62081341695739,,404.4220706516929,492.76801448545586
exp_001,ACO_n30_inst2_run1,base,950,28500,855000.0,10.732043500000145,,404.4220706516929,476.3905732183437
exp_001,ACO_n30_inst2_run1,base,960,28800,864000.0,10.873996083973907,,404.4220706516929,492.34188963158294
exp_001,ACO_n30_inst2_run1,base,970,29100,873000.0,11.022285124985501,,404.4220706516929,463.36861626056594
exp_001,ACO_n30_inst2_run1,base,980,29400,882000.0,11.141687833995093,,404.4220706516929,512.002190463084
exp_001,ACO_n30_inst2_run1,base,990,29700,891000.0,11.255412041966338,,404.4220706516929,506.5138886260472
exp_001,ACO_n30_inst2_run1,base,1000,30000,900000.0,11.366840499977116,,404.4220706516929,493.0237571395844
exp_001,ACO_n30_inst2_run1,base,1010,30300,909000.0,11.47804991697194,,404.4220706516929,502.0718014189055
exp_001,ACO_n30_inst2_run1,base,1020,30600,918000.0,11.588918041961733,,404.4220706516929,475.86107397163414
exp_001,ACO_n30_inst2_run1,base,1030,30900,927000.0,11.701763791963458,,404.4220706516929,468.17459764803107
exp_001,ACO_n30_inst2_run1,base,1040,31200,936000.0,11.812980416987557,,404.4220706516929,485.04537333352096
exp_001,ACO_n30_inst2_run1,base,1050,31500,945000.0,11.92407720896881,,404.4220706516929,514.16611909494
exp_001,ACO_n30_inst2_run1,base,1060,31800,954000.0,12.035262916993815,,404.4220706516929,476.42822906101935
exp_001,ACO_n30_inst2_run1,base,1070,32100,963000.0,12.147859249962494,,404.4220706516929,500.1419842072284
exp_001,ACO_n30_inst2_run1,base,1080,32400,972000.0,12.259082500007935,,404.4220706516929,510.48849668084046
exp_001,ACO_n30_inst2_run1,base,1090,32700,981000.0,12.370397124963347,,404.4220706516929,475.13813161744616
exp_001,ACO_n30_inst2_run1,base,1100,33000,990000.0,12.4817432090058,,404.4220706516929,475.6829542937791
exp_001,ACO_n30_inst2_run1,base,1110,33300,999000.0,12.593076333985664,,404.4220706516929,446.69930252598994
exp_001,ACO_n30_inst2_run1,base,1120,33600,1008000.0,12.706347375002224,,404.4220706516929,517.9821419277744
exp_001,ACO_n30_inst2_run1,base,1130,33900,1017000.0,12.818860166997183,,404.4220706516929,483.7291571020312
exp_001,ACO_n30_inst2_run1,base,1140,34200,1026000.0,12.9337141669821,,404.4220706516929,483.22426476142186
exp_001,ACO_n30_inst2_run1,base,1150,34500,1035000.0,13.048862458963413,,404.4220706516929,418.29138780693495
exp_001,ACO_n30_inst2_run1,base,1160,34800,1044000.0,13.162696833955124,,404.4220706516929,461.85391947491485
exp_001,ACO_n30_inst2_run1,base,1170,35100,1053000.0,13.275956083962228,,404.4220706516929,489.5386356288192
exp_001,ACO_n30_inst2_run1,base,1180,35400,1062000.0,13.38741799996933,,404.4220706516929,503.7682851286162
exp_001,ACO_n30_inst2_run1,base,1190,35700,1071000.0,13.49866091698641,,404.4220706516929,412.87169464456434
exp_001,ACO_n30_inst2_run1,base,1200,36000,1080000.0,13.609826166997664,,404.4220706516929,481.4754320720852
exp_001,ACO_n30_inst2_run1,base,1210,36300,1089000.0,13.723476624989416,,404.4220706516929,477.85595375132135
exp_001,ACO_n30_inst2_run1,base,1220,36600,1098000.0,13.935991874954198,,404.4220706516929,490.4282098248572
exp_001,ACO_n30_inst2_run1,base,1230,36900,1107000.0,14.05227812496014,,404.4220706516929,506.85715313575446
exp_001,ACO_n30_inst2_run1,base,1240,37200,1116000.0,14.169085667002946,,404.4220706516929,487.5395328084259
exp_001,ACO_n30_inst2_run1,base,1250,37500,1125000.0,14.28300495899748,,404.4220706516929,488.4953969299901
exp_001,ACO_n30_inst2_run1,base,1260,37800,1134000.0,14.425367499992717,,404.4220706516929,481.0866908535208
exp_001,ACO_n30_inst2_run1,base,1270,38100,1143000.0,14.55399316700641,,404.4220706516929,425.4650255683528
exp_001,ACO_n30_inst2_run1,base,1280,38400,1152000.0,14.66751508397283,,404.4220706516929,466.00074393505326
exp_001,ACO_n30_inst2_run1,base,1290,38700,1161000.0,14.780866083980072,,404.4220706516929,476.103803852632
exp_001,ACO_n30_inst2_run1,base,1300,39000,1170000.0,14.891870124964043,,404.4220706516929,462.6047900384141
exp_001,ACO_n30_inst2_run1,base,1310,39300,1179000.0,15.003236916963942,,404.4220706516929,412.3248038355208
exp_001,ACO_n30_inst2_run1,base,1320,39600,1188000.0,15.114548791956622,,404.4220706516929,505.5185437961312
exp_001,ACO_n30_inst2_run1,base,1330,39900,1197000.0,15.227320124977268,,404.4220706516929,517.1836127456158
exp_001,ACO_n30_inst2_run1,base,1340,40200,1206000.0,15.338723333959933,,404.4220706516929,478.92465849193803
exp_001,ACO_n30_inst2_run1,base,1350,40500,1215000.0,15.44967879197793,,404.4220706516929,502.79088054259466
exp_001,ACO_n30_inst2_run1,base,1360,40800,1224000.0,15.560858458979055,,404.4220706516929,471.8105561485158
exp_001,ACO_n30_inst2_run1,base,1370,41100,1233000.0,15.671965916990303,,404.4220706516929,495.8786652246175
exp_001,ACO_n30_inst2_run1,base,1380,41400,1242000.0,15.784877708996646,,404.4220706516929,476.4369063926227
exp_001,ACO_n30_inst2_run1,base,1390,41700,1251000.0,15.896161916956771,,404.4220706516929,485.33842411333677
exp_001,ACO_n30_inst2_run1,base,1400,42000,1260000.0,16.007696874963585,,404.4220706516929,497.5247693771652
exp_001,ACO_n30_inst2_run1,base,1410,42300,1269000.0,16.18015795899555,,404.4220706516929,513.6048086554545
exp_001,ACO_n30_inst2_run1,base,1420,42600,1278000.0,16.293251541967038,,404.4220706516929,489.4071094449083
exp_001,ACO_n30_inst2_run1,base,1430,42900,1287000.0,16.404696833982598,,404.4220706516929,462.99352827321206
exp_001,ACO_n30_inst2_run1,base,1440,43200,1296000.0,16.515689874999225,,404.4220706516929,447.4633230724706
exp_001,ACO_n30_inst2_run1,base,1450,43500,1305000.0,16.626979083986953,,404.4220706516929,496.25336485323766
exp_001,ACO_n30_inst2_run1,base,1460,43800,1314000.0,16.739663291955367,,404.4220706516929,461.065931065764
exp_001,ACO_n30_inst2_run1,base,1470,44100,1323000.0,16.85109608399216,,404.4220706516929,448.91337983929964
exp_001,ACO_n30_inst2_run1,base,1480,44400,1332000.0,16.962584124994464,,404.4220706516929,465.0091048924665
exp_001,ACO_n30_inst2_run1,base,1490,44700,1341000.0,17.073765166976955,,404.4220706516929,522.0770313901381
exp_001,ACO_n30_inst2_run1,base,1500,45000,1350000.0,17.18540929199662,,404.4220706516929,491.7620045705081
exp_001,ACO_n30_inst2_run1,base,1510,45300,1359000.0,17.298382584005594,,404.4220706516929,459.95679247884163
exp_001,ACO_n30_inst2_run1,base,1520,45600,1368000.0,17.409703459008597,,404.4220706516929,487.6969385895895
exp_001,ACO_n30_inst2_run1,base,1530,45900,1377000.0,17.52060295897536,,404.4220706516929,474.06650545696687
exp_001,ACO_n30_inst2_run1,base,1540,46200,1386000.0,17.631638708990067,,404.4220706516929,491.7327990481316
exp_001,ACO_n30_inst2_run1,base,1550,46500,1395000.0,17.744099458970595,,404.4220706516929,464.99798170152894
exp_001,ACO_n30_inst2_run1,base,1560,46800,1404000.0,17.855199499987066,,404.4220706516929,442.54262516860643
exp_001,ACO_n30_inst2_run1,base,1570,47100,1413000.0,17.967655583983287,,404.4220706516929,463.00639967979475
exp_001,ACO_n30_inst2_run1,base,1580,47400,1422000.0,18.078962291998323,,404.4220706516929,466.3819495003708
exp_001,ACO_n30_inst2_run1,base,1590,47700,1431000.0,18.19058125000447,,404.4220706516929,457.61217885095056
exp_001,ACO_n30_inst2_run1,base,1600,48000,1440000.0,18.30334604199743,,404.4220706516929,442.53257672316954
exp_001,ACO_n30_inst2_run1,base,1610,48300,1449000.0,18.414697250002064,,404.4220706516929,493.0882968104271
exp_001,ACO_n30_inst2_run1,base,1620,48600,1458000.0,18.52618329197867,,404.4220706516928,404.4220706516928
exp_001,ACO_n30_inst2_run1,base,1630,48900,1467000.0,18.637840583978686,,404.4220706516928,467.3708839510772
exp_001,ACO_n30_inst2_run1,base,1640,49200,1476000.0,18.750111916975584,,404.4220706516928,444.69599924486585
exp_001,ACO_n30_inst2_run1,base,1650,49500,1485000.0,18.861413209000602,,404.4220706516928,459.7738058682376
exp_001,ACO_n30_inst2_run1,base,1660,49800,1494000.0,18.980321166978683,,404.4220706516928,426.69150248493423
exp_001,ACO_n30_inst2_run2,base,0,0,0.0,1.6249832697212696e-06,,inf,inf
exp_001,ACO_n30_inst2_run2,base,10,300,9000.0,0.12758629099698737,,522.3901174884695,522.3901174884695
exp_001,ACO_n30_inst2_run2,base,20,600,18000.0,0.242003790976014,,487.92312118636875,487.92312118636875
exp_001,ACO_n30_inst2_run2,base,30,900,27000.0,0.35377950000111014,,432.7175705599049,457.87402463173197
exp_001,ACO_n30_inst2_run2,base,40,1200,36000.0,0.5065249580075033,,432.7175705599049,499.1535015895646
exp_001,ACO_n30_inst2_run2,base,50,1500,45000.0,0.6194946249597706,,432.7175705599049,496.129371036163
exp_001,ACO_n30_inst2_run2,base,60,1800,54000.0,0.7335237909574062,,432.7175705599049,484.5889070049431
exp_001,ACO_n30_inst2_run2,base,70,2100,63000.0,0.8447467079968192,,432.7175705599049,541.3657092460655
exp_001,ACO_n30_inst2_run2,base,80,2400,72000.0,0.9557193749933504,,432.7175705599049,483.18413446799815
exp_001,ACO_n30_inst2_run2,base,90,2700,81000.0,1.0664490410126746,,424.56381630302155,466.24385106968197
exp_001,ACO_n30_inst2_run2,base,100,3000,90000.0,1.1790867079980671,,412.8716946445644,412.87169464456446
exp_001,ACO_n30_inst2_run2,base,110,3300,99000.0,1.290034583013039,,412.8716946445644,497.7051495501539
exp_001,ACO_n30_inst2_run2,base,120,3600,108000.0,1.4005399160087109,,412.8716946445644,505.6648496270118
exp_001,ACO_n30_inst2_run2,base,130,3900,117000.0,1.5113443749723956,,412.8716946445644,493.9856799600061
exp_001,ACO_n30_inst2_run2,base,140,4200,126000.0,1.6219455410027876,,412.8716946445644,488.0108096397173
exp_001,ACO_n30_inst2_run2,base,150,4500,135000.0,1.7350397909758613,,412.8716946445644,475.8098496869467
exp_001,ACO_n30_inst2_run2,base,160,4800,144000.0,1.845865707960911,,412.8716946445644,508.8776342583156
exp_001,ACO_n30_inst2_run2,base,170,5100,153000.0,1.9564289159607142,,412.8716946445644,444.43661748722957
exp_001,ACO_n30_inst2_run2,base,180,5400,162000.0,2.0671530409599654,,412.8716946445644,456.6227715330637
exp_001,ACO_n30_inst2_run2,base,190,5700,171000.0,2.179376374988351,,412.8716946445644,452.38119833295065
exp_001,ACO_n30_inst2_run2,base,200,6000,180000.0,2.290032707969658,,412.8716946445644,418.82263545459165
exp_001,ACO_n30_inst2_run2,base,210,6300,189000.0,2.401069415966049,,412.8716946445644,494.62396811592964
exp_001,ACO_n30_inst2_run2,base,220,6600,198000.0,2.5120229159947485,,412.8716946445644,532.2187872991943
exp_001,ACO_n30_inst2_run2,base,230,6900,207000.0,2.622838083014358,,412.8716946445644,488.990974771751
exp_001,ACO_n30_inst2_run2,base,240,7200,216000.0,2.7351112499600276,,412.8716946445644,459.9085313604127
exp_001,ACO_n30_inst2_run2,base,250,7500,225000.0,2.8456174999591894,,412.8716946445644,485.1682082055518
exp_001,ACO_n30_inst2_run2,base,260,7800,234000.0,2.9563236249960028,,412.8716946445644,452.3708956716238
exp_001,ACO_n30_inst2_run2,base,270,8100,243000.0,3.067140124971047,,412.8716946445644,474.132953271942
exp_001,ACO_n30_inst2_run2,base,280,8400,252000.0,3.1796529999701306,,412.8716946445644,506.4744406259883
exp_001,ACO_n30_inst2_run2,base,290,8700,261000.0,3.290225750009995,,412.8716946445644,498.2938853097316
exp_001,ACO_n30_inst2_run2,base,300,9000,270000.0,3.401086915982887,,409.72080189317234,478.1744407933757
exp_001,ACO_n30_inst2_run2,base,310,9300,279000.0,3.51179812499322,,409.72080189317234,478.46233980354145
exp_001,ACO_n30_inst2_run2,base,320,9600,288000.0,3.6221954579814337,,409.72080189317234,460.5039264840111
exp_001,ACO_n30_inst2_run2,base,330,9900,297000.0,3.734336790977977,,409.72080189317234,412.87169464456434
exp_001,ACO_n30_inst2_run2,base,340,10200,306000.0,3.845027083007153,,404.4220706516929,455.3428097533583
exp_001,ACO_n30_inst2_run2,base,350,10500,315000.0,3.9559740409604274,,404.4220706516929,513.4277855697142
exp_001,ACO_n30_inst2_run2,base,360,10800,324000.0,4.066825040965341,,404.4220706516929,440.547441129285
exp_001,ACO_n30_inst2_run2,base,370,11100,333000.0,4.178861790976953,,404.4220706516929,459.8618061623108
exp_001,ACO_n30_inst2_run2,base,380,11400,342000.0,4.292845249990933,,404.4220706516929,482.69969361091273
exp_001,ACO_n30_inst2_run2,base,390,11700,351000.0,4.407783999980893,,404.4220706516928,469.28764655236887
exp_001,ACO_n30_inst2_run2,base,400,12000,360000.0,4.519953290990088,,404.4220706516928,433.76710956719444
exp_001,ACO_n30_inst2_run2,base,410,12300,369000.0,4.633939749968704,,404.4220706516928,493.38355458649676
exp_001,ACO_n30_inst2_run2,base,420,12600,378000.0,4.746845999965444,,404.4220706516928,465.6941290194816
exp_001,ACO_n30_inst2_run2,base,430,12900,387000.0,4.857645499985665,,404.4220706516928,480.5445090821819
exp_001,ACO_n30_inst2_run2,base,440,13200,396000.0,4.969219915976282,,404.4220706516928,485.43603363151493
exp_001,ACO_n30_inst2_run2,base,450,13500,405000.0,5.080273707979359,,404.4220706516928,464.38699573067913
exp_001,ACO_n30_inst2_run2,base,460,13800,414000.0,5.192584500007797,,404.4220706516928,459.20742813912716
exp_001,ACO_n30_inst2_run2,base,470,14100,423000.0,5.303469540958758,,404.4220706516928,468.80150067309233
exp_001,ACO_n30_inst2_run2,base,480,14400,432000.0,5.416370416001882,,404.4220706516928,422.2707262816119
exp_001,ACO_n30_inst2_run2,base,490,14700,441000.0,5.527964874985628,,404.4220706516928,496.94886358876175
exp_001,ACO_n30_inst2_run2,base,500,15000,450000.0,5.638913707982283,,404.4220706516928,484.67860001708806
exp_001,ACO_n30_inst2_run2,base,510,15300,459000.0,5.751485790999141,,404.4220706516928,486.34726155570877
exp_001,ACO_n30_inst2_run2,base,520,15600,468000.0,5.8625650409958325,,404.4220706516928,479.90850286704836
exp_001,ACO_n30_inst2_run2,base,530,15900,477000.0,6.251520540972706,,404.4220706516928,510.4185741371393
exp_001,ACO_n30_inst2_run2,base,540,16200,486000.0,6.411803958006203,,404.4220706516928,507.15324251298057
exp_001,ACO_n30_inst2_run2,base,550,16500,495000.0,6.53203029098222,,404.4220706516928,519.0055475336978
exp_001,ACO_n30_inst2_run2,base,560,16800,504000.0,6.647938749985769,,404.4220706516928,482.5637476074431
exp_001,ACO_n30_inst2_run2,base,570,17100,513000.0,6.7656160409678705,,404.4220706516928,451.8596159668158
exp_001,ACO_n30_inst2_run2,base,580,17400,522000.0,6.880404540977906,,404.4220706516928,449.93405390780146
exp_001,ACO_n30_inst2_run2,base,590,17700,531000.0,6.993892833008431,,404.4220706516928,462.11734945966475
exp_001,ACO_n30_inst2_run2,base,600,18000,540000.0,7.1100865000044,,404.4220706516928,495.1895823607527
exp_001,ACO_n30_inst2_run2,base,610,18300,549000.0,7.253289082960691,,404.4220706516928,502.9366245949765
exp_001,ACO_n30_inst2_run2,base,620,18600,558000.0,7.36875520797912,,404.4220706516928,452.44725000358187
exp_001,ACO_n30_inst2_run2,base,630,18900,567000.0,7.486837750009727,,404.4220706516928,525.2072411573808
exp_001,ACO_n30_inst2_run2,base,640,19200,576000.0,7.601867916004267,,404.4220706516928,483.6245854117052
exp_001,ACO_n30_inst2_run2,base,650,19500,585000.0,7.744934415968601,,404.4220706516928,487.3016366394934
exp_001,ACO_n30_inst2_run2,base,660,19800,594000.0,7.862189665960614,,404.4220706516928,464.76307381085303
exp_001,ACO_n30_inst2_run2,base,670,20100,603000.0,7.9807398749981076,,404.4220706516928,444.9196163007806
exp_001,ACO_n30_inst2_run2,base,680,20400,612000.0,8.194215499970596,,404.4220706516928,483.6042307503691
exp_001,ACO_n30_inst2_run2,base,690,20700,621000.0,8.311220208008308,,404.4220706516928,450.8666841674291
exp_001,ACO_n30_inst2_run2,base,700,21000,630000.0,8.427229207998607,,404.4220706516928,492.33507912831953
exp_001,ACO_n30_inst2_run2,base,710,21300,639000.0,8.542080665996764,,404.4220706516928,485.5912004398177
exp_001,ACO_n30_inst2_run2,base,720,21600,648000.0,8.656070582976099,,404.4220706516928,454.7086244601311
exp_001,ACO_n30_inst2_run2,base,730,21900,657000.0,8.769417874980718,,404.4220706516928,414.50342211602424
exp_001,ACO_n30_inst2_run2,base,740,22200,666000.0,8.883646000002045,,404.4220706516928,497.39919738559183
exp_001,ACO_n30_inst2_run2,base,750,22500,675000.0,8.998938583012205,,404.4220706516928,496.2863926373699
exp_001,ACO_n30_inst2_run2,base,760,22800,684000.0,9.112380583013874,,404.4220706516928,462.563701931756
exp_001,ACO_n30_inst2_run2,base,770,23100,693000.0,9.22615758300526,,404.4220706516928,455.49158069217884
exp_001,ACO_n30_inst2_run2,base,780,23400,702000.0,9.340205499960575,,404.4220706516928,477.75310502240103
exp_001,ACO_n30_inst2_run2,base,790,23700,711000.0,9.45594583300408,,404.4220706516928,510.87821688449407
exp_001,ACO_n30_inst2_run2,base,800,24000,720000.0,9.57058658299502,,404.4220706516928,473.5810867470909
exp_001,ACO_n30_inst2_run2,base,810,24300,729000.0,9.683610665961169,,404.4220706516928,455.4993936323987
exp_001,ACO_n30_inst2_run2,base,820,24600,738000.0,9.797136540990323,,404.4220706516928,473.6493703115866
exp_001,ACO_n30_inst2_run2,base,830,24900,747000.0,9.911681999976281,,404.4220706516928,516.5450221179607
exp_001,ACO_n30_inst2_run2,base,840,25200,756000.0,10.025930374977179,,404.4220706516928,427.8747573207298
exp_001,ACO_n30_inst2_run2,base,850,25500,765000.0,10.13894687499851,,404.4220706516928,468.4079100839638
exp_001,ACO_n30_inst2_run2,base,860,25800,774000.0,10.252252458012663,,404.4220706516928,435.0071379483078
exp_001,ACO_n30_inst2_run2,base,870,26100,783000.0,10.365300832956564,,404.4220706516928,498.9203564601687
exp_001,ACO_n30_inst2_run2,base,880,26400,792000.0,10.523643457971048,,404.4220706516928,504.3646049023953
exp_001,ACO_n30_inst2_run2,base,890,26700,801000.0,10.65337879100116,,404.4220706516928,475.469504395006
exp_001,ACO_n30_inst2_run2,base,900,27000,810000.0,10.768007832986768,,404.4220706516928,524.3616512044684
exp_001,ACO_n30_inst2_run2,base,910,27300,819000.0,10.883331749995705,,404.4220706516928,457.43478911348313
exp_001,ACO_n30_inst2_run2,base,920,27600,828000.0,10.998578874976374,,404.4220706516928,496.3326649025901
exp_001,ACO_n30_inst2_run2,base,930,27900,837000.0,11.11582616600208,,404.4220706516928,434.15431237355057
exp_001,ACO_n30_inst2_run2,base,940,28200,846000.0,11.229823041008785,,404.4220706516928,462.1173494596648
exp_001,ACO_n30_inst2_run2,base,950,28500,855000.0,11.342056665976997,,404.4220706516928,491.8967346094589
exp_001,ACO_n30_inst2_run2,base,960,28800,864000.0,11.453326791001018,,404.4220706516928,487.8573413576942
exp_001,ACO_n30_inst2_run2,base,970,29100,873000.0,11.564824500004761,,404.4220706516928,453.1539549776696
exp_001,ACO_n30_inst2_run2,base,980,29400,882000.0,11.678051124967169,,404.4220706516928,514.4103652207122
exp_001,ACO_n30_inst2_run2,base,990,29700,891000.0,11.789274790964555,,404.4220706516928,465.4668516499454
exp_001,ACO_n30_inst2_run2,base,1000,30000,900000.0,11.900778000010177,,404.4220706516928,412.87169464456446
exp_001,ACO_n30_inst2_run2,base,1010,30300,909000.0,12.012092540971935,,404.4220706516928,452.9642633387241
exp_001,ACO_n30_inst2_run2,base,1020,30600,918000.0,12.12477008299902,,404.4220706516928,490.4937555688644
exp_001,ACO_n30_inst2_run2,base,1030,30900,927000.0,12.236175082973205,,404.4220706516928,451.79656860280517
exp_001,ACO_n30_inst2_run2,base,1040,31200,936000.0,12.35243441601051,,404.4220706516928,482.67951092172916
exp_001,ACO_n30_inst2_run2,base,1050,31500,945000.0,12.492660082993098,,404.4220706516928,502.0833808999435
exp_001,ACO_n30_inst2_run2,base,1060,31800,954000.0,12.612928415997885,,404.4220706516928,467.8157768821284
exp_001,ACO_n30_inst2_run2,base,1070,32100,963000.0,12.729247582959943,,404.4220706516928,489.6124559520547
exp_001,ACO_n30_inst2_run2,base,1080,32400,972000.0,12.848182916000951,,404.4220706516928,432.60975045712706
exp_001,ACO_n30_inst2_run2,base,1090,32700,981000.0,12.997185040963814,,404.4220706516928,469.4422821030249
exp_001,ACO_n30_inst2_run2,base,1100,33000,990000.0,13.226975874975324,,404.4220706516928,466.4068027867575
exp_001,ACO_n30_inst2_run2,base,1110,33300,999000.0,13.448901415977161,,404.4220706516928,431.0858430884451
exp_001,ACO_n30_inst2_run2,base,1120,33600,1008000.0,13.566507624986116,,404.4220706516928,431.23830580514505
exp_001,ACO_n30_inst2_run2,base,1130,33900,1017000.0,13.682337082980666,,404.4220706516928,459.2074281391271
exp_001,ACO_n30_inst2_run2,base,1140,34200,1026000.0,13.797708790982142,,404.4220706516928,469.1195971111378
exp_001,ACO_n30_inst2_run2,base,1150,34500,1035000.0,13.946358999994118,,404.4220706516928,451.73249102209996
exp_001,ACO_n30_inst2_run2,base,1160,34800,1044000.0,14.06268595799338,,404.4220706516928,465.10341036861706
exp_001,ACO_n30_inst2_run2,base,1170,35100,1053000.0,14.177657999971416,,404.4220706516928,489.32591243198647
exp_001,ACO_n30_inst2_run2,base,1180,35400,1062000.0,14.293814291013405,,404.4220706516928,485.24063206581485
exp_001,ACO_n30_inst2_run2,base,1190,35700,1071000.0,14.427312707994133,,404.4220706516928,492.0013609564156
exp_001,ACO_n30_inst2_run2,base,1200,36000,1080000.0,14.59395729098469,,404.4220706516928,493.9559364358644
exp_001,ACO_n30_inst2_run2,base,1210,36300,1089000.0,14.889446999994107,,404.4220706516928,468.8604678713977
exp_001,ACO_n30_inst2_run2,base,1220,36600,1098000.0,15.111281457997393,,404.4220706516928,455.49158069217884
exp_001,ACO_n30_inst2_run2,base,1230,36900,1107000.0,15.23605825001141,,404.4220706516928,494.560837515915
exp_001,ACO_n30_inst2_run2,base,1240,37200,1116000.0,15.358732166001573,,404.4220706516928,475.7721056368235
exp_001,ACO_n30_inst2_run2,base,1250,37500,1125000.0,15.4773487909697,,404.4220706516928,489.94926591768797
exp_001,ACO_n30_inst2_run2,base,1260,37800,1134000.0,15.647108207980637,,404.4220706516928,438.38317008067116
exp_001,ACO_n30_inst2_run2,base,1270,38100,1143000.0,15.789591374981683,,404.4220706516928,459.361462679571
exp_001,ACO_n30_inst2_run2,base,1280,38400,1152000.0,15.906984957982786,,404.4220706516928,501.9913565165585
exp_001,ACO_n30_inst2_run2,base,1290,38700,1161000.0,16.022110415971838,,404.4220706516928,464.5332197801303
exp_001,ACO_n30_inst2_run2,base,1300,39000,1170000.0,16.143814707989804,,404.4220706516928,486.4219914554008
exp_001,ACO_n30_inst2_run2,base,1310,39300,1179000.0,16.278719707974233,,404.4220706516928,485.6833565007018
exp_001,ACO_n30_inst2_run2,base,1320,39600,1188000.0,16.395170165982563,,404.4220706516928,499.9430826487531
exp_001,ACO_n30_inst2_run2,base,1330,39900,1197000.0,16.51005412498489,,404.4220706516928,519.6176739236529
exp_001,ACO_n30_inst2_run2,base,1340,40200,1206000.0,16.640224125003442,,404.4220706516928,468.4516820485342
exp_001,ACO_n30_inst2_run2,base,1350,40500,1215000.0,16.845189374987967,,404.4220706516928,485.6473368715278
exp_001,ACO_n30_inst2_run2,base,1360,40800,1224000.0,17.07637149997754,,404.4220706516928,497.73401327412597
exp_001,ACO_n30_inst2_run2,base,1370,41100,1233000.0,17.25806704099523,,404.4220706516928,468.4580973497358
exp_001,ACO_n30_inst2_run2,base,1380,41400,1242000.0,17.37768012500601,,404.4220706516928,461.40505198622674
exp_001,ACO_n30_inst2_run2,base,1390,41700,1251000.0,17.504702500009444,,404.4220706516928,487.9757777244241
exp_001,ACO_n30_inst2_run2,base,1400,42000,1260000.0,17.646579707972705,,404.4220706516928,502.18056740758163
exp_001,ACO_n30_inst2_run2,base,1410,42300,1269000.0,17.765088040963747,,404.4220706516928,416.36379059948683
exp_001,ACO_n30_inst2_run2,base,1420,42600,1278000.0,17.911292415985372,,404.4220706516928,474.4971800059107
exp_001,ACO_n30_inst2_run2,base,1430,42900,1287000.0,18.02898337499937,,404.4220706516928,493.7431197865273
exp_001,ACO_n30_inst2_run2,base,1440,43200,1296000.0,18.160090040997602,,404.4220706516928,482.4641656030301
exp_001,ACO_n30_inst2_run2,base,1450,43500,1305000.0,18.306097291002516,,404.4220706516928,462.11734945966475
exp_001,ACO_n30_inst2_run2,base,1460,43800,1314000.0,18.424027125001885,,404.4220706516928,488.05598986307047
exp_001,ACO_n30_inst2_run2,base,1470,44100,1323000.0,18.54148549999809,,404.4220706516928,491.605600754802
exp_001,ACO_n30_inst2_run2,base,1480,44400,1332000.0,18.65868033299921,,404.4220706516928,482.11922308551294
exp_001,ACO_n30_inst2_run2,base,1490,44700,1341000.0,18.804307874990627,,404.4220706516928,457.6429247565569
exp_001,ACO_n30_inst2_run2,base,1500,45000,1350000.0,18.925803833000828,,404.4220706516928,498.7797087665099
exp_001,ACO_n30_inst2_run2,base,1510,45300,1359000.0,19.043587416002993,,404.4220706516928,474.7335686422283
exp_001,ACO_n30_inst2_run2,base,1520,45600,1368000.0,19.163178999966476,,404.4220706516928,452.79428137487713
exp_001,ACO_n30_inst2_run2,base,1530,45900,1377000.0,19.28754074999597,,404.4220706516928,479.4422381924636
exp_001,ACO_n30_inst2_run2,base,1540,46200,1386000.0,19.434622082975693,,404.4220706516928,466.58869514189274
exp_001,ACO_n30_inst2_run2,base,1550,46500,1395000.0,19.552101707959082,,404.4220706516928,490.50248456079316
exp_001,ACO_n30_inst2_run2,base,1560,46800,1404000.0,19.67162445798749,,404.4220706516928,526.4777728941517
exp_001,ACO_n30_inst2_run2,base,1570,47100,1413000.0,19.7871485829819,,404.4220706516928,448.2987727234771
exp_001,ACO_n30_inst2_run2,base,1580,47400,1422000.0,19.901768249983434,,404.4220706516928,492.56454505093274
exp_001,ACO_n30_inst2_run2,base,1590,47700,1431000.0,20.022058041009586,,404.4220706516928,458.26344449036424
exp_001,ACO_n30_inst2_run2,base,1600,48000,1440000.0,20.16065554099623,,404.4220706516928,463.4033283212565
exp_001,ACO_n30_inst2_run2,base,1610,48300,1449000.0,20.28338337497553,,404.4220706516928,470.3982584581045
exp_001,ACO_n30_inst2_run2,base,1620,48600,1458000.0,20.429336790984962,,404.4220706516928,475.36735919800685
exp_001,ACO_n30_inst2_run2,base,1630,48900,1467000.0,20.54747645801399,,404.4220706516928,453.429290227837
exp_001,ACO_n30_inst2_run2,base,1640,49200,1476000.0,20.674367957981303,,404.4220706516928,478.4085689614697
exp_001,ACO_n30_inst2_run2,base,1650,49500,1485000.0,20.815688374976162,,404.4220706516928,484.9891692741459
exp_001,ACO_n30_inst2_run2,base,1660,49800,1494000.0,20.93458112498047,,404.4220706516928,462.60722471979096
exp_001,ACO_n30_inst3_run0,base,0,0,0.0,1.541979145258665e-06,,inf,inf
exp_001,ACO_n30_inst3_run0,base,10,300,9000.0,0.11570229200879112,,631.4012293326759,650.8896411792725
exp_001,ACO_n30_inst3_run0,base,20,600,18000.0,0.25189195800339803,,580.8247310564678,623.3757927209522
exp_001,ACO_n30_inst3_run0,base,30,900,27000.0,0.45150512497639284,,525.2818249091337,547.5086792637017
exp_001,ACO_n30_inst3_run0,base,40,1200,36000.0,0.5763038750155829,,523.4433823094885,565.4484206333964
exp_001,ACO_n30_inst3_run0,base,50,1500,45000.0,0.807445457961876,,488.00017553314467,589.2041448391825
exp_001,ACO_n30_inst3_run0,base,60,1800,54000.0,0.9510443749604747,,488.00017553314467,573.0894729833421
exp_001,ACO_n30_inst3_run0,base,70,2100,63000.0,1.1100434999680147,,488.00017553314467,556.3814207310085
exp_001,ACO_n30_inst3_run0,base,80,2400,72000.0,1.2415254999650642,,488.00017553314467,540.4901145948625
exp_001,ACO_n30_inst3_run0,base,90,2700,81000.0,1.3911277079605497,,488.00017553314467,539.1923688032904
exp_001,ACO_n30_inst3_run0,base,100,3000,90000.0,1.5101858749985695,,488.00017553314467,505.9910401117543
exp_001,ACO_n30_inst3_run0,base,110,3300,99000.0,1.628846874984447,,488.00017553314467,569.0643201949094
exp_001,ACO_n30_inst3_run0,base,120,3600,108000.0,1.7590766249923036,,488.00017553314467,591.3696872631035
exp_001,ACO_n30_inst3_run0,base,130,3900,117000.0,1.9332751670153812,,488.00017553314467,586.233859786311
exp_001,ACO_n30_inst3_run0,base,140,4200,126000.0,2.069893707986921,,488.00017553314467,562.6201023842808
exp_001,ACO_n30_inst3_run0,base,150,4500,135000.0,2.274036916962359,,488.00017553314467,538.1906962245118
exp_001,ACO_n30_inst3_run0,base,160,4800,144000.0,2.4116232919623144,,488.00017553314467,540.6936375415899
exp_001,ACO_n30_inst3_run0,base,170,5100,153000.0,2.5346281669917516,,488.00017553314467,528.2952935479741
exp_001,ACO_n30_inst3_run0,base,180,5400,162000.0,2.650725874991622,,488.00017553314467,592.472033903991
exp_001,ACO_n30_inst3_run0,base,190,5700,171000.0,2.7952255829586647,,486.9179030772248,527.5179432883441
exp_001,ACO_n30_inst3_run0,base,200,6000,180000.0,2.9158639580127783,,486.9179030772248,552.4319931078644
exp_001,ACO_n30_inst3_run0,base,210,6300,189000.0,3.0336837499635294,,481.9636643301551,536.21727540093
exp_001,ACO_n30_inst3_run0,base,220,6600,198000.0,3.152517542010173,,481.9636643301551,569.8663204823265
exp_001,ACO_n30_inst3_run0,base,230,6900,207000.0,3.2681392499944195,,481.9636643301551,536.2615321934275
exp_001,ACO_n30_inst3_run0,base,240,7200,216000.0,3.3823730829753913,,481.9636643301551,516.9309328366987
exp_001,ACO_n30_inst3_run0,base,250,7500,225000.0,3.4988402919843793,,481.9636643301551,535.3075085699604
exp_001,ACO_n30_inst3_run0,base,260,7800,234000.0,3.616543832991738,,480.2693141658399,480.2693141658399
exp_001,ACO_n30_inst3_run0,base,270,8100,243000.0,3.734722207998857,,480.2693141658399,534.0514410242446
exp_001,ACO_n30_inst3_run0,base,280,8400,252000.0,3.8555885829846375,,480.2693141658399,539.5766880882533
exp_001,ACO_n30_inst3_run0,base,290,8700,261000.0,4.001363916962873,,480.2693141658399,528.0912816018385
exp_001,ACO_n30_inst3_run0,base,300,9000,270000.0,4.117057499999646,,480.2693141658399,570.1048502948427
exp_001,ACO_n30_inst3_run0,base,310,9300,279000.0,4.232934125000611,,480.2693141658399,572.9596921288307
exp_001,ACO_n30_inst3_run0,base,320,9600,288000.0,4.356656166957691,,480.2693141658399,541.4308248605985
exp_001,ACO_n30_inst3_run0,base,330,9900,297000.0,4.515226499992423,,480.2693141658399,524.7399247048097
exp_001,ACO_n30_inst3_run0,base,340,10200,306000.0,4.773526666976977,,480.2693141658399,531.4724762690757
exp_001,ACO_n30_inst3_run0,base,350,10500,315000.0,4.899069375009276,,480.2693141658399,518.7323594723819
exp_001,ACO_n30_inst3_run0,base,360,10800,324000.0,5.019046792003792,,480.2693141658399,532.8922681538802
exp_001,ACO_n30_inst3_run0,base,370,11100,333000.0,5.146452207991388,,480.2693141658399,527.8279036718378
exp_001,ACO_n30_inst3_run0,base,380,11400,342000.0,5.283795957977418,,480.2693141658399,536.1212391534427
exp_001,ACO_n30_inst3_run0,base,390,11700,351000.0,5.401402457966469,,480.2693141658399,544.0527375457393
exp_001,ACO_n30_inst3_run0,base,400,12000,360000.0,5.518231624970213,,480.2693141658399,505.3849032702567
exp_001,ACO_n30_inst3_run0,base,410,12300,369000.0,5.795934333000332,,480.2693141658399,560.5787549421171
exp_001,ACO_n30_inst3_run0,base,420,12600,378000.0,6.002653000003193,,480.2693141658399,542.6361594076596
exp_001,ACO_n30_inst3_run0,base,430,12900,387000.0,6.135895749961492,,480.2693141658399,540.4286462641013
exp_001,ACO_n30_inst3_run0,base,440,13200,396000.0,6.256288499978837,,480.2693141658399,567.0973762277264
exp_001,ACO_n30_inst3_run0,base,450,13500,405000.0,6.375404957972933,,480.2693141658399,550.9161903743538
exp_001,ACO_n30_inst3_run0,base,460,13800,414000.0,6.518331583007239,,480.2693141658399,536.6994201470081
exp_001,ACO_n30_inst3_run0,base,470,14100,423000.0,6.63997354201274,,480.2693141658399,539.9204544204653
exp_001,ACO_n30_inst3_run0,base,480,14400,432000.0,6.759137999964878,,480.2693141658399,595.2514099188505
exp_001,ACO_n30_inst3_run0,base,490,14700,441000.0,6.876426125003491,,480.2693141658399,524.3828233534332
exp_001,ACO_n30_inst3_run0,base,500,15000,450000.0,7.02678058296442,,480.2693141658399,495.51948339752124
exp_001,ACO_n30_inst3_run0,base,510,15300,459000.0,7.239081916981377,,480.2693141658399,532.8734728604277
exp_001,ACO_n30_inst3_run0,base,520,15600,468000.0,7.480460332997609,,480.2693141658399,535.1375817171228
exp_001,ACO_n30_inst3_run0,base,530,15900,477000.0,7.598826667002868,,480.2693141658399,511.7195259964836
exp_001,ACO_n30_inst3_run0,base,540,16200,486000.0,7.717084624979179,,480.2693141658399,540.4459564698232
exp_001,ACO_n30_inst3_run0,base,550,16500,495000.0,7.835102332988754,,480.2693141658399,556.4719420502304
exp_001,ACO_n30_inst3_run0,base,560,16800,504000.0,7.951111749978736,,480.2693141658399,546.0568492321073
exp_001,ACO_n30_inst3_run0,base,570,17100,513000.0,8.07458937499905,,480.2693141658399,572.6954798431258
exp_001,ACO_n30_inst3_run0,base,580,17400,522000.0,8.221121500013396,,480.2693141658399,507.7296774804728
exp_001,ACO_n30_inst3_run0,base,590,17700,531000.0,8.338263499957975,,480.2693141658399,541.0983435668151
exp_001,ACO_n30_inst3_run0,base,600,18000,540000.0,8.456618166994303,,480.2693141658399,538.7109851532383
exp_001,ACO_n30_inst3_run0,base,610,18300,549000.0,8.588704166992102,,480.2693141658399,581.0044747301606
exp_001,ACO_n30_inst3_run0,base,620,18600,558000.0,8.782402874960098,,480.2693141658399,512.5934944562745
exp_001,ACO_n30_inst3_run0,base,630,18900,567000.0,9.024491207965184,,480.2693141658399,572.7348559774853
exp_001,ACO_n30_inst3_run0,base,640,19200,576000.0,9.203413542010821,,480.2693141658399,545.8919349386259
exp_001,ACO_n30_inst3_run0,base,650,19500,585000.0,9.321310625004116,,480.2693141658399,573.3537958467207
exp_001,ACO_n30_inst3_run0,base,660,19800,594000.0,9.442120457999408,,480.2693141658399,544.6948810928615
exp_001,ACO_n30_inst3_run0,base,670,20100,603000.0,9.561449792003259,,480.2693141658399,540.270652229194
exp_001,ACO_n30_inst3_run0,base,680,20400,612000.0,9.792860666988418,,480.2693141658399,543.2031557174172
exp_001,ACO_n30_inst3_run0,base,690,20700,621000.0,9.920409167010803,,480.2693141658399,556.1024282091403
exp_001,ACO_n30_inst3_run0,base,700,21000,630000.0,10.036784957977943,,480.2693141658399,513.6416434563944
exp_001,ACO_n30_inst3_run0,base,710,21300,639000.0,10.154344874958042,,480.2693141658399,544.8318282646546
exp_001,ACO_n30_inst3_run0,base,720,21600,648000.0,10.277296042011585,,480.2693141658399,567.1343924549396
exp_001,ACO_n30_inst3_run0,base,730,21900,657000.0,10.420070249994751,,480.2693141658399,617.9293817764449
exp_001,ACO_n30_inst3_run0,base,740,22200,666000.0,10.537813416973222,,480.2693141658399,577.8572945546684
exp_001,ACO_n30_inst3_run0,base,750,22500,675000.0,10.65729708300205,,480.2693141658399,587.9735197001797
exp_001,ACO_n30_inst3_run0,base,760,22800,684000.0,10.773244082985912,,480.2693141658399,542.576042148647
exp_001,ACO_n30_inst3_run0,base,770,23100,693000.0,10.916222082974855,,480.2693141658399,556.4980774248122
exp_001,ACO_n30_inst3_run0,base,780,23400,702000.0,11.033863916993141,,480.2693141658399,525.3034461117347
exp_001,ACO_n30_inst3_run0,base,790,23700,711000.0,11.154579958005343,,480.2693141658399,538.6248370958733
exp_001,ACO_n30_inst3_run0,base,800,24000,720000.0,11.271104125014972,,480.2693141658399,528.8797556239416
exp_001,ACO_n30_inst3_run0,base,810,24300,729000.0,11.388315999996848,,480.2693141658399,564.0844667604241
exp_001,ACO_n30_inst3_run0,base,820,24600,738000.0,11.503959416993894,,480.2693141658399,592.9485693463308
exp_001,ACO_n30_inst3_run0,base,830,24900,747000.0,11.621667207975406,,480.2693141658399,551.6392219682643
exp_001,ACO_n30_inst3_run0,base,840,25200,756000.0,11.738057957962155,,480.2693141658399,525.2358282223714
exp_001,ACO_n30_inst3_run0,base,850,25500,765000.0,11.853741957980674,,480.2693141658399,570.6267807058648
exp_001,ACO_n30_inst3_run0,base,860,25800,774000.0,11.969959167006891,,480.2693141658399,538.183758508867
exp_001,ACO_n30_inst3_run0,base,870,26100,783000.0,12.08762999996543,,480.2693141658399,532.5755608799449
exp_001,ACO_n30_inst3_run0,base,880,26400,792000.0,12.205028583004605,,480.2693141658399,548.3374055166147
exp_001,ACO_n30_inst3_run0,base,890,26700,801000.0,12.322312666976359,,480.2693141658399,543.1357909059802
exp_001,ACO_n30_inst3_run0,base,900,27000,810000.0,12.438180416997056,,480.2693141658399,544.7857361901214
exp_001,ACO_n30_inst3_run0,base,910,27300,819000.0,12.554407249961514,,480.2693141658399,527.376143244163
exp_001,ACO_n30_inst3_run0,base,920,27600,828000.0,12.672377832990605,,480.2693141658399,571.9754085748175
exp_001,ACO_n30_inst3_run0,base,930,27900,837000.0,12.788705832965206,,480.2693141658399,574.5762360098869
exp_001,ACO_n30_inst3_run0,base,940,28200,846000.0,12.904649542004336,,480.2693141658399,509.46071246262704
exp_001,ACO_n30_inst3_run0,base,950,28500,855000.0,13.020932457991876,,480.2693141658399,540.365518538357
exp_001,ACO_n30_inst3_run0,base,960,28800,864000.0,13.13830216700444,,480.2693141658399,528.9933114065549
exp_001,ACO_n30_inst3_run0,base,970,29100,873000.0,13.267710082989652,,480.2693141658399,549.762748967102
exp_001,ACO_n30_inst3_run0,base,980,29400,882000.0,13.431871625012718,,480.2693141658399,525.6040736147631
exp_001,ACO_n30_inst3_run0,base,990,29700,891000.0,13.550358749984298,,480.2693141658399,526.202669243697
exp_001,ACO_n30_inst3_run0,base,1000,30000,900000.0,13.671479500015266,,480.2693141658399,516.4684712154306
exp_001,ACO_n30_inst3_run0,base,1010,30300,909000.0,13.789517208002508,,480.2693141658399,585.2487691807853
exp_001,ACO_n30_inst3_run0,base,1020,30600,918000.0,13.919385749963112,,480.2693141658399,540.0318144539166
exp_001,ACO_n30_inst3_run0,base,1030,30900,927000.0,14.095264583011158,,480.2693141658399,547.6271042861272
exp_001,ACO_n30_inst3_run0,base,1040,31200,936000.0,14.216118707961868,,480.2693141658399,541.0871981476737
exp_001,ACO_n30_inst3_run0,base,1050,31500,945000.0,14.333270667004399,,480.2693141658399,540.4045585840515
exp_001,ACO_n30_inst3_run0,base,1060,31800,954000.0,14.479149332968518,,480.2693141658399,540.4989742351252
exp_001,ACO_n30_inst3_run0,base,1070,32100,963000.0,14.699523999996018,,480.2693141658399,538.2527577783186
exp_001,ACO_n30_inst3_run0,base,1080,32400,972000.0,14.852967916987836,,480.2693141658399,566.1757270019657
exp_001,ACO_n30_inst3_run0,base,1090,32700,981000.0,14.996494166960474,,480.2693141658399,575.2243303415808
exp_001,ACO_n30_inst3_run0,base,1100,33000,990000.0,15.122611625003628,,480.2693141658399,502.25680688986597
exp_001,ACO_n30_inst3_run0,base,1110,33300,999000.0,15.241537041962147,,480.2693141658399,551.5784634540327
exp_001,ACO_n30_inst3_run0,base,1120,33600,1008000.0,15.362319457984995,,480.2693141658399,562.1834118039046
exp_001,ACO_n30_inst3_run0,base,1130,33900,1017000.0,15.481543125002645,,480.2693141658399,502.0964461466135
exp_001,ACO_n30_inst3_run0,base,1140,34200,1026000.0,15.598342292010784,,480.2693141658399,552.0468078922227
exp_001,ACO_n30_inst3_run0,base,1150,34500,1035000.0,15.71301870798925,,480.2693141658399,562.0400601667844
exp_001,ACO_n30_inst3_run0,base,1160,34800,1044000.0,15.830444416962564,,480.2693141658399,551.6548496027633
exp_001,ACO_n30_inst3_run0,base,1170,35100,1053000.0,15.94480791699607,,480.2693141658399,513.9969427265496
exp_001,ACO_n30_inst3_run0,base,1180,35400,1062000.0,16.05843058298342,,480.2693141658399,562.9269385158307
exp_001,ACO_n30_inst3_run0,base,1190,35700,1071000.0,16.17215474997647,,480.2693141658399,548.1368928154717
exp_001,ACO_n30_inst3_run0,base,1200,36000,1080000.0,16.286697625007946,,480.2693141658399,513.5222525830853
exp_001,ACO_n30_inst3_run0,base,1210,36300,1089000.0,16.401823874970432,,480.2693141658399,557.273967205641
exp_001,ACO_n30_inst3_run0,base,1220,36600,1098000.0,16.51608608296374,,480.2693141658399,561.8724522759048
exp_001,ACO_n30_inst3_run0,base,1230,36900,1107000.0,16.62982520798687,,480.2693141658399,533.0828760563772
exp_001,ACO_n30_inst3_run0,base,1240,37200,1116000.0,16.743465750012547,,480.2693141658399,535.0139853406877
exp_001,ACO_n30_inst3_run0,base,1250,37500,1125000.0,16.860128208005335,,480.2693141658399,551.1757714221889
exp_001,ACO_n30_inst3_run0,base,1260,37800,1134000.0,16.974090542003978,,477.1150415942186,550.8189572317394
exp_001,ACO_n30_inst3_run0,base,1270,38100,1143000.0,17.087957999960054,,477.1150415942186,577.164298213328
exp_001,ACO_n30_inst3_run0,base,1280,38400,1152000.0,17.20213300001342,,477.1150415942186,519.4078519314323
exp_001,ACO_n30_inst3_run0,base,1290,38700,1161000.0,17.31730570801301,,477.1150415942186,539.5302634616166
exp_001,ACO_n30_inst3_run0,base,1300,39000,1170000.0,17.431295582966413,,466.61516223107935,471.0566778446288
exp_001,ACO_n30_inst3_run0,base,1310,39300,1179000.0,17.544444207975175,,466.61516223107935,510.3823421728328
exp_001,ACO_n30_inst3_run0,base,1320,39600,1188000.0,17.662061624985654,,466.61516223107935,526.4576718635177
exp_001,ACO_n30_inst3_run0,base,1330,39900,1197000.0,17.774281582969707,,466.61516223107935,577.0995867350999
exp_001,ACO_n30_inst3_run0,base,1340,40200,1206000.0,17.88710391696077,,466.61516223107935,518.1532644106326
exp_001,ACO_n30_inst3_run0,base,1350,40500,1215000.0,17.997885874996427,,466.61516223107935,533.0658044058731
exp_001,ACO_n30_inst3_run0,base,1360,40800,1224000.0,18.108902124979068,,466.61516223107935,529.9221012230339
exp_001,ACO_n30_inst3_run0,base,1370,41100,1233000.0,18.21980345796328,,466.61516223107935,482.1822573804893
exp_001,ACO_n30_inst3_run0,base,1380,41400,1242000.0,18.332354667014442,,466.61516223107935,534.4113462777575
exp_001,ACO_n30_inst3_run0,base,1390,41700,1251000.0,18.443433124979492,,466.61516223107935,554.4466452569695
exp_001,ACO_n30_inst3_run0,base,1400,42000,1260000.0,18.554245041974355,,466.61516223107935,523.7450465664955
exp_001,ACO_n30_inst3_run0,base,1410,42300,1269000.0,18.673334374965634,,466.61516223107935,522.4302429823678
exp_001,ACO_n30_inst3_run0,base,1420,42600,1278000.0,18.81299125001533,,466.61516223107935,552.263344620979
exp_001,ACO_n30_inst3_run0,base,1430,42900,1287000.0,18.949242750008125,,466.61516223107935,521.6281020923321
exp_001,ACO_n30_inst3_run0,base,1440,43200,1296000.0,19.06235708296299,,466.61516223107935,551.1850262322104
exp_001,ACO_n30_inst3_run0,base,1450,43500,1305000.0,19.17505841696402,,466.61516223107935,544.745010505544
exp_001,ACO_n30_inst3_run0,base,1460,43800,1314000.0,19.286200375005137,,466.61516223107935,544.9301522594834
exp_001,ACO_n30_inst3_run0,base,1470,44100,1323000.0,19.398663332976867,,466.61516223107935,516.3973049929633
exp_001,ACO_n30_inst3_run0,base,1480,44400,1332000.0,19.51070320798317,,466.61516223107935,529.349586568771
exp_001,ACO_n30_inst3_run0,base,1490,44700,1341000.0,19.622138792008627,,466.61516223107935,488.81485175119775
exp_001,ACO_n30_inst3_run0,base,1500,45000,1350000.0,19.733116541989148,,466.61516223107935,501.8837838951907
exp_001,ACO_n30_inst3_run0,base,1510,45300,1359000.0,19.844557582982816,,466.61516223107935,534.0739963781883
exp_001,ACO_n30_inst3_run0,base,1520,45600,1368000.0,19.957238333008718,,466.61516223107935,568.7686555140568
exp_001,ACO_n30_inst3_run0,base,1530,45900,1377000.0,20.068335457996,,466.61516223107935,585.7539317921845
exp_001,ACO_n30_inst3_run0,base,1540,46200,1386000.0,20.17920791701181,,466.61516223107935,547.5161912318694
exp_001,ACO_n30_inst3_run0,base,1550,46500,1395000.0,20.29011324996827,,466.61516223107935,507.1245837580603
exp_001,ACO_n30_inst3_run0,base,1560,46800,1404000.0,20.402505874983035,,466.61516223107935,539.0985397639134
exp_001,ACO_n30_inst3_run0,base,1570,47100,1413000.0,20.513423416996375,,466.61516223107935,559.9669935438247
exp_001,ACO_n30_inst3_run0,base,1580,47400,1422000.0,20.624194958014414,,466.61516223107935,578.2009454658017
exp_001,ACO_n30_inst3_run0,base,1590,47700,1431000.0,20.735033167002257,,466.61516223107935,523.4401121920911
exp_001,ACO_n30_inst3_run0,base,1600,48000,1440000.0,20.846132249978837,,466.61516223107935,513.501794018557
exp_001,ACO_n30_inst3_run0,base,1610,48300,1449000.0,20.95823287498206,,466.61516223107935,514.5431291626618
exp_001,ACO_n30_inst3_run0,base,1620,48600,1458000.0,21.069268374994863,,466.61516223107935,527.8753536438192
exp_001,ACO_n30_inst3_run0,base,1630,48900,1467000.0,21.179838332987856,,466.61516223107935,543.0166205182429
exp_001,ACO_n30_inst3_run0,base,1640,49200,1476000.0,21.290722667006776,,466.61516223107935,523.672855010822
exp_001,ACO_n30_inst3_run0,base,1650,49500,1485000.0,21.420823916967493,,466.61516223107935,557.453067363599
exp_001,ACO_n30_inst3_run0,base,1660,49800,1494000.0,21.554783625004347,,466.61516223107935,577.8752351305435
exp_001,ACO_n30_inst3_run1,base,0,0,0.0,1.1249794624745846e-06,,inf,inf
exp_001,ACO_n30_inst3_run1,base,10,300,9000.0,0.11488649999955669,,654.0483286401487,667.9710056843243
exp_001,ACO_n30_inst3_run1,base,20,600,18000.0,0.22886358300456777,,561.7849748063285,621.6259170723376
exp_001,ACO_n30_inst3_run1,base,30,900,27000.0,0.34391174995107576,,508.2869244129108,568.2707226608738
exp_001,ACO_n30_inst3_run1,base,40,1200,36000.0,0.4573566669714637,,502.3545060263834,588.9630808326283
exp_001,ACO_n30_inst3_run1,base,50,1500,45000.0,0.5706369169638492,,502.3545060263834,608.2366860229663
exp_001,ACO_n30_inst3_run1,base,60,1800,54000.0,0.6838097919826396,,502.3545060263834,545.6630732407262
exp_001,ACO_n30_inst3_run1,base,70,2100,63000.0,0.7981529999524355,,502.3545060263834,549.4295080129301
exp_001,ACO_n30_inst3_run1,base,80,2400,72000.0,0.9126848329906352,,482.4212081739889,527.5999063609073
exp_001,ACO_n30_inst3_run1,base,90,2700,81000.0,1.0288180829957128,,482.4212081739889,588.7490300138245
exp_001,ACO_n30_inst3_run1,base,100,3000,90000.0,1.1435046249534935,,482.4212081739889,558.3595227745961
exp_001,ACO_n30_inst3_run1,base,110,3300,99000.0,1.2680787079734728,,482.4212081739889,573.6263063393021
exp_001,ACO_n30_inst3_run1,base,120,3600,108000.0,1.4096667499979958,,482.4212081739889,558.7670118851737
exp_001,ACO_n30_inst3_run1,base,130,3900,117000.0,1.5262809579726309,,482.4212081739889,546.0132459155171
exp_001,ACO_n30_inst3_run1,base,140,4200,126000.0,1.6403428749763407,,482.4212081739889,514.5896044411749
exp_001,ACO_n30_inst3_run1,base,150,4500,135000.0,1.7545464999857359,,482.4212081739889,536.5800002191795
exp_001,ACO_n30_inst3_run1,base,160,4800,144000.0,1.8708014579606242,,482.4212081739889,498.3428469605298
exp_001,ACO_n30_inst3_run1,base,170,5100,153000.0,1.9872612079489045,,482.4212081739889,514.0532345416391
exp_001,ACO_n30_inst3_run1,base,180,5400,162000.0,2.108601166983135,,482.4212081739889,509.541610485352
exp_001,ACO_n30_inst3_run1,base,190,5700,171000.0,2.2490472499630414,,482.4212081739889,526.649602324013
exp_001,ACO_n30_inst3_run1,base,200,6000,180000.0,2.3685057919938117,,482.4212081739889,570.7876189693367
exp_001,ACO_n30_inst3_run1,base,210,6300,189000.0,2.48629708297085,,481.7457736806996,568.9343859739171
exp_001,ACO_n30_inst3_run1,base,220,6600,198000.0,2.6013393749599345,,481.7457736806996,493.5151844338327
exp_001,ACO_n30_inst3_run1,base,230,6900,207000.0,2.7171647920040414,,481.7457736806996,501.6307298869507
exp_001,ACO_n30_inst3_run1,base,240,7200,216000.0,2.8342097079730593,,481.7457736806996,563.8601288577286
exp_001,ACO_n30_inst3_run1,base,250,7500,225000.0,2.95227333297953,,481.7457736806996,524.9227110683227
exp_001,ACO_n30_inst3_run1,base,260,7800,234000.0,3.0693310420028865,,481.7457736806996,494.32849819099135
exp_001,ACO_n30_inst3_run1,base,270,8100,243000.0,3.1850499999709427,,481.7457736806996,534.9151990353655
exp_001,ACO_n30_inst3_run1,base,280,8400,252000.0,3.302075124986004,,481.7457736806996,558.7632388299351
exp_001,ACO_n30_inst3_run1,base,290,8700,261000.0,3.417836124950554,,481.7457736806996,511.47172221883665
exp_001,ACO_n30_inst3_run1,base,300,9000,270000.0,3.5334002079907805,,481.7457736806996,525.3350868876562
exp_001,ACO_n30_inst3_run1,base,310,9300,279000.0,3.6475904169492424,,481.7457736806996,533.2276088340184
exp_001,ACO_n30_inst3_run1,base,320,9600,288000.0,3.7625769579899497,,481.7457736806996,511.36666684999915
exp_001,ACO_n30_inst3_run1,base,330,9900,297000.0,3.8921107499627396,,481.7457736806996,525.9090911445046
exp_001,ACO_n30_inst3_run1,base,340,10200,306000.0,4.017616666969843,,481.7457736806996,617.7549753387342
exp_001,ACO_n30_inst3_run1,base,350,10500,315000.0,4.178356291959062,,481.7457736806996,558.3976839245717
exp_001,ACO_n30_inst3_run1,base,360,10800,324000.0,4.300476624979638,,481.7457736806996,576.772002243963
exp_001,ACO_n30_inst3_run1,base,370,11100,333000.0,4.422030166955665,,481.7457736806996,560.793021588502
exp_001,ACO_n30_inst3_run1,base,380,11400,342000.0,4.543816374964081,,481.7457736806996,524.7678986351873
exp_001,ACO_n30_inst3_run1,base,390,11700,351000.0,4.6627383749582805,,481.7457736806996,499.9969242031143
exp_001,ACO_n30_inst3_run1,base,400,12000,360000.0,4.776624666992575,,481.7457736806996,505.00697678253056
exp_001,ACO_n30_inst3_run1,base,410,12300,369000.0,4.8898776669520885,,481.7457736806996,519.7399411172502
exp_001,ACO_n30_inst3_run1,base,420,12600,378000.0,5.009664457989857,,481.7457736806996,536.3063534900839
exp_001,ACO_n30_inst3_run1,base,430,12900,387000.0,5.125465707969852,,481.7457736806996,500.4846400912717
exp_001,ACO_n30_inst3_run1,base,440,13200,396000.0,5.237834166968241,,481.7457736806996,531.5215870836439
exp_001,ACO_n30_inst3_run1,base,450,13500,405000.0,5.349512791959569,,481.7457736806996,534.3213529915041
exp_001,ACO_n30_inst3_run1,base,460,13800,414000.0,5.460884332947899,,481.7457736806996,493.2197118565996
exp_001,ACO_n30_inst3_run1,base,470,14100,423000.0,5.573685041978024,,481.7457736806996,542.6418920453993
exp_001,ACO_n30_inst3_run1,base,480,14400,432000.0,5.684580166998785,,481.7457736806996,546.1971930135377
exp_001,ACO_n30_inst3_run1,base,490,14700,441000.0,5.795090625004377,,481.7457736806996,551.68336696423
exp_001,ACO_n30_inst3_run1,base,500,15000,450000.0,5.905814750003628,,481.7457736806996,529.8109663309814
exp_001,ACO_n30_inst3_run1,base,510,15300,459000.0,6.017103041987866,,481.7457736806996,542.8253439730632
exp_001,ACO_n30_inst3_run1,base,520,15600,468000.0,6.128848624997772,,481.7457736806996,503.72190478501614
exp_001,ACO_n30_inst3_run1,base,530,15900,477000.0,6.239706541993655,,481.7457736806996,541.9186855105911
exp_001,ACO_n30_inst3_run1,base,540,16200,486000.0,6.35064770799363,,481.7457736806996,496.7432239622176
exp_001,ACO_n30_inst3_run1,base,550,16500,495000.0,6.465424541966058,,481.7457736806996,548.9781518239639
exp_001,ACO_n30_inst3_run1,base,560,16800,504000.0,6.685528207977768,,481.7457736806996,549.4485503414653
exp_001,ACO_n30_inst3_run1,base,570,17100,513000.0,6.914921916963067,,481.7457736806996,572.4763421136425
exp_001,ACO_n30_inst3_run1,base,580,17400,522000.0,7.039714791986626,,481.7457736806996,510.85132794723893
exp_001,ACO_n30_inst3_run1,base,590,17700,531000.0,7.184675374999642,,481.7457736806996,527.8365482655267
exp_001,ACO_n30_inst3_run1,base,600,18000,540000.0,7.4066865829518065,,481.7457736806996,588.2122169241736
exp_001,ACO_n30_inst3_run1,base,610,18300,549000.0,7.529446541971993,,481.7457736806996,521.2369991321585
exp_001,ACO_n30_inst3_run1,base,620,18600,558000.0,7.663140916964039,,481.7457736806996,572.8024591902353
exp_001,ACO_n30_inst3_run1,base,630,18900,567000.0,7.821098582993727,,481.7457736806996,489.5491575430768
exp_001,ACO_n30_inst3_run1,base,640,19200,576000.0,8.131649791961536,,481.08068390506094,544.436627660479
exp_001,ACO_n30_inst3_run1,base,650,19500,585000.0,8.252064207976218,,481.08068390506094,564.0717319814396
exp_001,ACO_n30_inst3_run1,base,660,19800,594000.0,8.873270666983444,,481.08068390506094,494.4941366141974
exp_001,ACO_n30_inst3_run1,base,670,20100,603000.0,9.006045957969036,,481.08068390506094,544.8957278709264
exp_001,ACO_n30_inst3_run1,base,680,20400,612000.0,9.12685474997852,,481.08068390506094,546.3128936466907
exp_001,ACO_n30_inst3_run1,base,690,20700,621000.0,9.243374791985843,,481.08068390506094,586.9406778050504
exp_001,ACO_n30_inst3_run1,base,700,21000,630000.0,9.360767999954987,,481.08068390506094,530.5218316439863
exp_001,ACO_n30_inst3_run1,base,710,21300,639000.0,9.474567791970912,,479.1841019897982,514.3551699195682
exp_001,ACO_n30_inst3_run1,base,720,21600,648000.0,9.586292082967702,,479.1841019897982,520.0877601818961
exp_001,ACO_n30_inst3_run1,base,730,21900,657000.0,9.69836779194884,,479.1841019897982,510.26534956670935
exp_001,ACO_n30_inst3_run1,base,740,22200,666000.0,9.809180291951634,,479.1841019897982,554.5091481062843
exp_001,ACO_n30_inst3_run1,base,750,22500,675000.0,9.92344087496167,,479.1841019897982,528.798751044166
exp_001,ACO_n30_inst3_run1,base,760,22800,684000.0,10.038418707961682,,479.1841019897982,571.6338545229764
exp_001,ACO_n30_inst3_run1,base,770,23100,693000.0,10.149844291969202,,479.1841019897982,558.0001570178173
exp_001,ACO_n30_inst3_run1,base,780,23400,702000.0,10.260573499952443,,479.1841019897982,580.1165066417599
exp_001,ACO_n30_inst3_run1,base,790,23700,711000.0,10.37337987497449,,479.1841019897982,588.3175391005979
exp_001,ACO_n30_inst3_run1,base,800,24000,720000.0,10.503273416950833,,479.1841019897982,484.02423500191725
exp_001,ACO_n30_inst3_run1,base,810,24300,729000.0,10.62649908295134,,479.1841019897982,568.8515891688073
exp_001,ACO_n30_inst3_run1,base,820,24600,738000.0,10.739630208001472,,479.1841019897982,537.1105817673132
exp_001,ACO_n30_inst3_run1,base,830,24900,747000.0,10.852425582997967,,479.1841019897982,544.2140176747733
exp_001,ACO_n30_inst3_run1,base,840,25200,756000.0,10.963666374969762,,479.1841019897982,555.4378132993099
exp_001,ACO_n30_inst3_run1,base,850,25500,765000.0,11.07943645794876,,479.1841019897982,564.3426640474325
exp_001,ACO_n30_inst3_run1,base,860,25800,774000.0,11.197782582952641,,479.1841019897982,558.4935296072315
exp_001,ACO_n30_inst3_run1,base,870,26100,783000.0,11.309762582997791,,479.1841019897982,539.6377323268966
exp_001,ACO_n30_inst3_run1,base,880,26400,792000.0,11.425159249978606,,479.1841019897982,569.7681777665985
exp_001,ACO_n30_inst3_run1,base,890,26700,801000.0,11.540169541956857,,479.1841019897982,615.3254687905055
exp_001,ACO_n30_inst3_run1,base,900,27000,810000.0,11.653567791974638,,479.1841019897982,546.2692552086801
exp_001,ACO_n30_inst3_run1,base,910,27300,819000.0,11.767299832950812,,479.1841019897982,560.9471763611461
exp_001,ACO_n30_inst3_run1,base,920,27600,828000.0,11.880841874983162,,479.1841019897982,574.6158420267889
exp_001,ACO_n30_inst3_run1,base,930,27900,837000.0,11.992522624961566,,479.1841019897982,543.2263457603595
exp_001,ACO_n30_inst3_run1,base,940,28200,846000.0,12.10417108295951,,479.1841019897982,549.3944804456302
exp_001,ACO_n30_inst3_run1,base,950,28500,855000.0,12.216740124975331,,479.1841019897982,508.3514840132044
exp_001,ACO_n30_inst3_run1,base,960,28800,864000.0,12.376866666949354,,479.1841019897982,568.6217049235955
exp_001,ACO_n30_inst3_run1,base,970,29100,873000.0,12.521174749999773,,479.1841019897982,544.0311824219891
exp_001,ACO_n30_inst3_run1,base,980,29400,882000.0,12.639591166982427,,479.1841019897982,550.9701152164238
exp_001,ACO_n30_inst3_run1,base,990,29700,891000.0,12.86909570795251,,479.1841019897982,572.5946968585378
exp_001,ACO_n30_inst3_run1,base,1000,30000,900000.0,13.049458374967799,,479.1841019897982,515.3554893405072
exp_001,ACO_n30_inst3_run1,base,1010,30300,909000.0,13.236752583005,,479.1841019897982,541.0887657659761
exp_001,ACO_n30_inst3_run1,base,1020,30600,918000.0,13.381864541966934,,476.20350024441075,557.1706789960689
exp_001,ACO_n30_inst3_run1,base,1030,30900,927000.0,13.651353624998592,,476.20350024441075,529.6924799745116
exp_001,ACO_n30_inst3_run1,base,1040,31200,936000.0,13.808916832960676,,476.20350024441075,553.3050613709509
exp_001,ACO_n30_inst3_run1,base,1050,31500,945000.0,13.961007874982897,,476.20350024441075,578.0360075325011
exp_001,ACO_n30_inst3_run1,base,1060,31800,954000.0,14.086896999971941,,476.20350024441075,533.7045184711832
exp_001,ACO_n30_inst3_run1,base,1070,32100,963000.0,14.203724958002567,,476.20350024441075,544.8783688559265
exp_001,ACO_n30_inst3_run1,base,1080,32400,972000.0,14.321563457953744,,476.20350024441075,544.0781395140212
exp_001,ACO_n30_inst3_run1,base,1090,32700,981000.0,14.439989999984391,,476.20350024441075,566.2571011587233
exp_001,ACO_n30_inst3_run1,base,1100,33000,990000.0,14.563299832982011,,476.20350024441075,540.055137882287
exp_001,ACO_n30_inst3_run1,base,1110,33300,999000.0,14.68861258297693,,476.20350024441075,555.7300136204547
exp_001,ACO_n30_inst3_run1,base,1120,33600,1008000.0,14.830547499994282,,476.20350024441075,545.1979097388706
exp_001,ACO_n30_inst3_run1,base,1130,33900,1017000.0,14.953375791956205,,476.20350024441075,543.891382805612
exp_001,ACO_n30_inst3_run1,base,1140,34200,1026000.0,15.091173624969088,,476.20350024441075,566.0385865584249
exp_001,ACO_n30_inst3_run1,base,1150,34500,1035000.0,15.218397541961167,,476.20350024441075,539.5123819778696
exp_001,ACO_n30_inst3_run1,base,1160,34800,1044000.0,15.335292957955971,,476.20350024441075,509.54897473822234
exp_001,ACO_n30_inst3_run1,base,1170,35100,1053000.0,15.449736207956448,,476.20350024441075,537.2582161968852
exp_001,ACO_n30_inst3_run1,base,1180,35400,1062000.0,15.561216832953505,,476.20350024441075,549.796950701328
exp_001,ACO_n30_inst3_run1,base,1190,35700,1071000.0,15.674871291965246,,476.20350024441075,594.2333646315262
exp_001,ACO_n30_inst3_run1,base,1200,36000,1080000.0,15.952728999953251,,476.20350024441075,534.0841151072353
exp_001,ACO_n30_inst3_run1,base,1210,36300,1089000.0,16.141608332982287,,476.20350024441075,529.5478964248657
exp_001,ACO_n30_inst3_run1,base,1220,36600,1098000.0,16.310942916956265,,476.20350024441075,524.7548904164912
exp_001,ACO_n30_inst3_run1,base,1230,36900,1107000.0,16.528909291955642,,476.20350024441075,538.9563202776532
exp_001,ACO_n30_inst3_run1,base,1240,37200,1116000.0,16.651753874961287,,476.20350024441075,526.725853842466
exp_001,ACO_n30_inst3_run1,base,1250,37500,1125000.0,16.78209049999714,,476.20350024441075,517.0448263682304
exp_001,ACO_n30_inst3_run1,base,1260,37800,1134000.0,16.915050874988083,,476.20350024441075,493.79197056528864
exp_001,ACO_n30_inst3_run1,base,1270,38100,1143000.0,17.0423537499737,,476.20350024441075,545.9678990442966
exp_001,ACO_n30_inst3_run1,base,1280,38400,1152000.0,17.168908791965805,,476.20350024441075,574.9052020405934
exp_001,ACO_n30_inst3_run1,base,1290,38700,1161000.0,17.296908666961826,,476.20350024441075,546.8451073856432
exp_001,ACO_n30_inst3_run1,base,1300,39000,1170000.0,17.44238566700369,,476.20350024441075,559.276410149093
exp_001,ACO_n30_inst3_run1,base,1310,39300,1179000.0,17.6462932919967,,476.20350024441075,555.4107852516067
exp_001,ACO_n30_inst3_run1,base,1320,39600,1188000.0,17.786521832982544,,476.20350024441075,506.5538881638185
exp_001,ACO_n30_inst3_run1,base,1330,39900,1197000.0,17.918180457956623,,476.20350024441075,536.4531918200945
exp_001,ACO_n30_inst3_run1,base,1340,40200,1206000.0,18.037293749977835,,476.20350024441075,541.33109555392
exp_001,ACO_n30_inst3_run1,base,1350,40500,1215000.0,18.17051349999383,,476.20350024441075,537.4691281615133
exp_001,ACO_n30_inst3_run1,base,1360,40800,1224000.0,18.30279183300445,,476.20350024441075,528.1524038867831
exp_001,ACO_n30_inst3_run1,base,1370,41100,1233000.0,18.436313749989495,,476.20350024441075,530.1728821123812
exp_001,ACO_n30_inst3_run1,base,1380,41400,1242000.0,18.557153499976266,,476.20350024441075,570.3849098334575
exp_001,ACO_n30_inst3_run1,base,1390,41700,1251000.0,18.67951287497999,,476.20350024441075,548.9283269800994
exp_001,ACO_n30_inst3_run1,base,1400,42000,1260000.0,18.800382957968395,,476.20350024441075,538.2024274963346
exp_001,ACO_n30_inst3_run1,base,1410,42300,1269000.0,18.919953624950722,,476.20350024441075,565.710807989454
exp_001,ACO_n30_inst3_run1,base,1420,42600,1278000.0,19.038459667004645,,476.20350024441075,492.3660271877108
exp_001,ACO_n30_inst3_run1,base,1430,42900,1287000.0,19.156288041966036,,476.20350024441075,543.1057925280987
exp_001,ACO_n30_inst3_run1,base,1440,43200,1296000.0,19.276910916960333,,476.20350024441075,533.7923399370279
exp_001,ACO_n30_inst3_run1,base,1450,43500,1305000.0,19.40324029198382,,476.20350024441075,552.0338872085705
exp_001,ACO_n30_inst3_run1,base,1460,43800,1314000.0,19.528727083001286,,476.20350024441075,546.133215435998
exp_001,ACO_n30_inst3_run1,base,1470,44100,1323000.0,19.661632582952734,,476.20350024441075,564.7158095010824
exp_001,ACO_n30_inst3_run1,base,1480,44400,1332000.0,19.77846912498353,,476.20350024441075,502.1349381331644
exp_001,ACO_n30_inst3_run1,base,1490,44700,1341000.0,19.89518033299828,,476.20350024441075,528.3635912086096
exp_001,ACO_n30_inst3_run1,base,1500,45000,1350000.0,20.01695491699502,,476.20350024441075,550.8617889528073
exp_001,ACO_n30_inst3_run1,base,1510,45300,1359000.0,20.137416499957908,,476.20350024441075,529.3076198795887
exp_001,ACO_n30_inst3_run1,base,1520,45600,1368000.0,20.251748041948304,,476.20350024441075,533.1749521648604
exp_001,ACO_n30_inst3_run1,base,1530,45900,1377000.0,20.3678564580041,,476.20350024441075,487.39548564876304
exp_001,ACO_n30_inst3_run1,base,1540,46200,1386000.0,20.482459207996726,,476.20350024441075,597.9240537698653
exp_001,ACO_n30_inst3_run1,base,1550,46500,1395000.0,20.598936708003748,,476.20350024441075,534.9290181791281
exp_001,ACO_n30_inst3_run1,base,1560,46800,1404000.0,20.722693874966353,,476.20350024441075,565.3586957721676
exp_001,ACO_n30_inst3_run1,base,1570,47100,1413000.0,20.848549749993253,,476.20350024441075,552.3463887230494
exp_001,ACO_n30_inst3_run1,base,1580,47400,1422000.0,20.97105233295588,,476.20350024441075,530.8219837306385
exp_001,ACO_n30_inst3_run1,base,1590,47700,1431000.0,21.08959975000471,,476.20350024441075,535.4255869811014
exp_001,ACO_n30_inst3_run1,base,1600,48000,1440000.0,21.204670374980196,,476.20350024441075,580.4157126950207
exp_001,ACO_n30_inst3_run1,base,1610,48300,1449000.0,21.31843512499472,,476.20350024441075,514.3385763032883
exp_001,ACO_n30_inst3_run1,base,1620,48600,1458000.0,21.433033707959112,,476.20350024441075,548.8807887396408
exp_001,ACO_n30_inst3_run1,base,1630,48900,1467000.0,21.544270291982684,,476.20350024441075,576.9900578208532
exp_001,ACO_n30_inst3_run1,base,1640,49200,1476000.0,21.655817166960333,,476.20350024441075,557.6078162367179
exp_001,ACO_n30_inst3_run1,base,1650,49500,1485000.0,21.77169691695599,,476.20350024441075,543.3506051053994
exp_001,ACO_n30_inst3_run1,base,1660,49800,1494000.0,21.940578249981627,,476.20350024441075,550.1918673573246
exp_001,ACO_n30_inst3_run2,base,0,0,0.0,2.00001522898674e-06,,inf,inf
exp_001,ACO_n30_inst3_run2,base,10,300,9000.0,0.11651949997758493,,615.346058954266,652.4931791879073
exp_001,ACO_n30_inst3_run2,base,20,600,18000.0,0.2334450000198558,,574.6575109700715,574.6575109700715
exp_001,ACO_n30_inst3_run2,base,30,900,27000.0,0.372943333000876,,523.8587785298243,523.8587785298243
exp_001,ACO_n30_inst3_run2,base,40,1200,36000.0,0.5095954579883255,,523.8587785298243,540.4788676239502
exp_001,ACO_n30_inst3_run2,base,50,1500,45000.0,0.6573213749798015,,496.81559476832126,535.276612615861
exp_001,ACO_n30_inst3_run2,base,60,1800,54000.0,0.7803439170238562,,496.81559476832126,531.731080269477
exp_001,ACO_n30_inst3_run2,base,70,2100,63000.0,0.8946042080060579,,496.81559476832126,551.8229735455817
exp_001,ACO_n30_inst3_run2,base,80,2400,72000.0,1.0696437919978052,,496.81559476832126,542.1681528719598
exp_001,ACO_n30_inst3_run2,base,90,2700,81000.0,1.1917478750110604,,496.81559476832126,550.9406268812186
exp_001,ACO_n30_inst3_run2,base,100,3000,90000.0,1.317087041970808,,496.81559476832126,558.0835855331536
exp_001,ACO_n30_inst3_run2,base,110,3300,99000.0,1.440449208021164,,496.81559476832126,551.1949124423675
exp_001,ACO_n30_inst3_run2,base,120,3600,108000.0,1.5595112500013784,,496.81559476832126,548.7674580236896
exp_001,ACO_n30_inst3_run2,base,130,3900,117000.0,1.678129124979023,,496.81559476832126,563.501135344648
exp_001,ACO_n30_inst3_run2,base,140,4200,126000.0,1.7978592080180533,,496.81559476832126,534.3020167514318
exp_001,ACO_n30_inst3_run2,base,150,4500,135000.0,1.9161861250177026,,496.81559476832126,513.16200112427
exp_001,ACO_n30_inst3_run2,base,160,4800,144000.0,2.0411871669930406,,496.81559476832126,577.9368797522369
exp_001,ACO_n30_inst3_run2,base,170,5100,153000.0,2.161566332972143,,496.81559476832126,581.9447921233099
exp_001,ACO_n30_inst3_run2,base,180,5400,162000.0,2.2799779580091126,,496.81559476832126,570.0049931413635
exp_001,ACO_n30_inst3_run2,base,190,5700,171000.0,2.3978078750078566,,496.81559476832126,559.9200687842294
exp_001,ACO_n30_inst3_run2,base,200,6000,180000.0,2.516512166999746,,496.81559476832126,544.2328056341022
exp_001,ACO_n30_inst3_run2,base,210,6300,189000.0,2.769342500017956,,496.81559476832126,563.5740126736506
exp_001,ACO_n30_inst3_run2,base,220,6600,198000.0,2.890101582976058,,496.81559476832126,536.7314333544207
exp_001,ACO_n30_inst3_run2,base,230,6900,207000.0,3.0158133329823613,,485.3244691795485,590.5257731283624
exp_001,ACO_n30_inst3_run2,base,240,7200,216000.0,3.1384695830056444,,485.3244691795485,526.5219669676574
exp_001,ACO_n30_inst3_run2,base,250,7500,225000.0,3.261279249971267,,485.3244691795485,588.097736621381
exp_001,ACO_n30_inst3_run2,base,260,7800,234000.0,3.38020445802249,,485.3244691795485,584.626202414993
exp_001,ACO_n30_inst3_run2,base,270,8100,243000.0,3.4950875830254517,,485.3244691795485,516.2548241446972
exp_001,ACO_n30_inst3_run2,base,280,8400,252000.0,3.6080656250123866,,485.3244691795485,560.9247649933034
exp_001,ACO_n30_inst3_run2,base,290,8700,261000.0,3.7310265420237556,,485.3244691795485,579.5365930131187
exp_001,ACO_n30_inst3_run2,base,300,9000,270000.0,3.8682427079766057,,485.3244691795485,522.2102364079531
exp_001,ACO_n30_inst3_run2,base,310,9300,279000.0,3.9933697499800473,,485.3244691795485,494.26328477281373
exp_001,ACO_n30_inst3_run2,base,320,9600,288000.0,4.13557550002588,,485.3244691795485,512.6832418011314
exp_001,ACO_n30_inst3_run2,base,330,9900,297000.0,4.270610291976482,,485.3244691795485,543.7383543800443
exp_001,ACO_n30_inst3_run2,base,340,10200,306000.0,4.407080249977298,,485.3244691795485,493.91467091399426
exp_001,ACO_n30_inst3_run2,base,350,10500,315000.0,4.529439083009493,,485.3244691795485,578.1566673891698
exp_001,ACO_n30_inst3_run2,base,360,10800,324000.0,4.651334333000705,,485.3244691795485,536.4530555966967
exp_001,ACO_n30_inst3_run2,base,370,11100,333000.0,4.771880083018914,,485.3244691795485,518.3375654765875
exp_001,ACO_n30_inst3_run2,base,380,11400,342000.0,4.889311250008177,,485.3244691795485,549.4484572977959
exp_001,ACO_n30_inst3_run2,base,390,11700,351000.0,5.0064477500272915,,485.3244691795485,520.7136518000704
exp_001,ACO_n30_inst3_run2,base,400,12000,360000.0,5.121021375001874,,485.3244691795485,503.5366427200899
exp_001,ACO_n30_inst3_run2,base,410,12300,369000.0,5.235791457991581,,469.17392311791747,518.9143311488021
exp_001,ACO_n30_inst3_run2,base,420,12600,378000.0,5.3516322919749655,,469.17392311791747,566.9103325396115
exp_001,ACO_n30_inst3_run2,base,430,12900,387000.0,5.466930125025101,,469.17392311791747,535.0632854962464
exp_001,ACO_n30_inst3_run2,base,440,13200,396000.0,5.581982042000163,,469.17392311791747,561.1029671542778
exp_001,ACO_n30_inst3_run2,base,450,13500,405000.0,5.780533250013832,,466.9754887004289,590.9681486013943
exp_001,ACO_n30_inst3_run2,base,460,13800,414000.0,5.989645917026792,,466.9754887004289,533.3861018062189
exp_001,ACO_n30_inst3_run2,base,470,14100,423000.0,6.139798082993366,,466.9754887004289,526.9778859722425
exp_001,ACO_n30_inst3_run2,base,480,14400,432000.0,6.261315791984089,,466.9754887004289,595.4361335473293
exp_001,ACO_n30_inst3_run2,base,490,14700,441000.0,6.385255792003591,,466.9754887004289,522.6163710036722
exp_001,ACO_n30_inst3_run2,base,500,15000,450000.0,6.504644666973036,,466.9754887004289,541.2039198520079
exp_001,ACO_n30_inst3_run2,base,510,15300,459000.0,6.620050749974325,,466.9754887004289,500.1487964114367
exp_001,ACO_n30_inst3_run2,base,520,15600,468000.0,6.739046457980294,,466.9754887004289,553.7917357302756
exp_001,ACO_n30_inst3_run2,base,530,15900,477000.0,6.860108042019419,,466.9754887004289,547.6511898001862
exp_001,ACO_n30_inst3_run2,base,540,16200,486000.0,6.990426958014723,,466.9754887004289,515.7466526913247
exp_001,ACO_n30_inst3_run2,base,550,16500,495000.0,7.120069500000682,,466.9754887004289,544.8619910895599
exp_001,ACO_n30_inst3_run2,base,560,16800,504000.0,7.244030124973506,,466.9754887004289,558.5989235186976
exp_001,ACO_n30_inst3_run2,base,570,17100,513000.0,7.3697861669934355,,466.9754887004289,536.5475211083581
exp_001,ACO_n30_inst3_run2,base,580,17400,522000.0,7.492530916992109,,466.9754887004289,569.4278926217103
exp_001,ACO_n30_inst3_run2,base,590,17700,531000.0,7.610370707989205,,466.9754887004289,582.4923219423149
exp_001,ACO_n30_inst3_run2,base,600,18000,540000.0,7.739737875002902,,466.9754887004289,520.428570129766
exp_001,ACO_n30_inst3_run2,base,610,18300,549000.0,7.863672874984331,,466.9754887004289,496.7232150614857
exp_001,ACO_n30_inst3_run2,base,620,18600,558000.0,7.980458208010532,,466.9754887004289,535.9070150791454
exp_001,ACO_n30_inst3_run2,base,630,18900,567000.0,8.194174041971564,,466.9754887004289,515.2152801658827
exp_001,ACO_n30_inst3_run2,base,640,19200,576000.0,8.317250708001666,,466.9754887004289,531.1917064055062
exp_001,ACO_n30_inst3_run2,base,650,19500,585000.0,8.437152249971405,,466.9754887004289,540.9419091452282
exp_001,ACO_n30_inst3_run2,base,660,19800,594000.0,8.556238042016048,,466.9754887004289,550.3342358291578
exp_001,ACO_n30_inst3_run2,base,670,20100,603000.0,8.671225207974203,,466.9754887004289,513.3050823908582
exp_001,ACO_n30_inst3_run2,base,680,20400,612000.0,8.823546833009459,,466.9754887004289,491.10606572397086
exp_001,ACO_n30_inst3_run2,base,690,20700,621000.0,9.048546125006396,,466.9754887004289,516.1865298434037
exp_001,ACO_n30_inst3_run2,base,700,21000,630000.0,9.19408858299721,,466.9754887004289,505.6959927688804
exp_001,ACO_n30_inst3_run2,base,710,21300,639000.0,9.322448791994248,,466.9754887004289,530.8227888058083
exp_001,ACO_n30_inst3_run2,base,720,21600,648000.0,9.447932208015118,,466.9754887004289,578.4860311066282
exp_001,ACO_n30_inst3_run2,base,730,21900,657000.0,9.571032291976735,,466.9754887004289,577.9281598975044
exp_001,ACO_n30_inst3_run2,base,740,22200,666000.0,9.690910667006392,,466.9754887004289,538.6833886861004
exp_001,ACO_n30_inst3_run2,base,750,22500,675000.0,9.844022542005405,,466.9754887004289,529.5692098240422
exp_001,ACO_n30_inst3_run2,base,760,22800,684000.0,9.972245791985188,,466.9754887004289,574.0256633113369
exp_001,ACO_n30_inst3_run2,base,770,23100,693000.0,10.12002291699173,,466.9754887004289,559.9222688963098
exp_001,ACO_n30_inst3_run2,base,780,23400,702000.0,10.31054924998898,,466.9754887004289,557.0152823969646
exp_001,ACO_n30_inst3_run2,base,790,23700,711000.0,10.454629999992903,,466.9754887004289,535.2583796547012
exp_001,ACO_n30_inst3_run2,base,800,24000,720000.0,10.574229917023331,,466.9754887004289,557.8058155953119
exp_001,ACO_n30_inst3_run2,base,810,24300,729000.0,10.706857417011634,,466.9754887004289,518.8755738376983
exp_001,ACO_n30_inst3_run2,base,820,24600,738000.0,10.842313333007041,,466.9754887004289,560.0479761930197
exp_001,ACO_n30_inst3_run2,base,830,24900,747000.0,10.99521908297902,,466.9754887004289,542.3787684215666
exp_001,ACO_n30_inst3_run2,base,840,25200,756000.0,11.131833416991867,,466.9754887004289,533.9063547894328
exp_001,ACO_n30_inst3_run2,base,850,25500,765000.0,11.258839500020258,,466.9754887004289,536.7792280634118
exp_001,ACO_n30_inst3_run2,base,860,25800,774000.0,11.385084457986522,,466.9754887004289,500.16605157431667
exp_001,ACO_n30_inst3_run2,base,870,26100,783000.0,11.5046416670084,,466.9754887004289,507.46098346594573
exp_001,ACO_n30_inst3_run2,base,880,26400,792000.0,11.630329750012606,,466.9754887004289,517.1224709232737
exp_001,ACO_n30_inst3_run2,base,890,26700,801000.0,11.755848707980476,,466.9754887004289,499.83568439049503
exp_001,ACO_n30_inst3_run2,base,900,27000,810000.0,11.919794792018365,,466.9754887004289,540.9472358446249
exp_001,ACO_n30_inst3_run2,base,910,27300,819000.0,12.07682587497402,,466.9754887004289,533.4876925621611
exp_001,ACO_n30_inst3_run2,base,920,27600,828000.0,12.230621042021085,,466.9754887004289,591.7174976023463
exp_001,ACO_n30_inst3_run2,base,930,27900,837000.0,12.351147582987323,,466.9754887004289,560.7203781165931
exp_001,ACO_n30_inst3_run2,base,940,28200,846000.0,12.468655332981143,,466.9754887004289,576.8387048266676
exp_001,ACO_n30_inst3_run2,base,950,28500,855000.0,12.591378125012852,,466.9754887004289,572.6267668050552
exp_001,ACO_n30_inst3_run2,base,960,28800,864000.0,12.716980999975931,,466.9754887004289,505.701116545233
exp_001,ACO_n30_inst3_run2,base,970,29100,873000.0,12.846523416985292,,466.9754887004289,567.6521349107873
exp_001,ACO_n30_inst3_run2,base,980,29400,882000.0,12.967074832995422,,466.9754887004289,547.3169159374911
exp_001,ACO_n30_inst3_run2,base,990,29700,891000.0,13.09013937501004,,466.9754887004289,553.7251304317954
exp_001,ACO_n30_inst3_run2,base,1000,30000,900000.0,13.2423466250184,,466.9754887004289,527.1510105830821
exp_001,ACO_n30_inst3_run2,base,1010,30300,909000.0,13.369633249996696,,466.9754887004289,506.1414228567543
exp_001,ACO_n30_inst3_run2,base,1020,30600,918000.0,13.494176333013456,,466.9754887004289,508.7117876721156
exp_001,ACO_n30_inst3_run2,base,1030,30900,927000.0,13.61699879198568,,466.9754887004289,507.3723030696449
exp_001,ACO_n30_inst3_run2,base,1040,31200,936000.0,13.737329124996904,,466.9754887004289,543.0414474674469
exp_001,ACO_n30_inst3_run2,base,1050,31500,945000.0,13.973782041983213,,466.9754887004289,580.2446196690885
exp_001,ACO_n30_inst3_run2,base,1060,31800,954000.0,14.097690667025745,,466.9754887004289,531.2051722852252
exp_001,ACO_n30_inst3_run2,base,1070,32100,963000.0,14.21941424999386,,466.9754887004289,502.0910927086712
exp_001,ACO_n30_inst3_run2,base,1080,32400,972000.0,14.337308957998175,,466.9754887004289,538.9372889764634
exp_001,ACO_n30_inst3_run2,base,1090,32700,981000.0,14.456158916989807,,466.9754887004289,523.125196957919
exp_001,ACO_n30_inst3_run2,base,1100,33000,990000.0,14.574393249989953,,466.9754887004289,523.7600847824347
exp_001,ACO_n30_inst3_run2,base,1110,33300,999000.0,14.69520408299286,,466.9754887004289,544.8766586329324
exp_001,ACO_n30_inst3_run2,base,1120,33600,1008000.0,14.824169249972329,,466.9754887004289,541.2641263722692
exp_001,ACO_n30_inst3_run2,base,1130,33900,1017000.0,14.942239249998238,,466.9754887004289,553.0530049079975
exp_001,ACO_n30_inst3_run2,base,1140,34200,1026000.0,15.060044042009395,,466.9754887004289,548.0496598084411
exp_001,ACO_n30_inst3_run2,base,1150,34500,1035000.0,15.176761207985692,,466.9754887004289,549.2573469385752
exp_001,ACO_n30_inst3_run2,base,1160,34800,1044000.0,15.342498291982338,,466.9754887004289,536.9061794165209
exp_001,ACO_n30_inst3_run2,base,1170,35100,1053000.0,15.531633874983527,,466.9754887004289,521.983341641617
exp_001,ACO_n30_inst3_run2,base,1180,35400,1062000.0,15.6730646250071,,466.9754887004289,515.8955217882788
exp_001,ACO_n30_inst3_run2,base,1190,35700,1071000.0,15.803526374977082,,466.9754887004289,512.43453532494
exp_001,ACO_n30_inst3_run2,base,1200,36000,1080000.0,15.929838666983414,,466.9754887004289,545.388757724259
exp_001,ACO_n30_inst3_run2,base,1210,36300,1089000.0,16.080905042006634,,466.9754887004289,541.9321220905971
exp_001,ACO_n30_inst3_run2,base,1220,36600,1098000.0,16.240689416998066,,466.9754887004289,501.5145415747237
exp_001,ACO_n30_inst3_run2,base,1230,36900,1107000.0,16.359325667028315,,466.9754887004289,565.1183686515658
exp_001,ACO_n30_inst3_run2,base,1240,37200,1116000.0,16.492832624993753,,466.9754887004289,520.2029491461486
exp_001,ACO_n30_inst3_run2,base,1250,37500,1125000.0,16.63156574999448,,466.9754887004289,570.5369118406626
exp_001,ACO_n30_inst3_run2,base,1260,37800,1134000.0,16.757315292023122,,466.9754887004289,546.0004497204075
exp_001,ACO_n30_inst3_run2,base,1270,38100,1143000.0,16.88401254202472,,466.9754887004289,534.0747878420399
exp_001,ACO_n30_inst3_run2,base,1280,38400,1152000.0,17.022506124980282,,466.9754887004289,543.3739411969938
exp_001,ACO_n30_inst3_run2,base,1290,38700,1161000.0,17.19173583301017,,466.9754887004289,529.2932095692042
exp_001,ACO_n30_inst3_run2,base,1300,39000,1170000.0,17.376195958000608,,466.9754887004289,532.299640653306
exp_001,ACO_n30_inst3_run2,base,1310,39300,1179000.0,17.574059167003725,,466.9754887004289,562.6880545286036
exp_001,ACO_n30_inst3_run2,base,1320,39600,1188000.0,17.706301541998982,,466.9754887004289,571.4398978417485
exp_001,ACO_n30_inst3_run2,base,1330,39900,1197000.0,17.830933707999066,,466.9754887004289,545.0602548910614
exp_001,ACO_n30_inst3_run2,base,1340,40200,1206000.0,17.961207917018328,,466.9754887004289,545.6596187820553
exp_001,ACO_n30_inst3_run2,base,1350,40500,1215000.0,18.080737375013996,,466.9754887004289,534.3242941433509
exp_001,ACO_n30_inst3_run2,base,1360,40800,1224000.0,18.199226333003026,,466.9754887004289,539.2114075644388
exp_001,ACO_n30_inst3_run2,base,1370,41100,1233000.0,18.322808291995898,,466.9754887004289,544.0748382966
exp_001,ACO_n30_inst3_run2,base,1380,41400,1242000.0,18.441763875016477,,466.9754887004289,503.2717262858995
exp_001,ACO_n30_inst3_run2,base,1390,41700,1251000.0,18.558726374991238,,466.9754887004289,525.6835927652755
exp_001,ACO_n30_inst3_run2,base,1400,42000,1260000.0,18.6742690000101,,466.9754887004289,522.2011510436048
exp_001,ACO_n30_inst3_run2,base,1410,42300,1269000.0,18.794407000008505,,466.9754887004289,546.3770951625409
exp_001,ACO_n30_inst3_run2,base,1420,42600,1278000.0,18.911403207981493,,466.9754887004289,519.8879451889316
exp_001,ACO_n30_inst3_run2,base,1430,42900,1287000.0,19.04426362499362,,466.9754887004289,547.8821499302185
exp_001,ACO_n30_inst3_run2,base,1440,43200,1296000.0,19.16334625001764,,466.9754887004289,538.6021149119562
exp_001,ACO_n30_inst3_run2,base,1450,43500,1305000.0,19.279512332985178,,466.9754887004289,517.3964964377562
exp_001,ACO_n30_inst3_run2,base,1460,43800,1314000.0,19.407800625020172,,466.9754887004289,542.2295269697155
exp_001,ACO_n30_inst3_run2,base,1470,44100,1323000.0,19.527978707978036,,466.9754887004289,517.7587236813135
exp_001,ACO_n30_inst3_run2,base,1480,44400,1332000.0,19.644512582977768,,466.9754887004289,577.5106479883852
exp_001,ACO_n30_inst3_run2,base,1490,44700,1341000.0,19.761895124975126,,466.9754887004289,537.9389927929406
exp_001,ACO_n30_inst3_run2,base,1500,45000,1350000.0,19.876302457996644,,466.9754887004289,542.3318854022685
exp_001,ACO_n30_inst3_run2,base,1510,45300,1359000.0,19.988329333020374,,466.9754887004289,524.2805691176667
exp_001,ACO_n30_inst3_run2,base,1520,45600,1368000.0,20.100069292006083,,466.9754887004289,555.1491671101314
exp_001,ACO_n30_inst3_run2,base,1530,45900,1377000.0,20.211535041977186,,466.9754887004289,558.3170580791949
exp_001,ACO_n30_inst3_run2,base,1540,46200,1386000.0,20.323813333001453,,466.9754887004289,523.731900198661
exp_001,ACO_n30_inst3_run2,base,1550,46500,1395000.0,20.435218832979444,,466.9754887004289,559.5413186585797
exp_001,ACO_n30_inst3_run2,base,1560,46800,1404000.0,20.546803792007267,,466.9754887004289,518.0841770946217
exp_001,ACO_n30_inst3_run2,base,1570,47100,1413000.0,20.670642375014722,,466.9754887004289,558.0702139637814
exp_001,ACO_n30_inst3_run2,base,1580,47400,1422000.0,20.792930874973536,,466.9754887004289,523.2672747724628
exp_001,ACO_n30_inst3_run2,base,1590,47700,1431000.0,20.969005000020843,,466.9754887004289,578.6777616951779
exp_001,ACO_n30_inst3_run2,base,1600,48000,1440000.0,21.15315600001486,,466.9754887004289,560.2152591444041
exp_001,ACO_n30_inst3_run2,base,1610,48300,1449000.0,21.446011124993674,,466.9754887004289,539.2777642602813
exp_001,ACO_n30_inst3_run2,base,1620,48600,1458000.0,21.57666916702874,,466.9754887004289,546.4469580025407
exp_001,ACO_n30_inst3_run2,base,1630,48900,1467000.0,21.69448566698702,,466.9754887004289,520.7809195735745
exp_001,ACO_n30_inst3_run2,base,1640,49200,1476000.0,21.82183933298802,,466.9754887004289,552.4677687763299
exp_001,ACO_n30_inst3_run2,base,1650,49500,1485000.0,21.94329804199515,,466.9754887004289,534.3363271719464
exp_001,ACO_n30_inst3_run2,base,1660,49800,1494000.0,22.05803499999456,,466.9754887004289,512.248411395426
exp_001,ACO_n30_inst4_run0,base,0,0,0.0,1.167005393654108e-06,,inf,inf
exp_001,ACO_n30_inst4_run0,base,10,300,9000.0,0.11349333298858255,,606.8715578949331,626.9918698807718
exp_001,ACO_n30_inst4_run0,base,20,600,18000.0,0.22661879198858514,,542.8564613021107,557.522056342457
exp_001,ACO_n30_inst4_run0,base,30,900,27000.0,0.3395486249937676,,536.9873428184272,582.7729335629438
exp_001,ACO_n30_inst4_run0,base,40,1200,36000.0,0.45245187502587214,,506.49508891157205,560.3198503264671
exp_001,ACO_n30_inst4_run0,base,50,1500,45000.0,0.5673119170241989,,499.24373685568236,591.9081070972355
exp_001,ACO_n30_inst4_run0,base,60,1800,54000.0,0.6800872500170954,,499.24373685568236,536.3761420922896
exp_001,ACO_n30_inst4_run0,base,70,2100,63000.0,0.7926637919736095,,494.06432274525116,567.9159590660927
exp_001,ACO_n30_inst4_run0,base,80,2400,72000.0,0.9053109170054086,,482.33919622476316,574.299157669041
exp_001,ACO_n30_inst4_run0,base,90,2700,81000.0,1.033109791984316,,482.33919622476316,550.3829509998077
exp_001,ACO_n30_inst4_run0,base,100,3000,90000.0,1.1666131250094622,,482.20087233211206,530.4835977548246
exp_001,ACO_n30_inst4_run0,base,110,3300,99000.0,1.2964119170210324,,482.20087233211206,564.7319494658047
exp_001,ACO_n30_inst4_run0,base,120,3600,108000.0,1.4099171250127256,,482.20087233211206,541.5144510791606
exp_001,ACO_n30_inst4_run0,base,130,3900,117000.0,1.5234796250006184,,482.20087233211206,552.7334435932579
exp_001,ACO_n30_inst4_run0,base,140,4200,126000.0,1.6372880000271834,,482.20087233211206,531.2459674680916
exp_001,ACO_n30_inst4_run0,base,150,4500,135000.0,1.7508190000080504,,482.20087233211206,510.6871344009364
exp_001,ACO_n30_inst4_run0,base,160,4800,144000.0,1.892774207983166,,482.20087233211206,559.4332235845527
exp_001,ACO_n30_inst4_run0,base,170,5100,153000.0,2.0147279169759713,,482.20087233211206,495.1195230675737
exp_001,ACO_n30_inst4_run0,base,180,5400,162000.0,2.133575208019465,,482.20087233211206,564.0831120307558
exp_001,ACO_n30_inst4_run0,base,190,5700,171000.0,2.2556708329939283,,482.20087233211206,504.5666027715451
exp_001,ACO_n30_inst4_run0,base,200,6000,180000.0,2.3748563330154866,,482.20087233211206,542.1364085260193
exp_001,ACO_n30_inst4_run0,base,210,6300,189000.0,2.4902075830032118,,472.73892718716536,520.3838122188085
exp_001,ACO_n30_inst4_run0,base,220,6600,198000.0,2.6281247080187313,,472.73892718716536,547.9208896494921
exp_001,ACO_n30_inst4_run0,base,230,6900,207000.0,2.7463962080073543,,472.73892718716536,549.5754439641223
exp_001,ACO_n30_inst4_run0,base,240,7200,216000.0,2.862192332977429,,472.73892718716536,547.5722254439527
exp_001,ACO_n30_inst4_run0,base,250,7500,225000.0,2.9765394999994896,,472.73892718716536,566.7347563150197
exp_001,ACO_n30_inst4_run0,base,260,7800,234000.0,3.0994902080274187,,472.73892718716536,531.9609973328037
exp_001,ACO_n30_inst4_run0,base,270,8100,243000.0,3.2452674169908278,,472.73892718716536,546.656987564563
exp_001,ACO_n30_inst4_run0,base,280,8400,252000.0,3.423432749987114,,472.73892718716536,573.1120742641676
exp_001,ACO_n30_inst4_run0,base,290,8700,261000.0,3.564998458023183,,472.73892718716536,570.9045869155763
exp_001,ACO_n30_inst4_run0,base,300,9000,270000.0,3.680645667016506,,472.73892718716536,511.7226430482769
exp_001,ACO_n30_inst4_run0,base,310,9300,279000.0,3.8173155420226976,,472.73892718716536,545.6939389760171
exp_001,ACO_n30_inst4_run0,base,320,9600,288000.0,3.9381900419830345,,472.73892718716536,553.6397931299407
exp_001,ACO_n30_inst4_run0,base,330,9900,297000.0,4.0809448750223964,,472.73892718716536,527.0212701487391
exp_001,ACO_n30_inst4_run0,base,340,10200,306000.0,4.1994354170165025,,472.73892718716536,547.9226509625507
exp_001,ACO_n30_inst4_run0,base,350,10500,315000.0,4.344835249998141,,472.73892718716536,506.0360224450449
exp_001,ACO_n30_inst4_run0,base,360,10800,324000.0,4.475987375015393,,472.73892718716536,522.6436982190427
exp_001,ACO_n30_inst4_run0,base,370,11100,333000.0,4.624011792009696,,472.73892718716536,533.4645862479952
exp_001,ACO_n30_inst4_run0,base,380,11400,342000.0,4.741518000024371,,472.73892718716536,537.1692330678254
exp_001,ACO_n30_inst4_run0,base,390,11700,351000.0,4.85835804202361,,472.73892718716536,481.5024580453234
exp_001,ACO_n30_inst4_run0,base,400,12000,360000.0,4.98158337501809,,472.73892718716536,526.9019159252807
exp_001,ACO_n30_inst4_run0,base,410,12300,369000.0,5.154315249994397,,472.73892718716536,509.6474155581589
exp_001,ACO_n30_inst4_run0,base,420,12600,378000.0,5.393218667013571,,472.73892718716536,537.5652156166564
exp_001,ACO_n30_inst4_run0,base,430,12900,387000.0,5.580056666978635,,472.73892718716536,535.3145715188692
exp_001,ACO_n30_inst4_run0,base,440,13200,396000.0,5.730895166983828,,472.73892718716536,502.15442924520835
exp_001,ACO_n30_inst4_run0,base,450,13500,405000.0,5.8747195830219425,,472.73892718716536,526.6857136439824
exp_001,ACO_n30_inst4_run0,base,460,13800,414000.0,6.019507749995682,,472.73892718716536,521.824394966241
exp_001,ACO_n30_inst4_run0,base,470,14100,423000.0,6.161751792009454,,472.73892718716536,551.6831401151662
exp_001,ACO_n30_inst4_run0,base,480,14400,432000.0,6.303133542009164,,472.73892718716536,570.4055815610072
exp_001,ACO_n30_inst4_run0,base,490,14700,441000.0,6.439650000014808,,472.73892718716536,515.0587896805745
exp_001,ACO_n30_inst4_run0,base,500,15000,450000.0,6.553892542026006,,472.73892718716536,514.6016794742025
exp_001,ACO_n30_inst4_run0,base,510,15300,459000.0,6.669402082974557,,472.73892718716536,511.93397845133336
exp_001,ACO_n30_inst4_run0,base,520,15600,468000.0,6.78568141697906,,472.73892718716536,519.8373994967109
exp_001,ACO_n30_inst4_run0,base,530,15900,477000.0,6.900160707999021,,472.73892718716536,566.0802532095444
exp_001,ACO_n30_inst4_run0,base,540,16200,486000.0,7.013830124982633,,472.73892718716536,553.8751213585152
exp_001,ACO_n30_inst4_run0,base,550,16500,495000.0,7.126859541982412,,472.73892718716536,569.5476449167314
exp_001,ACO_n30_inst4_run0,base,560,16800,504000.0,7.247804332990199,,472.73892718716536,545.8567570701636
exp_001,ACO_n30_inst4_run0,base,570,17100,513000.0,7.418428000004496,,472.73892718716536,531.2884962394045
exp_001,ACO_n30_inst4_run0,base,580,17400,522000.0,7.569206707994454,,472.73892718716536,539.546504607004
exp_001,ACO_n30_inst4_run0,base,590,17700,531000.0,7.68680399999721,,472.73892718716536,530.8647553906803
exp_001,ACO_n30_inst4_run0,base,600,18000,540000.0,7.802876042027492,,472.73892718716536,541.8515204987654
exp_001,ACO_n30_inst4_run0,base,610,18300,549000.0,7.9209112920216285,,472.73892718716536,529.115350182449
exp_001,ACO_n30_inst4_run0,base,620,18600,558000.0,8.035487541987095,,472.73892718716536,524.980683512037
exp_001,ACO_n30_inst4_run0,base,630,18900,567000.0,8.151120333001018,,472.73892718716536,557.2797401569422
exp_001,ACO_n30_inst4_run0,base,640,19200,576000.0,8.295898750016931,,472.73892718716536,562.5331740900455
exp_001,ACO_n30_inst4_run0,base,650,19500,585000.0,8.41458533302648,,472.73892718716536,530.2235556756942
exp_001,ACO_n30_inst4_run0,base,660,19800,594000.0,8.53278633300215,,472.73892718716536,498.17188394540307
exp_001,ACO_n30_inst4_run0,base,670,20100,603000.0,8.648694875009824,,472.73892718716536,496.0943316891639
exp_001,ACO_n30_inst4_run0,base,680,20400,612000.0,8.766035458014812,,472.73892718716536,537.9078497596802
exp_001,ACO_n30_inst4_run0,base,690,20700,621000.0,8.896090457972605,,472.73892718716536,574.1331162347273
exp_001,ACO_n30_inst4_run0,base,700,21000,630000.0,9.023762917029671,,472.73892718716536,543.2144194836908
exp_001,ACO_n30_inst4_run0,base,710,21300,639000.0,9.147825792024378,,472.73892718716536,516.958099128707
exp_001,ACO_n30_inst4_run0,base,720,21600,648000.0,9.27447837498039,,472.73892718716536,545.2383598007186
exp_001,ACO_n30_inst4_run0,base,730,21900,657000.0,9.409860957995988,,472.73892718716536,525.890743473725
exp_001,ACO_n30_inst4_run0,base,740,22200,666000.0,9.55161883297842,,472.73892718716536,553.527529845219
exp_001,ACO_n30_inst4_run0,base,750,22500,675000.0,9.672004707972519,,472.73892718716536,544.7500399778876
exp_001,ACO_n30_inst4_run0,base,760,22800,684000.0,9.797443707997445,,472.73892718716536,562.3091813398553
exp_001,ACO_n30_inst4_run0,base,770,23100,693000.0,9.92622816702351,,472.73892718716536,566.2443749923291
exp_001,ACO_n30_inst4_run0,base,780,23400,702000.0,10.181510041991714,,472.73892718716536,549.5771269128273
exp_001,ACO_n30_inst4_run0,base,790,23700,711000.0,10.32095299998764,,472.73892718716536,536.1258056267598
exp_001,ACO_n30_inst4_run0,base,800,24000,720000.0,10.438610374985728,,472.73892718716536,605.8787349240181
exp_001,ACO_n30_inst4_run0,base,810,24300,729000.0,10.553073082992341,,472.73892718716536,514.871993583558
exp_001,ACO_n30_inst4_run0,base,820,24600,738000.0,10.668116917018779,,472.73892718716536,519.8656318208816
exp_001,ACO_n30_inst4_run0,base,830,24900,747000.0,10.78153099998599,,472.73892718716536,531.0906260918871
exp_001,ACO_n30_inst4_run0,base,840,25200,756000.0,10.896538291999605,,472.73892718716536,558.9347034008465
exp_001,ACO_n30_inst4_run0,base,850,25500,765000.0,11.011466083000414,,472.73892718716536,560.985721178223
exp_001,ACO_n30_inst4_run0,base,860,25800,774000.0,11.126160542014986,,472.73892718716536,543.2243622328338
exp_001,ACO_n30_inst4_run0,base,870,26100,783000.0,11.250390000001062,,472.73892718716536,543.4258973749022
exp_001,ACO_n30_inst4_run0,base,880,26400,792000.0,11.496262250002474,,472.73892718716536,538.6363303161052
exp_001,ACO_n30_inst4_run0,base,890,26700,801000.0,11.611189417017158,,472.73892718716536,587.6966407740423
exp_001,ACO_n30_inst4_run0,base,900,27000,810000.0,11.728850541985594,,472.73892718716536,551.6806441130883
exp_001,ACO_n30_inst4_run0,base,910,27300,819000.0,11.84384395799134,,472.73892718716536,555.1429819445113
exp_001,ACO_n30_inst4_run0,base,920,27600,828000.0,11.957535583002027,,472.73892718716536,544.2129461403235
exp_001,ACO_n30_inst4_run0,base,930,27900,837000.0,12.073863167024683,,472.73892718716536,522.2803914335799
exp_001,ACO_n30_inst4_run0,base,940,28200,846000.0,12.188119333004579,,472.73892718716536,546.7695956516029
exp_001,ACO_n30_inst4_run0,base,950,28500,855000.0,12.358647375018336,,472.73892718716536,556.665035635495
exp_001,ACO_n30_inst4_run0,base,960,28800,864000.0,12.47361791698495,,472.73892718716536,520.5440195490006
exp_001,ACO_n30_inst4_run0,base,970,29100,873000.0,12.60096558299847,,472.73892718716536,535.4283085219874
exp_001,ACO_n30_inst4_run0,base,980,29400,882000.0,12.733419249998406,,472.73892718716536,561.189154263362
exp_001,ACO_n30_inst4_run0,base,990,29700,891000.0,12.898478041985072,,472.73892718716536,538.6949645746504
exp_001,ACO_n30_inst4_run0,base,1000,30000,900000.0,13.03148483298719,,472.73892718716536,579.7667129577458
exp_001,ACO_n30_inst4_run0,base,1010,30300,909000.0,13.170710999984294,,472.73892718716536,601.0012253744512
exp_001,ACO_n30_inst4_run0,base,1020,30600,918000.0,13.288022875029128,,472.73892718716536,539.215947702736
exp_001,ACO_n30_inst4_run0,base,1030,30900,927000.0,13.402953042008448,,472.73892718716536,526.6632483291851
exp_001,ACO_n30_inst4_run0,base,1040,31200,936000.0,13.516575667017605,,472.73892718716536,536.68603537783
exp_001,ACO_n30_inst4_run0,base,1050,31500,945000.0,13.630104708019644,,472.73892718716536,576.9876915418738
exp_001,ACO_n30_inst4_run0,base,1060,31800,954000.0,13.743289917008951,,472.73892718716536,506.6979944444575
exp_001,ACO_n30_inst4_run0,base,1070,32100,963000.0,13.858825083007105,,472.73892718716536,540.1093663738762
exp_001,ACO_n30_inst4_run0,base,1080,32400,972000.0,13.972721667028964,,472.73892718716536,554.7696524874881
exp_001,ACO_n30_inst4_run0,base,1090,32700,981000.0,14.087403125013225,,472.73892718716536,544.1019504485205
exp_001,ACO_n30_inst4_run0,base,1100,33000,990000.0,14.218828957993537,,472.73892718716536,553.4087948472064
exp_001,ACO_n30_inst4_run0,base,1110,33300,999000.0,14.396666250017006,,472.73892718716536,555.5169908584913
exp_001,ACO_n30_inst4_run0,base,1120,33600,1008000.0,14.649395957996603,,472.73892718716536,510.14593478530793
exp_001,ACO_n30_inst4_run0,base,1130,33900,1017000.0,14.868203166988678,,472.73892718716536,561.1902261918536
exp_001,ACO_n30_inst4_run0,base,1140,34200,1026000.0,15.113657624984626,,472.73892718716536,513.5844547965934
exp_001,ACO_n30_inst4_run0,base,1150,34500,1035000.0,15.288927250017878,,472.73892718716536,519.3434290005421
exp_001,ACO_n30_inst4_run0,base,1160,34800,1044000.0,15.415530874975957,,472.73892718716536,555.8921634708695
exp_001,ACO_n30_inst4_run0,base,1170,35100,1053000.0,15.532596083008684,,472.73892718716536,503.25160188075387
exp_001,ACO_n30_inst4_run0,base,1180,35400,1062000.0,15.651818124984857,,472.73892718716536,522.1224425221163
exp_001,ACO_n30_inst4_run0,base,1190,35700,1071000.0,15.799314750009216,,472.73892718716536,555.9220540358258
exp_001,ACO_n30_inst4_run0,base,1200,36000,1080000.0,15.91969066701131,,471.12920733879645,508.27773267163343
exp_001,ACO_n30_inst4_run0,base,1210,36300,1089000.0,16.03971741697751,,471.12920733879645,535.6537879857522
exp_001,ACO_n30_inst4_run0,base,1220,36600,1098000.0,16.15715874999296,,471.12920733879645,471.8044845289599
exp_001,ACO_n30_inst4_run0,base,1230,36900,1107000.0,16.27291762502864,,471.12920733879645,543.9087877361304
exp_001,ACO_n30_inst4_run0,base,1240,37200,1116000.0,16.38967825000873,,471.12920733879645,548.0951959276614
exp_001,ACO_n30_inst4_run0,base,1250,37500,1125000.0,16.505752958008088,,471.12920733879645,530.9025010552054
exp_001,ACO_n30_inst4_run0,base,1260,37800,1134000.0,16.620764792023692,,471.12920733879645,512.9884247869669
exp_001,ACO_n30_inst4_run0,base,1270,38100,1143000.0,16.735738374991342,,471.12920733879645,533.8023859489421
exp_001,ACO_n30_inst4_run0,base,1280,38400,1152000.0,16.855501457990613,,471.12920733879645,535.6867473182996
exp_001,ACO_n30_inst4_run0,base,1290,38700,1161000.0,16.972585499985144,,471.12920733879645,594.0729976640205
exp_001,ACO_n30_inst4_run0,base,1300,39000,1170000.0,17.08971345803002,,471.12920733879645,533.9497456295757
exp_001,ACO_n30_inst4_run0,base,1310,39300,1179000.0,17.204786457994487,,471.12920733879645,535.8237298508873
exp_001,ACO_n30_inst4_run0,base,1320,39600,1188000.0,17.320953832997475,,471.12920733879645,513.3239443901385
exp_001,ACO_n30_inst4_run0,base,1330,39900,1197000.0,17.437871999980416,,471.12920733879645,582.0894553245579
exp_001,ACO_n30_inst4_run0,base,1340,40200,1206000.0,17.553812582977116,,471.12920733879645,571.7643542159292
exp_001,ACO_n30_inst4_run0,base,1350,40500,1215000.0,17.669819707982242,,471.12920733879645,538.8253270703175
exp_001,ACO_n30_inst4_run0,base,1360,40800,1224000.0,17.78603779198602,,471.12920733879645,532.4820509788459
exp_001,ACO_n30_inst4_run0,base,1370,41100,1233000.0,17.90266854199581,,471.12920733879645,558.595096271084
exp_001,ACO_n30_inst4_run0,base,1380,41400,1242000.0,18.01839766697958,,471.12920733879645,525.6592723480987
exp_001,ACO_n30_inst4_run0,base,1390,41700,1251000.0,18.133686624991242,,471.12920733879645,522.253632195313
exp_001,ACO_n30_inst4_run0,base,1400,42000,1260000.0,18.249683625006583,,471.12920733879645,543.6845782165816
exp_001,ACO_n30_inst4_run0,base,1410,42300,1269000.0,18.366862000024412,,471.12920733879645,559.1883603919716
exp_001,ACO_n30_inst4_run0,base,1420,42600,1278000.0,18.481832874997053,,471.12920733879645,549.6908818556757
exp_001,ACO_n30_inst4_run0,base,1430,42900,1287000.0,18.597011125006247,,471.12920733879645,558.9914419585059
exp_001,ACO_n30_inst4_run0,base,1440,43200,1296000.0,18.71273879200453,,471.12920733879645,523.3410499712747
exp_001,ACO_n30_inst4_run0,base,1450,43500,1305000.0,18.827934042026754,,471.12920733879645,536.7567665582501
exp_001,ACO_n30_inst4_run0,base,1460,43800,1314000.0,18.945348042005207,,471.12920733879645,534.7477335869361
exp_001,ACO_n30_inst4_run0,base,1470,44100,1323000.0,19.060527082998306,,471.12920733879645,543.4169128185525
exp_001,ACO_n30_inst4_run0,base,1480,44400,1332000.0,19.17743908299599,,471.12920733879645,520.9161148852922
exp_001,ACO_n30_inst4_run0,base,1490,44700,1341000.0,19.301513625017833,,469.85477383291396,523.9758096563012
exp_001,ACO_n30_inst4_run0,base,1500,45000,1350000.0,19.463300250004977,,469.85477383291396,510.00629450479244
exp_001,ACO_n30_inst4_run0,base,1510,45300,1359000.0,19.584163125022314,,469.85477383291396,533.7186104445785
exp_001,ACO_n30_inst4_run0,base,1520,45600,1368000.0,19.702892208006233,,469.85477383291396,533.5663616200078
exp_001,ACO_n30_inst4_run0,base,1530,45900,1377000.0,19.830250333005097,,469.85477383291396,568.1570275044018
exp_001,ACO_n30_inst4_run0,base,1540,46200,1386000.0,19.94987975002732,,469.85477383291396,505.9259271876258
exp_001,ACO_n30_inst4_run0,base,1550,46500,1395000.0,20.068063082988374,,469.85477383291396,501.22591984607726
exp_001,ACO_n30_inst4_run0,base,1560,46800,1404000.0,20.18469833297422,,468.2914645547349,577.9968979884139
exp_001,ACO_n30_inst4_run0,base,1570,47100,1413000.0,20.300907250028104,,468.2914645547349,555.7843706081219
exp_001,ACO_n30_inst4_run0,base,1580,47400,1422000.0,20.41623824997805,,468.2914645547349,544.5167725515628
exp_001,ACO_n30_inst4_run0,base,1590,47700,1431000.0,20.533727000001818,,468.2914645547349,519.7428536557704
exp_001,ACO_n30_inst4_run0,base,1600,48000,1440000.0,20.64994824997848,,468.2914645547349,545.9703289534866
exp_001,ACO_n30_inst4_run0,base,1610,48300,1449000.0,20.76516841701232,,468.2914645547349,520.4419564579373
exp_001,ACO_n30_inst4_run0,base,1620,48600,1458000.0,20.878659042005893,,468.2914645547349,512.3991049073416
exp_001,ACO_n30_inst4_run0,base,1630,48900,1467000.0,20.992246958019678,,468.2914645547349,536.367009331644
exp_001,ACO_n30_inst4_run0,base,1640,49200,1476000.0,21.107338916976005,,468.2914645547349,554.1179941032467
exp_001,ACO_n30_inst4_run0,base,1650,49500,1485000.0,21.220547707984224,,468.2914645547349,535.2805180283542
exp_001,ACO_n30_inst4_run0,base,1660,49800,1494000.0,21.33424770802958,,468.2914645547349,516.9669132184537
exp_001,ACO_n30_inst4_run1,base,0,0,0.0,1.334003172814846e-06,,inf,inf
exp_001,ACO_n30_inst4_run1,base,10,300,9000.0,0.1155210419674404,,594.267531355842,594.267531355842
exp_001,ACO_n30_inst4_run1,base,20,600,18000.0,0.2833380840020254,,522.3993717632446,522.3993717632446
exp_001,ACO_n30_inst4_run1,base,30,900,27000.0,0.4778003749670461,,522.3993717632446,576.9314212141255
exp_001,ACO_n30_inst4_run1,base,40,1200,36000.0,0.5932644589920528,,497.1518959323331,551.4199446749514
exp_001,ACO_n30_inst4_run1,base,50,1500,45000.0,0.7089090420049615,,497.1518959323331,594.9784528804453
exp_001,ACO_n30_inst4_run1,base,60,1800,54000.0,0.8226204589591362,,497.1518959323331,559.1929335451651
exp_001,ACO_n30_inst4_run1,base,70,2100,63000.0,0.9359137089923024,,497.1518959323331,557.1580213890112
exp_001,ACO_n30_inst4_run1,base,80,2400,72000.0,1.049643083999399,,497.1518959323331,515.95771166407
exp_001,ACO_n30_inst4_run1,base,90,2700,81000.0,1.1625487089622766,,497.1518959323331,554.6560774515709
exp_001,ACO_n30_inst4_run1,base,100,3000,90000.0,1.27778516698163,,464.52366275404347,581.044990909778
exp_001,ACO_n30_inst4_run1,base,110,3300,99000.0,1.3913436249713413,,464.52366275404347,534.9153780386247
exp_001,ACO_n30_inst4_run1,base,120,3600,108000.0,1.5045709169935435,,464.52366275404347,493.5999100286702
exp_001,ACO_n30_inst4_run1,base,130,3900,117000.0,1.6177166249835864,,464.52366275404347,544.5684474544692
exp_001,ACO_n30_inst4_run1,base,140,4200,126000.0,1.7320552919991314,,464.52366275404347,527.1039886943325
exp_001,ACO_n30_inst4_run1,base,150,4500,135000.0,1.846610624983441,,464.52366275404347,553.531829739794
exp_001,ACO_n30_inst4_run1,base,160,4800,144000.0,1.9633876250009052,,464.52366275404347,532.7260166927448
exp_001,ACO_n30_inst4_run1,base,170,5100,153000.0,2.0824802499846555,,464.52366275404347,514.1133653253471
exp_001,ACO_n30_inst4_run1,base,180,5400,162000.0,2.1991141670150682,,464.52366275404347,534.446456313259
exp_001,ACO_n30_inst4_run1,base,190,5700,171000.0,2.3149612919660285,,464.52366275404347,514.5430912408791
exp_001,ACO_n30_inst4_run1,base,200,6000,180000.0,2.428002041997388,,464.52366275404347,586.042646454389
exp_001,ACO_n30_inst4_run1,base,210,6300,189000.0,2.5409650839865208,,464.52366275404347,530.5513661092652
exp_001,ACO_n30_inst4_run1,base,220,6600,198000.0,2.653917209012434,,464.52366275404347,526.0612734708822
exp_001,ACO_n30_inst4_run1,base,230,6900,207000.0,2.7697131669847295,,464.52366275404347,518.8036914735806
exp_001,ACO_n30_inst4_run1,base,240,7200,216000.0,2.8840144589776173,,464.52366275404347,525.9891895606353
exp_001,ACO_n30_inst4_run1,base,250,7500,225000.0,3.014935292012524,,464.52366275404347,557.6203984949431
exp_001,ACO_n30_inst4_run1,base,260,7800,234000.0,3.1631030419957824,,464.52366275404347,537.0090812132684
exp_001,ACO_n30_inst4_run1,base,270,8100,243000.0,3.294980917009525,,464.52366275404347,533.6901695318346
exp_001,ACO_n30_inst4_run1,base,280,8400,252000.0,3.4410171670024283,,464.52366275404347,549.4689699594601
exp_001,ACO_n30_inst4_run1,base,290,8700,261000.0,3.5552491669659503,,464.52366275404347,562.6072521383666
exp_001,ACO_n30_inst4_run1,base,300,9000,270000.0,3.669693499978166,,464.52366275404347,536.1633330026242
exp_001,ACO_n30_inst4_run1,base,310,9300,279000.0,3.7852728749858215,,464.52366275404347,550.2379278636881
exp_001,ACO_n30_inst4_run1,base,320,9600,288000.0,3.898872791964095,,464.52366275404347,550.2359976978545
exp_001,ACO_n30_inst4_run1,base,330,9900,297000.0,4.011637084011454,,464.52366275404347,541.0541153532798
exp_001,ACO_n30_inst4_run1,base,340,10200,306000.0,4.125091499998234,,464.52366275404347,479.26576427224404
exp_001,ACO_n30_inst4_run1,base,350,10500,315000.0,4.239219792012591,,464.52366275404347,501.8732950254283
exp_001,ACO_n30_inst4_run1,base,360,10800,324000.0,4.35503204195993,,464.52366275404347,486.77686665868896
exp_001,ACO_n30_inst4_run1,base,370,11100,333000.0,4.468137124960776,,464.52366275404347,565.9040948821576
exp_001,ACO_n30_inst4_run1,base,380,11400,342000.0,4.581273833988234,,464.52366275404347,573.001040985985
exp_001,ACO_n30_inst4_run1,base,390,11700,351000.0,4.694116041995585,,464.52366275404347,526.8696802096987
exp_001,ACO_n30_inst4_run1,base,400,12000,360000.0,4.810315708979033,,464.52366275404347,541.9333076747586
exp_001,ACO_n30_inst4_run1,base,410,12300,369000.0,4.948397166968789,,464.52366275404347,538.1482234385854
exp_001,ACO_n30_inst4_run1,base,420,12600,378000.0,5.063925833965186,,464.52366275404347,555.3325982052322
exp_001,ACO_n30_inst4_run1,base,430,12900,387000.0,5.178575083962642,,464.52366275404347,542.5063005228694
exp_001,ACO_n30_inst4_run1,base,440,13200,396000.0,5.29347095900448,,464.52366275404347,530.495507456354
exp_001,ACO_n30_inst4_run1,base,450,13500,405000.0,5.465437583974563,,464.52366275404347,556.7182700502603
exp_001,ACO_n30_inst4_run1,base,460,13800,414000.0,5.658281709009316,,464.52366275404347,559.9907840642804
exp_001,ACO_n30_inst4_run1,base,470,14100,423000.0,5.8201205839868635,,464.52366275404347,556.1287960100094
exp_001,ACO_n30_inst4_run1,base,480,14400,432000.0,5.968591999961063,,464.52366275404347,553.8539738506089
exp_001,ACO_n30_inst4_run1,base,490,14700,441000.0,6.119065042003058,,464.52366275404347,520.1306034387193
exp_001,ACO_n30_inst4_run1,base,500,15000,450000.0,6.270481499959715,,464.52366275404347,496.6017420568614
exp_001,ACO_n30_inst4_run1,base,510,15300,459000.0,6.443916374992114,,464.52366275404347,548.3411096103002
exp_001,ACO_n30_inst4_run1,base,520,15600,468000.0,6.607732250005938,,464.52366275404347,546.905011284055
exp_001,ACO_n30_inst4_run1,base,530,15900,477000.0,6.744526541966479,,464.52366275404347,514.7541211419143
exp_001,ACO_n30_inst4_run1,base,540,16200,486000.0,6.8657137919799425,,464.52366275404347,535.321862145727
exp_001,ACO_n30_inst4_run1,base,550,16500,495000.0,7.000932124967221,,464.52366275404347,544.3050361090384
exp_001,ACO_n30_inst4_run1,base,560,16800,504000.0,7.119317625008989,,464.52366275404347,530.5672047577647
exp_001,ACO_n30_inst4_run1,base,570,17100,513000.0,7.2355436669895425,,464.52366275404347,548.5812338049338
exp_001,ACO_n30_inst4_run1,base,580,17400,522000.0,7.352136958972551,,464.52366275404347,564.9612704926267
exp_001,ACO_n30_inst4_run1,base,590,17700,531000.0,7.468410375004169,,464.52366275404347,537.0130973673962
exp_001,ACO_n30_inst4_run1,base,600,18000,540000.0,7.58396374998847,,464.52366275404347,560.6257083147008
exp_001,ACO_n30_inst4_run1,base,610,18300,549000.0,7.70754437497817,,464.52366275404347,529.9948433991522
exp_001,ACO_n30_inst4_run1,base,620,18600,558000.0,7.850114708999172,,464.52366275404347,531.7993573532665
exp_001,ACO_n30_inst4_run1,base,630,18900,567000.0,7.967866833962034,,464.52366275404347,536.695451744244
exp_001,ACO_n30_inst4_run1,base,640,19200,576000.0,8.095421666977927,,464.52366275404347,517.1599615801537
exp_001,ACO_n30_inst4_run1,base,650,19500,585000.0,8.233684709004592,,464.52366275404347,553.8317377459114
exp_001,ACO_n30_inst4_run1,base,660,19800,594000.0,8.409836208971683,,464.52366275404347,529.9249184714524
exp_001,ACO_n30_inst4_run1,base,670,20100,603000.0,8.537678374967072,,464.52366275404347,527.6293589180045
exp_001,ACO_n30_inst4_run1,base,680,20400,612000.0,8.65560091700172,,464.52366275404347,534.5296822936143
exp_001,ACO_n30_inst4_run1,base,690,20700,621000.0,8.770889709005132,,464.52366275404347,565.2360886747546
exp_001,ACO_n30_inst4_run1,base,700,21000,630000.0,8.886323374987114,,464.52366275404347,583.4537495687111
exp_001,ACO_n30_inst4_run1,base,710,21300,639000.0,9.001656916982029,,464.52366275404347,554.6357656754769
exp_001,ACO_n30_inst4_run1,base,720,21600,648000.0,9.117182334011886,,464.52366275404347,539.0508277310803
exp_001,ACO_n30_inst4_run1,base,730,21900,657000.0,9.232650291989557,,462.10578915647216,548.9205198852701
exp_001,ACO_n30_inst4_run1,base,740,22200,666000.0,9.350042834004853,,462.10578915647216,525.76546314291
exp_001,ACO_n30_inst4_run1,base,750,22500,675000.0,9.466880208987277,,462.10578915647216,527.5022827037885
exp_001,ACO_n30_inst4_run1,base,760,22800,684000.0,9.582268374972045,,462.10578915647216,559.8101896502096
exp_001,ACO_n30_inst4_run1,base,770,23100,693000.0,9.697909749986138,,462.10578915647216,553.9057024325143
exp_001,ACO_n30_inst4_run1,base,780,23400,702000.0,9.863281750003807,,462.10578915647216,572.42661220734
exp_001,ACO_n30_inst4_run1,base,790,23700,711000.0,9.981806583993603,,462.10578915647216,575.8703053815437
exp_001,ACO_n30_inst4_run1,base,800,24000,720000.0,10.103485792002175,,462.10578915647216,521.0856455344544
exp_001,ACO_n30_inst4_run1,base,810,24300,729000.0,10.223265042004641,,462.10578915647216,523.6321531897792
exp_001,ACO_n30_inst4_run1,base,820,24600,738000.0,10.345062916981988,,462.10578915647216,559.1482704144779
exp_001,ACO_n30_inst4_run1,base,830,24900,747000.0,10.45989295898471,,462.10578915647216,548.2270639724927
exp_001,ACO_n30_inst4_run1,base,840,25200,756000.0,10.573943041963503,,462.10578915647216,545.9933347065228
exp_001,ACO_n30_inst4_run1,base,850,25500,765000.0,10.685970458958764,,462.10578915647216,528.2778667814115
exp_001,ACO_n30_inst4_run1,base,860,25800,774000.0,10.798656667000614,,462.10578915647216,519.5503463342831
exp_001,ACO_n30_inst4_run1,base,870,26100,783000.0,10.911385166982654,,462.10578915647216,523.624773736553
exp_001,ACO_n30_inst4_run1,base,880,26400,792000.0,11.022681374975946,,462.10578915647216,485.8855045636006
exp_001,ACO_n30_inst4_run1,base,890,26700,801000.0,11.13357929198537,,462.10578915647216,533.3888522321697
exp_001,ACO_n30_inst4_run1,base,900,27000,810000.0,11.244382167002186,,462.10578915647216,540.6480463609969
exp_001,ACO_n30_inst4_run1,base,910,27300,819000.0,11.356855749967508,,462.10578915647216,561.5555705774764
exp_001,ACO_n30_inst4_run1,base,920,27600,828000.0,11.467712500016205,,462.10578915647216,516.0875485039678
exp_001,ACO_n30_inst4_run1,base,930,27900,837000.0,11.578584834001958,,462.10578915647216,542.3243150222173
exp_001,ACO_n30_inst4_run1,base,940,28200,846000.0,11.689671374973841,,462.10578915647216,511.22176428113704
exp_001,ACO_n30_inst4_run1,base,950,28500,855000.0,11.839674333983567,,462.10578915647216,552.9408100412107
exp_001,ACO_n30_inst4_run1,base,960,28800,864000.0,11.95553908398142,,462.10578915647216,532.036925434078
exp_001,ACO_n30_inst4_run1,base,970,29100,873000.0,12.07067945896415,,462.10578915647216,580.4659501841905
exp_001,ACO_n30_inst4_run1,base,980,29400,882000.0,12.185235125012696,,462.10578915647216,503.73985976314015
exp_001,ACO_n30_inst4_run1,base,990,29700,891000.0,12.301614333991893,,462.10578915647216,544.9344562070639
exp_001,ACO_n30_inst4_run1,base,1000,30000,900000.0,12.42334799998207,,462.10578915647216,565.5732234442255
exp_001,ACO_n30_inst4_run1,base,1010,30300,909000.0,12.545390042010695,,462.10578915647216,525.6562570172246
exp_001,ACO_n30_inst4_run1,base,1020,30600,918000.0,12.662818834010977,,462.10578915647216,539.1382875765379
exp_001,ACO_n30_inst4_run1,base,1030,30900,927000.0,12.77845287497621,,462.10578915647216,554.2182934141296
exp_001,ACO_n30_inst4_run1,base,1040,31200,936000.0,12.891562292003073,,462.10578915647216,526.6110447193811
exp_001,ACO_n30_inst4_run1,base,1050,31500,945000.0,13.006650541967247,,462.10578915647216,551.5368388779509
exp_001,ACO_n30_inst4_run1,base,1060,31800,954000.0,13.121147041965742,,462.10578915647216,482.4578602031141
exp_001,ACO_n30_inst4_run1,base,1070,32100,963000.0,13.234642791969236,,462.10578915647216,580.3442334775722
exp_001,ACO_n30_inst4_run1,base,1080,32400,972000.0,13.348332083958667,,462.10578915647216,523.6841735071515
exp_001,ACO_n30_inst4_run1,base,1090,32700,981000.0,13.507245624961797,,462.10578915647216,533.7997915617224
exp_001,ACO_n30_inst4_run1,base,1100,33000,990000.0,13.622541334014386,,462.10578915647216,499.86484374002407
exp_001,ACO_n30_inst4_run1,base,1110,33300,999000.0,13.739645624998957,,462.10578915647216,504.97173671178217
exp_001,ACO_n30_inst4_run1,base,1120,33600,1008000.0,13.85697533399798,,462.10578915647216,571.1405417679742
exp_001,ACO_n30_inst4_run1,base,1130,33900,1017000.0,13.972675333963707,,462.10578915647216,550.8277743173127
exp_001,ACO_n30_inst4_run1,base,1140,34200,1026000.0,14.090036000008695,,462.10578915647216,578.0039152483864
exp_001,ACO_n30_inst4_run1,base,1150,34500,1035000.0,14.218551124969963,,462.10578915647216,564.4720264343729
exp_001,ACO_n30_inst4_run1,base,1160,34800,1044000.0,14.335209833981935,,462.10578915647216,496.87344319840395
exp_001,ACO_n30_inst4_run1,base,1170,35100,1053000.0,14.450364124961197,,462.10578915647216,516.0771349590738
exp_001,ACO_n30_inst4_run1,base,1180,35400,1062000.0,14.568354374961928,,462.10578915647216,545.7782218116472
exp_001,ACO_n30_inst4_run1,base,1190,35700,1071000.0,14.683545875013806,,462.10578915647216,569.3674235838722
exp_001,ACO_n30_inst4_run1,base,1200,36000,1080000.0,14.800851541978773,,462.10578915647216,555.9760295960551
exp_001,ACO_n30_inst4_run1,base,1210,36300,1089000.0,14.91640483395895,,462.10578915647216,509.1221535012623
exp_001,ACO_n30_inst4_run1,base,1220,36600,1098000.0,15.032575291988906,,462.10578915647216,499.9026145529369
exp_001,ACO_n30_inst4_run1,base,1230,36900,1107000.0,15.14825808396563,,462.10578915647216,519.3241956576034
exp_001,ACO_n30_inst4_run1,base,1240,37200,1116000.0,15.26485454197973,,462.10578915647216,538.0781713944784
exp_001,ACO_n30_inst4_run1,base,1250,37500,1125000.0,15.380181583983358,,462.10578915647216,573.1548831047492
exp_001,ACO_n30_inst4_run1,base,1260,37800,1134000.0,15.495409916969948,,462.10578915647216,534.3338678460273
exp_001,ACO_n30_inst4_run1,base,1270,38100,1143000.0,15.609966291987803,,462.10578915647216,557.4874171554785
exp_001,ACO_n30_inst4_run1,base,1280,38400,1152000.0,15.725569291971624,,462.10578915647216,564.3174419021357
exp_001,ACO_n30_inst4_run1,base,1290,38700,1161000.0,15.842788750014734,,462.10578915647216,509.5254165544152
exp_001,ACO_n30_inst4_run1,base,1300,39000,1170000.0,15.958486874995288,,462.10578915647216,531.0972465182703
exp_001,ACO_n30_inst4_run1,base,1310,39300,1179000.0,16.074211124971043,,462.10578915647216,492.6877851051295
exp_001,ACO_n30_inst4_run1,base,1320,39600,1188000.0,16.19010166701628,,462.10578915647216,545.7638781799245
exp_001,ACO_n30_inst4_run1,base,1330,39900,1197000.0,16.30720245896373,,462.10578915647216,557.7653598582059
exp_001,ACO_n30_inst4_run1,base,1340,40200,1206000.0,16.423104874964338,,462.10578915647216,561.0861162500262
exp_001,ACO_n30_inst4_run1,base,1350,40500,1215000.0,16.537575833965093,,462.10578915647216,551.1712996803765
exp_001,ACO_n30_inst4_run1,base,1360,40800,1224000.0,16.652844416967127,,462.10578915647216,578.8779810245821
exp_001,ACO_n30_inst4_run1,base,1370,41100,1233000.0,16.7703372919932,,462.10578915647216,560.9155407346659
exp_001,ACO_n30_inst4_run1,base,1380,41400,1242000.0,16.887977749982383,,462.10578915647216,543.9693774657667
exp_001,ACO_n30_inst4_run1,base,1390,41700,1251000.0,17.003605749981944,,462.10578915647216,553.4808417867451
exp_001,ACO_n30_inst4_run1,base,1400,42000,1260000.0,17.119425792014226,,462.10578915647216,522.8038360502055
exp_001,ACO_n30_inst4_run1,base,1410,42300,1269000.0,17.23539962497307,,462.10578915647216,534.4843622744412
exp_001,ACO_n30_inst4_run1,base,1420,42600,1278000.0,17.351737416989636,,462.10578915647216,518.5234496465539
exp_001,ACO_n30_inst4_run1,base,1430,42900,1287000.0,17.466826541989576,,462.10578915647216,527.8496884082375
exp_001,ACO_n30_inst4_run1,base,1440,43200,1296000.0,17.582624583970755,,462.10578915647216,560.2737721970768
exp_001,ACO_n30_inst4_run1,base,1450,43500,1305000.0,17.698159874998964,,462.10578915647216,508.2141755397953
exp_001,ACO_n30_inst4_run1,base,1460,43800,1314000.0,17.932564041984733,,462.10578915647216,538.7304731577525
exp_001,ACO_n30_inst4_run1,base,1470,44100,1323000.0,18.049851791991387,,462.10578915647216,540.8165518555545
exp_001,ACO_n30_inst4_run1,base,1480,44400,1332000.0,18.167429249966517,,462.10578915647216,527.5253585543874
exp_001,ACO_n30_inst4_run1,base,1490,44700,1341000.0,18.28448379196925,,462.10578915647216,527.3596289798262
exp_001,ACO_n30_inst4_run1,base,1500,45000,1350000.0,18.400245583965443,,462.10578915647216,511.28114488514353
exp_001,ACO_n30_inst4_run1,base,1510,45300,1359000.0,18.538623542001005,,462.10578915647216,542.834906088383
exp_001,ACO_n30_inst4_run1,base,1520,45600,1368000.0,18.670510458992794,,462.10578915647216,538.0684504803517
exp_001,ACO_n30_inst4_run1,base,1530,45900,1377000.0,18.78823729197029,,462.10578915647216,565.1813090319254
exp_001,ACO_n30_inst4_run1,base,1540,46200,1386000.0,18.904835124965757,,462.10578915647216,513.4010705755842
exp_001,ACO_n30_inst4_run1,base,1550,46500,1395000.0,19.01995241700206,,462.10578915647216,567.1886305428012
exp_001,ACO_n30_inst4_run1,base,1560,46800,1404000.0,19.135263833974022,,462.10578915647216,579.9743589794871
exp_001,ACO_n30_inst4_run1,base,1570,47100,1413000.0,19.250449959014077,,462.10578915647216,521.6242233890837
exp_001,ACO_n30_inst4_run1,base,1580,47400,1422000.0,19.367787458992098,,462.10578915647216,568.1942629423853
exp_001,ACO_n30_inst4_run1,base,1590,47700,1431000.0,19.483062124985736,,462.10578915647216,564.0299497991074
exp_001,ACO_n30_inst4_run1,base,1600,48000,1440000.0,19.59903891698923,,462.10578915647216,517.3837385591263
exp_001,ACO_n30_inst4_run1,base,1610,48300,1449000.0,19.7158036250039,,462.10578915647216,511.4138558545734
exp_001,ACO_n30_inst4_run1,base,1620,48600,1458000.0,19.831799583975226,,462.10578915647216,547.9684016554082
exp_001,ACO_n30_inst4_run1,base,1630,48900,1467000.0,19.94835283397697,,462.10578915647216,482.66981639931544
exp_001,ACO_n30_inst4_run1,base,1640,49200,1476000.0,20.063972208998166,,462.10578915647216,490.4186258952778
exp_001,ACO_n30_inst4_run1,base,1650,49500,1485000.0,20.179718958970625,,462.10578915647216,566.6956521362326
exp_001,ACO_n30_inst4_run1,base,1660,49800,1494000.0,20.294504583987873,,462.10578915647216,539.8292342167292
exp_001,ACO_n30_inst4_run2,base,0,0,0.0,1.291045919060707e-06,,inf,inf
exp_001,ACO_n30_inst4_run2,base,10,300,9000.0,0.1237271249992773,,620.6132489395309,659.0727986274896
exp_001,ACO_n30_inst4_run2,base,20,600,18000.0,0.2621607080218382,,558.9173261518874,558.9173261518874
exp_001,ACO_n30_inst4_run2,base,30,900,27000.0,0.3805003330344334,,518.9635791898353,596.0078030900511
exp_001,ACO_n30_inst4_run2,base,40,1200,36000.0,0.49864520801929757,,516.6266800424569,555.5272828201508
exp_001,ACO_n30_inst4_run2,base,50,1500,45000.0,0.6237258330220357,,501.82108813882166,572.0064913170615
exp_001,ACO_n30_inst4_run2,base,60,1800,54000.0,0.7645083329989575,,499.61629021159695,562.4851348960113
exp_001,ACO_n30_inst4_run2,base,70,2100,63000.0,0.8857103750342503,,499.61629021159695,578.9873814386573
exp_001,ACO_n30_inst4_run2,base,80,2400,72000.0,1.0041230830247514,,499.61629021159695,567.2301748222678
exp_001,ACO_n30_inst4_run2,base,90,2700,81000.0,1.145838791038841,,499.61629021159695,555.3722011583759
exp_001,ACO_n30_inst4_run2,base,100,3000,90000.0,1.3036783330026083,,499.61629021159695,525.8670332759974
exp_001,ACO_n30_inst4_run2,base,110,3300,99000.0,1.5562762910267338,,499.61629021159695,502.3597497337247
exp_001,ACO_n30_inst4_run2,base,120,3600,108000.0,1.7462511250050738,,499.61629021159695,541.7826229520385
exp_001,ACO_n30_inst4_run2,base,130,3900,117000.0,1.9187941660056822,,493.00437306737086,493.00437306737086
exp_001,ACO_n30_inst4_run2,base,140,4200,126000.0,2.0357476660283282,,493.00437306737086,555.3227469298963
exp_001,ACO_n30_inst4_run2,base,150,4500,135000.0,2.153540041006636,,493.00437306737086,546.5946338538847
exp_001,ACO_n30_inst4_run2,base,160,4800,144000.0,2.270277916046325,,493.00437306737086,528.0791308834731
exp_001,ACO_n30_inst4_run2,base,170,5100,153000.0,2.3895602500415407,,493.00437306737086,571.886421500368
exp_001,ACO_n30_inst4_run2,base,180,5400,162000.0,2.5089651250164025,,484.5944215843515,550.9557848961916
exp_001,ACO_n30_inst4_run2,base,190,5700,171000.0,2.636838375008665,,484.5944215843515,556.0809623984974
exp_001,ACO_n30_inst4_run2,base,200,6000,180000.0,2.7824373750481755,,484.5944215843515,552.8202696303447
exp_001,ACO_n30_inst4_run2,base,210,6300,189000.0,2.9011010410031304,,484.5944215843515,541.63975221831
exp_001,ACO_n30_inst4_run2,base,220,6600,198000.0,3.0151627500308678,,484.5944215843515,572.234236672966
exp_001,ACO_n30_inst4_run2,base,230,6900,207000.0,3.1302634160383604,,484.5944215843515,504.5142273034481
exp_001,ACO_n30_inst4_run2,base,240,7200,216000.0,3.245642666006461,,474.6327197380714,474.6327197380714
exp_001,ACO_n30_inst4_run2,base,250,7500,225000.0,3.3609940410242416,,467.9488524627092,528.9735694638141
exp_001,ACO_n30_inst4_run2,base,260,7800,234000.0,3.477034291019663,,467.9488524627092,588.8914687647457
exp_001,ACO_n30_inst4_run2,base,270,8100,243000.0,3.5916572080459446,,467.9488524627092,545.5268956431275
exp_001,ACO_n30_inst4_run2,base,280,8400,252000.0,3.70778270799201,,467.9488524627092,571.0324014342018
exp_001,ACO_n30_inst4_run2,base,290,8700,261000.0,3.822699250013102,,467.9488524627092,500.197231529365
exp_001,ACO_n30_inst4_run2,base,300,9000,270000.0,3.940299041045364,,467.9488524627092,558.7442889332086
exp_001,ACO_n30_inst4_run2,base,310,9300,279000.0,4.0552390000084415,,467.9488524627092,591.2653658691594
exp_001,ACO_n30_inst4_run2,base,320,9600,288000.0,4.173066832998302,,467.9488524627092,542.8400948030065
exp_001,ACO_n30_inst4_run2,base,330,9900,297000.0,4.288062125036959,,467.9488524627092,492.59902570136313
exp_001,ACO_n30_inst4_run2,base,340,10200,306000.0,4.403354625042994,,467.9488524627092,536.8268601008764
exp_001,ACO_n30_inst4_run2,base,350,10500,315000.0,4.519119333010167,,467.9488524627092,533.6838662114767
exp_001,ACO_n30_inst4_run2,base,360,10800,324000.0,4.63453495799331,,467.9488524627092,570.7187034226356
exp_001,ACO_n30_inst4_run2,base,370,11100,333000.0,4.749594666005578,,467.9488524627092,592.0864013594754
exp_001,ACO_n30_inst4_run2,base,380,11400,342000.0,4.865063333010767,,467.9488524627092,548.7378985270312
exp_001,ACO_n30_inst4_run2,base,390,11700,351000.0,4.981647708045784,,467.9488524627092,550.4794247220877
exp_001,ACO_n30_inst4_run2,base,400,12000,360000.0,5.0972633750061505,,467.9488524627092,577.4516228903736
exp_001,ACO_n30_inst4_run2,base,410,12300,369000.0,5.211634875042364,,467.9488524627092,547.9648422266913
exp_001,ACO_n30_inst4_run2,base,420,12600,378000.0,5.327267958025914,,467.9488524627092,546.9475501823334
exp_001,ACO_n30_inst4_run2,base,430,12900,387000.0,5.444465583015699,,467.9488524627092,536.6317308173279
exp_001,ACO_n30_inst4_run2,base,440,13200,396000.0,5.560505166009534,,467.9488524627092,552.6569414333719
exp_001,ACO_n30_inst4_run2,base,450,13500,405000.0,5.675136416044552,,467.9488524627092,572.8308083736064
exp_001,ACO_n30_inst4_run2,base,460,13800,414000.0,5.78976891603088,,467.9488524627092,531.6720743382613
exp_001,ACO_n30_inst4_run2,base,470,14100,423000.0,5.904233375040349,,467.9488524627092,568.2696939353197
exp_001,ACO_n30_inst4_run2,base,480,14400,432000.0,6.0210369160049595,,467.9488524627092,522.8545105149873
exp_001,ACO_n30_inst4_run2,base,490,14700,441000.0,6.13660525000887,,467.9488524627092,540.4490063264248
exp_001,ACO_n30_inst4_run2,base,500,15000,450000.0,6.251478333026171,,467.9488524627092,557.1556565773102
exp_001,ACO_n30_inst4_run2,base,510,15300,459000.0,6.36649333301466,,467.9488524627092,534.6298768960094
exp_001,ACO_n30_inst4_run2,base,520,15600,468000.0,6.48422829102492,,467.9488524627092,571.0700858307005
exp_001,ACO_n30_inst4_run2,base,530,15900,477000.0,6.599344749993179,,467.9488524627092,563.5307978674073
exp_001,ACO_n30_inst4_run2,base,540,16200,486000.0,6.7148372500087135,,467.9456070692256,547.8996728676849
exp_001,ACO_n30_inst4_run2,base,550,16500,495000.0,6.840295375033747,,467.9456070692256,559.4684167881289
exp_001,ACO_n30_inst4_run2,base,560,16800,504000.0,6.982490374997724,,467.9456070692256,525.6593159220353
exp_001,ACO_n30_inst4_run2,base,570,17100,513000.0,7.1005512500414625,,467.9456070692256,531.5319553214248
exp_001,ACO_n30_inst4_run2,base,580,17400,522000.0,7.217224041000009,,467.9456070692256,488.64969209079334
exp_001,ACO_n30_inst4_run2,base,590,17700,531000.0,7.333575875032693,,467.9456070692256,551.4668592563067
exp_001,ACO_n30_inst4_run2,base,600,18000,540000.0,7.450466500013135,,467.9456070692256,570.8453631220252
exp_001,ACO_n30_inst4_run2,base,610,18300,549000.0,7.5850929580046795,,467.9456070692256,495.26533811285
exp_001,ACO_n30_inst4_run2,base,620,18600,558000.0,7.724186000006739,,467.9456070692256,581.4810066369942
exp_001,ACO_n30_inst4_run2,base,630,18900,567000.0,7.841249958029948,,467.9456070692256,510.4239966164848
exp_001,ACO_n30_inst4_run2,base,640,19200,576000.0,7.960807875031605,,467.9456070692256,530.422657887726
exp_001,ACO_n30_inst4_run2,base,650,19500,585000.0,8.11062958301045,,467.9456070692256,522.402795374251
exp_001,ACO_n30_inst4_run2,base,660,19800,594000.0,8.4159455409972,,467.9456070692256,556.4794727160222
exp_001,ACO_n30_inst4_run2,base,670,20100,603000.0,8.614912207995076,,467.9456070692256,551.6228842253936
exp_001,ACO_n30_inst4_run2,base,680,20400,612000.0,8.782097000046633,,467.9456070692256,581.9056182950819
exp_001,ACO_n30_inst4_run2,base,690,20700,621000.0,8.931789958034642,,467.9456070692256,576.3583087653507
exp_001,ACO_n30_inst4_run2,base,700,21000,630000.0,9.080891416000668,,467.9456070692256,546.3652474710095
exp_001,ACO_n30_inst4_run2,base,710,21300,639000.0,9.224859375040978,,467.9456070692256,548.6244805305267
exp_001,ACO_n30_inst4_run2,base,720,21600,648000.0,9.343668750021607,,467.9456070692256,536.4178587604144
exp_001,ACO_n30_inst4_run2,base,730,21900,657000.0,9.46343575004721,,467.9456070692256,575.3461195718608
exp_001,ACO_n30_inst4_run2,base,740,22200,666000.0,9.583341125049628,,467.9456070692256,540.9533561560702
exp_001,ACO_n30_inst4_run2,base,750,22500,675000.0,9.698950749996584,,467.9456070692256,555.3410085063788
exp_001,ACO_n30_inst4_run2,base,760,22800,684000.0,9.824252500024159,,467.9456070692256,539.9464756887025
exp_001,ACO_n30_inst4_run2,base,770,23100,693000.0,9.967236541036982,,467.9456070692256,563.6622744808956
exp_001,ACO_n30_inst4_run2,base,780,23400,702000.0,10.086967166047543,,467.9456070692256,510.406670022577
exp_001,ACO_n30_inst4_run2,base,790,23700,711000.0,10.204934915993363,,467.9456070692256,551.9148975969108
exp_001,ACO_n30_inst4_run2,base,800,24000,720000.0,10.331976291025057,,467.9456070692256,531.1745681669979
exp_001,ACO_n30_inst4_run2,base,810,24300,729000.0,10.47060004103696,,467.9456070692256,553.0471819960949
exp_001,ACO_n30_inst4_run2,base,820,24600,738000.0,10.589928000001237,,464.52366275404347,563.6613451951766
exp_001,ACO_n30_inst4_run2,base,830,24900,747000.0,10.707676250021905,,464.52366275404347,562.3776764530004
exp_001,ACO_n30_inst4_run2,base,840,25200,756000.0,10.823920875031035,,464.52366275404347,542.6244082313505
exp_001,ACO_n30_inst4_run2,base,850,25500,765000.0,10.970440708042588,,464.52366275404347,542.8321037371454
exp_001,ACO_n30_inst4_run2,base,860,25800,774000.0,11.119448583049234,,464.52366275404347,510.7341826665639
exp_001,ACO_n30_inst4_run2,base,870,26100,783000.0,11.270358250010759,,464.52366275404347,517.5549701844529
exp_001,ACO_n30_inst4_run2,base,880,26400,792000.0,11.415330291027203,,464.52366275404347,570.8640557117349
exp_001,ACO_n30_inst4_run2,base,890,26700,801000.0,11.535161166044418,,464.52366275404347,538.0895962502053
exp_001,ACO_n30_inst4_run2,base,900,27000,810000.0,11.654809250030667,,464.52366275404347,570.9334211713681
exp_001,ACO_n30_inst4_run2,base,910,27300,819000.0,11.78071133303456,,464.52366275404347,527.0829390475187
exp_001,ACO_n30_inst4_run2,base,920,27600,828000.0,11.923644124995917,,464.52366275404347,541.3416094285185
exp_001,ACO_n30_inst4_run2,base,930,27900,837000.0,12.041341291042045,,464.52366275404347,577.6891397681052
exp_001,ACO_n30_inst4_run2,base,940,28200,846000.0,12.161806041025557,,464.52366275404347,547.1760697086207
exp_001,ACO_n30_inst4_run2,base,950,28500,855000.0,12.30348787503317,,464.52366275404347,530.3228115925385
exp_001,ACO_n30_inst4_run2,base,960,28800,864000.0,12.422755333012901,,464.52366275404347,513.656072057994
exp_001,ACO_n30_inst4_run2,base,970,29100,873000.0,12.540494166023564,,464.52366275404347,542.2385694549416
exp_001,ACO_n30_inst4_run2,base,980,29400,882000.0,12.674428375030402,,464.52366275404347,554.5193750187883
exp_001,ACO_n30_inst4_run2,base,990,29700,891000.0,12.824420916032977,,464.52366275404347,522.9704771519048
exp_001,ACO_n30_inst4_run2,base,1000,30000,900000.0,12.949427500017919,,464.52366275404347,553.1435680650083
exp_001,ACO_n30_inst4_run2,base,1010,30300,909000.0,13.074129833024926,,464.52366275404347,523.0809136065802
exp_001,ACO_n30_inst4_run2,base,1020,30600,918000.0,13.2328129580128,,464.52366275404347,528.2749605834263
exp_001,ACO_n30_inst4_run2,base,1030,30900,927000.0,13.376461458043195,,464.52366275404347,550.291746928918
exp_001,ACO_n30_inst4_run2,base,1040,31200,936000.0,13.525722416001372,,464.52366275404347,536.8076285261913
exp_001,ACO_n30_inst4_run2,base,1050,31500,945000.0,13.646019416046329,,464.52366275404347,533.5104576079538
exp_001,ACO_n30_inst4_run2,base,1060,31800,954000.0,13.763178625027649,,464.52366275404347,530.0151482557151
exp_001,ACO_n30_inst4_run2,base,1070,32100,963000.0,13.880270207999274,,464.52366275404347,497.73679024291744
exp_001,ACO_n30_inst4_run2,base,1080,32400,972000.0,14.002550916047767,,464.52366275404347,556.4917660472015
exp_001,ACO_n30_inst4_run2,base,1090,32700,981000.0,14.147353791049682,,464.52366275404347,501.6560017673063
exp_001,ACO_n30_inst4_run2,base,1100,33000,990000.0,14.265269416035153,,464.52366275404347,483.3811858927302
exp_001,ACO_n30_inst4_run2,base,1110,33300,999000.0,14.382937040994875,,464.52366275404347,557.9423477236287
exp_001,ACO_n30_inst4_run2,base,1120,33600,1008000.0,14.499729625007603,,464.52366275404347,538.7364679385234
exp_001,ACO_n30_inst4_run2,base,1130,33900,1017000.0,14.64881487499224,,464.52366275404347,557.6206523024671
exp_001,ACO_n30_inst4_run2,base,1140,34200,1026000.0,14.766529290995095,,464.52366275404347,566.211059315009
exp_001,ACO_n30_inst4_run2,base,1150,34500,1035000.0,14.882087625039276,,464.52366275404347,543.4440509679897
exp_001,ACO_n30_inst4_run2,base,1160,34800,1044000.0,14.99930237501394,,464.52366275404347,561.1818785879469
exp_001,ACO_n30_inst4_run2,base,1170,35100,1053000.0,15.11795358301606,,464.52366275404347,487.002261456925
exp_001,ACO_n30_inst4_run2,base,1180,35400,1062000.0,15.233806250034831,,464.52366275404347,540.3101219806592
exp_001,ACO_n30_inst4_run2,base,1190,35700,1071000.0,15.349416083015967,,464.52366275404347,507.52034840296346
exp_001,ACO_n30_inst4_run2,base,1200,36000,1080000.0,15.464701207994949,,464.52366275404347,534.5032960121232
exp_001,ACO_n30_inst4_run2,base,1210,36300,1089000.0,15.582146125030704,,464.52366275404347,539.421134680386
exp_001,ACO_n30_inst4_run2,base,1220,36600,1098000.0,15.69806837500073,,464.52366275404347,529.4618023961704
exp_001,ACO_n30_inst4_run2,base,1230,36900,1107000.0,15.814175000006799,,464.52366275404347,536.6880249460637
exp_001,ACO_n30_inst4_run2,base,1240,37200,1116000.0,15.931225500011351,,464.52366275404347,552.00208382738
exp_001,ACO_n30_inst4_run2,base,1250,37500,1125000.0,16.046728375018574,,464.52366275404347,525.0859875848669
exp_001,ACO_n30_inst4_run2,base,1260,37800,1134000.0,16.16497254103888,,464.52366275404347,524.8849456073424
exp_001,ACO_n30_inst4_run2,base,1270,38100,1143000.0,16.28050545800943,,464.52366275404347,501.35978389207634
exp_001,ACO_n30_inst4_run2,base,1280,38400,1152000.0,16.39684716600459,,464.52366275404347,516.4135023282012
exp_001,ACO_n30_inst4_run2,base,1290,38700,1161000.0,16.5122152910335,,464.52366275404347,554.490063155753
exp_001,ACO_n30_inst4_run2,base,1300,39000,1170000.0,16.62861370801693,,464.52366275404347,538.757162885144
exp_001,ACO_n30_inst4_run2,base,1310,39300,1179000.0,16.74369662499521,,464.52366275404347,565.1716809882885
exp_001,ACO_n30_inst4_run2,base,1320,39600,1188000.0,16.8603810830391,,464.52366275404347,563.8622493604308
exp_001,ACO_n30_inst4_run2,base,1330,39900,1197000.0,16.976415000041015,,464.52366275404347,503.8795540331489
exp_001,ACO_n30_inst4_run2,base,1340,40200,1206000.0,17.119291416020133,,464.52366275404347,604.2231804692389
exp_001,ACO_n30_inst4_run2,base,1350,40500,1215000.0,17.24307766603306,,464.52366275404347,510.73024775336916
exp_001,ACO_n30_inst4_run2,base,1360,40800,1224000.0,17.360863958019763,,464.52366275404347,541.1137969798518
exp_001,ACO_n30_inst4_run2,base,1370,41100,1233000.0,17.47792420804035,,464.52366275404347,563.2372240300808
exp_001,ACO_n30_inst4_run2,base,1380,41400,1242000.0,17.638828791037668,,464.52366275404347,515.000095337832
exp_001,ACO_n30_inst4_run2,base,1390,41700,1251000.0,17.79230562504381,,464.52366275404347,568.9579555713614
exp_001,ACO_n30_inst4_run2,base,1400,42000,1260000.0,17.9498857500148,,464.52366275404347,537.12394667861
exp_001,ACO_n30_inst4_run2,base,1410,42300,1269000.0,18.107148791023064,,464.52366275404347,521.5215150177728
exp_001,ACO_n30_inst4_run2,base,1420,42600,1278000.0,18.344256083015352,,464.52366275404347,545.2550469056639
exp_001,ACO_n30_inst4_run2,base,1430,42900,1287000.0,18.60655962501187,,464.52366275404347,542.6863656665737
exp_001,ACO_n30_inst4_run2,base,1440,43200,1296000.0,18.77215483301552,,464.52366275404347,486.164181767981
exp_001,ACO_n30_inst4_run2,base,1450,43500,1305000.0,18.89730516599957,,464.52366275404347,531.14505900228
exp_001,ACO_n30_inst4_run2,base,1460,43800,1314000.0,19.01463779102778,,464.52366275404347,526.3609870808165
exp_001,ACO_n30_inst4_run2,base,1470,44100,1323000.0,19.131531791004818,,464.52366275404347,536.2310359776976
exp_001,ACO_n30_inst4_run2,base,1480,44400,1332000.0,19.247395290993154,,464.52366275404347,524.9850900277655
exp_001,ACO_n30_inst4_run2,base,1490,44700,1341000.0,19.37322425004095,,464.52366275404347,565.4684388277664
exp_001,ACO_n30_inst4_run2,base,1500,45000,1350000.0,19.515247500035912,,464.52366275404347,548.4261644146036
exp_001,ACO_n30_inst4_run2,base,1510,45300,1359000.0,19.63241341599496,,464.52366275404347,538.0562030754229
exp_001,ACO_n30_inst4_run2,base,1520,45600,1368000.0,19.748830583004747,,464.52366275404347,532.9643904092756
exp_001,ACO_n30_inst4_run2,base,1530,45900,1377000.0,19.87287625001045,,464.52366275404347,558.2389975551692
exp_001,ACO_n30_inst4_run2,base,1540,46200,1386000.0,20.089708625047933,,464.52366275404347,513.30571353334
exp_001,ACO_n30_inst4_run2,base,1550,46500,1395000.0,20.2973292079987,,464.52366275404347,575.5263629089528
exp_001,ACO_n30_inst4_run2,base,1560,46800,1404000.0,20.458324958046433,,464.52366275404347,505.1132064867196
exp_001,ACO_n30_inst4_run2,base,1570,47100,1413000.0,20.577628625032958,,464.52366275404347,541.1349825723893
exp_001,ACO_n30_inst4_run2,base,1580,47400,1422000.0,20.6952530000126,,464.52366275404347,547.1757639134546
exp_001,ACO_n30_inst4_run2,base,1590,47700,1431000.0,20.82192474999465,,464.52366275404347,523.8339696818625
exp_001,ACO_n30_inst4_run2,base,1600,48000,1440000.0,20.964627791021485,,464.52366275404347,538.9473955002096
exp_001,ACO_n30_inst4_run2,base,1610,48300,1449000.0,21.085339915996883,,464.52366275404347,507.2035877695557
exp_001,ACO_n30_inst4_run2,base,1620,48600,1458000.0,21.20366137503879,,464.52366275404347,547.4637033968364
exp_001,ACO_n30_inst4_run2,base,1630,48900,1467000.0,21.330812208005227,,464.52366275404347,546.850993525005
exp_001,ACO_n30_inst4_run2,base,1640,49200,1476000.0,21.47898516600253,,464.52366275404347,543.1653338511546
exp_001,ACO_n30_inst4_run2,base,1650,49500,1485000.0,21.596938083006535,,464.52366275404347,512.5585330376266
exp_001,ACO_n30_inst4_run2,base,1660,49800,1494000.0,21.71499083301751,,464.52366275404347,569.614580814141
