experiment_id,run_id,param_tag,iter,evals_cost,normalized_evals,time_sec,temp,best_cost,current_cost
exp_001,SA_n30_inst0_run0,base,0,1,0.03,3.3329706639051437e-06,100.0,1576.8098155143348,1576.8098155143348
exp_001,SA_n30_inst0_run0,base,200,201,6.7,0.00224899995373562,100.0,1187.092537852325,1515.7011736676163
exp_001,SA_n30_inst0_run0,base,400,401,13.37,0.003527958004269749,100.0,1007.4054643991566,1596.8916723035272
exp_001,SA_n30_inst0_run0,base,600,601,20.03,0.004781708004884422,100.0,1007.4054643991566,1392.9876151969936
exp_001,SA_n30_inst0_run0,base,800,801,26.7,0.0060157079715281725,100.0,1007.4054643991566,1458.583270857634
exp_001,SA_n30_inst0_run0,base,1000,1001,33.37,0.007229749986436218,100.0,1007.4054643991566,1607.8761022461624
exp_001,SA_n30_inst0_run0,base,1200,1201,40.03,0.008447207976132631,99.0,1007.4054643991566,1525.626285861974
exp_001,SA_n30_inst0_run0,base,1400,1401,46.7,0.009644749981816858,99.0,1007.4054643991566,1296.5460684866657
exp_001,SA_n30_inst0_run0,base,1600,1601,53.37,0.010847457975614816,99.0,1007.4054643991566,1511.8204896118398
exp_001,SA_n30_inst0_run0,base,1800,1801,60.03,0.012114457960706204,99.0,1007.4054643991566,1460.8927914654334
exp_001,SA_n30_inst0_run0,base,2000,2001,66.7,0.013473166967742145,99.0,1007.4054643991566,1593.5112679661454
exp_001,SA_n30_inst0_run0,base,2200,2201,73.37,0.014770832960493863,98.01,1007.4054643991566,1509.595844369758
exp_001,SA_n30_inst0_run0,base,2400,2401,80.03,0.016032707993872464,98.01,1007.4054643991566,1541.2132448639716
exp_001,SA_n30_inst0_run0,base,2600,2601,86.7,0.0172687919693999,98.01,1007.4054643991566,1618.9780185925058
exp_001,SA_n30_inst0_run0,base,2800,2801,93.37,0.01849904196569696,98.01,1007.4054643991566,1475.1174894815254
exp_001,SA_n30_inst0_run0,base,3000,3001,100.03,0.01970504195196554,98.01,1007.4054643991566,1660.0656564318615
exp_001,SA_n30_inst0_run0,base,3200,3201,106.7,0.020915500004775822,97.0299,1007.4054643991566,1445.192209266517
exp_001,SA_n30_inst0_run0,base,3400,3401,113.37,0.022124707989860326,97.0299,1007.4054643991566,1320.4416555462221
exp_001,SA_n30_inst0_run0,base,3600,3601,120.03,0.02333695796551183,97.0299,1007.4054643991566,1456.0408339878638
exp_001,SA_n30_inst0_run0,base,3800,3801,126.7,0.024550208006985486,97.0299,1007.4054643991566,1525.0003104269663
exp_001,SA_n30_inst0_run0,base,4000,4001,133.37,0.025754166999831796,97.0299,1007.4054643991566,1531.694217083008
exp_001,SA_n30_inst0_run0,base,4200,4201,140.03,0.026962083007674664,96.059601,1007.4054643991566,1641.0847875614477
exp_001,SA_n30_inst0_run0,base,4400,4401,146.7,0.02822091698180884,96.059601,1007.4054643991566,1341.9211227066467
exp_001,SA_n30_inst0_run0,base,4600,4601,153.37,0.030273207987193018,96.059601,1007.4054643991566,1362.7573657451414
exp_001,SA_n30_inst0_run0,base,4800,4801,160.03,0.03162304195575416,96.059601,1007.4054643991566,1532.4430228829783
exp_001,SA_n30_inst0_run0,base,5000,5001,166.7,0.032847374968696386,96.059601,1007.4054643991566,1321.1639071456411
exp_001,SA_n30_inst0_run0,base,5200,5201,173.37,0.034054874966386706,95.09900499,1007.4054643991566,1346.3452835698572
exp_001,SA_n30_inst0_run0,base,5400,5401,180.03,0.0352707079728134,95.09900499,1007.4054643991566,1591.0975631234412
exp_001,SA_n30_inst0_run0,base,5600,5601,186.7,0.03648329200223088,95.09900499,1007.4054643991566,1289.733523547389
exp_001,SA_n30_inst0_run0,base,5800,5801,193.37,0.03768570796819404,95.09900499,1007.4054643991566,1606.9940959802698
exp_001,SA_n30_inst0_run0,base,6000,6001,200.03,0.03889129200251773,95.09900499,1007.4054643991566,1437.6243957244042
exp_001,SA_n30_inst0_run0,base,6200,6201,206.7,0.040088666952215135,94.1480149401,1000.4138893141143,1273.8876474722392
exp_001,SA_n30_inst0_run0,base,6400,6401,213.37,0.041294457972981036,94.1480149401,1000.4138893141143,1383.923224892285
exp_001,SA_n30_inst0_run0,base,6600,6601,220.03,0.042492999986279756,94.1480149401,1000.4138893141143,1346.2039113464052
exp_001,SA_n30_inst0_run0,base,6800,6801,226.7,0.04371495795203373,94.1480149401,1000.4138893141143,1556.3944367248614
exp_001,SA_n30_inst0_run0,base,7000,7001,233.37,0.04494770796736702,94.1480149401,1000.4138893141143,1404.517322976712
exp_001,SA_n30_inst0_run0,base,7200,7201,240.03,0.04631337500177324,93.206534790699,1000.4138893141143,1411.3794082750255
exp_001,SA_n30_inst0_run0,base,7400,7401,246.7,0.04762837500311434,93.206534790699,1000.4138893141143,1365.444795965664
exp_001,SA_n30_inst0_run0,base,7600,7601,253.37,0.04889008298050612,93.206534790699,1000.4138893141143,1702.3263171607357
exp_001,SA_n30_inst0_run0,base,7800,7801,260.03,0.05009820795385167,93.206534790699,1000.4138893141143,1262.2017930908241
exp_001,SA_n30_inst0_run0,base,8000,8001,266.7,0.05131041695130989,93.206534790699,1000.4138893141143,1440.6590504791236
exp_001,SA_n30_inst0_run0,base,8200,8201,273.37,0.05252624995773658,92.27446944279201,1000.4138893141143,1462.1019050669145
exp_001,SA_n30_inst0_run0,base,8400,8401,280.03,0.0537396669969894,92.27446944279201,1000.4138893141143,1451.5949359248523
exp_001,SA_n30_inst0_run0,base,8600,8601,286.7,0.054953457962255925,92.27446944279201,1000.4138893141143,1440.0952940672648
exp_001,SA_n30_inst0_run0,base,8800,8801,293.37,0.05615479196421802,92.27446944279201,1000.4138893141143,1494.0624359485448
exp_001,SA_n30_inst0_run0,base,9000,9001,300.03,0.057370124966837466,92.27446944279201,1000.4138893141143,1238.0432434263823
exp_001,SA_n30_inst0_run0,base,9200,9201,306.7,0.05857349996222183,91.35172474836409,1000.4138893141143,1178.5621056728053
exp_001,SA_n30_inst0_run0,base,9400,9401,313.37,0.05976737500168383,91.35172474836409,1000.4138893141143,1526.755637469587
exp_001,SA_n30_inst0_run0,base,9600,9601,320.03,0.06096104200696573,91.35172474836409,1000.4138893141143,1651.1403926144005
exp_001,SA_n30_inst0_run0,base,9800,9801,326.7,0.06217487499816343,91.35172474836409,1000.4138893141143,1706.0841975955927
exp_001,SA_n30_inst0_run0,base,10000,10001,333.37,0.06342733296332881,91.35172474836409,1000.4138893141143,1597.9911164754214
exp_001,SA_n30_inst0_run0,base,10200,10201,340.03,0.06472699996083975,90.43820750088045,1000.4138893141143,1276.9040904511098
exp_001,SA_n30_inst0_run0,base,10400,10401,346.7,0.06600983295356855,90.43820750088045,1000.4138893141143,1454.7693160694712
exp_001,SA_n30_inst0_run0,base,10600,10601,353.37,0.0672798749874346,90.43820750088045,1000.4138893141143,1432.8275736759122
exp_001,SA_n30_inst0_run0,base,10800,10801,360.03,0.06852041697129607,90.43820750088045,1000.4138893141143,1462.8494840885767
exp_001,SA_n30_inst0_run0,base,11000,11001,366.7,0.06974495796021074,90.43820750088045,1000.4138893141143,1457.0791027885473
exp_001,SA_n30_inst0_run0,base,11200,11201,373.37,0.07094966695876792,89.53382542587164,1000.4138893141143,1416.8332639127655
exp_001,SA_n30_inst0_run0,base,11400,11401,380.03,0.07216045795939863,89.53382542587164,1000.4138893141143,1388.902979391233
exp_001,SA_n30_inst0_run0,base,11600,11601,386.7,0.07338616700144485,89.53382542587164,1000.4138893141143,1368.1107337124654
exp_001,SA_n30_inst0_run0,base,11800,11801,393.37,0.07459404197288677,89.53382542587164,1000.4138893141143,1481.3486922226875
exp_001,SA_n30_inst0_run0,base,12000,12001,400.03,0.07578679197467864,89.53382542587164,1000.4138893141143,1318.0453043694051
exp_001,SA_n30_inst0_run0,base,12200,12201,406.7,0.07697841699700803,88.63848717161292,1000.4138893141143,1454.5431384626133
exp_001,SA_n30_inst0_run0,base,12400,12401,413.37,0.07818924996536225,88.63848717161292,1000.4138893141143,1478.1666887171402
exp_001,SA_n30_inst0_run0,base,12600,12601,420.03,0.0794144999817945,88.63848717161292,1000.4138893141143,1305.0961662450263
exp_001,SA_n30_inst0_run0,base,12800,12801,426.7,0.08067970798583701,88.63848717161292,1000.4138893141143,1337.1927188518514
exp_001,SA_n30_inst0_run0,base,13000,13001,433.37,0.08190666697919369,88.63848717161292,918.3331359347244,1356.6533763842094
exp_001,SA_n30_inst0_run0,base,13200,13201,440.03,0.08312120795017108,87.75210229989679,918.3331359347244,1340.4087142588398
exp_001,SA_n30_inst0_run0,base,13400,13401,446.7,0.08433520799735561,87.75210229989679,918.3331359347244,1436.3812064547747
exp_001,SA_n30_inst0_run0,base,13600,13601,453.37,0.08559808298014104,87.75210229989679,918.3331359347244,1469.289862317123
exp_001,SA_n30_inst0_run0,base,13800,13801,460.03,0.08685933297965676,87.75210229989679,918.3331359347244,1561.463794820742
exp_001,SA_n30_inst0_run0,base,14000,14001,466.7,0.08808458299608901,87.75210229989679,918.3331359347244,1533.689351027912
exp_001,SA_n30_inst0_run0,base,14200,14201,473.37,0.0893080829991959,86.87458127689783,918.3331359347244,1458.6051523226015
exp_001,SA_n30_inst0_run0,base,14400,14401,480.03,0.09050504199694842,86.87458127689783,918.3331359347244,1610.795843321897
exp_001,SA_n30_inst0_run0,base,14600,14601,486.7,0.09170408296631649,86.87458127689783,918.3331359347244,1396.195648778792
exp_001,SA_n30_inst0_run0,base,14800,14801,493.37,0.09291279199533165,86.87458127689783,918.3331359347244,1479.4507501680785
exp_001,SA_n30_inst0_run0,base,15000,15001,500.03,0.09409624995896593,86.87458127689783,918.3331359347244,1430.8870912509688
exp_001,SA_n30_inst0_run0,base,15200,15201,506.7,0.09531708300346509,86.00583546412885,918.3331359347244,1324.4578893717976
exp_001,SA_n30_inst0_run0,base,15400,15401,513.37,0.0965104170027189,86.00583546412885,918.3331359347244,1378.352996814783
exp_001,SA_n30_inst0_run0,base,15600,15601,520.03,0.09771683299914002,86.00583546412885,918.3331359347244,1341.1667552034266
exp_001,SA_n30_inst0_run0,base,15800,15801,526.7,0.09891941695241258,86.00583546412885,918.3331359347244,1359.5611638580144
exp_001,SA_n30_inst0_run0,base,16000,16001,533.37,0.10013104195240885,86.00583546412885,918.3331359347244,1444.3505354278586
exp_001,SA_n30_inst0_run0,base,16200,16201,540.03,0.10132474999409169,85.14577710948755,918.3331359347244,1552.458089902335
exp_001,SA_n30_inst0_run0,base,16400,16401,546.7,0.10254587500821799,85.14577710948755,918.3331359347244,1439.6368376877138
exp_001,SA_n30_inst0_run0,base,16600,16601,553.37,0.10374762496212497,85.14577710948755,918.3331359347244,1619.1890810931343
exp_001,SA_n30_inst0_run0,base,16800,16801,560.03,0.10495183296734467,85.14577710948755,918.3331359347244,1421.0399316917944
exp_001,SA_n30_inst0_run0,base,17000,17001,566.7,0.10616920795291662,85.14577710948755,918.3331359347244,1626.4895069278484
exp_001,SA_n30_inst0_run0,base,17200,17201,573.37,0.10736574995098636,84.29431933839268,918.3331359347244,1448.480104065588
exp_001,SA_n30_inst0_run0,base,17400,17401,580.03,0.10855679196538404,84.29431933839268,918.3331359347244,1563.097611670235
exp_001,SA_n30_inst0_run0,base,17600,17601,586.7,0.1097584999515675,84.29431933839268,918.3331359347244,1327.719944929001
exp_001,SA_n30_inst0_run0,base,17800,17801,593.37,0.11095766699872911,84.29431933839268,918.3331359347244,1371.42280691726
exp_001,SA_n30_inst0_run0,base,18000,18001,600.03,0.11218462500255555,84.29431933839268,918.3331359347244,1398.0270422538233
exp_001,SA_n30_inst0_run0,base,18200,18201,606.7,0.11342587496619672,83.45137614500875,918.3331359347244,1452.7067108669976
exp_001,SA_n30_inst0_run0,base,18400,18401,613.37,0.11468062497442588,83.45137614500875,918.3331359347244,1406.7155473924486
exp_001,SA_n30_inst0_run0,base,18600,18601,620.03,0.11590816697571427,83.45137614500875,918.3331359347244,1210.181458479479
exp_001,SA_n30_inst0_run0,base,18800,18801,626.7,0.11712262500077486,83.45137614500875,918.3331359347244,1470.1259752847175
exp_001,SA_n30_inst0_run0,base,19000,19001,633.37,0.11833183298585936,83.45137614500875,918.3331359347244,1402.5599120672803
exp_001,SA_n30_inst0_run0,base,19200,19201,640.03,0.11954816698562354,82.61686238355867,918.3331359347244,1448.1421926534308
exp_001,SA_n30_inst0_run0,base,19400,19401,646.7,0.12077145796502009,82.61686238355867,918.3331359347244,1494.8266809006539
exp_001,SA_n30_inst0_run0,base,19600,19601,653.37,0.12197720800759271,82.61686238355867,918.3331359347244,1408.9388884603604
exp_001,SA_n30_inst0_run0,base,19800,19801,660.03,0.12319341697730124,82.61686238355867,918.3331359347244,1412.9449376069088
exp_001,SA_n30_inst0_run0,base,20000,20001,666.7,0.12439137499313802,82.61686238355867,918.3331359347244,1415.483294740997
exp_001,SA_n30_inst0_run0,base,20200,20201,673.37,0.12564687500707805,81.79069375972308,918.3331359347244,1296.3832074427096
exp_001,SA_n30_inst0_run0,base,20400,20401,680.03,0.126852624991443,81.79069375972308,918.3331359347244,1407.3859569882559
exp_001,SA_n30_inst0_run0,base,20600,20601,686.7,0.12805075000505894,81.79069375972308,918.3331359347244,1359.4708626954255
exp_001,SA_n30_inst0_run0,base,20800,20801,693.37,0.12925429199822247,81.79069375972308,918.3331359347244,1475.2315812077604
exp_001,SA_n30_inst0_run0,base,21000,21001,700.03,0.13044662500033155,81.79069375972308,918.3331359347244,1155.581839562943
exp_001,SA_n30_inst0_run0,base,21200,21201,706.7,0.13165454199770465,80.97278682212585,918.3331359347244,1435.156200313337
exp_001,SA_n30_inst0_run0,base,21400,21401,713.37,0.13288833299884573,80.97278682212585,918.3331359347244,1414.1858088640968
exp_001,SA_n30_inst0_run0,base,21600,21601,720.03,0.13417124998522922,80.97278682212585,918.3331359347244,1497.8765351544346
exp_001,SA_n30_inst0_run0,base,21800,21801,726.7,0.13543879200005904,80.97278682212585,918.3331359347244,1486.358249251095
exp_001,SA_n30_inst0_run0,base,22000,22001,733.37,0.13668445800431073,80.97278682212585,918.3331359347244,1564.3978311560763
exp_001,SA_n30_inst0_run0,base,22200,22201,740.03,0.13791150000179186,80.1630589539046,918.3331359347244,1354.2550347367028
exp_001,SA_n30_inst0_run0,base,22400,22401,746.7,0.1391332499915734,80.1630589539046,918.3331359347244,1530.1908652673999
exp_001,SA_n30_inst0_run0,base,22600,22601,753.37,0.14036087499698624,80.1630589539046,918.3331359347244,1323.2506392355087
exp_001,SA_n30_inst0_run0,base,22800,22801,760.03,0.14156774996081367,80.1630589539046,918.3331359347244,1452.8287503908514
exp_001,SA_n30_inst0_run0,base,23000,23001,766.7,0.14276149997022003,80.1630589539046,918.3331359347244,1512.3622417319762
exp_001,SA_n30_inst0_run0,base,23200,23201,773.37,0.14396137499716133,79.36142836436555,918.3331359347244,1462.5851505855596
exp_001,SA_n30_inst0_run0,base,23400,23401,780.03,0.14516062499023974,79.36142836436555,918.3331359347244,1210.973988472058
exp_001,SA_n30_inst0_run0,base,23600,23601,786.7,0.1463670829543844,79.36142836436555,918.3331359347244,1227.5846258576182
exp_001,SA_n30_inst0_run0,base,23800,23801,793.37,0.14759304199833423,79.36142836436555,918.3331359347244,1513.1442646373903
exp_001,SA_n30_inst0_run0,base,24000,24001,800.03,0.14882779197068885,79.36142836436555,918.3331359347244,1365.5369615203065
exp_001,SA_n30_inst0_run0,base,24200,24201,806.7,0.15005383297102526,78.56781408072189,918.3331359347244,1476.053201929573
exp_001,SA_n30_inst0_run0,base,24400,24401,813.37,0.15126608300488442,78.56781408072189,918.3331359347244,1443.4098537756458
exp_001,SA_n30_inst0_run0,base,24600,24601,820.03,0.15248354198411107,78.56781408072189,918.3331359347244,1196.6499419841955
exp_001,SA_n30_inst0_run0,base,24800,24801,826.7,0.1536840419867076,78.56781408072189,918.3331359347244,1352.960292771605
exp_001,SA_n30_inst0_run0,base,25000,25001,833.37,0.15490537497680634,78.56781408072189,918.3331359347244,1626.6855680389303
exp_001,SA_n30_inst0_run0,base,25200,25201,840.03,0.15611920796800405,77.78213593991467,918.3331359347244,1368.107317981355
exp_001,SA_n30_inst0_run0,base,25400,25401,846.7,0.15733233297942206,77.78213593991467,918.3331359347244,1406.3068015538208
exp_001,SA_n30_inst0_run0,base,25600,25601,853.37,0.1585374579881318,77.78213593991467,918.3331359347244,1387.5767872010363
exp_001,SA_n30_inst0_run0,base,25800,25801,860.03,0.1597195419599302,77.78213593991467,918.3331359347244,1291.7334411076308
exp_001,SA_n30_inst0_run0,base,26000,26001,866.7,0.16092854196904227,77.78213593991467,918.3331359347244,1450.3607325920225
exp_001,SA_n30_inst0_run0,base,26200,26201,873.37,0.16215154196834192,77.00431458051553,918.3331359347244,1416.1559091680567
exp_001,SA_n30_inst0_run0,base,26400,26401,880.03,0.16337983298581094,77.00431458051553,918.3331359347244,1424.176442958901
exp_001,SA_n30_inst0_run0,base,26600,26601,886.7,0.16458474996034056,77.00431458051553,918.3331359347244,1202.9115244261823
exp_001,SA_n30_inst0_run0,base,26800,26801,893.37,0.1658571669831872,77.00431458051553,918.3331359347244,1295.4274238553526
exp_001,SA_n30_inst0_run0,base,27000,27001,900.03,0.1670497499871999,77.00431458051553,918.3331359347244,1417.461666870828
exp_001,SA_n30_inst0_run0,base,27200,27201,906.7,0.16822895797668025,76.23427143471037,918.3331359347244,1155.7967380346788
exp_001,SA_n30_inst0_run0,base,27400,27401,913.37,0.16941970796324313,76.23427143471037,918.3331359347244,1191.2510951415065
exp_001,SA_n30_inst0_run0,base,27600,27601,920.03,0.17063716700067744,76.23427143471037,918.3331359347244,1404.96355387579
exp_001,SA_n30_inst0_run0,base,27800,27801,926.7,0.17183929198654369,76.23427143471037,918.3331359347244,1370.3372460977155
exp_001,SA_n30_inst0_run0,base,28000,28001,933.37,0.17305849998956546,76.23427143471037,918.3331359347244,1407.904076266674
exp_001,SA_n30_inst0_run0,base,28200,28201,940.03,0.17425204196479172,75.47192872036327,918.3331359347244,1505.1788571010525
exp_001,SA_n30_inst0_run0,base,28400,28401,946.7,0.17544320796150714,75.47192872036327,918.3331359347244,1522.950831743365
exp_001,SA_n30_inst0_run0,base,28600,28601,953.37,0.1766285829944536,75.47192872036327,918.3331359347244,1518.2371783659082
exp_001,SA_n30_inst0_run0,base,28800,28801,960.03,0.17782541696215048,75.47192872036327,918.3331359347244,1342.4262247919469
exp_001,SA_n30_inst0_run0,base,29000,29001,966.7,0.1790686669992283,75.47192872036327,918.3331359347244,1334.8650362031024
exp_001,SA_n30_inst0_run0,base,29200,29201,973.37,0.18028662499273196,74.71720943315964,918.3331359347244,1483.6110189363617
exp_001,SA_n30_inst0_run0,base,29400,29401,980.03,0.18149545800406486,74.71720943315964,918.3331359347244,1323.1999411260772
exp_001,SA_n30_inst0_run0,base,29600,29601,986.7,0.18271054199431092,74.71720943315964,918.3331359347244,1339.2327663224182
exp_001,SA_n30_inst0_run0,base,29800,29801,993.37,0.18390641699079424,74.71720943315964,918.3331359347244,1213.2003947322435
exp_001,SA_n30_inst0_run0,base,30000,30001,1000.03,0.18511387496255338,74.71720943315964,918.3331359347244,1404.5250767689963
exp_001,SA_n30_inst0_run0,base,30200,30201,1006.7,0.18631770799402148,73.97003733882804,918.3331359347244,1581.726271704042
exp_001,SA_n30_inst0_run0,base,30400,30401,1013.37,0.18752433295594528,73.97003733882804,918.3331359347244,1271.0754735711814
exp_001,SA_n30_inst0_run0,base,30600,30601,1020.03,0.18873120797798038,73.97003733882804,918.3331359347244,1385.199309168341
exp_001,SA_n30_inst0_run0,base,30800,30801,1026.7,0.1899400829570368,73.97003733882804,918.3331359347244,1586.75161001472
exp_001,SA_n30_inst0_run0,base,31000,31001,1033.37,0.19113845797255635,73.97003733882804,918.3331359347244,1418.9636758870981
exp_001,SA_n30_inst0_run0,base,31200,31201,1040.03,0.19232408300740644,73.23033696543976,918.3331359347244,1392.0413156450009
exp_001,SA_n30_inst0_run0,base,31400,31401,1046.7,0.19351083296351135,73.23033696543976,918.3331359347244,1486.5112531445948
exp_001,SA_n30_inst0_run0,base,31600,31601,1053.37,0.19470241700764745,73.23033696543976,918.3331359347244,1579.7460294288446
exp_001,SA_n30_inst0_run0,base,31800,31801,1060.03,0.19591966696316376,73.23033696543976,918.3331359347244,1082.566131003277
exp_001,SA_n30_inst0_run0,base,32000,32001,1066.7,0.19711520796408877,73.23033696543976,918.3331359347244,1391.8697722142526
exp_001,SA_n30_inst0_run0,base,32200,32201,1073.37,0.19831562496256083,72.49803359578536,918.3331359347244,1248.5879847166348
exp_001,SA_n30_inst0_run0,base,32400,32401,1080.03,0.1995099579798989,72.49803359578536,918.3331359347244,1389.717972485391
exp_001,SA_n30_inst0_run0,base,32600,32601,1086.7,0.20070416695671156,72.49803359578536,918.3331359347244,1272.25612893408
exp_001,SA_n30_inst0_run0,base,32800,32801,1093.37,0.20190724998246878,72.49803359578536,918.3331359347244,1377.2995233413255
exp_001,SA_n30_inst0_run0,base,33000,33001,1100.03,0.20310033299028873,72.49803359578536,918.3331359347244,1450.8388443919698
exp_001,SA_n30_inst0_run0,base,33200,33201,1106.7,0.20434754196321592,71.7730532598275,918.3331359347244,1214.194648098494
exp_001,SA_n30_inst0_run0,base,33400,33401,1113.37,0.20554020797135308,71.7730532598275,918.3331359347244,1407.9536177494278
exp_001,SA_n30_inst0_run0,base,33600,33601,1120.03,0.20673124998575076,71.7730532598275,918.3331359347244,1329.744558477851
exp_001,SA_n30_inst0_run0,base,33800,33801,1126.7,0.2079170829965733,71.7730532598275,918.3331359347244,1567.7404693753326
exp_001,SA_n30_inst0_run0,base,34000,34001,1133.37,0.20911091699963436,71.7730532598275,918.3331359347244,1549.809891146383
exp_001,SA_n30_inst0_run0,base,34200,34201,1140.03,0.21029483299935237,71.05532272722922,918.3331359347244,1375.5066241533987
exp_001,SA_n30_inst0_run0,base,34400,34401,1146.7,0.21148095797980204,71.05532272722922,918.3331359347244,1233.531562114855
exp_001,SA_n30_inst0_run0,base,34600,34601,1153.37,0.21266020799521357,71.05532272722922,918.3331359347244,1170.8225724739034
exp_001,SA_n30_inst0_run0,base,34800,34801,1160.03,0.2138344999984838,71.05532272722922,918.3331359347244,1164.8179111029913
exp_001,SA_n30_inst0_run0,base,35000,35001,1166.7,0.2151127919787541,71.05532272722922,918.3331359347244,1343.5071255502244
exp_001,SA_n30_inst0_run0,base,35200,35201,1173.37,0.216363082989119,70.34476949995693,918.3331359347244,1418.8800571526153
exp_001,SA_n30_inst0_run0,base,35400,35401,1180.03,0.21756791695952415,70.34476949995693,918.3331359347244,1550.3496531757582
exp_001,SA_n30_inst0_run0,base,35600,35601,1186.7,0.21879224997246638,70.34476949995693,918.3331359347244,1214.4837817385392
exp_001,SA_n30_inst0_run0,base,35800,35801,1193.37,0.21998770796926692,70.34476949995693,918.3331359347244,1204.3606835149997
exp_001,SA_n30_inst0_run0,base,36000,36001,1200.03,0.22117754200007766,70.34476949995693,918.3331359347244,1406.2704888571823
exp_001,SA_n30_inst0_run0,base,36200,36201,1206.7,0.22236499999416992,69.64132180495736,918.3331359347244,1430.186419762773
exp_001,SA_n30_inst0_run0,base,36400,36401,1213.37,0.2235610829666257,69.64132180495736,918.3331359347244,1466.9215214433052
exp_001,SA_n30_inst0_run0,base,36600,36601,1220.03,0.22475074999965727,69.64132180495736,918.3331359347244,1255.7466050445335
exp_001,SA_n30_inst0_run0,base,36800,36801,1226.7,0.2259496669867076,69.64132180495736,918.3331359347244,1359.5436965693423
exp_001,SA_n30_inst0_run0,base,37000,37001,1233.37,0.22713908297009766,69.64132180495736,918.3331359347244,1583.2117374172124
exp_001,SA_n30_inst0_run0,base,37200,37201,1240.03,0.2283278329996392,68.94490858690779,918.3331359347244,1469.7642044168842
exp_001,SA_n30_inst0_run0,base,37400,37401,1246.7,0.22953158296877518,68.94490858690779,918.3331359347244,1414.7258909685754
exp_001,SA_n30_inst0_run0,base,37600,37601,1253.37,0.23078308295225725,68.94490858690779,918.3331359347244,1303.703161030736
exp_001,SA_n30_inst0_run0,base,37800,37801,1260.03,0.23204066697508097,68.94490858690779,918.3331359347244,1431.1110594737459
exp_001,SA_n30_inst0_run0,base,38000,38001,1266.7,0.2332825829507783,68.94490858690779,918.3331359347244,1309.7603357775904
exp_001,SA_n30_inst0_run0,base,38200,38201,1273.37,0.23449699999764562,68.25545950103871,918.3331359347244,1595.1051482467792
exp_001,SA_n30_inst0_run0,base,38400,38401,1280.03,0.2356989579857327,68.25545950103871,918.3331359347244,1463.7837539839588
exp_001,SA_n30_inst0_run0,base,38600,38601,1286.7,0.23689512495184317,68.25545950103871,918.3331359347244,1411.3943361422223
exp_001,SA_n30_inst0_run0,base,38800,38801,1293.37,0.23809666698798537,68.25545950103871,918.3331359347244,1405.3687610754912
exp_001,SA_n30_inst0_run0,base,39000,39001,1300.03,0.23929262498859316,68.25545950103871,918.3331359347244,1511.2215289988005
exp_001,SA_n30_inst0_run0,base,39200,39201,1306.7,0.240494082972873,67.57290490602833,918.3331359347244,1243.4432112763975
exp_001,SA_n30_inst0_run0,base,39400,39401,1313.37,0.24168533296324313,67.57290490602833,918.3331359347244,1307.3290062966112
exp_001,SA_n30_inst0_run0,base,39600,39601,1320.03,0.24287091696169227,67.57290490602833,918.3331359347244,1305.2440260896556
exp_001,SA_n30_inst0_run0,base,39800,39801,1326.7,0.24409941700287163,67.57290490602833,918.3331359347244,1459.0882851102003
exp_001,SA_n30_inst0_run0,base,40000,40001,1333.37,0.24531162495259196,67.57290490602833,918.3331359347244,1470.1353176366501
exp_001,SA_n30_inst0_run0,base,40200,40201,1340.03,0.24651691695908085,66.89717585696805,918.3331359347244,1540.5885533405665
exp_001,SA_n30_inst0_run0,base,40400,40401,1346.7,0.24773574998835102,66.89717585696805,918.3331359347244,1328.9607191762036
exp_001,SA_n30_inst0_run0,base,40600,40601,1353.37,0.24897212500218302,66.89717585696805,918.3331359347244,1155.675961539138
exp_001,SA_n30_inst0_run0,base,40800,40801,1360.03,0.2501694170059636,66.89717585696805,918.3331359347244,1478.0650314605991
exp_001,SA_n30_inst0_run0,base,41000,41001,1366.7,0.2513671249616891,66.89717585696805,918.3331359347244,1313.8121674404556
exp_001,SA_n30_inst0_run0,base,41200,41201,1373.37,0.25256987498141825,66.22820409839836,918.3331359347244,1339.5424181282692
exp_001,SA_n30_inst0_run0,base,41400,41401,1380.03,0.25378899998031557,66.22820409839836,918.3331359347244,1657.557135232884
exp_001,SA_n30_inst0_run0,base,41600,41601,1386.7,0.25500254199141636,66.22820409839836,918.3331359347244,1282.6386350131609
exp_001,SA_n30_inst0_run0,base,41800,41801,1393.37,0.25620616698870435,66.22820409839836,918.3331359347244,1508.447008363658
exp_001,SA_n30_inst0_run0,base,42000,42001,1400.03,0.2573963329778053,66.22820409839836,918.3331359347244,1304.1335640144941
exp_001,SA_n30_inst0_run0,base,42200,42201,1406.7,0.25859074998879805,65.56592205741438,918.3331359347244,1372.8351955622143
exp_001,SA_n30_inst0_run0,base,42400,42401,1413.37,0.259812707954552,65.56592205741438,918.3331359347244,1532.8506478263564
exp_001,SA_n30_inst0_run0,base,42600,42601,1420.03,0.26103587495163083,65.56592205741438,918.3331359347244,1508.1866237961053
exp_001,SA_n30_inst0_run0,base,42800,42801,1426.7,0.2622770000016317,65.56592205741438,918.3331359347244,1378.3742493482755
exp_001,SA_n30_inst0_run0,base,43000,43001,1433.37,0.2634842079714872,65.56592205741438,918.3331359347244,1166.7688625705005
exp_001,SA_n30_inst0_run0,base,43200,43201,1440.03,0.2646642079926096,64.91026283684023,918.3331359347244,1475.1239451548097
exp_001,SA_n30_inst0_run0,base,43400,43401,1446.7,0.2658727499656379,64.91026283684023,918.3331359347244,1245.7001641237505
exp_001,SA_n30_inst0_run0,base,43600,43601,1453.37,0.2670857079792768,64.91026283684023,918.3331359347244,1453.8641313798707
exp_001,SA_n30_inst0_run0,base,43800,43801,1460.03,0.2682954579940997,64.91026283684023,918.3331359347244,1518.2102633511536
exp_001,SA_n30_inst0_run0,base,44000,44001,1466.7,0.26949895796133205,64.91026283684023,918.3331359347244,1355.2041111871715
exp_001,SA_n30_inst0_run0,base,44200,44201,1473.37,0.270693541970104,64.26116020847184,918.3331359347244,1471.4505750691314
exp_001,SA_n30_inst0_run0,base,44400,44401,1480.03,0.27188783296151087,64.26116020847184,918.3331359347244,1427.2067280649496
exp_001,SA_n30_inst0_run0,base,44600,44601,1486.7,0.27309370797593147,64.26116020847184,918.3331359347244,1398.3182714806555
exp_001,SA_n30_inst0_run0,base,44800,44801,1493.37,0.27439249999588355,64.26116020847184,918.3331359347244,1378.1959974587146
exp_001,SA_n30_inst0_run0,base,45000,45001,1500.03,0.2757375829969533,64.26116020847184,918.3331359347244,1198.2252935280956
exp_001,SA_n30_inst0_run0,base,45200,45201,1506.7,0.27699570800177753,63.618548606387115,918.3331359347244,1355.8595781650567
exp_001,SA_n30_inst0_run0,base,45400,45401,1513.37,0.2784375000046566,63.618548606387115,918.3331359347244,1371.600063534134
exp_001,SA_n30_inst0_run0,base,45600,45601,1520.03,0.27996637497562915,63.618548606387115,918.3331359347244,1500.2285692387527
exp_001,SA_n30_inst0_run0,base,45800,45801,1526.7,0.2813220829702914,63.618548606387115,918.3331359347244,1556.1021295252035
exp_001,SA_n30_inst0_run0,base,46000,46001,1533.37,0.2825866669882089,63.618548606387115,918.3331359347244,1398.7880859292434
exp_001,SA_n30_inst0_run0,base,46200,46201,1540.03,0.2838842920027673,62.98236312032324,918.3331359347244,1234.1017723193102
exp_001,SA_n30_inst0_run0,base,46400,46401,1546.7,0.28512141696410254,62.98236312032324,918.3331359347244,1390.4877535218625
exp_001,SA_n30_inst0_run0,base,46600,46601,1553.37,0.2864059580024332,62.98236312032324,918.3331359347244,1320.5608239071157
exp_001,SA_n30_inst0_run0,base,46800,46801,1560.03,0.2876945000025444,62.98236312032324,918.3331359347244,1468.04795309004
exp_001,SA_n30_inst0_run0,base,47000,47001,1566.7,0.288968582986854,62.98236312032324,893.6278743108438,1431.9106387933123
exp_001,SA_n30_inst0_run0,base,47200,47201,1573.37,0.290213166968897,62.35253948912001,893.6278743108438,1568.7624405452996
exp_001,SA_n30_inst0_run0,base,47400,47401,1580.03,0.2914468749659136,62.35253948912001,893.6278743108438,1180.5842027202343
exp_001,SA_n30_inst0_run0,base,47600,47601,1586.7,0.29273254197323695,62.35253948912001,893.6278743108438,1299.817827477701
exp_001,SA_n30_inst0_run0,base,47800,47801,1593.37,0.2939843329950236,62.35253948912001,893.6278743108438,1215.0551216825027
exp_001,SA_n30_inst0_run0,base,48000,48001,1600.03,0.29519599996274337,62.35253948912001,893.6278743108438,1313.1393582679748
exp_001,SA_n30_inst0_run0,base,48200,48201,1606.7,0.2964551249751821,61.72901409422881,893.6278743108438,1334.8511336790139
exp_001,SA_n30_inst0_run0,base,48400,48401,1613.37,0.2977389579755254,61.72901409422881,893.6278743108438,1407.1661313188692
exp_001,SA_n30_inst0_run0,base,48600,48601,1620.03,0.2990030419896357,61.72901409422881,893.6278743108438,1392.2000168778088
exp_001,SA_n30_inst0_run0,base,48800,48801,1626.7,0.3002375829964876,61.72901409422881,893.6278743108438,1385.1887474872951
exp_001,SA_n30_inst0_run0,base,49000,49001,1633.37,0.30146395799238235,61.72901409422881,893.6278743108438,1260.2389272453706
exp_001,SA_n30_inst0_run0,base,49200,49201,1640.03,0.30267750000348315,61.11172395328652,893.6278743108438,1390.455853649814
exp_001,SA_n30_inst0_run0,base,49400,49401,1646.7,0.3038895829813555,61.11172395328652,893.6278743108438,1512.8608911777826
exp_001,SA_n30_inst0_run0,base,49600,49601,1653.37,0.30508804199052975,61.11172395328652,893.6278743108438,1355.4249187574824
exp_001,SA_n30_inst0_run0,base,49800,49801,1660.03,0.3063039999688044,61.11172395328652,893.6278743108438,1404.441844252024
exp_001,SA_n30_inst0_run0,base,50000,50001,1666.7,0.30750574998091906,61.11172395328652,893.6278743108438,1583.580870258298
exp_001,SA_n30_inst0_run0,base,50000,50001,1666.7,0.30758633295772597,0.00099,893.6278743108438,1583.580870258298
exp_001,SA_n30_inst0_run1,base,0,1,0.03,1.708976924419403e-06,100.0,1659.613146142258,1659.613146142258
exp_001,SA_n30_inst0_run1,base,200,201,6.7,0.0012763749691657722,100.0,1336.6740565451898,1380.4448835361231
exp_001,SA_n30_inst0_run1,base,400,401,13.37,0.0025078749749809504,100.0,1184.441911170412,1286.728319441655
exp_001,SA_n30_inst0_run1,base,600,601,20.03,0.003784417000133544,100.0,1184.441911170412,1466.7056959770769
exp_001,SA_n30_inst0_run1,base,800,801,26.7,0.005072749976534396,100.0,1184.441911170412,1551.3438332388266
exp_001,SA_n30_inst0_run1,base,1000,1001,33.37,0.006308124982751906,100.0,1144.2229667685726,1295.8082280910403
exp_001,SA_n30_inst0_run1,base,1200,1201,40.03,0.0076017919927835464,99.0,1144.2229667685726,1528.185162082949
exp_001,SA_n30_inst0_run1,base,1400,1401,46.7,0.00891066697658971,99.0,1144.2229667685726,1564.3276936727264
exp_001,SA_n30_inst0_run1,base,1600,1601,53.37,0.010152458969969302,99.0,1144.2229667685726,1531.531168222152
exp_001,SA_n30_inst0_run1,base,1800,1801,60.03,0.011379208997823298,99.0,1052.4895685410934,1265.3166633203828
exp_001,SA_n30_inst0_run1,base,2000,2001,66.7,0.012602833972778171,99.0,1052.4895685410934,1649.7468686781474
exp_001,SA_n30_inst0_run1,base,2200,2201,73.37,0.013825375004671514,98.01,1052.4895685410934,1376.0076203510066
exp_001,SA_n30_inst0_run1,base,2400,2401,80.03,0.015035999997053295,98.01,1052.4895685410934,1571.4906632025975
exp_001,SA_n30_inst0_run1,base,2600,2601,86.7,0.016293999971821904,98.01,1052.4895685410934,1189.6825604117123
exp_001,SA_n30_inst0_run1,base,2800,2801,93.37,0.01749845896847546,98.01,1052.4895685410934,1523.6175472304565
exp_001,SA_n30_inst0_run1,base,3000,3001,100.03,0.01870399998733774,98.01,1052.4895685410934,1292.814426722501
exp_001,SA_n30_inst0_run1,base,3200,3201,106.7,0.019906124973203987,97.0299,1052.4895685410934,1387.1366673240905
exp_001,SA_n30_inst0_run1,base,3400,3401,113.37,0.02112683397717774,97.0299,1052.4895685410934,1373.568060315562
exp_001,SA_n30_inst0_run1,base,3600,3601,120.03,0.02235375001328066,97.0299,1052.4895685410934,1332.077394559688
exp_001,SA_n30_inst0_run1,base,3800,3801,126.7,0.023613166995346546,97.0299,1052.4895685410934,1376.5226068180045
exp_001,SA_n30_inst0_run1,base,4000,4001,133.37,0.024814708973281085,97.0299,1052.4895685410934,1425.5209072054186
exp_001,SA_n30_inst0_run1,base,4200,4201,140.03,0.02600654197158292,96.059601,1052.4895685410934,1418.229613206327
exp_001,SA_n30_inst0_run1,base,4400,4401,146.7,0.027215334004722536,96.059601,1052.4895685410934,1843.582609823095
exp_001,SA_n30_inst0_run1,base,4600,4601,153.37,0.028422834002412856,96.059601,1052.4895685410934,1503.7610300035926
exp_001,SA_n30_inst0_run1,base,4800,4801,160.03,0.029620541958138347,96.059601,1052.4895685410934,1712.532759350156
exp_001,SA_n30_inst0_run1,base,5000,5001,166.7,0.03083199996035546,96.059601,1052.4895685410934,1446.2608340761592
exp_001,SA_n30_inst0_run1,base,5200,5201,173.37,0.03202599997166544,95.09900499,1052.4895685410934,1345.1791879609605
exp_001,SA_n30_inst0_run1,base,5400,5401,180.03,0.03321370901539922,95.09900499,1052.4895685410934,1564.5468960332832
exp_001,SA_n30_inst0_run1,base,5600,5601,186.7,0.03440704196691513,95.09900499,1052.4895685410934,1498.8965288070108
exp_001,SA_n30_inst0_run1,base,5800,5801,193.37,0.03559016698272899,95.09900499,1052.4895685410934,1498.0849423103941
exp_001,SA_n30_inst0_run1,base,6000,6001,200.03,0.036801167007070035,95.09900499,1052.4895685410934,1395.271061307828
exp_001,SA_n30_inst0_run1,base,6200,6201,206.7,0.03805908397771418,94.1480149401,1052.4895685410934,1396.2765550482607
exp_001,SA_n30_inst0_run1,base,6400,6401,213.37,0.03928158397320658,94.1480149401,1052.4895685410934,1573.3826673984252
exp_001,SA_n30_inst0_run1,base,6600,6601,220.03,0.04070087498985231,94.1480149401,1052.4895685410934,1575.9785113363491
exp_001,SA_n30_inst0_run1,base,6800,6801,226.7,0.04198566696140915,94.1480149401,1052.4895685410934,1518.248652019729
exp_001,SA_n30_inst0_run1,base,7000,7001,233.37,0.04321520897792652,94.1480149401,1052.4895685410934,1242.7598635196969
exp_001,SA_n30_inst0_run1,base,7200,7201,240.03,0.04441949998727068,93.206534790699,1052.4895685410934,1373.751283346303
exp_001,SA_n30_inst0_run1,base,7400,7401,246.7,0.045639249961823225,93.206534790699,1052.4895685410934,1299.3874852729193
exp_001,SA_n30_inst0_run1,base,7600,7601,253.37,0.04685787501512095,93.206534790699,1052.4895685410934,1605.6010892072827
exp_001,SA_n30_inst0_run1,base,7800,7801,260.03,0.04807370901107788,93.206534790699,1052.4895685410934,1461.5714894836892
exp_001,SA_n30_inst0_run1,base,8000,8001,266.7,0.04927849996602163,93.206534790699,1052.4895685410934,1289.553371095028
exp_001,SA_n30_inst0_run1,base,8200,8201,273.37,0.050484374980442226,92.27446944279201,1052.4895685410934,1254.3741634491766
exp_001,SA_n30_inst0_run1,base,8400,8401,280.03,0.05167874996550381,92.27446944279201,1052.4895685410934,1644.3965846792053
exp_001,SA_n30_inst0_run1,base,8600,8601,286.7,0.05287095898529515,92.27446944279201,1052.4895685410934,1370.200316406336
exp_001,SA_n30_inst0_run1,base,8800,8801,293.37,0.05409049999434501,92.27446944279201,1052.4895685410934,1454.9434304212552
exp_001,SA_n30_inst0_run1,base,9000,9001,300.03,0.05532616697018966,92.27446944279201,1052.4895685410934,1549.7654148166193
exp_001,SA_n30_inst0_run1,base,9200,9201,306.7,0.05659191700397059,91.35172474836409,1052.4895685410934,1514.5634422096787
exp_001,SA_n30_inst0_run1,base,9400,9401,313.37,0.05781145900255069,91.35172474836409,1052.4895685410934,1478.1959936179414
exp_001,SA_n30_inst0_run1,base,9600,9601,320.03,0.05906270898412913,91.35172474836409,1052.4895685410934,1439.719207288705
exp_001,SA_n30_inst0_run1,base,9800,9801,326.7,0.060287833970505744,91.35172474836409,1052.4895685410934,1491.8180772746343
exp_001,SA_n30_inst0_run1,base,10000,10001,333.37,0.06150149996392429,91.35172474836409,1052.4895685410934,1352.2562521766808
exp_001,SA_n30_inst0_run1,base,10200,10201,340.03,0.06271529197692871,90.43820750088045,1052.4895685410934,1257.2723819261548
exp_001,SA_n30_inst0_run1,base,10400,10401,346.7,0.06394458399154246,90.43820750088045,1052.4895685410934,1532.486022458347
exp_001,SA_n30_inst0_run1,base,10600,10601,353.37,0.06515733397100121,90.43820750088045,1052.4895685410934,1663.7304173400637
exp_001,SA_n30_inst0_run1,base,10800,10801,360.03,0.0663615419762209,90.43820750088045,1052.4895685410934,1368.5560602688793
exp_001,SA_n30_inst0_run1,base,11000,11001,366.7,0.06756729196058586,90.43820750088045,1052.4895685410934,1372.0239866312997
exp_001,SA_n30_inst0_run1,base,11200,11201,373.37,0.06876658397959545,89.53382542587164,1052.4895685410934,1215.4278532026299
exp_001,SA_n30_inst0_run1,base,11400,11401,380.03,0.06997312500607222,89.53382542587164,1052.4895685410934,1473.3385816500834
exp_001,SA_n30_inst0_run1,base,11600,11601,386.7,0.07126100000459701,89.53382542587164,1052.4895685410934,1556.5078644335663
exp_001,SA_n30_inst0_run1,base,11800,11801,393.37,0.07255325000733137,89.53382542587164,1052.4895685410934,1584.352407295008
exp_001,SA_n30_inst0_run1,base,12000,12001,400.03,0.073799500009045,89.53382542587164,1052.4895685410934,1453.95811006552
exp_001,SA_n30_inst0_run1,base,12200,12201,406.7,0.07503937499132007,88.63848717161292,1052.4895685410934,1432.3341061682627
exp_001,SA_n30_inst0_run1,base,12400,12401,413.37,0.07625591696705669,88.63848717161292,1052.4895685410934,1440.7247315456807
exp_001,SA_n30_inst0_run1,base,12600,12601,420.03,0.07749108399730176,88.63848717161292,1052.4895685410934,1507.6626818814648
exp_001,SA_n30_inst0_run1,base,12800,12801,426.7,0.07871145900571719,88.63848717161292,1052.4895685410934,1294.418127738708
exp_001,SA_n30_inst0_run1,base,13000,13001,433.37,0.07992204197216779,88.63848717161292,1052.4895685410934,1388.2660429835562
exp_001,SA_n30_inst0_run1,base,13200,13201,440.03,0.08115312497830018,87.75210229989679,1052.4895685410934,1498.2127098135318
exp_001,SA_n30_inst0_run1,base,13400,13401,446.7,0.08236541697988287,87.75210229989679,1052.4895685410934,1470.3516302238868
exp_001,SA_n30_inst0_run1,base,13600,13601,453.37,0.08356337499571964,87.75210229989679,1052.4895685410934,1305.734197169583
exp_001,SA_n30_inst0_run1,base,13800,13801,460.03,0.08476112497737631,87.75210229989679,1052.4895685410934,1417.4729811835357
exp_001,SA_n30_inst0_run1,base,14000,14001,466.7,0.08597524999640882,87.75210229989679,1052.4895685410934,1451.3015948604284
exp_001,SA_n30_inst0_run1,base,14200,14201,473.37,0.08719008398475125,86.87458127689783,1052.4895685410934,1378.9183874821626
exp_001,SA_n30_inst0_run1,base,14400,14401,480.03,0.08839904196793213,86.87458127689783,1052.4895685410934,1184.729770322651
exp_001,SA_n30_inst0_run1,base,14600,14601,486.7,0.08962895895820111,86.87458127689783,1052.4895685410934,1527.8780879886415
exp_001,SA_n30_inst0_run1,base,14800,14801,493.37,0.09084799996344373,86.87458127689783,1052.4895685410934,1375.6524119555793
exp_001,SA_n30_inst0_run1,base,15000,15001,500.03,0.0920685000019148,86.87458127689783,1052.4895685410934,1530.049782455774
exp_001,SA_n30_inst0_run1,base,15200,15201,506.7,0.09332662500673905,86.00583546412885,1052.4895685410934,1411.3692609661675
exp_001,SA_n30_inst0_run1,base,15400,15401,513.37,0.09453549998579547,86.00583546412885,1052.4895685410934,1383.4820250931095
exp_001,SA_n30_inst0_run1,base,15600,15601,520.03,0.09576333401491866,86.00583546412885,1052.4895685410934,1353.6095555177899
exp_001,SA_n30_inst0_run1,base,15800,15801,526.7,0.09697729197796434,86.00583546412885,1052.4895685410934,1541.7167420444716
exp_001,SA_n30_inst0_run1,base,16000,16001,533.37,0.09820999996736646,86.00583546412885,1052.4895685410934,1343.4490490338871
exp_001,SA_n30_inst0_run1,base,16200,16201,540.03,0.09940537496004254,85.14577710948755,1052.4895685410934,1382.0743091608826
exp_001,SA_n30_inst0_run1,base,16400,16401,546.7,0.10060733399586752,85.14577710948755,1052.4895685410934,1490.9633064181473
exp_001,SA_n30_inst0_run1,base,16600,16601,553.37,0.10182483401149511,85.14577710948755,1052.4895685410934,1214.4829239418161
exp_001,SA_n30_inst0_run1,base,16800,16801,560.03,0.10302162496373057,85.14577710948755,1052.4895685410934,1158.3711703317126
exp_001,SA_n30_inst0_run1,base,17000,17001,566.7,0.10422858397942036,85.14577710948755,1052.4895685410934,1349.3996411283956
exp_001,SA_n30_inst0_run1,base,17200,17201,573.37,0.10542304196860641,84.29431933839268,1052.4895685410934,1294.978314127917
exp_001,SA_n30_inst0_run1,base,17400,17401,580.03,0.10667733399895951,84.29431933839268,1052.4895685410934,1539.7124771449633
exp_001,SA_n30_inst0_run1,base,17600,17601,586.7,0.10792695899726823,84.29431933839268,1052.4895685410934,1395.3086276364247
exp_001,SA_n30_inst0_run1,base,17800,17801,593.37,0.10915024997666478,84.29431933839268,1052.4895685410934,1368.2537660630546
exp_001,SA_n30_inst0_run1,base,18000,18001,600.03,0.1103789170156233,84.29431933839268,1052.4895685410934,1314.6637012221465
exp_001,SA_n30_inst0_run1,base,18200,18201,606.7,0.11160045897122473,83.45137614500875,1052.4895685410934,1584.2509709895032
exp_001,SA_n30_inst0_run1,base,18400,18401,613.37,0.11281520896591246,83.45137614500875,1052.4895685410934,1353.0817580776538
exp_001,SA_n30_inst0_run1,base,18600,18601,620.03,0.1140477919834666,83.45137614500875,1052.4895685410934,1510.098245676835
exp_001,SA_n30_inst0_run1,base,18800,18801,626.7,0.11525029200129211,83.45137614500875,1052.4895685410934,1398.3073103834154
exp_001,SA_n30_inst0_run1,base,19000,19001,633.37,0.11645249999128282,83.45137614500875,1052.4895685410934,1395.6257650086916
exp_001,SA_n30_inst0_run1,base,19200,19201,640.03,0.11765008396469057,82.61686238355867,1052.4895685410934,1320.53226120213
exp_001,SA_n30_inst0_run1,base,19400,19401,646.7,0.11884070897940546,82.61686238355867,1052.4895685410934,1402.8710516182964
exp_001,SA_n30_inst0_run1,base,19600,19601,653.37,0.12003966700285673,82.61686238355867,1052.4895685410934,1603.0640175667256
exp_001,SA_n30_inst0_run1,base,19800,19801,660.03,0.12131720897741616,82.61686238355867,1052.4895685410934,1490.4570283571134
exp_001,SA_n30_inst0_run1,base,20000,20001,666.7,0.12261941697215661,82.61686238355867,1052.4895685410934,1284.1514587676552
exp_001,SA_n30_inst0_run1,base,20200,20201,673.37,0.12387616699561477,81.79069375972308,1052.4895685410934,1397.4821719251972
exp_001,SA_n30_inst0_run1,base,20400,20401,680.03,0.12510137498611584,81.79069375972308,1052.4895685410934,1551.027029087454
exp_001,SA_n30_inst0_run1,base,20600,20601,686.7,0.12632633396424353,81.79069375972308,1052.4895685410934,1515.7142783982374
exp_001,SA_n30_inst0_run1,base,20800,20801,693.37,0.1275283339782618,81.79069375972308,1052.4895685410934,1309.23441282518
exp_001,SA_n30_inst0_run1,base,21000,21001,700.03,0.12873466697055846,81.79069375972308,1052.4895685410934,1609.0561293440096
exp_001,SA_n30_inst0_run1,base,21200,21201,706.7,0.12995091697666794,80.97278682212585,1052.4895685410934,1451.0123969427825
exp_001,SA_n30_inst0_run1,base,21400,21401,713.37,0.1311625840025954,80.97278682212585,1052.4895685410934,1402.3387462858893
exp_001,SA_n30_inst0_run1,base,21600,21601,720.03,0.13236120896181092,80.97278682212585,1052.4895685410934,1507.0711893368243
exp_001,SA_n30_inst0_run1,base,21800,21801,726.7,0.13355991698335856,80.97278682212585,1052.4895685410934,1486.8253076302824
exp_001,SA_n30_inst0_run1,base,22000,22001,733.37,0.13477295899065211,80.97278682212585,1052.4895685410934,1498.431290540968
exp_001,SA_n30_inst0_run1,base,22200,22201,740.03,0.13600329199107364,80.1630589539046,1052.4895685410934,1378.6046596689748
exp_001,SA_n30_inst0_run1,base,22400,22401,746.7,0.13720816699787974,80.1630589539046,1052.4895685410934,1389.115590275548
exp_001,SA_n30_inst0_run1,base,22600,22601,753.37,0.1384530839859508,80.1630589539046,1052.4895685410934,1438.408365069617
exp_001,SA_n30_inst0_run1,base,22800,22801,760.03,0.13965837500290945,80.1630589539046,1052.4895685410934,1407.6009758433602
exp_001,SA_n30_inst0_run1,base,23000,23001,766.7,0.14095054200151935,80.1630589539046,1052.4895685410934,1572.978311646362
exp_001,SA_n30_inst0_run1,base,23200,23201,773.37,0.14220366696827114,79.36142836436555,1052.4895685410934,1299.9765359414055
exp_001,SA_n30_inst0_run1,base,23400,23401,780.03,0.1434527919627726,79.36142836436555,1052.4895685410934,1501.2766769392022
exp_001,SA_n30_inst0_run1,base,23600,23601,786.7,0.14466975000686944,79.36142836436555,1052.4895685410934,1377.854260703175
exp_001,SA_n30_inst0_run1,base,23800,23801,793.37,0.14590524998493493,79.36142836436555,1052.4895685410934,1470.2532938942848
exp_001,SA_n30_inst0_run1,base,24000,24001,800.03,0.14713441696949303,79.36142836436555,1052.4895685410934,1379.6783971911314
exp_001,SA_n30_inst0_run1,base,24200,24201,806.7,0.14835779200075194,78.56781408072189,1052.4895685410934,1502.0957250726142
exp_001,SA_n30_inst0_run1,base,24400,24401,813.37,0.1495542919728905,78.56781408072189,1052.4895685410934,1504.18370613849
exp_001,SA_n30_inst0_run1,base,24600,24601,820.03,0.15075283398618922,78.56781408072189,1052.4895685410934,1539.5578314884617
exp_001,SA_n30_inst0_run1,base,24800,24801,826.7,0.15195295901503414,78.56781408072189,1052.4895685410934,1365.1823283909525
exp_001,SA_n30_inst0_run1,base,25000,25001,833.37,0.1531487499596551,78.56781408072189,1052.4895685410934,1496.812462750634
exp_001,SA_n30_inst0_run1,base,25200,25201,840.03,0.1543761669890955,77.78213593991467,1052.4895685410934,1253.601160865228
exp_001,SA_n30_inst0_run1,base,25400,25401,846.7,0.15559162496356294,77.78213593991467,1052.4895685410934,1400.8640229911362
exp_001,SA_n30_inst0_run1,base,25600,25601,853.37,0.15682487498270348,77.78213593991467,1052.4895685410934,1255.7496551136476
exp_001,SA_n30_inst0_run1,base,25800,25801,860.03,0.15803466696524993,77.78213593991467,1052.4895685410934,1521.678784440037
exp_001,SA_n30_inst0_run1,base,26000,26001,866.7,0.15923320897854865,77.78213593991467,1052.4895685410934,1475.673405796145
exp_001,SA_n30_inst0_run1,base,26200,26201,873.37,0.16042566701071337,77.00431458051553,1052.4895685410934,1321.267804314086
exp_001,SA_n30_inst0_run1,base,26400,26401,880.03,0.16164312500040978,77.00431458051553,1030.1604249475652,1125.2639945817366
exp_001,SA_n30_inst0_run1,base,26600,26601,886.7,0.16285033395979553,77.00431458051553,945.6421933876563,1232.3121880289702
exp_001,SA_n30_inst0_run1,base,26800,26801,893.37,0.16407387499930337,77.00431458051553,945.6421933876563,1411.6494047601984
exp_001,SA_n30_inst0_run1,base,27000,27001,900.03,0.16527766699437052,77.00431458051553,945.6421933876563,1364.5806907961357
exp_001,SA_n30_inst0_run1,base,27200,27201,906.7,0.1664807089837268,76.23427143471037,945.6421933876563,1326.1864408479553
exp_001,SA_n30_inst0_run1,base,27400,27401,913.37,0.1676815419923514,76.23427143471037,945.6421933876563,1474.6361626312644
exp_001,SA_n30_inst0_run1,base,27600,27601,920.03,0.16888916696188971,76.23427143471037,945.6421933876563,1519.417020338674
exp_001,SA_n30_inst0_run1,base,27800,27801,926.7,0.1701086669927463,76.23427143471037,945.6421933876563,1331.4030537098683
exp_001,SA_n30_inst0_run1,base,28000,28001,933.37,0.1713423749897629,76.23427143471037,945.6421933876563,1766.816276421446
exp_001,SA_n30_inst0_run1,base,28200,28201,940.03,0.17255054198903963,75.47192872036327,945.6421933876563,1151.0826214861293
exp_001,SA_n30_inst0_run1,base,28400,28401,946.7,0.17382441699737683,75.47192872036327,945.6421933876563,1353.562125989773
exp_001,SA_n30_inst0_run1,base,28600,28601,953.37,0.1750490419799462,75.47192872036327,945.6421933876563,1693.5590660418038
exp_001,SA_n30_inst0_run1,base,28800,28801,960.03,0.1762635839986615,75.47192872036327,945.6421933876563,1494.5537347063678
exp_001,SA_n30_inst0_run1,base,29000,29001,966.7,0.17753108398756012,75.47192872036327,945.6421933876563,1513.5513299676693
exp_001,SA_n30_inst0_run1,base,29200,29201,973.37,0.17872733401600271,74.71720943315964,945.6421933876563,1411.0276390186752
exp_001,SA_n30_inst0_run1,base,29400,29401,980.03,0.17991670896299183,74.71720943315964,945.6421933876563,1324.4237924695549
exp_001,SA_n30_inst0_run1,base,29600,29601,986.7,0.18111920898081735,74.71720943315964,945.6421933876563,1256.410502471572
exp_001,SA_n30_inst0_run1,base,29800,29801,993.37,0.18230375001439825,74.71720943315964,945.6421933876563,1313.7419333660948
exp_001,SA_n30_inst0_run1,base,30000,30001,1000.03,0.18349279201356694,74.71720943315964,945.6421933876563,1608.3774606599316
exp_001,SA_n30_inst0_run1,base,30200,30201,1006.7,0.1846829589921981,73.97003733882804,945.6421933876563,1418.5262698470954
exp_001,SA_n30_inst0_run1,base,30400,30401,1013.37,0.1858939589583315,73.97003733882804,945.6421933876563,1339.9286556254995
exp_001,SA_n30_inst0_run1,base,30600,30601,1020.03,0.18710854201344773,73.97003733882804,945.6421933876563,1465.849917447077
exp_001,SA_n30_inst0_run1,base,30800,30801,1026.7,0.18830637499922886,73.97003733882804,945.6421933876563,1409.345061203568
exp_001,SA_n30_inst0_run1,base,31000,31001,1033.37,0.18951012496836483,73.97003733882804,945.6421933876563,1480.2093148806382
exp_001,SA_n30_inst0_run1,base,31200,31201,1040.03,0.19073079200461507,73.23033696543976,945.6421933876563,1379.7465558858935
exp_001,SA_n30_inst0_run1,base,31400,31401,1046.7,0.19197729200823233,73.23033696543976,945.6421933876563,1251.1199169055417
exp_001,SA_n30_inst0_run1,base,31600,31601,1053.37,0.19320733397034928,73.23033696543976,945.6421933876563,1555.1575063431785
exp_001,SA_n30_inst0_run1,base,31800,31801,1060.03,0.1944307090016082,73.23033696543976,945.6421933876563,1518.503395505898
exp_001,SA_n30_inst0_run1,base,32000,32001,1066.7,0.1956319169839844,73.23033696543976,945.6421933876563,1466.3456350664628
exp_001,SA_n30_inst0_run1,base,32200,32201,1073.37,0.19686383398948237,72.49803359578536,945.6421933876563,1517.355752024669
exp_001,SA_n30_inst0_run1,base,32400,32401,1080.03,0.1980735840043053,72.49803359578536,945.6421933876563,1331.4645792550818
exp_001,SA_n30_inst0_run1,base,32600,32601,1086.7,0.19926883396692574,72.49803359578536,945.6421933876563,1269.6541011728884
exp_001,SA_n30_inst0_run1,base,32800,32801,1093.37,0.20046870899386704,72.49803359578536,945.6421933876563,1506.0507001136782
exp_001,SA_n30_inst0_run1,base,33000,33001,1100.03,0.20165916701080278,72.49803359578536,945.6421933876563,1425.9235024119644
exp_001,SA_n30_inst0_run1,base,33200,33201,1106.7,0.20284166699275374,71.7730532598275,945.6421933876563,1323.2411865680465
exp_001,SA_n30_inst0_run1,base,33400,33401,1113.37,0.20406116696540266,71.7730532598275,945.6421933876563,1071.065546912207
exp_001,SA_n30_inst0_run1,base,33600,33601,1120.03,0.20528045896207914,71.7730532598275,945.6421933876563,1511.1544899715595
exp_001,SA_n30_inst0_run1,base,33800,33801,1126.7,0.20648341701598838,71.7730532598275,945.6421933876563,1340.1807893098169
exp_001,SA_n30_inst0_run1,base,34000,34001,1133.37,0.20773233397630975,71.7730532598275,945.6421933876563,1499.241482611436
exp_001,SA_n30_inst0_run1,base,34200,34201,1140.03,0.2089627920067869,71.05532272722922,945.6421933876563,1674.1103544110238
exp_001,SA_n30_inst0_run1,base,34400,34401,1146.7,0.210187999997288,71.05532272722922,945.6421933876563,1344.2608919206798
exp_001,SA_n30_inst0_run1,base,34600,34601,1153.37,0.21139145898632705,71.05532272722922,945.6421933876563,1477.4675409695265
exp_001,SA_n30_inst0_run1,base,34800,34801,1160.03,0.21259366697631776,71.05532272722922,945.6421933876563,1580.0273458348665
exp_001,SA_n30_inst0_run1,base,35000,35001,1166.7,0.21378729201387614,71.05532272722922,945.6421933876563,1425.2761669969982
exp_001,SA_n30_inst0_run1,base,35200,35201,1173.37,0.2149841669597663,70.34476949995693,945.6421933876563,1434.9994314936437
exp_001,SA_n30_inst0_run1,base,35400,35401,1180.03,0.2161942920065485,70.34476949995693,945.6421933876563,1542.3689597827658
exp_001,SA_n30_inst0_run1,base,35600,35601,1186.7,0.2174563339794986,70.34476949995693,945.6421933876563,1532.4767007179382
exp_001,SA_n30_inst0_run1,base,35800,35801,1193.37,0.21879395900759846,70.34476949995693,945.6421933876563,1300.0174752944386
exp_001,SA_n30_inst0_run1,base,36000,36001,1200.03,0.22000091697555035,70.34476949995693,945.6421933876563,1388.6205786518574
exp_001,SA_n30_inst0_run1,base,36200,36201,1206.7,0.2211939999833703,69.64132180495736,945.6421933876563,1487.3316107298824
exp_001,SA_n30_inst0_run1,base,36400,36401,1213.37,0.2224002499715425,69.64132180495736,945.6421933876563,1480.366394943948
exp_001,SA_n30_inst0_run1,base,36600,36601,1220.03,0.22360274998936802,69.64132180495736,945.6421933876563,1368.990216068986
exp_001,SA_n30_inst0_run1,base,36800,36801,1226.7,0.2248011669726111,69.64132180495736,945.6421933876563,1250.3791934593714
exp_001,SA_n30_inst0_run1,base,37000,37001,1233.37,0.22599016700405627,69.64132180495736,945.6421933876563,1361.63571419021
exp_001,SA_n30_inst0_run1,base,37200,37201,1240.03,0.22716908401343971,68.94490858690779,945.6421933876563,1151.2014755105808
exp_001,SA_n30_inst0_run1,base,37400,37401,1246.7,0.2283713750075549,68.94490858690779,945.6421933876563,1345.957514688904
exp_001,SA_n30_inst0_run1,base,37600,37601,1253.37,0.22958808398107067,68.94490858690779,945.6421933876563,1228.9991286007103
exp_001,SA_n30_inst0_run1,base,37800,37801,1260.03,0.23079387500183657,68.94490858690779,945.6421933876563,1241.631130698447
exp_001,SA_n30_inst0_run1,base,38000,38001,1266.7,0.23198074998799711,68.94490858690779,945.6421933876563,1515.412683543153
exp_001,SA_n30_inst0_run1,base,38200,38201,1273.37,0.23316295898985118,68.25545950103871,945.6421933876563,1443.5673007349997
exp_001,SA_n30_inst0_run1,base,38400,38401,1280.03,0.23433741700137034,68.25545950103871,945.6421933876563,1161.301949439523
exp_001,SA_n30_inst0_run1,base,38600,38601,1286.7,0.23551537498133257,68.25545950103871,945.6421933876563,1211.5159749643722
exp_001,SA_n30_inst0_run1,base,38800,38801,1293.37,0.23674495896557346,68.25545950103871,945.6421933876563,1350.7755975189189
exp_001,SA_n30_inst0_run1,base,39000,39001,1300.03,0.23797262500738725,68.25545950103871,945.6421933876563,1363.0603931075418
exp_001,SA_n30_inst0_run1,base,39200,39201,1306.7,0.2391937089851126,67.57290490602833,945.6421933876563,1438.3270956703232
exp_001,SA_n30_inst0_run1,base,39400,39401,1313.37,0.240401541988831,67.57290490602833,945.6421933876563,1239.309776070457
exp_001,SA_n30_inst0_run1,base,39600,39601,1320.03,0.24160649999976158,67.57290490602833,945.6421933876563,1397.7453160631576
exp_001,SA_n30_inst0_run1,base,39800,39801,1326.7,0.2428224589675665,67.57290490602833,945.6421933876563,1362.983734671088
exp_001,SA_n30_inst0_run1,base,40000,40001,1333.37,0.24404862499795854,67.57290490602833,945.6421933876563,1582.672601647818
exp_001,SA_n30_inst0_run1,base,40200,40201,1340.03,0.24525483400793746,66.89717585696805,945.6421933876563,1334.3135250883347
exp_001,SA_n30_inst0_run1,base,40400,40401,1346.7,0.24646604200825095,66.89717585696805,945.6421933876563,1363.393266600053
exp_001,SA_n30_inst0_run1,base,40600,40601,1353.37,0.24767970899119973,66.89717585696805,945.6421933876563,1457.4426225361808
exp_001,SA_n30_inst0_run1,base,40800,40801,1360.03,0.24886483396403491,66.89717585696805,945.6421933876563,1423.3305786293868
exp_001,SA_n30_inst0_run1,base,41000,41001,1366.7,0.25005495897494256,66.89717585696805,945.6421933876563,1627.5051083365531
exp_001,SA_n30_inst0_run1,base,41200,41201,1373.37,0.25124504195991904,66.22820409839836,945.6421933876563,1095.2226746118354
exp_001,SA_n30_inst0_run1,base,41400,41401,1380.03,0.25241970899514854,66.22820409839836,945.6421933876563,1348.2348670210429
exp_001,SA_n30_inst0_run1,base,41600,41601,1386.7,0.25364449998596683,66.22820409839836,945.6421933876563,1625.764672973434
exp_001,SA_n30_inst0_run1,base,41800,41801,1393.37,0.254899374966044,66.22820409839836,945.6421933876563,1632.7424125066261
exp_001,SA_n30_inst0_run1,base,42000,42001,1400.03,0.25616112496936694,66.22820409839836,945.6421933876563,1632.6572265211175
exp_001,SA_n30_inst0_run1,base,42200,42201,1406.7,0.2573780419770628,65.56592205741438,945.6421933876563,1279.4446552167312
exp_001,SA_n30_inst0_run1,base,42400,42401,1413.37,0.2585895420052111,65.56592205741438,945.6421933876563,1417.9752530882006
exp_001,SA_n30_inst0_run1,base,42600,42601,1420.03,0.25979866698617116,65.56592205741438,945.6421933876563,1444.4590039725565
exp_001,SA_n30_inst0_run1,base,42800,42801,1426.7,0.2609917499939911,65.56592205741438,945.6421933876563,1453.1465508246695
exp_001,SA_n30_inst0_run1,base,43000,43001,1433.37,0.26219987496733665,65.56592205741438,945.6421933876563,1359.7160773994726
exp_001,SA_n30_inst0_run1,base,43200,43201,1440.03,0.26339974999427795,64.91026283684023,945.6421933876563,1338.0835388550804
exp_001,SA_n30_inst0_run1,base,43400,43401,1446.7,0.26460933400085196,64.91026283684023,945.6421933876563,1409.421953147374
exp_001,SA_n30_inst0_run1,base,43600,43601,1453.37,0.2658004169934429,64.91026283684023,945.6421933876563,1387.7669757449262
exp_001,SA_n30_inst0_run1,base,43800,43801,1460.03,0.26699891698081046,64.91026283684023,945.6421933876563,1299.462778948279
exp_001,SA_n30_inst0_run1,base,44000,44001,1466.7,0.2681878340081312,64.91026283684023,945.6421933876563,1242.4193867717418
exp_001,SA_n30_inst0_run1,base,44200,44201,1473.37,0.2693604590022005,64.26116020847184,945.6421933876563,1303.0644190942903
exp_001,SA_n30_inst0_run1,base,44400,44401,1480.03,0.27060574997449294,64.26116020847184,945.6421933876563,1405.4208466528155
exp_001,SA_n30_inst0_run1,base,44600,44601,1486.7,0.2718724589794874,64.26116020847184,945.6421933876563,1544.4705213869995
exp_001,SA_n30_inst0_run1,base,44800,44801,1493.37,0.2731000419589691,64.26116020847184,945.6421933876563,1264.8119885856713
exp_001,SA_n30_inst0_run1,base,45000,45001,1500.03,0.2744447499862872,64.26116020847184,945.6421933876563,1329.8798077333918
exp_001,SA_n30_inst0_run1,base,45200,45201,1506.7,0.27565683401189744,63.618548606387115,945.6421933876563,1293.0024425446757
exp_001,SA_n30_inst0_run1,base,45400,45401,1513.37,0.27685816696612164,63.618548606387115,945.6421933876563,1289.5376140998635
exp_001,SA_n30_inst0_run1,base,45600,45601,1520.03,0.2781315419706516,63.618548606387115,945.6421933876563,1208.9781112680823
exp_001,SA_n30_inst0_run1,base,45800,45801,1526.7,0.2793336670147255,63.618548606387115,945.6421933876563,1595.308087672073
exp_001,SA_n30_inst0_run1,base,46000,46001,1533.37,0.2805322500062175,63.618548606387115,945.6421933876563,1368.1779602776764
exp_001,SA_n30_inst0_run1,base,46200,46201,1540.03,0.28172387497033924,62.98236312032324,945.6421933876563,1253.323398975074
exp_001,SA_n30_inst0_run1,base,46400,46401,1546.7,0.28291458397870883,62.98236312032324,945.6421933876563,1529.1726858428947
exp_001,SA_n30_inst0_run1,base,46600,46601,1553.37,0.28412041696719825,62.98236312032324,945.6421933876563,1614.2469155234508
exp_001,SA_n30_inst0_run1,base,46800,46801,1560.03,0.28530845895875245,62.98236312032324,945.6421933876563,1225.7869426236236
exp_001,SA_n30_inst0_run1,base,47000,47001,1566.7,0.2865008339867927,62.98236312032324,945.6421933876563,1436.1822144576124
exp_001,SA_n30_inst0_run1,base,47200,47201,1573.37,0.28771349997259676,62.35253948912001,945.6421933876563,1367.8010267282236
exp_001,SA_n30_inst0_run1,base,47400,47401,1580.03,0.28895554196788,62.35253948912001,945.6421933876563,1351.7075670463944
exp_001,SA_n30_inst0_run1,base,47600,47601,1586.7,0.2901819169637747,62.35253948912001,945.6421933876563,1509.4242471897187
exp_001,SA_n30_inst0_run1,base,47800,47801,1593.37,0.2914169169962406,62.35253948912001,945.6421933876563,1397.198092539955
exp_001,SA_n30_inst0_run1,base,48000,48001,1600.03,0.29264787497231737,62.35253948912001,945.6421933876563,1591.0130759215651
exp_001,SA_n30_inst0_run1,base,48200,48201,1606.7,0.2938552499981597,61.72901409422881,945.6421933876563,1419.651612479435
exp_001,SA_n30_inst0_run1,base,48400,48401,1613.37,0.2950577089795843,61.72901409422881,945.6421933876563,1429.5395433839005
exp_001,SA_n30_inst0_run1,base,48600,48601,1620.03,0.29630841698963195,61.72901409422881,945.6421933876563,1310.5144227352328
exp_001,SA_n30_inst0_run1,base,48800,48801,1626.7,0.29751025000587106,61.72901409422881,945.6421933876563,1356.3706905836482
exp_001,SA_n30_inst0_run1,base,49000,49001,1633.37,0.29870666697388515,61.72901409422881,945.6421933876563,1251.9166142734377
exp_001,SA_n30_inst0_run1,base,49200,49201,1640.03,0.299892833980266,61.11172395328652,945.6421933876563,1349.912497703389
exp_001,SA_n30_inst0_run1,base,49400,49401,1646.7,0.3010829169652425,61.11172395328652,938.267804765553,1150.7252410534707
exp_001,SA_n30_inst0_run1,base,49600,49601,1653.37,0.3022764169727452,61.11172395328652,938.267804765553,1440.5877945207988
exp_001,SA_n30_inst0_run1,base,49800,49801,1660.03,0.30346979200839996,61.11172395328652,938.267804765553,1164.215552704368
exp_001,SA_n30_inst0_run1,base,50000,50001,1666.7,0.30467774998396635,61.11172395328652,938.267804765553,1385.5391294835083
exp_001,SA_n30_inst0_run1,base,50000,50001,1666.7,0.30475737497908995,0.00099,938.267804765553,1385.5391294835083
exp_001,SA_n30_inst0_run2,base,0,1,0.03,1.333013642579317e-06,100.0,1677.485896950784,1677.485896950784
exp_001,SA_n30_inst0_run2,base,200,201,6.7,0.0012514580157585442,100.0,1190.0939526870263,1360.2818727372041
exp_001,SA_n30_inst0_run2,base,400,401,13.37,0.002491791034117341,100.0,1190.0939526870263,1272.2419486050414
exp_001,SA_n30_inst0_run2,base,600,601,20.03,0.0037245830171741545,100.0,1176.6682938699325,1448.1350343382348
exp_001,SA_n30_inst0_run2,base,800,801,26.7,0.004953125026077032,100.0,1142.1741805417178,1368.8074749033403
exp_001,SA_n30_inst0_run2,base,1000,1001,33.37,0.006180374999530613,100.0,1142.1741805417178,1585.4643012939405
exp_001,SA_n30_inst0_run2,base,1200,1201,40.03,0.007406082993838936,99.0,1142.1741805417178,1697.6946060861446
exp_001,SA_n30_inst0_run2,base,1400,1401,46.7,0.008622958033811301,99.0,1142.1741805417178,1269.2350250931804
exp_001,SA_n30_inst0_run2,base,1600,1601,53.37,0.0098377910326235,99.0,1076.8641404586974,1362.667157164512
exp_001,SA_n30_inst0_run2,base,1800,1801,60.03,0.011033083021175116,99.0,1076.8641404586974,1525.1051007697731
exp_001,SA_n30_inst0_run2,base,2000,2001,66.7,0.012239624978974462,99.0,1076.8641404586974,1383.4575095633247
exp_001,SA_n30_inst0_run2,base,2200,2201,73.37,0.013435000029858202,98.01,1076.8641404586974,1339.9941970931807
exp_001,SA_n30_inst0_run2,base,2400,2401,80.03,0.014636749983765185,98.01,1076.8641404586974,1438.8193401208898
exp_001,SA_n30_inst0_run2,base,2600,2601,86.7,0.015836708014830947,98.01,1076.8641404586974,1373.4055034577132
exp_001,SA_n30_inst0_run2,base,2800,2801,93.37,0.017038582998793572,98.01,1076.8641404586974,1451.3583747629068
exp_001,SA_n30_inst0_run2,base,3000,3001,100.03,0.01824524998664856,98.01,1076.8641404586974,1320.186809125138
exp_001,SA_n30_inst0_run2,base,3200,3201,106.7,0.019443041004706174,97.0299,1076.8641404586974,1337.794608024928
exp_001,SA_n30_inst0_run2,base,3400,3401,113.37,0.02064958302071318,97.0299,1076.8641404586974,1463.8205515738027
exp_001,SA_n30_inst0_run2,base,3600,3601,120.03,0.021876415994483978,97.0299,1076.8641404586974,1427.227042980688
exp_001,SA_n30_inst0_run2,base,3800,3801,126.7,0.02309874998172745,97.0299,1076.8641404586974,1596.6637105416182
exp_001,SA_n30_inst0_run2,base,4000,4001,133.37,0.024320000025909394,97.0299,1076.8641404586974,1499.962182110214
exp_001,SA_n30_inst0_run2,base,4200,4201,140.03,0.02552424999885261,96.059601,1076.8641404586974,1505.720565012337
exp_001,SA_n30_inst0_run2,base,4400,4401,146.7,0.026738625019788742,96.059601,1076.8641404586974,1484.0381512684557
exp_001,SA_n30_inst0_run2,base,4600,4601,153.37,0.027943124994635582,96.059601,1076.8641404586974,1296.9772130204517
exp_001,SA_n30_inst0_run2,base,4800,4801,160.03,0.029157166020013392,96.059601,1076.8641404586974,1443.434221001748
exp_001,SA_n30_inst0_run2,base,5000,5001,166.7,0.03034954098984599,96.059601,1076.8641404586974,1246.5110014466832
exp_001,SA_n30_inst0_run2,base,5200,5201,173.37,0.0316001659957692,95.09900499,1076.8641404586974,1376.915053080028
exp_001,SA_n30_inst0_run2,base,5400,5401,180.03,0.03280895802890882,95.09900499,1076.8641404586974,1611.4538529626745
exp_001,SA_n30_inst0_run2,base,5600,5601,186.7,0.03401162498630583,95.09900499,1076.8641404586974,1410.9721617382254
exp_001,SA_n30_inst0_run2,base,5800,5801,193.37,0.03521929099224508,95.09900499,1076.8641404586974,1428.2359332831388
exp_001,SA_n30_inst0_run2,base,6000,6001,200.03,0.03643504099454731,95.09900499,1076.8641404586974,1427.8359069328465
exp_001,SA_n30_inst0_run2,base,6200,6201,206.7,0.03765004099113867,94.1480149401,1076.8641404586974,1456.6345534870518
exp_001,SA_n30_inst0_run2,base,6400,6401,213.37,0.03886099997907877,94.1480149401,1076.8641404586974,1456.9517597138038
exp_001,SA_n30_inst0_run2,base,6600,6601,220.03,0.040109625027980655,94.1480149401,1076.8641404586974,1602.3176156480502
exp_001,SA_n30_inst0_run2,base,6800,6801,226.7,0.04133604100206867,94.1480149401,1076.8641404586974,1370.798194683982
exp_001,SA_n30_inst0_run2,base,7000,7001,233.37,0.04255437501706183,94.1480149401,1076.8641404586974,1333.177671487103
exp_001,SA_n30_inst0_run2,base,7200,7201,240.03,0.043747791030909866,93.206534790699,1076.8641404586974,1849.09507167159
exp_001,SA_n30_inst0_run2,base,7400,7401,246.7,0.044945458008442074,93.206534790699,1076.8641404586974,1589.9623679504268
exp_001,SA_n30_inst0_run2,base,7600,7601,253.37,0.0461380829801783,93.206534790699,1076.8641404586974,1381.3205533904877
exp_001,SA_n30_inst0_run2,base,7800,7801,260.03,0.047338582982774824,93.206534790699,1076.8641404586974,1374.81468486944
exp_001,SA_n30_inst0_run2,base,8000,8001,266.7,0.04857758298749104,93.206534790699,1076.8641404586974,1600.6314430564425
exp_001,SA_n30_inst0_run2,base,8200,8201,273.37,0.049795666011050344,92.27446944279201,1076.8641404586974,1364.118876451251
exp_001,SA_n30_inst0_run2,base,8400,8401,280.03,0.051016332989092916,92.27446944279201,1076.8641404586974,1578.173973616183
exp_001,SA_n30_inst0_run2,base,8600,8601,286.7,0.05223004100844264,92.27446944279201,1076.8641404586974,1289.9117981473385
exp_001,SA_n30_inst0_run2,base,8800,8801,293.37,0.05342695798026398,92.27446944279201,1076.8641404586974,1652.6938866443893
exp_001,SA_n30_inst0_run2,base,9000,9001,300.03,0.05465245799859986,92.27446944279201,1076.8641404586974,1535.7518429953357
exp_001,SA_n30_inst0_run2,base,9200,9201,306.7,0.055852916033472866,91.35172474836409,1076.8641404586974,1240.7030727319989
exp_001,SA_n30_inst0_run2,base,9400,9401,313.37,0.05705179099459201,91.35172474836409,1076.8641404586974,1490.2102057795548
exp_001,SA_n30_inst0_run2,base,9600,9601,320.03,0.0582723330007866,91.35172474836409,1076.8641404586974,1612.8975334901995
exp_001,SA_n30_inst0_run2,base,9800,9801,326.7,0.059474000008776784,91.35172474836409,1076.8641404586974,1688.7298555936507
exp_001,SA_n30_inst0_run2,base,10000,10001,333.37,0.060666166013106704,91.35172474836409,1076.8641404586974,1346.522629782235
exp_001,SA_n30_inst0_run2,base,10200,10201,340.03,0.06185541598824784,90.43820750088045,1076.8641404586974,1402.3940172797197
exp_001,SA_n30_inst0_run2,base,10400,10401,346.7,0.06305604102090001,90.43820750088045,1076.8641404586974,1329.1581298055673
exp_001,SA_n30_inst0_run2,base,10600,10601,353.37,0.06424799998058006,90.43820750088045,1076.8641404586974,1551.688547262875
exp_001,SA_n30_inst0_run2,base,10800,10801,360.03,0.06550191598944366,90.43820750088045,1076.8641404586974,1367.8358707616148
exp_001,SA_n30_inst0_run2,base,11000,11001,366.7,0.06680904101813212,90.43820750088045,1076.8641404586974,1569.5400114379993
exp_001,SA_n30_inst0_run2,base,11200,11201,373.37,0.06807087501510978,89.53382542587164,1076.8641404586974,1217.0014938606369
exp_001,SA_n30_inst0_run2,base,11400,11401,380.03,0.06928504101233557,89.53382542587164,1076.8641404586974,1449.8068969614606
exp_001,SA_n30_inst0_run2,base,11600,11601,386.7,0.07049549999646842,89.53382542587164,1076.8641404586974,1582.5434131243603
exp_001,SA_n30_inst0_run2,base,11800,11801,393.37,0.0717386250034906,89.53382542587164,1076.8641404586974,1636.6426264081897
exp_001,SA_n30_inst0_run2,base,12000,12001,400.03,0.0729457910056226,89.53382542587164,1076.8641404586974,1348.0431376123813
exp_001,SA_n30_inst0_run2,base,12200,12201,406.7,0.07414500002050772,88.63848717161292,1076.8641404586974,1430.315474574602
exp_001,SA_n30_inst0_run2,base,12400,12401,413.37,0.075345000019297,88.63848717161292,1076.8641404586974,1365.4196588896268
exp_001,SA_n30_inst0_run2,base,12600,12601,420.03,0.07654675003141165,88.63848717161292,1076.8641404586974,1475.2819636479403
exp_001,SA_n30_inst0_run2,base,12800,12801,426.7,0.07774341601179913,88.63848717161292,1076.8641404586974,1487.7459709659
exp_001,SA_n30_inst0_run2,base,13000,13001,433.37,0.07894695800496265,88.63848717161292,1076.8641404586974,1344.6515724150509
exp_001,SA_n30_inst0_run2,base,13200,13201,440.03,0.08014762500533834,87.75210229989679,1076.8641404586974,1486.6122650924808
exp_001,SA_n30_inst0_run2,base,13400,13401,446.7,0.0813482910161838,87.75210229989679,1076.8641404586974,1474.2419050544631
exp_001,SA_n30_inst0_run2,base,13600,13601,453.37,0.08253850002074614,87.75210229989679,1076.8641404586974,1265.5556018118295
exp_001,SA_n30_inst0_run2,base,13800,13801,460.03,0.08375758299371228,87.75210229989679,1076.8641404586974,1621.8977141897783
exp_001,SA_n30_inst0_run2,base,14000,14001,466.7,0.0849564159871079,87.75210229989679,1076.8641404586974,1428.4147973247661
exp_001,SA_n30_inst0_run2,base,14200,14201,473.37,0.08614737499738112,86.87458127689783,1076.8641404586974,1582.8665785390303
exp_001,SA_n30_inst0_run2,base,14400,14401,480.03,0.08734720799839124,86.87458127689783,1076.8641404586974,1519.5190022031597
exp_001,SA_n30_inst0_run2,base,14600,14601,486.7,0.08855445799417794,86.87458127689783,1076.8641404586974,1594.5738793206565
exp_001,SA_n30_inst0_run2,base,14800,14801,493.37,0.08973850001348183,86.87458127689783,1076.8641404586974,1320.0778317176666
exp_001,SA_n30_inst0_run2,base,15000,15001,500.03,0.09092983300797641,86.87458127689783,1076.8641404586974,1494.632017798089
exp_001,SA_n30_inst0_run2,base,15200,15201,506.7,0.09212995797861367,86.00583546412885,1076.8641404586974,1212.0816352929676
exp_001,SA_n30_inst0_run2,base,15400,15401,513.37,0.09332633297890425,86.00583546412885,1052.5539189239523,1549.3444954621862
exp_001,SA_n30_inst0_run2,base,15600,15601,520.03,0.09452420799061656,86.00583546412885,1052.5539189239523,1538.550599565906
exp_001,SA_n30_inst0_run2,base,15800,15801,526.7,0.0957359159947373,86.00583546412885,1052.5539189239523,1645.4680466503014
exp_001,SA_n30_inst0_run2,base,16000,16001,533.37,0.09693599998718128,86.00583546412885,1052.5539189239523,1514.3329780528557
exp_001,SA_n30_inst0_run2,base,16200,16201,540.03,0.09816304099513218,85.14577710948755,1052.5539189239523,1476.5249609552704
exp_001,SA_n30_inst0_run2,base,16400,16401,546.7,0.0995032080099918,85.14577710948755,1052.5539189239523,1392.2941044162073
exp_001,SA_n30_inst0_run2,base,16600,16601,553.37,0.10074650001479313,85.14577710948755,1052.5539189239523,1548.8686111478194
exp_001,SA_n30_inst0_run2,base,16800,16801,560.03,0.10211587499361485,85.14577710948755,1052.5539189239523,1299.493326621262
exp_001,SA_n30_inst0_run2,base,17000,17001,566.7,0.10344641603296623,85.14577710948755,1052.5539189239523,1445.2728634698633
exp_001,SA_n30_inst0_run2,base,17200,17201,573.37,0.10469245800049976,84.29431933839268,1052.5539189239523,1267.5670643172443
exp_001,SA_n30_inst0_run2,base,17400,17401,580.03,0.10592100000940263,84.29431933839268,1052.5539189239523,1542.4455902830612
exp_001,SA_n30_inst0_run2,base,17600,17601,586.7,0.10714283300330862,84.29431933839268,1052.5539189239523,1604.802646706378
exp_001,SA_n30_inst0_run2,base,17800,17801,593.37,0.10836754099000245,84.29431933839268,1052.5539189239523,1402.752446104637
exp_001,SA_n30_inst0_run2,base,18000,18001,600.03,0.10958799999207258,84.29431933839268,1052.5539189239523,1415.8950325475328
exp_001,SA_n30_inst0_run2,base,18200,18201,606.7,0.11079604102997109,83.45137614500875,1052.5539189239523,1426.0828997408573
exp_001,SA_n30_inst0_run2,base,18400,18401,613.37,0.11205970798619092,83.45137614500875,1052.5539189239523,1579.4823343367118
exp_001,SA_n30_inst0_run2,base,18600,18601,620.03,0.11327079101465642,83.45137614500875,1052.5539189239523,1289.3491487889066
exp_001,SA_n30_inst0_run2,base,18800,18801,626.7,0.11449541599722579,83.45137614500875,1052.5539189239523,1466.4205778967928
exp_001,SA_n30_inst0_run2,base,19000,19001,633.37,0.11576399998739362,83.45137614500875,1052.5539189239523,1438.331849426575
exp_001,SA_n30_inst0_run2,base,19200,19201,640.03,0.11700058297719806,82.61686238355867,1052.5539189239523,1534.7400102984
exp_001,SA_n30_inst0_run2,base,19400,19401,646.7,0.11828549997881055,82.61686238355867,1052.5539189239523,1472.6582721595587
exp_001,SA_n30_inst0_run2,base,19600,19601,653.37,0.1195722910342738,82.61686238355867,1052.5539189239523,1515.3574049518058
exp_001,SA_n30_inst0_run2,base,19800,19801,660.03,0.12085750000551343,82.61686238355867,1052.5539189239523,1401.2316486334119
exp_001,SA_n30_inst0_run2,base,20000,20001,666.7,0.12209095800062642,82.61686238355867,1052.5539189239523,1309.4735386462276
exp_001,SA_n30_inst0_run2,base,20200,20201,673.37,0.12330004101386294,81.79069375972308,1052.5539189239523,1294.0592456238282
exp_001,SA_n30_inst0_run2,base,20400,20401,680.03,0.12452283297898248,81.79069375972308,1052.5539189239523,1221.9284656343596
exp_001,SA_n30_inst0_run2,base,20600,20601,686.7,0.12574279098771513,81.79069375972308,1052.5539189239523,1469.4511971347738
exp_001,SA_n30_inst0_run2,base,20800,20801,693.37,0.12694020802155137,81.79069375972308,1052.5539189239523,1490.2606227301326
exp_001,SA_n30_inst0_run2,base,21000,21001,700.03,0.12814116600202397,81.79069375972308,1052.5539189239523,1501.190367960858
exp_001,SA_n30_inst0_run2,base,21200,21201,706.7,0.12935841601574793,80.97278682212585,1052.5539189239523,1408.0424026607025
exp_001,SA_n30_inst0_run2,base,21400,21401,713.37,0.13057654100703076,80.97278682212585,1052.5539189239523,1403.2163818269707
exp_001,SA_n30_inst0_run2,base,21600,21601,720.03,0.13189525000052527,80.97278682212585,1052.5539189239523,1279.0600954081808
exp_001,SA_n30_inst0_run2,base,21800,21801,726.7,0.13315624999813735,80.97278682212585,1052.5539189239523,1511.7559561834519
exp_001,SA_n30_inst0_run2,base,22000,22001,733.37,0.134373166016303,80.97278682212585,1052.5539189239523,1414.086993321418
exp_001,SA_n30_inst0_run2,base,22200,22201,740.03,0.13570295798126608,80.1630589539046,1052.5539189239523,1425.1880837223123
exp_001,SA_n30_inst0_run2,base,22400,22401,746.7,0.13697358302306384,80.1630589539046,1052.5539189239523,1481.8918539077424
exp_001,SA_n30_inst0_run2,base,22600,22601,753.37,0.1381942909792997,80.1630589539046,1052.5539189239523,1490.943855566929
exp_001,SA_n30_inst0_run2,base,22800,22801,760.03,0.13941579102538526,80.1630589539046,1052.5539189239523,1542.1953488902195
exp_001,SA_n30_inst0_run2,base,23000,23001,766.7,0.14063629100564867,80.1630589539046,1052.5539189239523,1457.5869795127044
exp_001,SA_n30_inst0_run2,base,23200,23201,773.37,0.14184412499889731,79.36142836436555,1052.5539189239523,1326.4239583515468
exp_001,SA_n30_inst0_run2,base,23400,23401,780.03,0.14305970800342038,79.36142836436555,1052.5539189239523,1432.5906607427983
exp_001,SA_n30_inst0_run2,base,23600,23601,786.7,0.14428225002484396,79.36142836436555,1052.5539189239523,1533.0373831185686
exp_001,SA_n30_inst0_run2,base,23800,23801,793.37,0.14550049998797476,79.36142836436555,1052.5539189239523,1349.583271766271
exp_001,SA_n30_inst0_run2,base,24000,24001,800.03,0.14671762502985075,79.36142836436555,1052.5539189239523,1343.581949074075
exp_001,SA_n30_inst0_run2,base,24200,24201,806.7,0.1479280409985222,78.56781408072189,1052.5539189239523,1339.4344491252657
exp_001,SA_n30_inst0_run2,base,24400,24401,813.37,0.14919316599844024,78.56781408072189,1052.5539189239523,1356.8639013830186
exp_001,SA_n30_inst0_run2,base,24600,24601,820.03,0.15044604102149606,78.56781408072189,1052.5539189239523,1518.9211509953082
exp_001,SA_n30_inst0_run2,base,24800,24801,826.7,0.1518657910055481,78.56781408072189,1052.5539189239523,1535.4681529199179
exp_001,SA_n30_inst0_run2,base,25000,25001,833.37,0.15315437503159046,78.56781408072189,1052.5539189239523,1446.5079808846185
exp_001,SA_n30_inst0_run2,base,25200,25201,840.03,0.15437916602240875,77.78213593991467,1052.5539189239523,1270.2741947963218
exp_001,SA_n30_inst0_run2,base,25400,25401,846.7,0.1555928750312887,77.78213593991467,1052.5539189239523,1194.1078154632132
exp_001,SA_n30_inst0_run2,base,25600,25601,853.37,0.156809083011467,77.78213593991467,998.8838345013593,1620.561344004302
exp_001,SA_n30_inst0_run2,base,25800,25801,860.03,0.15801916603231803,77.78213593991467,998.8838345013593,1181.5751163235118
exp_001,SA_n30_inst0_run2,base,26000,26001,866.7,0.15923804102931172,77.78213593991467,998.8838345013593,1433.7015272098245
exp_001,SA_n30_inst0_run2,base,26200,26201,873.37,0.1604453750187531,77.00431458051553,998.8838345013593,1126.1960358754527
exp_001,SA_n30_inst0_run2,base,26400,26401,880.03,0.16164649999700487,77.00431458051553,958.4199337748834,1451.291959026153
exp_001,SA_n30_inst0_run2,base,26600,26601,886.7,0.16286654100986198,77.00431458051553,958.4199337748834,1421.4120807250356
exp_001,SA_n30_inst0_run2,base,26800,26801,893.37,0.1640975410118699,77.00431458051553,958.4199337748834,1572.2014428811062
exp_001,SA_n30_inst0_run2,base,27000,27001,900.03,0.16532904101768509,77.00431458051553,958.4199337748834,1518.3964252362823
exp_001,SA_n30_inst0_run2,base,27200,27201,906.7,0.16655116598121822,76.23427143471037,958.4199337748834,1379.3650711301261
exp_001,SA_n30_inst0_run2,base,27400,27401,913.37,0.1677475000033155,76.23427143471037,958.4199337748834,1546.7440745238562
exp_001,SA_n30_inst0_run2,base,27600,27601,920.03,0.1690034160274081,76.23427143471037,958.4199337748834,1553.6064424990275
exp_001,SA_n30_inst0_run2,base,27800,27801,926.7,0.17024341598153114,76.23427143471037,958.4199337748834,1453.8567581982481
exp_001,SA_n30_inst0_run2,base,28000,28001,933.37,0.17144441598793492,76.23427143471037,958.4199337748834,1382.7910167871064
exp_001,SA_n30_inst0_run2,base,28200,28201,940.03,0.1726487079868093,75.47192872036327,958.4199337748834,1577.6289719453105
exp_001,SA_n30_inst0_run2,base,28400,28401,946.7,0.1738562500104308,75.47192872036327,958.4199337748834,1304.7013417128042
exp_001,SA_n30_inst0_run2,base,28600,28601,953.37,0.1750650830217637,75.47192872036327,958.4199337748834,1555.3565297105067
exp_001,SA_n30_inst0_run2,base,28800,28801,960.03,0.1762846250203438,75.47192872036327,958.4199337748834,1377.886301729453
exp_001,SA_n30_inst0_run2,base,29000,29001,966.7,0.17748766602016985,75.47192872036327,958.4199337748834,1216.7292067625167
exp_001,SA_n30_inst0_run2,base,29200,29201,973.37,0.17869854101445526,74.71720943315964,958.4199337748834,1736.234452833024
exp_001,SA_n30_inst0_run2,base,29400,29401,980.03,0.1798997080186382,74.71720943315964,958.4199337748834,1434.2473953086574
exp_001,SA_n30_inst0_run2,base,29600,29601,986.7,0.18110745801823214,74.71720943315964,958.4199337748834,1421.6959319448752
exp_001,SA_n30_inst0_run2,base,29800,29801,993.37,0.18241179100004956,74.71720943315964,958.4199337748834,1274.9252253370364
exp_001,SA_n30_inst0_run2,base,30000,30001,1000.03,0.18369375000474975,74.71720943315964,958.4199337748834,1438.132566302147
exp_001,SA_n30_inst0_run2,base,30200,30201,1006.7,0.18494462501257658,73.97003733882804,958.4199337748834,1492.2622637394466
exp_001,SA_n30_inst0_run2,base,30400,30401,1013.37,0.1861966249998659,73.97003733882804,958.4199337748834,1509.2821846234472
exp_001,SA_n30_inst0_run2,base,30600,30601,1020.03,0.18742425000527874,73.97003733882804,958.4199337748834,1545.1960777447598
exp_001,SA_n30_inst0_run2,base,30800,30801,1026.7,0.18872087501222268,73.97003733882804,958.4199337748834,1381.7460823334604
exp_001,SA_n30_inst0_run2,base,31000,31001,1033.37,0.18998954101698473,73.97003733882804,958.4199337748834,1367.681869168641
exp_001,SA_n30_inst0_run2,base,31200,31201,1040.03,0.1912204580148682,73.23033696543976,958.4199337748834,1490.9256327049006
exp_001,SA_n30_inst0_run2,base,31400,31401,1046.7,0.19249170803232118,73.23033696543976,958.4199337748834,1379.8115814492462
exp_001,SA_n30_inst0_run2,base,31600,31601,1053.37,0.19369341601850465,73.23033696543976,958.4199337748834,1312.0359517535087
exp_001,SA_n30_inst0_run2,base,31800,31801,1060.03,0.19488958298461512,73.23033696543976,958.4199337748834,1514.826785779094
exp_001,SA_n30_inst0_run2,base,32000,32001,1066.7,0.1960752080194652,73.23033696543976,958.4199337748834,1390.1686062080407
exp_001,SA_n30_inst0_run2,base,32200,32201,1073.37,0.19727995799621567,72.49803359578536,958.4199337748834,1343.2008644340679
exp_001,SA_n30_inst0_run2,base,32400,32401,1080.03,0.19854633300565183,72.49803359578536,958.4199337748834,1181.522092849555
exp_001,SA_n30_inst0_run2,base,32600,32601,1086.7,0.19978829100728035,72.49803359578536,958.4199337748834,1460.102542981264
exp_001,SA_n30_inst0_run2,base,32800,32801,1093.37,0.20100649999221787,72.49803359578536,958.4199337748834,1441.5023969616743
exp_001,SA_n30_inst0_run2,base,33000,33001,1100.03,0.20224800001597032,72.49803359578536,958.4199337748834,1513.203454069654
exp_001,SA_n30_inst0_run2,base,33200,33201,1106.7,0.2035126659902744,71.7730532598275,958.4199337748834,1296.3339932549698
exp_001,SA_n30_inst0_run2,base,33400,33401,1113.37,0.2047155830077827,71.7730532598275,958.4199337748834,1333.887592065921
exp_001,SA_n30_inst0_run2,base,33600,33601,1120.03,0.20592375000705943,71.7730532598275,958.4199337748834,1647.8609841824812
exp_001,SA_n30_inst0_run2,base,33800,33801,1126.7,0.20712899998761714,71.7730532598275,958.4199337748834,1311.6159642357525
exp_001,SA_n30_inst0_run2,base,34000,34001,1133.37,0.208325290994253,71.7730532598275,958.4199337748834,1254.1311927768945
exp_001,SA_n30_inst0_run2,base,34200,34201,1140.03,0.20952541602309793,71.05532272722922,958.4199337748834,1549.972361778872
exp_001,SA_n30_inst0_run2,base,34400,34401,1146.7,0.21073237498058006,71.05532272722922,958.4199337748834,1311.7344703616488
exp_001,SA_n30_inst0_run2,base,34600,34601,1153.37,0.21192000003065914,71.05532272722922,958.4199337748834,1287.1548977641269
exp_001,SA_n30_inst0_run2,base,34800,34801,1160.03,0.2131028330186382,71.05532272722922,958.4199337748834,1390.7264615592144
exp_001,SA_n30_inst0_run2,base,35000,35001,1166.7,0.2142772499937564,71.05532272722922,958.4199337748834,1221.4032762779404
exp_001,SA_n30_inst0_run2,base,35200,35201,1173.37,0.21547612501308322,70.34476949995693,958.4199337748834,1387.6974372120344
exp_001,SA_n30_inst0_run2,base,35400,35401,1180.03,0.21667233301559463,70.34476949995693,958.4199337748834,1575.1333953660421
exp_001,SA_n30_inst0_run2,base,35600,35601,1186.7,0.21789224998792633,70.34476949995693,958.4199337748834,1717.515326960101
exp_001,SA_n30_inst0_run2,base,35800,35801,1193.37,0.21911212499253452,70.34476949995693,958.4199337748834,1421.6084002180737
exp_001,SA_n30_inst0_run2,base,36000,36001,1200.03,0.22031283302931115,70.34476949995693,958.4199337748834,1314.4169388752011
exp_001,SA_n30_inst0_run2,base,36200,36201,1206.7,0.22152462502708659,69.64132180495736,958.4199337748834,1551.649937913739
exp_001,SA_n30_inst0_run2,base,36400,36401,1213.37,0.22272600000724196,69.64132180495736,958.4199337748834,1345.3649054797077
exp_001,SA_n30_inst0_run2,base,36600,36601,1220.03,0.22390912502305582,69.64132180495736,958.4199337748834,1162.2015108823894
exp_001,SA_n30_inst0_run2,base,36800,36801,1226.7,0.22509429103229195,69.64132180495736,958.4199337748834,1237.4943390189333
exp_001,SA_n30_inst0_run2,base,37000,37001,1233.37,0.22627866599941626,69.64132180495736,958.4199337748834,1424.198397864659
exp_001,SA_n30_inst0_run2,base,37200,37201,1240.03,0.2274675000226125,68.94490858690779,958.4199337748834,1549.6727502866688
exp_001,SA_n30_inst0_run2,base,37400,37401,1246.7,0.228653582977131,68.94490858690779,958.4199337748834,1432.4567879051667
exp_001,SA_n30_inst0_run2,base,37600,37601,1253.37,0.22984029102372006,68.94490858690779,958.4199337748834,1467.444345117794
exp_001,SA_n30_inst0_run2,base,37800,37801,1260.03,0.2310404580202885,68.94490858690779,958.4199337748834,1360.0326896252254
exp_001,SA_n30_inst0_run2,base,38000,38001,1266.7,0.23229891603114083,68.94490858690779,958.4199337748834,1387.6501222214733
exp_001,SA_n30_inst0_run2,base,38200,38201,1273.37,0.23355704097775742,68.25545950103871,958.4199337748834,1427.9737103441837
exp_001,SA_n30_inst0_run2,base,38400,38401,1280.03,0.23489854100625962,68.25545950103871,958.4199337748834,1469.0965290436955
exp_001,SA_n30_inst0_run2,base,38600,38601,1286.7,0.23619662498822436,68.25545950103871,958.4199337748834,1187.6993885507793
exp_001,SA_n30_inst0_run2,base,38800,38801,1293.37,0.23742795799626037,68.25545950103871,958.4199337748834,1451.9703820326658
exp_001,SA_n30_inst0_run2,base,39000,39001,1300.03,0.238646375015378,68.25545950103871,958.4199337748834,1259.1619359607005
exp_001,SA_n30_inst0_run2,base,39200,39201,1306.7,0.23987620801199228,67.57290490602833,958.4199337748834,1274.2877383207774
exp_001,SA_n30_inst0_run2,base,39400,39401,1313.37,0.2410817079944536,67.57290490602833,958.4199337748834,1205.3206909992582
exp_001,SA_n30_inst0_run2,base,39600,39601,1320.03,0.2422955830115825,67.57290490602833,958.4199337748834,1430.2705016223476
exp_001,SA_n30_inst0_run2,base,39800,39801,1326.7,0.24348987499251962,67.57290490602833,958.4199337748834,1428.4488948047715
exp_001,SA_n30_inst0_run2,base,40000,40001,1333.37,0.24467874999390915,67.57290490602833,958.4199337748834,1316.520973819584
exp_001,SA_n30_inst0_run2,base,40200,40201,1340.03,0.24585929099703208,66.89717585696805,958.4199337748834,1378.0338910929422
exp_001,SA_n30_inst0_run2,base,40400,40401,1346.7,0.24705895798979327,66.89717585696805,958.4199337748834,1486.3584858026088
exp_001,SA_n30_inst0_run2,base,40600,40601,1353.37,0.24826795799890533,66.89717585696805,958.4199337748834,1299.9710201684193
exp_001,SA_n30_inst0_run2,base,40800,40801,1360.03,0.24949091603048146,66.89717585696805,958.4199337748834,1467.9053674192858
exp_001,SA_n30_inst0_run2,base,41000,41001,1366.7,0.2506692500319332,66.89717585696805,958.4199337748834,1413.913867734532
exp_001,SA_n30_inst0_run2,base,41200,41201,1373.37,0.25188437500037253,66.22820409839836,958.4199337748834,1163.4474099512877
exp_001,SA_n30_inst0_run2,base,41400,41401,1380.03,0.2531440000166185,66.22820409839836,958.4199337748834,1263.4489969159372
exp_001,SA_n30_inst0_run2,base,41600,41601,1386.7,0.25435533298878,66.22820409839836,958.4199337748834,1216.9453810470618
exp_001,SA_n30_inst0_run2,base,41800,41801,1393.37,0.25558487500529736,66.22820409839836,958.4199337748834,1227.719312272952
exp_001,SA_n30_inst0_run2,base,42000,42001,1400.03,0.25678975001210347,66.22820409839836,958.4199337748834,1374.3694233318233
exp_001,SA_n30_inst0_run2,base,42200,42201,1406.7,0.2579928750055842,65.56592205741438,958.4199337748834,1092.6805570766219
exp_001,SA_n30_inst0_run2,base,42400,42401,1413.37,0.25920854101423174,65.56592205741438,958.4199337748834,1378.4688226207952
exp_001,SA_n30_inst0_run2,base,42600,42601,1420.03,0.2604096250142902,65.56592205741438,958.4199337748834,1424.0887281895548
exp_001,SA_n30_inst0_run2,base,42800,42801,1426.7,0.26161175000015646,65.56592205741438,958.4199337748834,1468.3934383045298
exp_001,SA_n30_inst0_run2,base,43000,43001,1433.37,0.2628045830060728,65.56592205741438,958.4199337748834,1404.4008524565975
exp_001,SA_n30_inst0_run2,base,43200,43201,1440.03,0.2639928330318071,64.91026283684023,958.4199337748834,1427.3471832504858
exp_001,SA_n30_inst0_run2,base,43400,43401,1446.7,0.26523112499853596,64.91026283684023,958.4199337748834,1306.6188354051524
exp_001,SA_n30_inst0_run2,base,43600,43601,1453.37,0.26646258297841996,64.91026283684023,958.4199337748834,1383.3631614695812
exp_001,SA_n30_inst0_run2,base,43800,43801,1460.03,0.2676504160044715,64.91026283684023,958.4199337748834,1399.9747305480787
exp_001,SA_n30_inst0_run2,base,44000,44001,1466.7,0.26888270798372105,64.91026283684023,958.4199337748834,1500.1384967753309
exp_001,SA_n30_inst0_run2,base,44200,44201,1473.37,0.270106540992856,64.26116020847184,958.4199337748834,1412.069487743375
exp_001,SA_n30_inst0_run2,base,44400,44401,1480.03,0.27136412501567975,64.26116020847184,958.4199337748834,1358.6897597554632
exp_001,SA_n30_inst0_run2,base,44600,44601,1486.7,0.27256341598695144,64.26116020847184,958.4199337748834,1420.4399799853634
exp_001,SA_n30_inst0_run2,base,44800,44801,1493.37,0.27376925002317876,64.26116020847184,958.4199337748834,1429.1704603082167
exp_001,SA_n30_inst0_run2,base,45000,45001,1500.03,0.274988541030325,64.26116020847184,958.4199337748834,1373.921819907916
exp_001,SA_n30_inst0_run2,base,45200,45201,1506.7,0.2762044999981299,63.618548606387115,958.4199337748834,1474.990813117007
exp_001,SA_n30_inst0_run2,base,45400,45401,1513.37,0.2774000830249861,63.618548606387115,958.4199337748834,1388.2045968851774
exp_001,SA_n30_inst0_run2,base,45600,45601,1520.03,0.2785754160140641,63.618548606387115,958.4199337748834,1221.9412504911554
exp_001,SA_n30_inst0_run2,base,45800,45801,1526.7,0.2797628749976866,63.618548606387115,958.4199337748834,1372.5365940870176
exp_001,SA_n30_inst0_run2,base,46000,46001,1533.37,0.2809452500077896,63.618548606387115,958.4199337748834,1246.5623282933366
exp_001,SA_n30_inst0_run2,base,46200,46201,1540.03,0.2821644999785349,62.98236312032324,958.4199337748834,1401.9299557823638
exp_001,SA_n30_inst0_run2,base,46400,46401,1546.7,0.2834044999908656,62.98236312032324,958.4199337748834,1248.7607124617905
exp_001,SA_n30_inst0_run2,base,46600,46601,1553.37,0.2846327500301413,62.98236312032324,958.4199337748834,1457.8401744877488
exp_001,SA_n30_inst0_run2,base,46800,46801,1560.03,0.285875000001397,62.98236312032324,958.4199337748834,1502.3612782832386
exp_001,SA_n30_inst0_run2,base,47000,47001,1566.7,0.28710725001292303,62.98236312032324,956.2511920662869,1128.085952125387
exp_001,SA_n30_inst0_run2,base,47200,47201,1573.37,0.2883397500263527,62.35253948912001,956.2511920662869,1446.4429849544529
exp_001,SA_n30_inst0_run2,base,47400,47401,1580.03,0.2895515410345979,62.35253948912001,956.2511920662869,1102.6307845771612
exp_001,SA_n30_inst0_run2,base,47600,47601,1586.7,0.2907475410029292,62.35253948912001,956.2511920662869,1241.2604525772729
exp_001,SA_n30_inst0_run2,base,47800,47801,1593.37,0.2919542500167154,62.35253948912001,956.2511920662869,1294.2084635327851
exp_001,SA_n30_inst0_run2,base,48000,48001,1600.03,0.29315270797815174,62.35253948912001,956.2511920662869,1428.5259050836544
exp_001,SA_n30_inst0_run2,base,48200,48201,1606.7,0.2943464160198346,61.72901409422881,956.2511920662869,1464.8469643840624
exp_001,SA_n30_inst0_run2,base,48400,48401,1613.37,0.2955402910010889,61.72901409422881,956.2511920662869,1607.8174435917385
exp_001,SA_n30_inst0_run2,base,48600,48601,1620.03,0.2967237079865299,61.72901409422881,956.2511920662869,1420.0902487933465
exp_001,SA_n30_inst0_run2,base,48800,48801,1626.7,0.2979241660214029,61.72901409422881,956.2511920662869,1322.372958204495
exp_001,SA_n30_inst0_run2,base,49000,49001,1633.37,0.29911941598402336,61.72901409422881,956.2511920662869,1373.6091773245155
exp_001,SA_n30_inst0_run2,base,49200,49201,1640.03,0.3003460409818217,61.11172395328652,956.2511920662869,1474.4664673986047
exp_001,SA_n30_inst0_run2,base,49400,49401,1646.7,0.3015602080267854,61.11172395328652,956.2511920662869,1247.2247748196376
exp_001,SA_n30_inst0_run2,base,49600,49601,1653.37,0.3027668750146404,61.11172395328652,956.2511920662869,1274.2261640220506
exp_001,SA_n30_inst0_run2,base,49800,49801,1660.03,0.3039597910246812,61.11172395328652,956.2511920662869,1125.4664899451714
exp_001,SA_n30_inst0_run2,base,50000,50001,1666.7,0.30515091598499566,61.11172395328652,956.2511920662869,1609.6435055623135
exp_001,SA_n30_inst0_run2,base,50000,50001,1666.7,0.30523812503088266,0.00099,956.2511920662869,1609.6435055623135
exp_001,SA_n30_inst1_run0,base,0,1,0.03,1.3329554349184036e-06,100.0,1451.5993252828607,1451.5993252828607
exp_001,SA_n30_inst1_run0,base,200,201,6.7,0.0012210409622639418,100.0,956.0313541976963,1478.2327184399
exp_001,SA_n30_inst1_run0,base,400,401,13.37,0.002450708008836955,100.0,956.0313541976963,1413.0617909020991
exp_001,SA_n30_inst1_run0,base,600,601,20.03,0.0037020829622633755,100.0,956.0313541976963,1498.9415981488328
exp_001,SA_n30_inst1_run0,base,800,801,26.7,0.0049124579527415335,100.0,956.0313541976963,1148.177667774321
exp_001,SA_n30_inst1_run0,base,1000,1001,33.37,0.006128915993031114,100.0,956.0313541976963,1486.1508471973914
exp_001,SA_n30_inst1_run0,base,1200,1201,40.03,0.007326249964535236,99.0,956.0313541976963,1153.703526122947
exp_001,SA_n30_inst1_run0,base,1400,1401,46.7,0.008542249968741089,99.0,956.0313541976963,1340.7950783796516
exp_001,SA_n30_inst1_run0,base,1600,1601,53.37,0.009782374952919781,99.0,956.0313541976963,1375.9415804549385
exp_001,SA_n30_inst1_run0,base,1800,1801,60.03,0.010998582991305739,99.0,956.0313541976963,1500.6310016808375
exp_001,SA_n30_inst1_run0,base,2000,2001,66.7,0.01227049995213747,99.0,956.0313541976963,1365.6910223892926
exp_001,SA_n30_inst1_run0,base,2200,2201,73.37,0.013507040974218398,98.01,956.0313541976963,1486.0911791343742
exp_001,SA_n30_inst1_run0,base,2400,2401,80.03,0.014734082971699536,98.01,956.0313541976963,1670.0435296679675
exp_001,SA_n30_inst1_run0,base,2600,2601,86.7,0.015956540999468416,98.01,956.0313541976963,1428.4132456497289
exp_001,SA_n30_inst1_run0,base,2800,2801,93.37,0.017164832970593125,98.01,956.0313541976963,1376.0840329611312
exp_001,SA_n30_inst1_run0,base,3000,3001,100.03,0.018391040968708694,98.01,956.0313541976963,1314.018236616564
exp_001,SA_n30_inst1_run0,base,3200,3201,106.7,0.019602457992732525,97.0299,956.0313541976963,1533.683755498549
exp_001,SA_n30_inst1_run0,base,3400,3401,113.37,0.020820375008042902,97.0299,956.0313541976963,1287.058271869112
exp_001,SA_n30_inst1_run0,base,3600,3601,120.03,0.022015166003257036,97.0299,956.0313541976963,1357.422733423068
exp_001,SA_n30_inst1_run0,base,3800,3801,126.7,0.023244665993843228,97.0299,956.0313541976963,1404.0485685650478
exp_001,SA_n30_inst1_run0,base,4000,4001,133.37,0.024451040953863412,97.0299,956.0313541976963,1508.6533291236158
exp_001,SA_n30_inst1_run0,base,4200,4201,140.03,0.025657915975898504,96.059601,956.0313541976963,1470.4859335217939
exp_001,SA_n30_inst1_run0,base,4400,4401,146.7,0.026907874969765544,96.059601,956.0313541976963,1601.2577741456964
exp_001,SA_n30_inst1_run0,base,4600,4601,153.37,0.028159540961496532,96.059601,956.0313541976963,1229.3881546189923
exp_001,SA_n30_inst1_run0,base,4800,4801,160.03,0.029428582987748086,96.059601,956.0313541976963,1509.3174262691837
exp_001,SA_n30_inst1_run0,base,5000,5001,166.7,0.030636874958872795,96.059601,956.0313541976963,1342.0189110755268
exp_001,SA_n30_inst1_run0,base,5200,5201,173.37,0.0318417499656789,95.09900499,956.0313541976963,1481.851250769629
exp_001,SA_n30_inst1_run0,base,5400,5401,180.03,0.03306320798583329,95.09900499,956.0313541976963,1357.6656224127757
exp_001,SA_n30_inst1_run0,base,5600,5601,186.7,0.0342929579783231,95.09900499,956.0313541976963,1471.2284676510712
exp_001,SA_n30_inst1_run0,base,5800,5801,193.37,0.03551620797952637,95.09900499,956.0313541976963,1221.9346255591954
exp_001,SA_n30_inst1_run0,base,6000,6001,200.03,0.036745957972016186,95.09900499,956.0313541976963,1187.7133440868693
exp_001,SA_n30_inst1_run0,base,6200,6201,206.7,0.03794379095779732,94.1480149401,956.0313541976963,1637.115749344372
exp_001,SA_n30_inst1_run0,base,6400,6401,213.37,0.039147500006947666,94.1480149401,956.0313541976963,1365.9984762143783
exp_001,SA_n30_inst1_run0,base,6600,6601,220.03,0.04036104097031057,94.1480149401,956.0313541976963,1281.5094196119858
exp_001,SA_n30_inst1_run0,base,6800,6801,226.7,0.04156333295395598,94.1480149401,956.0313541976963,1466.527682225497
exp_001,SA_n30_inst1_run0,base,7000,7001,233.37,0.042785874975379556,94.1480149401,956.0313541976963,1425.7870117971909
exp_001,SA_n30_inst1_run0,base,7200,7201,240.03,0.04400629096198827,93.206534790699,956.0313541976963,1438.6558079558913
exp_001,SA_n30_inst1_run0,base,7400,7401,246.7,0.04522441595327109,93.206534790699,956.0313541976963,1410.5489795697822
exp_001,SA_n30_inst1_run0,base,7600,7601,253.37,0.04644737497437745,93.206534790699,956.0313541976963,1516.7867285590162
exp_001,SA_n30_inst1_run0,base,7800,7801,260.03,0.04770537500735372,93.206534790699,956.0313541976963,1156.3478079655079
exp_001,SA_n30_inst1_run0,base,8000,8001,266.7,0.04891349998069927,93.206534790699,956.0313541976963,1417.5493048458834
exp_001,SA_n30_inst1_run0,base,8200,8201,273.37,0.05012524995254353,92.27446944279201,956.0313541976963,1578.3558463857414
exp_001,SA_n30_inst1_run0,base,8400,8401,280.03,0.051318832964170724,92.27446944279201,956.0313541976963,1554.6816397638343
exp_001,SA_n30_inst1_run0,base,8600,8601,286.7,0.052538415999151766,92.27446944279201,956.0313541976963,1368.2731110741731
exp_001,SA_n30_inst1_run0,base,8800,8801,293.37,0.053762583003845066,92.27446944279201,956.0313541976963,1266.2139077654463
exp_001,SA_n30_inst1_run0,base,9000,9001,300.03,0.05494349997024983,92.27446944279201,956.0313541976963,1326.6204205759852
exp_001,SA_n30_inst1_run0,base,9200,9201,306.7,0.056140415952540934,91.35172474836409,956.0313541976963,1498.4676144051116
exp_001,SA_n30_inst1_run0,base,9400,9401,313.37,0.05732704099500552,91.35172474836409,956.0313541976963,1408.5797804396193
exp_001,SA_n30_inst1_run0,base,9600,9601,320.03,0.05855008296202868,91.35172474836409,956.0313541976963,1406.6738562737276
exp_001,SA_n30_inst1_run0,base,9800,9801,326.7,0.05977024999447167,91.35172474836409,956.0313541976963,1368.2593995871498
exp_001,SA_n30_inst1_run0,base,10000,10001,333.37,0.06097166595282033,91.35172474836409,956.0313541976963,1429.9202046728456
exp_001,SA_n30_inst1_run0,base,10200,10201,340.03,0.062190665979869664,90.43820750088045,956.0313541976963,1312.9713473053814
exp_001,SA_n30_inst1_run0,base,10400,10401,346.7,0.06343270797515288,90.43820750088045,956.0313541976963,1333.005647942559
exp_001,SA_n30_inst1_run0,base,10600,10601,353.37,0.06465270795160905,90.43820750088045,956.0313541976963,1240.170558970647
exp_001,SA_n30_inst1_run0,base,10800,10801,360.03,0.06587341596605256,90.43820750088045,956.0313541976963,1405.514033017658
exp_001,SA_n30_inst1_run0,base,11000,11001,366.7,0.06707691599149257,90.43820750088045,956.0313541976963,1273.140546211309
exp_001,SA_n30_inst1_run0,base,11200,11201,373.37,0.06828991597285494,89.53382542587164,956.0313541976963,1451.3625763488371
exp_001,SA_n30_inst1_run0,base,11400,11401,380.03,0.06949920795159414,89.53382542587164,956.0313541976963,1182.7997367936077
exp_001,SA_n30_inst1_run0,base,11600,11601,386.7,0.07071737496880814,89.53382542587164,956.0313541976963,1406.8532195868129
exp_001,SA_n30_inst1_run0,base,11800,11801,393.37,0.07190008298493922,89.53382542587164,956.0313541976963,1333.9735644661841
exp_001,SA_n30_inst1_run0,base,12000,12001,400.03,0.07310487498762086,89.53382542587164,956.0313541976963,1337.6887576719755
exp_001,SA_n30_inst1_run0,base,12200,12201,406.7,0.07427904097130522,88.63848717161292,956.0313541976963,1272.656735597801
exp_001,SA_n30_inst1_run0,base,12400,12401,413.37,0.07547783298650756,88.63848717161292,956.0313541976963,1505.431773332174
exp_001,SA_n30_inst1_run0,base,12600,12601,420.03,0.07676933298353106,88.63848717161292,956.0313541976963,1657.8270540115839
exp_001,SA_n30_inst1_run0,base,12800,12801,426.7,0.07808449998265132,88.63848717161292,956.0313541976963,1659.910182484027
exp_001,SA_n30_inst1_run0,base,13000,13001,433.37,0.07933441596105695,88.63848717161292,956.0313541976963,1220.9189142606622
exp_001,SA_n30_inst1_run0,base,13200,13201,440.03,0.08055933297146112,87.75210229989679,956.0313541976963,1382.612431181661
exp_001,SA_n30_inst1_run0,base,13400,13401,446.7,0.08175887499237433,87.75210229989679,956.0313541976963,1340.664270391392
exp_001,SA_n30_inst1_run0,base,13600,13601,453.37,0.08295862498925999,87.75210229989679,956.0313541976963,1387.9922367741708
exp_001,SA_n30_inst1_run0,base,13800,13801,460.03,0.08418349997373298,87.75210229989679,956.0313541976963,1380.5890650621513
exp_001,SA_n30_inst1_run0,base,14000,14001,466.7,0.08540008298587054,87.75210229989679,956.0313541976963,1655.1535019140676
exp_001,SA_n30_inst1_run0,base,14200,14201,473.37,0.08664112497353926,86.87458127689783,956.0313541976963,1311.9034506797109
exp_001,SA_n30_inst1_run0,base,14400,14401,480.03,0.08792254095897079,86.87458127689783,956.0313541976963,1482.202735828676
exp_001,SA_n30_inst1_run0,base,14600,14601,486.7,0.0891293750028126,86.87458127689783,956.0313541976963,1554.7586674813508
exp_001,SA_n30_inst1_run0,base,14800,14801,493.37,0.09032587497495115,86.87458127689783,956.0313541976963,1317.7846729993119
exp_001,SA_n30_inst1_run0,base,15000,15001,500.03,0.09151850000489503,86.87458127689783,956.0313541976963,1561.0492054750646
exp_001,SA_n30_inst1_run0,base,15200,15201,506.7,0.09276208298979327,86.00583546412885,956.0313541976963,1286.296991385824
exp_001,SA_n30_inst1_run0,base,15400,15401,513.37,0.09400720795383677,86.00583546412885,956.0313541976963,1326.401396835593
exp_001,SA_n30_inst1_run0,base,15600,15601,520.03,0.09521850000601262,86.00583546412885,956.0313541976963,1260.7419506370084
exp_001,SA_n30_inst1_run0,base,15800,15801,526.7,0.0964625829947181,86.00583546412885,956.0313541976963,1413.6496642122634
exp_001,SA_n30_inst1_run0,base,16000,16001,533.37,0.09775662497850135,86.00583546412885,956.0313541976963,1419.0533553171588
exp_001,SA_n30_inst1_run0,base,16200,16201,540.03,0.09899729100288823,85.14577710948755,956.0313541976963,1218.8291971420567
exp_001,SA_n30_inst1_run0,base,16400,16401,546.7,0.10021249996498227,85.14577710948755,956.0313541976963,1267.057248694255
exp_001,SA_n30_inst1_run0,base,16600,16601,553.37,0.10141849995125085,85.14577710948755,956.0313541976963,1513.0024787137509
exp_001,SA_n30_inst1_run0,base,16800,16801,560.03,0.10262691596290097,85.14577710948755,956.0313541976963,1061.791456823326
exp_001,SA_n30_inst1_run0,base,17000,17001,566.7,0.1038250409765169,85.14577710948755,956.0313541976963,1300.8205869715734
exp_001,SA_n30_inst1_run0,base,17200,17201,573.37,0.10503449995303527,84.29431933839268,956.0313541976963,1074.9019106267062
exp_001,SA_n30_inst1_run0,base,17400,17401,580.03,0.10625287500442937,84.29431933839268,956.0313541976963,1423.477649779179
exp_001,SA_n30_inst1_run0,base,17600,17601,586.7,0.10745824995683506,84.29431933839268,956.0313541976963,1477.517985607972
exp_001,SA_n30_inst1_run0,base,17800,17801,593.37,0.10866241599433124,84.29431933839268,956.0313541976963,1214.2396811917586
exp_001,SA_n30_inst1_run0,base,18000,18001,600.03,0.11010095797246322,84.29431933839268,956.0313541976963,1473.493413131803
exp_001,SA_n30_inst1_run0,base,18200,18201,606.7,0.11143549997359514,83.45137614500875,956.0313541976963,1428.5919870117168
exp_001,SA_n30_inst1_run0,base,18400,18401,613.37,0.11345599999185652,83.45137614500875,956.0313541976963,1362.3722260185764
exp_001,SA_n30_inst1_run0,base,18600,18601,620.03,0.11481612495845184,83.45137614500875,894.2326621158018,1274.058475603476
exp_001,SA_n30_inst1_run0,base,18800,18801,626.7,0.11610416596522555,83.45137614500875,894.2326621158018,1553.692854308225
exp_001,SA_n30_inst1_run0,base,19000,19001,633.37,0.11733070795889944,83.45137614500875,894.2326621158018,1214.5030038068737
exp_001,SA_n30_inst1_run0,base,19200,19201,640.03,0.11856429098406807,82.61686238355867,894.2326621158018,1445.66896806518
exp_001,SA_n30_inst1_run0,base,19400,19401,646.7,0.11977399996249005,82.61686238355867,894.2326621158018,1386.2470571685467
exp_001,SA_n30_inst1_run0,base,19600,19601,653.37,0.1209740829654038,82.61686238355867,894.2326621158018,1348.3593120867945
exp_001,SA_n30_inst1_run0,base,19800,19801,660.03,0.12216845800867304,82.61686238355867,894.2326621158018,1297.587945229573
exp_001,SA_n30_inst1_run0,base,20000,20001,666.7,0.12335841596359387,82.61686238355867,894.2326621158018,1268.7159341896865
exp_001,SA_n30_inst1_run0,base,20200,20201,673.37,0.12455987499561161,81.79069375972308,894.2326621158018,1515.316212436863
exp_001,SA_n30_inst1_run0,base,20400,20401,680.03,0.1257539579528384,81.79069375972308,894.2326621158018,1415.054099500916
exp_001,SA_n30_inst1_run0,base,20600,20601,686.7,0.12700583296827972,81.79069375972308,894.2326621158018,1599.7127118693031
exp_001,SA_n30_inst1_run0,base,20800,20801,693.37,0.1283055410021916,81.79069375972308,894.2326621158018,1252.3740187626624
exp_001,SA_n30_inst1_run0,base,21000,21001,700.03,0.12956754100741819,81.79069375972308,894.2326621158018,1374.805554000287
exp_001,SA_n30_inst1_run0,base,21200,21201,706.7,0.1308527909568511,80.97278682212585,894.2326621158018,1292.1970660562115
exp_001,SA_n30_inst1_run0,base,21400,21401,713.37,0.13208812498487532,80.97278682212585,894.2326621158018,1372.1159044002231
exp_001,SA_n30_inst1_run0,base,21600,21601,720.03,0.1333361659781076,80.97278682212585,894.2326621158018,1226.5265493862241
exp_001,SA_n30_inst1_run0,base,21800,21801,726.7,0.1345458749565296,80.97278682212585,894.2326621158018,1351.5627574619314
exp_001,SA_n30_inst1_run0,base,22000,22001,733.37,0.13590916595421731,80.97278682212585,894.2326621158018,1496.0437525226414
exp_001,SA_n30_inst1_run0,base,22200,22201,740.03,0.13718658295692876,80.1630589539046,894.2326621158018,1193.8962626385653
exp_001,SA_n30_inst1_run0,base,22400,22401,746.7,0.13840570795582607,80.1630589539046,894.2326621158018,1295.3947632187715
exp_001,SA_n30_inst1_run0,base,22600,22601,753.37,0.1396072079660371,80.1630589539046,894.2326621158018,1372.9679157395158
exp_001,SA_n30_inst1_run0,base,22800,22801,760.03,0.14080795797053725,80.1630589539046,894.2326621158018,1358.8627330902546
exp_001,SA_n30_inst1_run0,base,23000,23001,766.7,0.1420123329735361,80.1630589539046,894.2326621158018,1438.221627557412
exp_001,SA_n30_inst1_run0,base,23200,23201,773.37,0.14334037498338148,79.36142836436555,894.2326621158018,1501.034895316794
exp_001,SA_n30_inst1_run0,base,23400,23401,780.03,0.14456987497396767,79.36142836436555,894.2326621158018,1381.4885273723703
exp_001,SA_n30_inst1_run0,base,23600,23601,786.7,0.14580408297479153,79.36142836436555,894.2326621158018,1253.2793822698611
exp_001,SA_n30_inst1_run0,base,23800,23801,793.37,0.14706037496216595,79.36142836436555,894.2326621158018,1226.2354819845605
exp_001,SA_n30_inst1_run0,base,24000,24001,800.03,0.1482905829907395,79.36142836436555,894.2326621158018,1454.6009156348719
exp_001,SA_n30_inst1_run0,base,24200,24201,806.7,0.1495011659571901,78.56781408072189,894.2326621158018,1314.1840645159725
exp_001,SA_n30_inst1_run0,base,24400,24401,813.37,0.15071324998280033,78.56781408072189,894.2326621158018,1300.0580975164564
exp_001,SA_n30_inst1_run0,base,24600,24601,820.03,0.15190850000362843,78.56781408072189,894.2326621158018,1383.5755444359033
exp_001,SA_n30_inst1_run0,base,24800,24801,826.7,0.15311524999560788,78.56781408072189,894.2326621158018,1282.69596160788
exp_001,SA_n30_inst1_run0,base,25000,25001,833.37,0.15430870797717944,78.56781408072189,894.2326621158018,1476.3961009936015
exp_001,SA_n30_inst1_run0,base,25200,25201,840.03,0.1554987909621559,77.78213593991467,894.2326621158018,1260.1477967246212
exp_001,SA_n30_inst1_run0,base,25400,25401,846.7,0.1567034999607131,77.78213593991467,894.2326621158018,1433.683293517388
exp_001,SA_n30_inst1_run0,base,25600,25601,853.37,0.15791441599139944,77.78213593991467,894.2326621158018,1189.3074432343662
exp_001,SA_n30_inst1_run0,base,25800,25801,860.03,0.15915245795622468,77.78213593991467,894.2326621158018,1478.9518609027607
exp_001,SA_n30_inst1_run0,base,26000,26001,866.7,0.16048695798963308,77.78213593991467,894.2326621158018,1206.2506728953815
exp_001,SA_n30_inst1_run0,base,26200,26201,873.37,0.16177887498633936,77.00431458051553,894.2326621158018,1489.674639502214
exp_001,SA_n30_inst1_run0,base,26400,26401,880.03,0.16302545799408108,77.00431458051553,894.2326621158018,1166.2526922527006
exp_001,SA_n30_inst1_run0,base,26600,26601,886.7,0.16425404098117724,77.00431458051553,894.2326621158018,1563.8531033177535
exp_001,SA_n30_inst1_run0,base,26800,26801,893.37,0.16547120799077675,77.00431458051553,894.2326621158018,1368.4384053890087
exp_001,SA_n30_inst1_run0,base,27000,27001,900.03,0.16668429097626358,77.00431458051553,894.2326621158018,1409.856401509566
exp_001,SA_n30_inst1_run0,base,27200,27201,906.7,0.16789833299117163,76.23427143471037,894.2326621158018,1310.0024378657736
exp_001,SA_n30_inst1_run0,base,27400,27401,913.37,0.1691092909895815,76.23427143471037,894.2326621158018,1336.8648523266963
exp_001,SA_n30_inst1_run0,base,27600,27601,920.03,0.17033208295470104,76.23427143471037,894.2326621158018,1577.5533076484307
exp_001,SA_n30_inst1_run0,base,27800,27801,926.7,0.17152995796641335,76.23427143471037,894.2326621158018,1383.9282129823491
exp_001,SA_n30_inst1_run0,base,28000,28001,933.37,0.17272720800247043,76.23427143471037,894.2326621158018,1297.097876211045
exp_001,SA_n30_inst1_run0,base,28200,28201,940.03,0.17394970799796283,75.47192872036327,894.2326621158018,1368.4455435666928
exp_001,SA_n30_inst1_run0,base,28400,28401,946.7,0.1751660829759203,75.47192872036327,894.2326621158018,1528.990852436437
exp_001,SA_n30_inst1_run0,base,28600,28601,953.37,0.17639029095880687,75.47192872036327,894.2326621158018,1419.1841918381347
exp_001,SA_n30_inst1_run0,base,28800,28801,960.03,0.17762116598896682,75.47192872036327,894.2326621158018,1564.232452293083
exp_001,SA_n30_inst1_run0,base,29000,29001,966.7,0.17887941596563905,75.47192872036327,894.2326621158018,1333.9354337931218
exp_001,SA_n30_inst1_run0,base,29200,29201,973.37,0.18029824999393895,74.71720943315964,894.2326621158018,1390.4679819451794
exp_001,SA_n30_inst1_run0,base,29400,29401,980.03,0.18158595799468458,74.71720943315964,894.2326621158018,1346.399256951172
exp_001,SA_n30_inst1_run0,base,29600,29601,986.7,0.1828761249780655,74.71720943315964,894.2326621158018,1215.1444431685918
exp_001,SA_n30_inst1_run0,base,29800,29801,993.37,0.18411074997857213,74.71720943315964,894.2326621158018,1305.2065737087444
exp_001,SA_n30_inst1_run0,base,30000,30001,1000.03,0.18533104099333286,74.71720943315964,894.2326621158018,1555.8986926038995
exp_001,SA_n30_inst1_run0,base,30200,30201,1006.7,0.18653366598300636,73.97003733882804,894.2326621158018,1407.4192661573009
exp_001,SA_n30_inst1_run0,base,30400,30401,1013.37,0.1877447909791954,73.97003733882804,894.2326621158018,1420.961003532618
exp_001,SA_n30_inst1_run0,base,30600,30601,1020.03,0.18894199997885153,73.97003733882804,894.2326621158018,1510.4549639475613
exp_001,SA_n30_inst1_run0,base,30800,30801,1026.7,0.19013795797945932,73.97003733882804,894.2326621158018,1347.7080848557162
exp_001,SA_n30_inst1_run0,base,31000,31001,1033.37,0.19133149995468557,73.97003733882804,894.2326621158018,1489.11545835551
exp_001,SA_n30_inst1_run0,base,31200,31201,1040.03,0.19253208296140656,73.23033696543976,894.2326621158018,1438.2212481968616
exp_001,SA_n30_inst1_run0,base,31400,31401,1046.7,0.19378574995789677,73.23033696543976,894.2326621158018,1556.5345201658247
exp_001,SA_n30_inst1_run0,base,31600,31601,1053.37,0.19509370799642056,73.23033696543976,894.2326621158018,1512.1171161435477
exp_001,SA_n30_inst1_run0,base,31800,31801,1060.03,0.19636070798151195,73.23033696543976,894.2326621158018,1433.9783399601852
exp_001,SA_n30_inst1_run0,base,32000,32001,1066.7,0.19763537496328354,73.23033696543976,894.2326621158018,1401.1965520778233
exp_001,SA_n30_inst1_run0,base,32200,32201,1073.37,0.19887691596522927,72.49803359578536,894.2326621158018,1446.9871209613316
exp_001,SA_n30_inst1_run0,base,32400,32401,1080.03,0.20012604095973074,72.49803359578536,894.2326621158018,1361.32255467189
exp_001,SA_n30_inst1_run0,base,32600,32601,1086.7,0.20151983300456777,72.49803359578536,894.2326621158018,1250.0997247861567
exp_001,SA_n30_inst1_run0,base,32800,32801,1093.37,0.20277624996379018,72.49803359578536,894.2326621158018,1080.4234638939267
exp_001,SA_n30_inst1_run0,base,33000,33001,1100.03,0.20399824995547533,72.49803359578536,894.2326621158018,1372.7144537865836
exp_001,SA_n30_inst1_run0,base,33200,33201,1106.7,0.2052084999741055,71.7730532598275,894.2326621158018,1437.6152585115672
exp_001,SA_n30_inst1_run0,base,33400,33401,1113.37,0.2064103329903446,71.7730532598275,894.2326621158018,1435.2697998836013
exp_001,SA_n30_inst1_run0,base,33600,33601,1120.03,0.20764079096261412,71.7730532598275,894.2326621158018,1260.4872426924555
exp_001,SA_n30_inst1_run0,base,33800,33801,1126.7,0.20899058296345174,71.7730532598275,894.2326621158018,1323.0491146054896
exp_001,SA_n30_inst1_run0,base,34000,34001,1133.37,0.21024783299071714,71.7730532598275,894.2326621158018,1387.5171697480903
exp_001,SA_n30_inst1_run0,base,34200,34201,1140.03,0.21146704099373892,71.05532272722922,894.2326621158018,1448.2351695735083
exp_001,SA_n30_inst1_run0,base,34400,34401,1146.7,0.21269454096909612,71.05532272722922,894.2326621158018,1272.5598006235034
exp_001,SA_n30_inst1_run0,base,34600,34601,1153.37,0.21394779096590355,71.05532272722922,894.2326621158018,1248.835707784945
exp_001,SA_n30_inst1_run0,base,34800,34801,1160.03,0.2151611250010319,71.05532272722922,894.2326621158018,1277.9452267561646
exp_001,SA_n30_inst1_run0,base,35000,35001,1166.7,0.21637358295265585,71.05532272722922,894.2326621158018,1533.6616402240559
exp_001,SA_n30_inst1_run0,base,35200,35201,1173.37,0.21783279097871855,70.34476949995693,894.2326621158018,1317.2805580673712
exp_001,SA_n30_inst1_run0,base,35400,35401,1180.03,0.21910945797571912,70.34476949995693,894.2326621158018,1427.3616290104517
exp_001,SA_n30_inst1_run0,base,35600,35601,1186.7,0.22032899997429922,70.34476949995693,894.2326621158018,1297.6270806881553
exp_001,SA_n30_inst1_run0,base,35800,35801,1193.37,0.22153133299434558,70.34476949995693,894.2326621158018,1371.3973911012965
exp_001,SA_n30_inst1_run0,base,36000,36001,1200.03,0.22273904096800834,70.34476949995693,894.2326621158018,1436.1103744642737
exp_001,SA_n30_inst1_run0,base,36200,36201,1206.7,0.22399687499273568,69.64132180495736,894.2326621158018,1469.7355474719898
exp_001,SA_n30_inst1_run0,base,36400,36401,1213.37,0.22537658299552277,69.64132180495736,894.2326621158018,1473.09018290875
exp_001,SA_n30_inst1_run0,base,36600,36601,1220.03,0.22667454095790163,69.64132180495736,894.2326621158018,1568.10356035544
exp_001,SA_n30_inst1_run0,base,36800,36801,1226.7,0.22790887497831136,69.64132180495736,894.2326621158018,1284.768883617722
exp_001,SA_n30_inst1_run0,base,37000,37001,1233.37,0.22914366598706692,69.64132180495736,894.2326621158018,1292.211170765274
exp_001,SA_n30_inst1_run0,base,37200,37201,1240.03,0.2304472079849802,68.94490858690779,894.2326621158018,1414.078520227605
exp_001,SA_n30_inst1_run0,base,37400,37401,1246.7,0.23173037497326732,68.94490858690779,894.2326621158018,1269.0502301481888
exp_001,SA_n30_inst1_run0,base,37600,37601,1253.37,0.23300470795948058,68.94490858690779,894.2326621158018,1524.0606104112671
exp_001,SA_n30_inst1_run0,base,37800,37801,1260.03,0.23585729097248986,68.94490858690779,894.2326621158018,1406.2990035533135
exp_001,SA_n30_inst1_run0,base,38000,38001,1266.7,0.28213870798936114,68.94490858690779,894.2326621158018,1395.9050214857273
exp_001,SA_n30_inst1_run0,base,38200,38201,1273.37,0.28355741599807516,68.25545950103871,894.2326621158018,1197.7602967168693
exp_001,SA_n30_inst1_run0,base,38400,38401,1280.03,0.28580545797012746,68.25545950103871,894.2326621158018,1288.7870237097584
exp_001,SA_n30_inst1_run0,base,38600,38601,1286.7,0.2875887499540113,68.25545950103871,894.2326621158018,1433.6420243513874
exp_001,SA_n30_inst1_run0,base,38800,38801,1293.37,0.289035291003529,68.25545950103871,894.2326621158018,1514.549144737498
exp_001,SA_n30_inst1_run0,base,39000,39001,1300.03,0.29078195797046646,68.25545950103871,894.2326621158018,1141.358803191468
exp_001,SA_n30_inst1_run0,base,39200,39201,1306.7,0.2926072499831207,67.57290490602833,894.2326621158018,1232.872139842934
exp_001,SA_n30_inst1_run0,base,39400,39401,1313.37,0.2943381249788217,67.57290490602833,894.2326621158018,1421.758161710906
exp_001,SA_n30_inst1_run0,base,39600,39601,1320.03,0.2996470829821192,67.57290490602833,894.2326621158018,1305.673769370942
exp_001,SA_n30_inst1_run0,base,39800,39801,1326.7,0.3024464579648338,67.57290490602833,894.2326621158018,1343.1642725732938
exp_001,SA_n30_inst1_run0,base,40000,40001,1333.37,0.3058455829741433,67.57290490602833,894.2326621158018,1146.8467907534173
exp_001,SA_n30_inst1_run0,base,40200,40201,1340.03,0.3075510829803534,66.89717585696805,894.2326621158018,1324.1272853325718
exp_001,SA_n30_inst1_run0,base,40400,40401,1346.7,0.30889770796056837,66.89717585696805,894.2326621158018,1439.578431460691
exp_001,SA_n30_inst1_run0,base,40600,40601,1353.37,0.31017562496708706,66.89717585696805,894.2326621158018,1332.8704671650023
exp_001,SA_n30_inst1_run0,base,40800,40801,1360.03,0.31140812498051673,66.89717585696805,894.2326621158018,1368.854356634472
exp_001,SA_n30_inst1_run0,base,41000,41001,1366.7,0.31269216595683247,66.89717585696805,894.2326621158018,1458.3905027532276
exp_001,SA_n30_inst1_run0,base,41200,41201,1373.37,0.3141089999699034,66.22820409839836,894.2326621158018,1431.3467927468773
exp_001,SA_n30_inst1_run0,base,41400,41401,1380.03,0.3154275409760885,66.22820409839836,894.2326621158018,1486.9903643574212
exp_001,SA_n30_inst1_run0,base,41600,41601,1386.7,0.3166599999531172,66.22820409839836,894.2326621158018,1385.9073671910924
exp_001,SA_n30_inst1_run0,base,41800,41801,1393.37,0.3181139579974115,66.22820409839836,894.2326621158018,1282.686315004306
exp_001,SA_n30_inst1_run0,base,42000,42001,1400.03,0.31950904097175226,66.22820409839836,894.2326621158018,1706.7171907721981
exp_001,SA_n30_inst1_run0,base,42200,42201,1406.7,0.32076345797395334,65.56592205741438,894.2326621158018,1330.3645291660303
exp_001,SA_n30_inst1_run0,base,42400,42401,1413.37,0.3219874579808675,65.56592205741438,894.2326621158018,1299.6997445196594
exp_001,SA_n30_inst1_run0,base,42600,42601,1420.03,0.32325245800893754,65.56592205741438,894.2326621158018,1352.8200008066883
exp_001,SA_n30_inst1_run0,base,42800,42801,1426.7,0.32458600000245497,65.56592205741438,894.2326621158018,1378.8211926475878
exp_001,SA_n30_inst1_run0,base,43000,43001,1433.37,0.3259147909702733,65.56592205741438,894.2326621158018,1420.2649797665222
exp_001,SA_n30_inst1_run0,base,43200,43201,1440.03,0.32716233300743625,64.91026283684023,894.2326621158018,1536.813105230494
exp_001,SA_n30_inst1_run0,base,43400,43401,1446.7,0.3283692079712637,64.91026283684023,894.2326621158018,1321.7398904330494
exp_001,SA_n30_inst1_run0,base,43600,43601,1453.37,0.32971283298684284,64.91026283684023,894.2326621158018,1357.6229649874736
exp_001,SA_n30_inst1_run0,base,43800,43801,1460.03,0.33096016600029543,64.91026283684023,894.2326621158018,1164.644873958131
exp_001,SA_n30_inst1_run0,base,44000,44001,1466.7,0.33218541595852,64.91026283684023,894.2326621158018,1295.3529861522675
exp_001,SA_n30_inst1_run0,base,44200,44201,1473.37,0.3333752079633996,64.26116020847184,894.2326621158018,1350.5117674704202
exp_001,SA_n30_inst1_run0,base,44400,44401,1480.03,0.3348216249723919,64.26116020847184,894.2326621158018,1260.6441681695944
exp_001,SA_n30_inst1_run0,base,44600,44601,1486.7,0.33610554097685963,64.26116020847184,894.2326621158018,1278.5209690832755
exp_001,SA_n30_inst1_run0,base,44800,44801,1493.37,0.3373321249964647,64.26116020847184,894.2326621158018,1364.7012723615835
exp_001,SA_n30_inst1_run0,base,45000,45001,1500.03,0.3385349159943871,64.26116020847184,894.2326621158018,1237.3127078029315
exp_001,SA_n30_inst1_run0,base,45200,45201,1506.7,0.3397360409726389,63.618548606387115,894.2326621158018,1447.4298086758565
exp_001,SA_n30_inst1_run0,base,45400,45401,1513.37,0.3409459159593098,63.618548606387115,894.2326621158018,1211.0982736281348
exp_001,SA_n30_inst1_run0,base,45600,45601,1520.03,0.3421551249921322,63.618548606387115,894.2326621158018,1297.266838023689
exp_001,SA_n30_inst1_run0,base,45800,45801,1526.7,0.3433591249631718,63.618548606387115,894.2326621158018,1388.9792440760991
exp_001,SA_n30_inst1_run0,base,46000,46001,1533.37,0.3445702079916373,63.618548606387115,894.2326621158018,1363.8352383770916
exp_001,SA_n30_inst1_run0,base,46200,46201,1540.03,0.3459024159819819,62.98236312032324,894.2326621158018,1437.2873918750624
exp_001,SA_n30_inst1_run0,base,46400,46401,1546.7,0.347307332966011,62.98236312032324,894.2326621158018,1591.09714574549
exp_001,SA_n30_inst1_run0,base,46600,46601,1553.37,0.3486913749948144,62.98236312032324,894.2326621158018,1270.786656446838
exp_001,SA_n30_inst1_run0,base,46800,46801,1560.03,0.34997008298523724,62.98236312032324,894.2326621158018,1158.7493441866118
exp_001,SA_n30_inst1_run0,base,47000,47001,1566.7,0.351753416005522,62.98236312032324,894.2326621158018,1375.2518071409397
exp_001,SA_n30_inst1_run0,base,47200,47201,1573.37,0.3530581659870222,62.35253948912001,894.2326621158018,1460.3232000780133
exp_001,SA_n30_inst1_run0,base,47400,47401,1580.03,0.3542731250054203,62.35253948912001,894.2326621158018,1377.8797336634298
exp_001,SA_n30_inst1_run0,base,47600,47601,1586.7,0.35547099995892495,62.35253948912001,894.2326621158018,1271.7660498475714
exp_001,SA_n30_inst1_run0,base,47800,47801,1593.37,0.3566893329843879,62.35253948912001,894.2326621158018,1345.9761382539718
exp_001,SA_n30_inst1_run0,base,48000,48001,1600.03,0.35790829098550603,62.35253948912001,894.2326621158018,1463.355806795042
exp_001,SA_n30_inst1_run0,base,48200,48201,1606.7,0.35918187495553866,61.72901409422881,894.2326621158018,1492.9134965748556
exp_001,SA_n30_inst1_run0,base,48400,48401,1613.37,0.3603991660056636,61.72901409422881,894.2326621158018,1605.0229224648047
exp_001,SA_n30_inst1_run0,base,48600,48601,1620.03,0.3615968749509193,61.72901409422881,894.2326621158018,1365.204135951533
exp_001,SA_n30_inst1_run0,base,48800,48801,1626.7,0.3628324579913169,61.72901409422881,834.5318416149019,1094.027835398752
exp_001,SA_n30_inst1_run0,base,49000,49001,1633.37,0.3643633750034496,61.72901409422881,834.5318416149019,1199.8569198581608
exp_001,SA_n30_inst1_run0,base,49200,49201,1640.03,0.36564566596644,61.11172395328652,834.5318416149019,1414.7876382022434
exp_001,SA_n30_inst1_run0,base,49400,49401,1646.7,0.3668597500072792,61.11172395328652,834.5318416149019,1180.0653811546247
exp_001,SA_n30_inst1_run0,base,49600,49601,1653.37,0.36826341599226,61.11172395328652,834.5318416149019,1279.8612744443533
exp_001,SA_n30_inst1_run0,base,49800,49801,1660.03,0.3695873329997994,61.11172395328652,834.5318416149019,1462.588518691929
exp_001,SA_n30_inst1_run0,base,50000,50001,1666.7,0.3708522079978138,61.11172395328652,834.5318416149019,1189.0994285721852
exp_001,SA_n30_inst1_run0,base,50000,50001,1666.7,0.3710291250026785,0.00099,834.5318416149019,1189.0994285721852
exp_001,SA_n30_inst1_run1,base,0,1,0.03,1.4999532140791416e-06,100.0,1558.0339841960226,1558.0339841960226
exp_001,SA_n30_inst1_run1,base,200,201,6.7,0.0012479579891078174,100.0,1241.5463453341458,1496.8326761036642
exp_001,SA_n30_inst1_run1,base,400,401,13.37,0.002493332955054939,100.0,1241.5463453341458,1372.124318363883
exp_001,SA_n30_inst1_run1,base,600,601,20.03,0.003755416953936219,100.0,1165.477619602782,1228.0468626686124
exp_001,SA_n30_inst1_run1,base,800,801,26.7,0.0050047499826177955,100.0,1161.6469594941032,1457.9959323727167
exp_001,SA_n30_inst1_run1,base,1000,1001,33.37,0.00627229199744761,100.0,1130.4023478226648,1266.8025763644482
exp_001,SA_n30_inst1_run1,base,1200,1201,40.03,0.007507541973609477,99.0,1054.1033371721026,1302.1693055175983
exp_001,SA_n30_inst1_run1,base,1400,1401,46.7,0.008832457999233156,99.0,1054.1033371721026,1407.8676723770752
exp_001,SA_n30_inst1_run1,base,1600,1601,53.37,0.010147624998353422,99.0,1054.1033371721026,1330.6813174614651
exp_001,SA_n30_inst1_run1,base,1800,1801,60.03,0.01140170800499618,99.0,1054.1033371721026,1456.4911234162012
exp_001,SA_n30_inst1_run1,base,2000,2001,66.7,0.012885332980658859,99.0,1054.1033371721026,1343.7554505206558
exp_001,SA_n30_inst1_run1,base,2200,2201,73.37,0.014264583005569875,98.01,1054.1033371721026,1630.6422132289642
exp_001,SA_n30_inst1_run1,base,2400,2401,80.03,0.01566945796366781,98.01,1054.1033371721026,1206.7447806156836
exp_001,SA_n30_inst1_run1,base,2600,2601,86.7,0.016977291961666197,98.01,1054.1033371721026,1300.4861574287095
exp_001,SA_n30_inst1_run1,base,2800,2801,93.37,0.018224583007395267,98.01,1054.1033371721026,1410.340241604847
exp_001,SA_n30_inst1_run1,base,3000,3001,100.03,0.01945954200346023,98.01,1054.1033371721026,1437.1408801483574
exp_001,SA_n30_inst1_run1,base,3200,3201,106.7,0.02074254199396819,97.0299,1054.1033371721026,1531.9648146974555
exp_001,SA_n30_inst1_run1,base,3400,3401,113.37,0.022060666990000755,97.0299,1054.1033371721026,1426.7665440969295
exp_001,SA_n30_inst1_run1,base,3600,3601,120.03,0.02329729200573638,97.0299,1054.1033371721026,1593.4155721251025
exp_001,SA_n30_inst1_run1,base,3800,3801,126.7,0.024623250006698072,97.0299,1054.1033371721026,1294.6016114245144
exp_001,SA_n30_inst1_run1,base,4000,4001,133.37,0.026050874963402748,97.0299,1054.1033371721026,1440.1132059234194
exp_001,SA_n30_inst1_run1,base,4200,4201,140.03,0.027348499977961183,96.059601,1054.1033371721026,1242.734207895506
exp_001,SA_n30_inst1_run1,base,4400,4401,146.7,0.028972500003874302,96.059601,1054.1033371721026,1552.73482467057
exp_001,SA_n30_inst1_run1,base,4600,4601,153.37,0.030448374978732318,96.059601,1054.1033371721026,1332.5837427962304
exp_001,SA_n30_inst1_run1,base,4800,4801,160.03,0.03181383298942819,96.059601,1054.1033371721026,1419.2286733884396
exp_001,SA_n30_inst1_run1,base,5000,5001,166.7,0.03328991698799655,96.059601,1054.1033371721026,1369.8197256557773
exp_001,SA_n30_inst1_run1,base,5200,5201,173.37,0.0346325829741545,95.09900499,944.987232036162,1376.5763486911583
exp_001,SA_n30_inst1_run1,base,5400,5401,180.03,0.03592029196443036,95.09900499,944.987232036162,1485.725415005461
exp_001,SA_n30_inst1_run1,base,5600,5601,186.7,0.037222207989543676,95.09900499,944.987232036162,1582.884705828083
exp_001,SA_n30_inst1_run1,base,5800,5801,193.37,0.0384694579988718,95.09900499,944.987232036162,1518.2087094145936
exp_001,SA_n30_inst1_run1,base,6000,6001,200.03,0.03969624999444932,95.09900499,944.987232036162,1473.955585797272
exp_001,SA_n30_inst1_run1,base,6200,6201,206.7,0.04098954197252169,94.1480149401,944.987232036162,1603.4280352041526
exp_001,SA_n30_inst1_run1,base,6400,6401,213.37,0.042399332975037396,94.1480149401,944.987232036162,1358.61249138637
exp_001,SA_n30_inst1_run1,base,6600,6601,220.03,0.043668957951013,94.1480149401,944.987232036162,1590.250639976607
exp_001,SA_n30_inst1_run1,base,6800,6801,226.7,0.044906541996169835,94.1480149401,944.987232036162,1470.914088573059
exp_001,SA_n30_inst1_run1,base,7000,7001,233.37,0.046396707999520004,94.1480149401,944.987232036162,1549.904281907872
exp_001,SA_n30_inst1_run1,base,7200,7201,240.03,0.0478334579966031,93.206534790699,944.987232036162,1525.5186230295349
exp_001,SA_n30_inst1_run1,base,7400,7401,246.7,0.04920320800738409,93.206534790699,944.987232036162,1494.2240542513537
exp_001,SA_n30_inst1_run1,base,7600,7601,253.37,0.05048099998384714,93.206534790699,944.987232036162,1469.1612635974966
exp_001,SA_n30_inst1_run1,base,7800,7801,260.03,0.05170945799909532,93.206534790699,944.987232036162,1516.8464344474432
exp_001,SA_n30_inst1_run1,base,8000,8001,266.7,0.052944624971132725,93.206534790699,944.987232036162,1318.4228318288729
exp_001,SA_n30_inst1_run1,base,8200,8201,273.37,0.05415766697842628,92.27446944279201,944.987232036162,1475.49821105189
exp_001,SA_n30_inst1_run1,base,8400,8401,280.03,0.05535895796492696,92.27446944279201,944.987232036162,1251.0360748412795
exp_001,SA_n30_inst1_run1,base,8600,8601,286.7,0.056594207999296486,92.27446944279201,944.987232036162,1398.0772393835132
exp_001,SA_n30_inst1_run1,base,8800,8801,293.37,0.05786850000731647,92.27446944279201,944.987232036162,1169.4074383345471
exp_001,SA_n30_inst1_run1,base,9000,9001,300.03,0.05923366697970778,92.27446944279201,944.987232036162,1479.7289467053818
exp_001,SA_n30_inst1_run1,base,9200,9201,306.7,0.0604954999871552,91.35172474836409,944.987232036162,1482.4799545525418
exp_001,SA_n30_inst1_run1,base,9400,9401,313.37,0.06174899998586625,91.35172474836409,944.987232036162,1439.3780185407998
exp_001,SA_n30_inst1_run1,base,9600,9601,320.03,0.06298462499398738,91.35172474836409,944.987232036162,1274.6198309371891
exp_001,SA_n30_inst1_run1,base,9800,9801,326.7,0.06423533300403506,91.35172474836409,944.987232036162,1322.186745224776
exp_001,SA_n30_inst1_run1,base,10000,10001,333.37,0.0654866669792682,91.35172474836409,944.987232036162,1432.1838695290005
exp_001,SA_n30_inst1_run1,base,10200,10201,340.03,0.06669237499590963,90.43820750088045,944.987232036162,1452.782792998605
exp_001,SA_n30_inst1_run1,base,10400,10401,346.7,0.06790433300193399,90.43820750088045,944.987232036162,1193.8485122364514
exp_001,SA_n30_inst1_run1,base,10600,10601,353.37,0.06914308300474659,90.43820750088045,944.987232036162,1612.3578068328645
exp_001,SA_n30_inst1_run1,base,10800,10801,360.03,0.07045141700655222,90.43820750088045,944.987232036162,1308.0988855404782
exp_001,SA_n30_inst1_run1,base,11000,11001,366.7,0.07168758299667388,90.43820750088045,944.987232036162,1224.2858907418831
exp_001,SA_n30_inst1_run1,base,11200,11201,373.37,0.07291220797924325,89.53382542587164,944.987232036162,1430.2168534627397
exp_001,SA_n30_inst1_run1,base,11400,11401,380.03,0.07413729198742658,89.53382542587164,944.987232036162,1364.7312272320564
exp_001,SA_n30_inst1_run1,base,11600,11601,386.7,0.07535745797213167,89.53382542587164,944.987232036162,1231.2246106067232
exp_001,SA_n30_inst1_run1,base,11800,11801,393.37,0.07656033296370879,89.53382542587164,944.987232036162,1297.9325456172646
exp_001,SA_n30_inst1_run1,base,12000,12001,400.03,0.07777120795799419,89.53382542587164,944.987232036162,1299.0467237161645
exp_001,SA_n30_inst1_run1,base,12200,12201,406.7,0.07899216696387157,88.63848717161292,944.987232036162,1377.8643415243812
exp_001,SA_n30_inst1_run1,base,12400,12401,413.37,0.0801902079838328,88.63848717161292,944.987232036162,1296.5495438248756
exp_001,SA_n30_inst1_run1,base,12600,12601,420.03,0.08140099997399375,88.63848717161292,944.987232036162,1349.1154671797367
exp_001,SA_n30_inst1_run1,base,12800,12801,426.7,0.08266249997541308,88.63848717161292,944.987232036162,1413.7732674168778
exp_001,SA_n30_inst1_run1,base,13000,13001,433.37,0.08392854197882116,88.63848717161292,944.987232036162,1468.242835839028
exp_001,SA_n30_inst1_run1,base,13200,13201,440.03,0.08515712496591732,87.75210229989679,944.987232036162,1398.4727136103422
exp_001,SA_n30_inst1_run1,base,13400,13401,446.7,0.08637470798566937,87.75210229989679,944.987232036162,1442.1935773621203
exp_001,SA_n30_inst1_run1,base,13600,13601,453.37,0.08757304196478799,87.75210229989679,944.987232036162,1138.5038161748255
exp_001,SA_n30_inst1_run1,base,13800,13801,460.03,0.0887658330029808,87.75210229989679,944.987232036162,1213.8534322379555
exp_001,SA_n30_inst1_run1,base,14000,14001,466.7,0.08996199996909127,87.75210229989679,944.987232036162,1185.295837545472
exp_001,SA_n30_inst1_run1,base,14200,14201,473.37,0.09121312497882172,86.87458127689783,944.987232036162,1369.969420219612
exp_001,SA_n30_inst1_run1,base,14400,14401,480.03,0.09250929194968194,86.87458127689783,944.987232036162,1530.5208825502007
exp_001,SA_n30_inst1_run1,base,14600,14601,486.7,0.09374383295653388,86.87458127689783,944.987232036162,1257.267004777183
exp_001,SA_n30_inst1_run1,base,14800,14801,493.37,0.09497529198415577,86.87458127689783,944.987232036162,1377.0470357654322
exp_001,SA_n30_inst1_run1,base,15000,15001,500.03,0.09621508297277614,86.87458127689783,944.987232036162,1489.0395838829747
exp_001,SA_n30_inst1_run1,base,15200,15201,506.7,0.0974325419520028,86.00583546412885,944.987232036162,1330.4849444927027
exp_001,SA_n30_inst1_run1,base,15400,15401,513.37,0.09864841698436067,86.00583546412885,944.987232036162,1491.9947878622338
exp_001,SA_n30_inst1_run1,base,15600,15601,520.03,0.09984895796515048,86.00583546412885,944.987232036162,1337.5554740787227
exp_001,SA_n30_inst1_run1,base,15800,15801,526.7,0.10104662500089034,86.00583546412885,944.987232036162,1535.703186510698
exp_001,SA_n30_inst1_run1,base,16000,16001,533.37,0.10223737498745322,86.00583546412885,944.987232036162,1467.0761089337905
exp_001,SA_n30_inst1_run1,base,16200,16201,540.03,0.10345883300760761,85.14577710948755,944.987232036162,1325.7977400729408
exp_001,SA_n30_inst1_run1,base,16400,16401,546.7,0.10469645797275007,85.14577710948755,944.987232036162,1625.4477712362905
exp_001,SA_n30_inst1_run1,base,16600,16601,553.37,0.10594366700388491,85.14577710948755,944.987232036162,1245.2589334131917
exp_001,SA_n30_inst1_run1,base,16800,16801,560.03,0.10718541697133332,85.14577710948755,944.987232036162,1501.8238341109347
exp_001,SA_n30_inst1_run1,base,17000,17001,566.7,0.10842366697033867,85.14577710948755,944.987232036162,1549.3118307098862
exp_001,SA_n30_inst1_run1,base,17200,17201,573.37,0.10964754200540483,84.29431933839268,944.987232036162,1243.4326168335433
exp_001,SA_n30_inst1_run1,base,17400,17401,580.03,0.11087624996434897,84.29431933839268,944.987232036162,1148.771318975925
exp_001,SA_n30_inst1_run1,base,17600,17601,586.7,0.11207720800302923,84.29431933839268,944.987232036162,1358.1790737804833
exp_001,SA_n30_inst1_run1,base,17800,17801,593.37,0.11330058297608048,84.29431933839268,944.987232036162,1514.163334779186
exp_001,SA_n30_inst1_run1,base,18000,18001,600.03,0.11450433300342411,84.29431933839268,944.987232036162,1555.6733177592366
exp_001,SA_n30_inst1_run1,base,18200,18201,606.7,0.11573699995642528,83.45137614500875,944.987232036162,1423.4012687378774
exp_001,SA_n30_inst1_run1,base,18400,18401,613.37,0.11695666698506102,83.45137614500875,944.987232036162,1435.226577452206
exp_001,SA_n30_inst1_run1,base,18600,18601,620.03,0.11815437499899417,83.45137614500875,944.987232036162,1624.4366421166028
exp_001,SA_n30_inst1_run1,base,18800,18801,626.7,0.11937724996823817,83.45137614500875,944.987232036162,1494.0216691508344
exp_001,SA_n30_inst1_run1,base,19000,19001,633.37,0.1206563749583438,83.45137614500875,944.987232036162,1424.5640208504642
exp_001,SA_n30_inst1_run1,base,19200,19201,640.03,0.12196870800107718,82.61686238355867,944.987232036162,1310.261001850063
exp_001,SA_n30_inst1_run1,base,19400,19401,646.7,0.12322270800359547,82.61686238355867,944.987232036162,1503.6564624559162
exp_001,SA_n30_inst1_run1,base,19600,19601,653.37,0.12447408295702189,82.61686238355867,944.987232036162,1546.5984588079482
exp_001,SA_n30_inst1_run1,base,19800,19801,660.03,0.12568370799999684,82.61686238355867,944.987232036162,1616.844759799722
exp_001,SA_n30_inst1_run1,base,20000,20001,666.7,0.12690070795360953,82.61686238355867,944.987232036162,1287.30216228202
exp_001,SA_n30_inst1_run1,base,20200,20201,673.37,0.12812174996361136,81.79069375972308,944.987232036162,1403.0876152737685
exp_001,SA_n30_inst1_run1,base,20400,20401,680.03,0.12933470797725022,81.79069375972308,944.987232036162,1571.055390708482
exp_001,SA_n30_inst1_run1,base,20600,20601,686.7,0.13054520799778402,81.79069375972308,944.987232036162,1544.4612003578059
exp_001,SA_n30_inst1_run1,base,20800,20801,693.37,0.13176116696558893,81.79069375972308,944.987232036162,1331.1735467318556
exp_001,SA_n30_inst1_run1,base,21000,21001,700.03,0.132958541973494,81.79069375972308,944.987232036162,1292.8646493118056
exp_001,SA_n30_inst1_run1,base,21200,21201,706.7,0.13415966695174575,80.97278682212585,944.987232036162,1338.759020415001
exp_001,SA_n30_inst1_run1,base,21400,21401,713.37,0.13534629199421033,80.97278682212585,944.987232036162,1143.8423141179867
exp_001,SA_n30_inst1_run1,base,21600,21601,720.03,0.13654849998420104,80.97278682212585,944.987232036162,1269.9908423085997
exp_001,SA_n30_inst1_run1,base,21800,21801,726.7,0.13776691700331867,80.97278682212585,944.987232036162,1337.1573317031625
exp_001,SA_n30_inst1_run1,base,22000,22001,733.37,0.1389883749652654,80.97278682212585,944.987232036162,1522.5756462080458
exp_001,SA_n30_inst1_run1,base,22200,22201,740.03,0.1401962919626385,80.1630589539046,944.987232036162,1437.805054126746
exp_001,SA_n30_inst1_run1,base,22400,22401,746.7,0.1414077079971321,80.1630589539046,944.987232036162,1354.2777233071301
exp_001,SA_n30_inst1_run1,base,22600,22601,753.37,0.14260691695380956,80.1630589539046,944.987232036162,1252.7134316788156
exp_001,SA_n30_inst1_run1,base,22800,22801,760.03,0.1438102499814704,80.1630589539046,944.987232036162,1183.6688322450937
exp_001,SA_n30_inst1_run1,base,23000,23001,766.7,0.1450237079989165,80.1630589539046,944.987232036162,1336.6675946801035
exp_001,SA_n30_inst1_run1,base,23200,23201,773.37,0.14622491697082296,79.36142836436555,944.987232036162,1468.4622324803622
exp_001,SA_n30_inst1_run1,base,23400,23401,780.03,0.147424416965805,79.36142836436555,944.987232036162,1443.1501258514238
exp_001,SA_n30_inst1_run1,base,23600,23601,786.7,0.14862145797815174,79.36142836436555,944.987232036162,1301.212236632248
exp_001,SA_n30_inst1_run1,base,23800,23801,793.37,0.14981341699603945,79.36142836436555,944.987232036162,1494.3039263323842
exp_001,SA_n30_inst1_run1,base,24000,24001,800.03,0.15100349998101592,79.36142836436555,944.987232036162,1327.6515098034613
exp_001,SA_n30_inst1_run1,base,24200,24201,806.7,0.15220174996647984,78.56781408072189,944.987232036162,1457.173078948494
exp_001,SA_n30_inst1_run1,base,24400,24401,813.37,0.1534044579602778,78.56781408072189,944.987232036162,1172.0196834421242
exp_001,SA_n30_inst1_run1,base,24600,24601,820.03,0.15464366698870435,78.56781408072189,944.987232036162,1382.4599769321599
exp_001,SA_n30_inst1_run1,base,24800,24801,826.7,0.1558471669559367,78.56781408072189,944.987232036162,1360.5004135038005
exp_001,SA_n30_inst1_run1,base,25000,25001,833.37,0.15706208295887336,78.56781408072189,944.987232036162,1329.4604818700554
exp_001,SA_n30_inst1_run1,base,25200,25201,840.03,0.15825941698858514,77.78213593991467,944.987232036162,1326.6815023451666
exp_001,SA_n30_inst1_run1,base,25400,25401,846.7,0.15947620797669515,77.78213593991467,944.987232036162,1397.3860184676646
exp_001,SA_n30_inst1_run1,base,25600,25601,853.37,0.160698291962035,77.78213593991467,944.987232036162,1381.7455138694859
exp_001,SA_n30_inst1_run1,base,25800,25801,860.03,0.16190033295424655,77.78213593991467,944.987232036162,1397.3023597731815
exp_001,SA_n30_inst1_run1,base,26000,26001,866.7,0.16310758295003325,77.78213593991467,944.987232036162,1201.305328208661
exp_001,SA_n30_inst1_run1,base,26200,26201,873.37,0.1643261249992065,77.00431458051553,944.987232036162,1251.580885308421
exp_001,SA_n30_inst1_run1,base,26400,26401,880.03,0.1655439999885857,77.00431458051553,944.987232036162,1285.3106012665733
exp_001,SA_n30_inst1_run1,base,26600,26601,886.7,0.16674079198855907,77.00431458051553,944.987232036162,1756.3892861963375
exp_001,SA_n30_inst1_run1,base,26800,26801,893.37,0.16793245798908174,77.00431458051553,944.987232036162,1531.8121375045525
exp_001,SA_n30_inst1_run1,base,27000,27001,900.03,0.16912987496471033,77.00431458051553,944.987232036162,1246.7986078928102
exp_001,SA_n30_inst1_run1,base,27200,27201,906.7,0.1703274580067955,76.23427143471037,944.987232036162,1272.6107347588234
exp_001,SA_n30_inst1_run1,base,27400,27401,913.37,0.1715762919629924,76.23427143471037,944.987232036162,1266.5367135927304
exp_001,SA_n30_inst1_run1,base,27600,27601,920.03,0.17278525000438094,76.23427143471037,944.987232036162,1489.678234259447
exp_001,SA_n30_inst1_run1,base,27800,27801,926.7,0.17398908297764137,76.23427143471037,944.987232036162,1163.1893196322076
exp_001,SA_n30_inst1_run1,base,28000,28001,933.37,0.17517937498632818,76.23427143471037,944.987232036162,1334.72260469114
exp_001,SA_n30_inst1_run1,base,28200,28201,940.03,0.17637408297741786,75.47192872036327,944.987232036162,1351.7640148454589
exp_001,SA_n30_inst1_run1,base,28400,28401,946.7,0.1775742499739863,75.47192872036327,944.987232036162,1390.0832348453653
exp_001,SA_n30_inst1_run1,base,28600,28601,953.37,0.17877958295866847,75.47192872036327,944.987232036162,1402.9034791294696
exp_001,SA_n30_inst1_run1,base,28800,28801,960.03,0.17998912499751896,75.47192872036327,944.987232036162,1315.5849557892911
exp_001,SA_n30_inst1_run1,base,29000,29001,966.7,0.18120116699719802,75.47192872036327,944.987232036162,1379.5785525293923
exp_001,SA_n30_inst1_run1,base,29200,29201,973.37,0.18239137495402247,74.71720943315964,944.987232036162,1251.574852751512
exp_001,SA_n30_inst1_run1,base,29400,29401,980.03,0.18360258295433596,74.71720943315964,944.987232036162,1547.4894605133732
exp_001,SA_n30_inst1_run1,base,29600,29601,986.7,0.18480416695820168,74.71720943315964,944.987232036162,1382.8697741569433
exp_001,SA_n30_inst1_run1,base,29800,29801,993.37,0.1859999579610303,74.71720943315964,944.987232036162,1314.6395525374814
exp_001,SA_n30_inst1_run1,base,30000,30001,1000.03,0.18721800000639632,74.71720943315964,944.987232036162,1377.5770763596618
exp_001,SA_n30_inst1_run1,base,30200,30201,1006.7,0.18852475000312552,73.97003733882804,944.987232036162,1620.9227155307785
exp_001,SA_n30_inst1_run1,base,30400,30401,1013.37,0.1897479579783976,73.97003733882804,944.987232036162,1147.730187283561
exp_001,SA_n30_inst1_run1,base,30600,30601,1020.03,0.19097320799482986,73.97003733882804,944.987232036162,1513.7400798072981
exp_001,SA_n30_inst1_run1,base,30800,30801,1026.7,0.19218529196223244,73.97003733882804,944.987232036162,1290.2346184719165
exp_001,SA_n30_inst1_run1,base,31000,31001,1033.37,0.1933905829791911,73.97003733882804,944.987232036162,1511.2718594521546
exp_001,SA_n30_inst1_run1,base,31200,31201,1040.03,0.19461812498047948,73.23033696543976,944.987232036162,1224.4545909509643
exp_001,SA_n30_inst1_run1,base,31400,31401,1046.7,0.19583870796486735,73.23033696543976,944.987232036162,1242.4658324063448
exp_001,SA_n30_inst1_run1,base,31600,31601,1053.37,0.19704050000291318,73.23033696543976,944.987232036162,1270.8415396858697
exp_001,SA_n30_inst1_run1,base,31800,31801,1060.03,0.19826045795343816,73.23033696543976,944.987232036162,1322.25405186464
exp_001,SA_n30_inst1_run1,base,32000,32001,1066.7,0.19945999997435138,73.23033696543976,944.987232036162,1347.8068215397145
exp_001,SA_n30_inst1_run1,base,32200,32201,1073.37,0.20066054200287908,72.49803359578536,944.987232036162,1416.6855190993797
exp_001,SA_n30_inst1_run1,base,32400,32401,1080.03,0.2018563330057077,72.49803359578536,944.987232036162,1274.0987435816044
exp_001,SA_n30_inst1_run1,base,32600,32601,1086.7,0.2030547079630196,72.49803359578536,944.987232036162,1492.2029064469937
exp_001,SA_n30_inst1_run1,base,32800,32801,1093.37,0.20424420799827203,72.49803359578536,944.987232036162,1248.1008533136921
exp_001,SA_n30_inst1_run1,base,33000,33001,1100.03,0.20544574997620657,72.49803359578536,944.987232036162,1400.8140362879305
exp_001,SA_n30_inst1_run1,base,33200,33201,1106.7,0.20666137500666082,71.7730532598275,944.987232036162,1195.7850965312596
exp_001,SA_n30_inst1_run1,base,33400,33401,1113.37,0.20789683295879513,71.7730532598275,944.987232036162,1371.0477238501144
exp_001,SA_n30_inst1_run1,base,33600,33601,1120.03,0.20913774997461587,71.7730532598275,944.987232036162,1187.864710400641
exp_001,SA_n30_inst1_run1,base,33800,33801,1126.7,0.2103531250031665,71.7730532598275,944.987232036162,1312.1175740814003
exp_001,SA_n30_inst1_run1,base,34000,34001,1133.37,0.21158470795489848,71.7730532598275,944.987232036162,1511.8543159072642
exp_001,SA_n30_inst1_run1,base,34200,34201,1140.03,0.21280433295760304,71.05532272722922,944.987232036162,1253.511140774982
exp_001,SA_n30_inst1_run1,base,34400,34401,1146.7,0.21400358295068145,71.05532272722922,944.987232036162,1300.5856144465738
exp_001,SA_n30_inst1_run1,base,34600,34601,1153.37,0.21520274999784306,71.05532272722922,944.987232036162,1282.2182004367744
exp_001,SA_n30_inst1_run1,base,34800,34801,1160.03,0.2163902079919353,71.05532272722922,944.987232036162,1528.4001815971028
exp_001,SA_n30_inst1_run1,base,35000,35001,1166.7,0.21758741699159145,71.05532272722922,944.987232036162,1328.8755095965566
exp_001,SA_n30_inst1_run1,base,35200,35201,1173.37,0.218785792007111,70.34476949995693,944.987232036162,1444.8438659060796
exp_001,SA_n30_inst1_run1,base,35400,35401,1180.03,0.2199646249646321,70.34476949995693,944.987232036162,1287.6855916821119
exp_001,SA_n30_inst1_run1,base,35600,35601,1186.7,0.22115441696951166,70.34476949995693,944.987232036162,1296.9676099969906
exp_001,SA_n30_inst1_run1,base,35800,35801,1193.37,0.22234699997352436,70.34476949995693,944.987232036162,1102.7789441230611
exp_001,SA_n30_inst1_run1,base,36000,36001,1200.03,0.2235543749993667,70.34476949995693,944.987232036162,1509.1547183001894
exp_001,SA_n30_inst1_run1,base,36200,36201,1206.7,0.224758957978338,69.64132180495736,944.987232036162,1225.785596847045
exp_001,SA_n30_inst1_run1,base,36400,36401,1213.37,0.22596216696547344,69.64132180495736,944.987232036162,1329.934005650941
exp_001,SA_n30_inst1_run1,base,36600,36601,1220.03,0.22714954195544124,69.64132180495736,944.987232036162,1513.332958431544
exp_001,SA_n30_inst1_run1,base,36800,36801,1226.7,0.22836291696876287,69.64132180495736,944.987232036162,1351.9493241684186
exp_001,SA_n30_inst1_run1,base,37000,37001,1233.37,0.22955887496937066,69.64132180495736,944.987232036162,1238.6460891719987
exp_001,SA_n30_inst1_run1,base,37200,37201,1240.03,0.23075258295284584,68.94490858690779,944.987232036162,1318.9158795755177
exp_001,SA_n30_inst1_run1,base,37400,37401,1246.7,0.23195741698145866,68.94490858690779,944.987232036162,1045.6895723121584
exp_001,SA_n30_inst1_run1,base,37600,37601,1253.37,0.23314808297436684,68.94490858690779,944.987232036162,1439.1296226250652
exp_001,SA_n30_inst1_run1,base,37800,37801,1260.03,0.23434816696681082,68.94490858690779,944.987232036162,1141.2296107250475
exp_001,SA_n30_inst1_run1,base,38000,38001,1266.7,0.23552824999205768,68.94490858690779,944.987232036162,1191.3457358445796
exp_001,SA_n30_inst1_run1,base,38200,38201,1273.37,0.23670837498502806,68.25545950103871,944.987232036162,1139.2961327604276
exp_001,SA_n30_inst1_run1,base,38400,38401,1280.03,0.2378986249677837,68.25545950103871,944.987232036162,1537.378034886549
exp_001,SA_n30_inst1_run1,base,38600,38601,1286.7,0.23910591698950157,68.25545950103871,944.987232036162,1362.8826359294208
exp_001,SA_n30_inst1_run1,base,38800,38801,1293.37,0.240298124961555,68.25545950103871,944.987232036162,1119.0299164687983
exp_001,SA_n30_inst1_run1,base,39000,39001,1300.03,0.2415047079557553,68.25545950103871,944.987232036162,1185.4249300042277
exp_001,SA_n30_inst1_run1,base,39200,39201,1306.7,0.24270716699538752,67.57290490602833,944.987232036162,1159.0182600674216
exp_001,SA_n30_inst1_run1,base,39400,39401,1313.37,0.24391470797127113,67.57290490602833,944.987232036162,1399.9303897323796
exp_001,SA_n30_inst1_run1,base,39600,39601,1320.03,0.24509708298137411,67.57290490602833,944.987232036162,1429.5099231197457
exp_001,SA_n30_inst1_run1,base,39800,39801,1326.7,0.24628858297364786,67.57290490602833,944.987232036162,1310.1333391853125
exp_001,SA_n30_inst1_run1,base,40000,40001,1333.37,0.2475075830006972,67.57290490602833,944.987232036162,1654.4634251967086
exp_001,SA_n30_inst1_run1,base,40200,40201,1340.03,0.24872324999887496,66.89717585696805,944.987232036162,1124.6827158523033
exp_001,SA_n30_inst1_run1,base,40400,40401,1346.7,0.24990437499945983,66.89717585696805,944.987232036162,1350.0179521793652
exp_001,SA_n30_inst1_run1,base,40600,40601,1353.37,0.2510805829660967,66.89717585696805,944.987232036162,1283.519236497256
exp_001,SA_n30_inst1_run1,base,40800,40801,1360.03,0.25225616700481623,66.89717585696805,944.987232036162,1348.1100859370379
exp_001,SA_n30_inst1_run1,base,41000,41001,1366.7,0.2534430419909768,66.89717585696805,944.987232036162,1410.0073107312578
exp_001,SA_n30_inst1_run1,base,41200,41201,1373.37,0.2546233749599196,66.22820409839836,944.987232036162,1385.2262706918154
exp_001,SA_n30_inst1_run1,base,41400,41401,1380.03,0.2558197499602102,66.22820409839836,944.987232036162,1349.6744627955413
exp_001,SA_n30_inst1_run1,base,41600,41601,1386.7,0.2569960419787094,66.22820409839836,944.987232036162,1239.3511728748422
exp_001,SA_n30_inst1_run1,base,41800,41801,1393.37,0.25818408298073336,66.22820409839836,944.987232036162,1415.3028869431514
exp_001,SA_n30_inst1_run1,base,42000,42001,1400.03,0.25937608297681436,66.22820409839836,944.987232036162,1191.292442064961
exp_001,SA_n30_inst1_run1,base,42200,42201,1406.7,0.2605736669502221,65.56592205741438,944.987232036162,1318.9991589073284
exp_001,SA_n30_inst1_run1,base,42400,42401,1413.37,0.26176033297087997,65.56592205741438,944.987232036162,1212.4904228199703
exp_001,SA_n30_inst1_run1,base,42600,42601,1420.03,0.26294816698646173,65.56592205741438,944.987232036162,1311.502546890806
exp_001,SA_n30_inst1_run1,base,42800,42801,1426.7,0.26415683300001547,65.56592205741438,944.987232036162,1272.257791621385
exp_001,SA_n30_inst1_run1,base,43000,43001,1433.37,0.26545541698578745,65.56592205741438,944.987232036162,1267.2361390259455
exp_001,SA_n30_inst1_run1,base,43200,43201,1440.03,0.26674266695044935,64.91026283684023,944.987232036162,1445.3390337083035
exp_001,SA_n30_inst1_run1,base,43400,43401,1446.7,0.267962499987334,64.91026283684023,944.987232036162,1629.743724289263
exp_001,SA_n30_inst1_run1,base,43600,43601,1453.37,0.26915937499143183,64.91026283684023,944.987232036162,1384.5991600380175
exp_001,SA_n30_inst1_run1,base,43800,43801,1460.03,0.2703539169742726,64.91026283684023,944.987232036162,1186.0578656407824
exp_001,SA_n30_inst1_run1,base,44000,44001,1466.7,0.27156558295246214,64.91026283684023,944.987232036162,1250.6953535857933
exp_001,SA_n30_inst1_run1,base,44200,44201,1473.37,0.2727860829909332,64.26116020847184,944.987232036162,1351.6898513286164
exp_001,SA_n30_inst1_run1,base,44400,44401,1480.03,0.2740126249846071,64.26116020847184,944.987232036162,1114.04850012948
exp_001,SA_n30_inst1_run1,base,44600,44601,1486.7,0.27523995796218514,64.26116020847184,944.987232036162,1460.0605601657383
exp_001,SA_n30_inst1_run1,base,44800,44801,1493.37,0.27649762498913333,64.26116020847184,944.987232036162,1386.550527509228
exp_001,SA_n30_inst1_run1,base,45000,45001,1500.03,0.2776988749974407,64.26116020847184,944.987232036162,1428.59517043754
exp_001,SA_n30_inst1_run1,base,45200,45201,1506.7,0.2789313329849392,63.618548606387115,944.987232036162,1293.3693190855247
exp_001,SA_n30_inst1_run1,base,45400,45401,1513.37,0.2801124999532476,63.618548606387115,944.987232036162,1332.8678956236395
exp_001,SA_n30_inst1_run1,base,45600,45601,1520.03,0.2813033749698661,63.618548606387115,944.987232036162,1136.5522067003521
exp_001,SA_n30_inst1_run1,base,45800,45801,1526.7,0.2825102499919012,63.618548606387115,944.987232036162,1232.41722103659
exp_001,SA_n30_inst1_run1,base,46000,46001,1533.37,0.28372537496034056,63.618548606387115,944.987232036162,1279.0384059960875
exp_001,SA_n30_inst1_run1,base,46200,46201,1540.03,0.28492258297046646,62.98236312032324,944.987232036162,1288.9009198991093
exp_001,SA_n30_inst1_run1,base,46400,46401,1546.7,0.2861200829502195,62.98236312032324,944.987232036162,1364.1444294725356
exp_001,SA_n30_inst1_run1,base,46600,46601,1553.37,0.28732158296043053,62.98236312032324,944.987232036162,1284.4431947627922
exp_001,SA_n30_inst1_run1,base,46800,46801,1560.03,0.2885484579601325,62.98236312032324,944.987232036162,1589.674601744529
exp_001,SA_n30_inst1_run1,base,47000,47001,1566.7,0.28975483297836035,62.98236312032324,944.987232036162,1382.7591672825995
exp_001,SA_n30_inst1_run1,base,47200,47201,1573.37,0.2909699169686064,62.35253948912001,944.987232036162,1215.4868347673496
exp_001,SA_n30_inst1_run1,base,47400,47401,1580.03,0.29217899998184294,62.35253948912001,944.987232036162,1206.863010480188
exp_001,SA_n30_inst1_run1,base,47600,47601,1586.7,0.29338708298746496,62.35253948912001,944.987232036162,1159.2636875959693
exp_001,SA_n30_inst1_run1,base,47800,47801,1593.37,0.29462854197481647,62.35253948912001,944.987232036162,1479.4845270913129
exp_001,SA_n30_inst1_run1,base,48000,48001,1600.03,0.2958582919673063,62.35253948912001,944.987232036162,1031.2201922827296
exp_001,SA_n30_inst1_run1,base,48200,48201,1606.7,0.2970631250063889,61.72901409422881,944.987232036162,1328.3011476017568
exp_001,SA_n30_inst1_run1,base,48400,48401,1613.37,0.2982451669522561,61.72901409422881,944.987232036162,1429.3958649255019
exp_001,SA_n30_inst1_run1,base,48600,48601,1620.03,0.29943491698941216,61.72901409422881,883.9742407196389,1102.6668916007548
exp_001,SA_n30_inst1_run1,base,48800,48801,1626.7,0.30061824998119846,61.72901409422881,883.9742407196389,1345.4829226991349
exp_001,SA_n30_inst1_run1,base,49000,49001,1633.37,0.3018007079954259,61.72901409422881,883.9742407196389,1150.1020041957404
exp_001,SA_n30_inst1_run1,base,49200,49201,1640.03,0.3029881669790484,61.11172395328652,883.9742407196389,1167.5433019279687
exp_001,SA_n30_inst1_run1,base,49400,49401,1646.7,0.3042242919909768,61.11172395328652,883.9742407196389,1200.2948285517998
exp_001,SA_n30_inst1_run1,base,49600,49601,1653.37,0.3055140829528682,61.11172395328652,883.9742407196389,1169.1527994987568
exp_001,SA_n30_inst1_run1,base,49800,49801,1660.03,0.30673837498761714,61.11172395328652,883.9742407196389,1377.9436978576723
exp_001,SA_n30_inst1_run1,base,50000,50001,1666.7,0.3079351669875905,61.11172395328652,883.9742407196389,1116.374845968893
exp_001,SA_n30_inst1_run1,base,50000,50001,1666.7,0.3080227079917677,0.00099,883.9742407196389,1116.374845968893
exp_001,SA_n30_inst1_run2,base,0,1,0.03,1.2500095181167126e-06,100.0,1703.1840176278913,1703.1840176278913
exp_001,SA_n30_inst1_run2,base,200,201,6.7,0.0012296250206418335,100.0,1056.484294629393,1381.1929542606417
exp_001,SA_n30_inst1_run2,base,400,401,13.37,0.002447292034048587,100.0,1056.484294629393,1250.3405345804915
exp_001,SA_n30_inst1_run2,base,600,601,20.03,0.003856958996038884,100.0,1056.484294629393,1417.516368187734
exp_001,SA_n30_inst1_run2,base,800,801,26.7,0.005220417049713433,100.0,1056.484294629393,1476.8273901551308
exp_001,SA_n30_inst1_run2,base,1000,1001,33.37,0.006531542050652206,100.0,1056.484294629393,1530.9083716545942
exp_001,SA_n30_inst1_run2,base,1200,1201,40.03,0.008735959010664374,99.0,1056.484294629393,1261.2367869203601
exp_001,SA_n30_inst1_run2,base,1400,1401,46.7,0.010860500042326748,99.0,1056.484294629393,1670.7380219685974
exp_001,SA_n30_inst1_run2,base,1600,1601,53.37,0.012212667032144964,99.0,1056.484294629393,1354.5123868750902
exp_001,SA_n30_inst1_run2,base,1800,1801,60.03,0.013447417004499584,99.0,1056.484294629393,1341.9545799259258
exp_001,SA_n30_inst1_run2,base,2000,2001,66.7,0.014826875005383044,99.0,1056.484294629393,1657.7600510995865
exp_001,SA_n30_inst1_run2,base,2200,2201,73.37,0.016462125000543892,98.01,1056.484294629393,1433.8769982862266
exp_001,SA_n30_inst1_run2,base,2400,2401,80.03,0.01777350000338629,98.01,1056.484294629393,1408.466761153367
exp_001,SA_n30_inst1_run2,base,2600,2601,86.7,0.019155042013153434,98.01,1056.484294629393,1433.0032674150907
exp_001,SA_n30_inst1_run2,base,2800,2801,93.37,0.0205382090061903,98.01,1056.484294629393,1406.468288302687
exp_001,SA_n30_inst1_run2,base,3000,3001,100.03,0.02178495901171118,98.01,1056.484294629393,1366.31175249864
exp_001,SA_n30_inst1_run2,base,3200,3201,106.7,0.023019292042590678,97.0299,1056.484294629393,1271.9167485783619
exp_001,SA_n30_inst1_run2,base,3400,3401,113.37,0.024295792041812092,97.0299,1056.484294629393,1287.8772474463447
exp_001,SA_n30_inst1_run2,base,3600,3601,120.03,0.025544750038534403,97.0299,1056.484294629393,1576.7253125565817
exp_001,SA_n30_inst1_run2,base,3800,3801,126.7,0.026812917029019445,97.0299,1056.484294629393,1557.4968078707043
exp_001,SA_n30_inst1_run2,base,4000,4001,133.37,0.028054709022399038,97.0299,1056.484294629393,1345.807541507867
exp_001,SA_n30_inst1_run2,base,4200,4201,140.03,0.029276959015987813,96.059601,1056.484294629393,1515.1409932001804
exp_001,SA_n30_inst1_run2,base,4400,4401,146.7,0.030479917011689395,96.059601,1056.484294629393,1467.6540925072832
exp_001,SA_n30_inst1_run2,base,4600,4601,153.37,0.03167895902879536,96.059601,1056.484294629393,1556.4376485217585
exp_001,SA_n30_inst1_run2,base,4800,4801,160.03,0.032966708997264504,96.059601,1056.484294629393,1548.586531874734
exp_001,SA_n30_inst1_run2,base,5000,5001,166.7,0.03425037499982864,96.059601,1056.484294629393,1440.4722821221687
exp_001,SA_n30_inst1_run2,base,5200,5201,173.37,0.03549304202897474,95.09900499,1056.484294629393,1502.367333636182
exp_001,SA_n30_inst1_run2,base,5400,5401,180.03,0.036878875049296767,95.09900499,1056.484294629393,1586.9316516440463
exp_001,SA_n30_inst1_run2,base,5600,5601,186.7,0.03828395903110504,95.09900499,1056.484294629393,1332.0908485953419
exp_001,SA_n30_inst1_run2,base,5800,5801,193.37,0.03957966703455895,95.09900499,1056.484294629393,1593.3610556677593
exp_001,SA_n30_inst1_run2,base,6000,6001,200.03,0.040808542049489915,95.09900499,1056.484294629393,1333.7241857624201
exp_001,SA_n30_inst1_run2,base,6200,6201,206.7,0.04202254203846678,94.1480149401,1056.484294629393,1580.3537573075448
exp_001,SA_n30_inst1_run2,base,6400,6401,213.37,0.04321916704066098,94.1480149401,1056.484294629393,1272.1938832490068
exp_001,SA_n30_inst1_run2,base,6600,6601,220.03,0.04443291702773422,94.1480149401,1056.484294629393,1521.5164774626985
exp_001,SA_n30_inst1_run2,base,6800,6801,226.7,0.045655875001102686,94.1480149401,1056.484294629393,1515.5444103551265
exp_001,SA_n30_inst1_run2,base,7000,7001,233.37,0.04697629204019904,94.1480149401,1010.1223908102187,1263.518636083715
exp_001,SA_n30_inst1_run2,base,7200,7201,240.03,0.048258833994623274,93.206534790699,1010.1223908102187,1437.2737538734468
exp_001,SA_n30_inst1_run2,base,7400,7401,246.7,0.04952712502563372,93.206534790699,1010.1223908102187,1428.0279923092216
exp_001,SA_n30_inst1_run2,base,7600,7601,253.37,0.05079408403253183,93.206534790699,1010.1223908102187,1287.329537460654
exp_001,SA_n30_inst1_run2,base,7800,7801,260.03,0.05204662500182167,93.206534790699,1010.1223908102187,1331.8586574170351
exp_001,SA_n30_inst1_run2,base,8000,8001,266.7,0.05328029202064499,93.206534790699,1010.1223908102187,1228.8048453179958
exp_001,SA_n30_inst1_run2,base,8200,8201,273.37,0.054701709013897926,92.27446944279201,1010.1223908102187,1579.3022150437985
exp_001,SA_n30_inst1_run2,base,8400,8401,280.03,0.055952624999918044,92.27446944279201,1010.1223908102187,1286.6888470753565
exp_001,SA_n30_inst1_run2,base,8600,8601,286.7,0.057169292005710304,92.27446944279201,1010.1223908102187,1104.8689889001023
exp_001,SA_n30_inst1_run2,base,8800,8801,293.37,0.05836804199498147,92.27446944279201,1010.1223908102187,1498.5785684605764
exp_001,SA_n30_inst1_run2,base,9000,9001,300.03,0.05956804205197841,92.27446944279201,1010.1223908102187,1489.0311174077476
exp_001,SA_n30_inst1_run2,base,9200,9201,306.7,0.06076787499478087,91.35172474836409,1010.1223908102187,1292.1510929925714
exp_001,SA_n30_inst1_run2,base,9400,9401,313.37,0.062010084046050906,91.35172474836409,1010.1223908102187,1349.5859727729817
exp_001,SA_n30_inst1_run2,base,9600,9601,320.03,0.06330825004260987,91.35172474836409,1010.1223908102187,1401.907239990713
exp_001,SA_n30_inst1_run2,base,9800,9801,326.7,0.06460587499896064,91.35172474836409,1010.1223908102187,1343.8019704209642
exp_001,SA_n30_inst1_run2,base,10000,10001,333.37,0.06586175004485995,91.35172474836409,1010.1223908102187,1406.7050074209897
exp_001,SA_n30_inst1_run2,base,10200,10201,340.03,0.06708141701528803,90.43820750088045,1010.1223908102187,1491.7067122979388
exp_001,SA_n30_inst1_run2,base,10400,10401,346.7,0.06831150001380593,90.43820750088045,1010.1223908102187,1441.393722816535
exp_001,SA_n30_inst1_run2,base,10600,10601,353.37,0.06960808404255658,90.43820750088045,1010.1223908102187,1172.6573913119748
exp_001,SA_n30_inst1_run2,base,10800,10801,360.03,0.07084941701032221,90.43820750088045,1010.1223908102187,1350.7452847182883
exp_001,SA_n30_inst1_run2,base,11000,11001,366.7,0.07208812504541129,90.43820750088045,1010.1223908102187,1467.9663071289651
exp_001,SA_n30_inst1_run2,base,11200,11201,373.37,0.07329995901091024,89.53382542587164,1010.1223908102187,1519.4682322244853
exp_001,SA_n30_inst1_run2,base,11400,11401,380.03,0.07457454199902713,89.53382542587164,1010.1223908102187,1578.1404360909917
exp_001,SA_n30_inst1_run2,base,11600,11601,386.7,0.07586487504886463,89.53382542587164,1010.1223908102187,1698.0333334654022
exp_001,SA_n30_inst1_run2,base,11800,11801,393.37,0.07711808400927112,89.53382542587164,1010.1223908102187,1292.0308945262716
exp_001,SA_n30_inst1_run2,base,12000,12001,400.03,0.07834408403141424,89.53382542587164,1010.1223908102187,1558.269707465192
exp_001,SA_n30_inst1_run2,base,12200,12201,406.7,0.07956208405084908,88.63848717161292,1010.1223908102187,1413.028779487654
exp_001,SA_n30_inst1_run2,base,12400,12401,413.37,0.08076795900706202,88.63848717161292,1010.1223908102187,1344.0836350187633
exp_001,SA_n30_inst1_run2,base,12600,12601,420.03,0.08198195899603888,88.63848717161292,1010.1223908102187,1344.5267215288275
exp_001,SA_n30_inst1_run2,base,12800,12801,426.7,0.08318016701377928,88.63848717161292,1010.1223908102187,1547.6685987244548
exp_001,SA_n30_inst1_run2,base,13000,13001,433.37,0.08439766702940688,88.63848717161292,1010.1223908102187,1283.398369829588
exp_001,SA_n30_inst1_run2,base,13200,13201,440.03,0.08559275005245581,87.75210229989679,1010.1223908102187,1496.620814375729
exp_001,SA_n30_inst1_run2,base,13400,13401,446.7,0.08718358405167237,87.75210229989679,1010.1223908102187,1146.4339865575346
exp_001,SA_n30_inst1_run2,base,13600,13601,453.37,0.08844091702485457,87.75210229989679,1010.1223908102187,1542.5341107070567
exp_001,SA_n30_inst1_run2,base,13800,13801,460.03,0.08965308399638161,87.75210229989679,1010.1223908102187,1294.3087953939128
exp_001,SA_n30_inst1_run2,base,14000,14001,466.7,0.09092329203849658,87.75210229989679,1010.1223908102187,1285.1050918113674
exp_001,SA_n30_inst1_run2,base,14200,14201,473.37,0.09221462503774092,86.87458127689783,1010.1223908102187,1337.901164521992
exp_001,SA_n30_inst1_run2,base,14400,14401,480.03,0.09346516703953966,86.87458127689783,1010.1223908102187,1324.121639692562
exp_001,SA_n30_inst1_run2,base,14600,14601,486.7,0.09480537503259256,86.87458127689783,1010.1223908102187,1321.8964057903777
exp_001,SA_n30_inst1_run2,base,14800,14801,493.37,0.09610137500567362,86.87458127689783,1010.1223908102187,1423.1671523565774
exp_001,SA_n30_inst1_run2,base,15000,15001,500.03,0.0973570000496693,86.87458127689783,1010.1223908102187,1341.915115456849
exp_001,SA_n30_inst1_run2,base,15200,15201,506.7,0.09859325003344566,86.00583546412885,1010.1223908102187,1566.3165051569922
exp_001,SA_n30_inst1_run2,base,15400,15401,513.37,0.09980070899473503,86.00583546412885,1010.1223908102187,1215.113264058148
exp_001,SA_n30_inst1_run2,base,15600,15601,520.03,0.10102141700917855,86.00583546412885,1010.1223908102187,1373.8465378282056
exp_001,SA_n30_inst1_run2,base,15800,15801,526.7,0.10228645900497213,86.00583546412885,1010.1223908102187,1447.0349265616537
exp_001,SA_n30_inst1_run2,base,16000,16001,533.37,0.10370450001209974,86.00583546412885,1010.1223908102187,1526.5182647772963
exp_001,SA_n30_inst1_run2,base,16200,16201,540.03,0.1050297089968808,85.14577710948755,1010.1223908102187,1433.690763841263
exp_001,SA_n30_inst1_run2,base,16400,16401,546.7,0.10626329202204943,85.14577710948755,1010.1223908102187,1394.8895433685998
exp_001,SA_n30_inst1_run2,base,16600,16601,553.37,0.10749858402414247,85.14577710948755,1010.1223908102187,1415.441481914428
exp_001,SA_n30_inst1_run2,base,16800,16801,560.03,0.10870445903856307,85.14577710948755,1010.1223908102187,1391.6764367854148
exp_001,SA_n30_inst1_run2,base,17000,17001,566.7,0.10990325000602752,85.14577710948755,1010.1223908102187,1531.1684271570534
exp_001,SA_n30_inst1_run2,base,17200,17201,573.37,0.11112633399898186,84.29431933839268,1010.1223908102187,1285.6881970793424
exp_001,SA_n30_inst1_run2,base,17400,17401,580.03,0.1124199170153588,84.29431933839268,1010.1223908102187,1171.5729595720286
exp_001,SA_n30_inst1_run2,base,17600,17601,586.7,0.11366187501698732,84.29431933839268,1010.1223908102187,1418.2867062188438
exp_001,SA_n30_inst1_run2,base,17800,17801,593.37,0.11487112502800301,84.29431933839268,1010.1223908102187,1287.3682209645171
exp_001,SA_n30_inst1_run2,base,18000,18001,600.03,0.11612758401315659,84.29431933839268,1010.1223908102187,1295.771530833265
exp_001,SA_n30_inst1_run2,base,18200,18201,606.7,0.11738229199545458,83.45137614500875,1010.1223908102187,1122.0618617947546
exp_001,SA_n30_inst1_run2,base,18400,18401,613.37,0.11861470900475979,83.45137614500875,1010.1223908102187,1361.3644883209836
exp_001,SA_n30_inst1_run2,base,18600,18601,620.03,0.11983354203402996,83.45137614500875,1010.1223908102187,1262.9233469446644
exp_001,SA_n30_inst1_run2,base,18800,18801,626.7,0.12103950005257502,83.45137614500875,1010.1223908102187,1341.6137846827407
exp_001,SA_n30_inst1_run2,base,19000,19001,633.37,0.1222376250079833,83.45137614500875,1010.1223908102187,1550.7009928792527
exp_001,SA_n30_inst1_run2,base,19200,19201,640.03,0.12346829200396314,82.61686238355867,1010.1223908102187,1587.9785595149185
exp_001,SA_n30_inst1_run2,base,19400,19401,646.7,0.12469920900184661,82.61686238355867,1010.1223908102187,1445.0911429961373
exp_001,SA_n30_inst1_run2,base,19600,19601,653.37,0.12598083401098847,82.61686238355867,1010.1223908102187,1195.8106374605034
exp_001,SA_n30_inst1_run2,base,19800,19801,660.03,0.12718745903111994,82.61686238355867,968.0016383017963,1333.3574420396196
exp_001,SA_n30_inst1_run2,base,20000,20001,666.7,0.12842720904154703,82.61686238355867,968.0016383017963,1621.678656722124
exp_001,SA_n30_inst1_run2,base,20200,20201,673.37,0.12970816704910249,81.79069375972308,968.0016383017963,1431.1675302097929
exp_001,SA_n30_inst1_run2,base,20400,20401,680.03,0.13093504204880446,81.79069375972308,968.0016383017963,1157.1033596411162
exp_001,SA_n30_inst1_run2,base,20600,20601,686.7,0.1321475420263596,81.79069375972308,968.0016383017963,1241.349924923251
exp_001,SA_n30_inst1_run2,base,20800,20801,693.37,0.13337712502107024,81.79069375972308,968.0016383017963,1489.8522980017824
exp_001,SA_n30_inst1_run2,base,21000,21001,700.03,0.13462287501897663,81.79069375972308,968.0016383017963,1475.8209565306277
exp_001,SA_n30_inst1_run2,base,21200,21201,706.7,0.13586333399871364,80.97278682212585,968.0016383017963,1432.057391756906
exp_001,SA_n30_inst1_run2,base,21400,21401,713.37,0.13706841703969985,80.97278682212585,968.0016383017963,1515.7725990549613
exp_001,SA_n30_inst1_run2,base,21600,21601,720.03,0.1382948340033181,80.97278682212585,968.0016383017963,1280.5961721161052
exp_001,SA_n30_inst1_run2,base,21800,21801,726.7,0.13950745901092887,80.97278682212585,968.0016383017963,1294.661628307987
exp_001,SA_n30_inst1_run2,base,22000,22001,733.37,0.14073120901593938,80.97278682212585,968.0016383017963,1333.6837677048622
exp_001,SA_n30_inst1_run2,base,22200,22201,740.03,0.1419236670481041,80.1630589539046,968.0016383017963,1237.9004654859675
exp_001,SA_n30_inst1_run2,base,22400,22401,746.7,0.14311591704608873,80.1630589539046,968.0016383017963,1465.6117470820898
exp_001,SA_n30_inst1_run2,base,22600,22601,753.37,0.14430787501623854,80.1630589539046,968.0016383017963,1455.821768922062
exp_001,SA_n30_inst1_run2,base,22800,22801,760.03,0.14550375001272187,80.1630589539046,968.0016383017963,1384.753574765903
exp_001,SA_n30_inst1_run2,base,23000,23001,766.7,0.14670804201159626,80.1630589539046,968.0016383017963,1187.711579197276
exp_001,SA_n30_inst1_run2,base,23200,23201,773.37,0.1479100840515457,79.36142836436555,968.0016383017963,1541.4119250812319
exp_001,SA_n30_inst1_run2,base,23400,23401,780.03,0.14912379201268777,79.36142836436555,968.0016383017963,1401.2646728474308
exp_001,SA_n30_inst1_run2,base,23600,23601,786.7,0.15036220900947228,79.36142836436555,968.0016383017963,1338.9289726623347
exp_001,SA_n30_inst1_run2,base,23800,23801,793.37,0.15157908404944465,79.36142836436555,968.0016383017963,1268.6262729127752
exp_001,SA_n30_inst1_run2,base,24000,24001,800.03,0.15279729204485193,79.36142836436555,968.0016383017963,1205.069581248258
exp_001,SA_n30_inst1_run2,base,24200,24201,806.7,0.15400412504095584,78.56781408072189,968.0016383017963,1311.4894808899207
exp_001,SA_n30_inst1_run2,base,24400,24401,813.37,0.15522337501170114,78.56781408072189,968.0016383017963,1356.820038751428
exp_001,SA_n30_inst1_run2,base,24600,24601,820.03,0.15643308404833078,78.56781408072189,968.0016383017963,1406.9773310624682
exp_001,SA_n30_inst1_run2,base,24800,24801,826.7,0.15763700002571568,78.56781408072189,968.0016383017963,1426.7645255420614
exp_001,SA_n30_inst1_run2,base,25000,25001,833.37,0.15883245901204646,78.56781408072189,968.0016383017963,1463.3704401157183
exp_001,SA_n30_inst1_run2,base,25200,25201,840.03,0.16002808400662616,77.78213593991467,968.0016383017963,1338.4330274719273
exp_001,SA_n30_inst1_run2,base,25400,25401,846.7,0.16123087500454858,77.78213593991467,968.0016383017963,1315.711502524619
exp_001,SA_n30_inst1_run2,base,25600,25601,853.37,0.16246037499513477,77.78213593991467,968.0016383017963,1365.089202839347
exp_001,SA_n30_inst1_run2,base,25800,25801,860.03,0.16369154199492186,77.78213593991467,968.0016383017963,1466.2399109484293
exp_001,SA_n30_inst1_run2,base,26000,26001,866.7,0.16490870900452137,77.78213593991467,968.0016383017963,1331.6049295595158
exp_001,SA_n30_inst1_run2,base,26200,26201,873.37,0.16614379204111174,77.00431458051553,968.0016383017963,1456.011104113499
exp_001,SA_n30_inst1_run2,base,26400,26401,880.03,0.167427750013303,77.00431458051553,968.0016383017963,1285.0440577794948
exp_001,SA_n30_inst1_run2,base,26600,26601,886.7,0.16865929204504937,77.00431458051553,968.0016383017963,1067.6099264682273
exp_001,SA_n30_inst1_run2,base,26800,26801,893.37,0.16987962502753362,77.00431458051553,968.0016383017963,1461.4617713010396
exp_001,SA_n30_inst1_run2,base,27000,27001,900.03,0.17108554200967774,77.00431458051553,968.0016383017963,1241.2035044937386
exp_001,SA_n30_inst1_run2,base,27200,27201,906.7,0.17230162501800805,76.23427143471037,968.0016383017963,1364.2999122330825
exp_001,SA_n30_inst1_run2,base,27400,27401,913.37,0.1735307089984417,76.23427143471037,968.0016383017963,1513.5631992233525
exp_001,SA_n30_inst1_run2,base,27600,27601,920.03,0.1747251670458354,76.23427143471037,968.0016383017963,1266.1776725965367
exp_001,SA_n30_inst1_run2,base,27800,27801,926.7,0.17591691704001278,76.23427143471037,968.0016383017963,1297.532961919133
exp_001,SA_n30_inst1_run2,base,28000,28001,933.37,0.17710291704861447,76.23427143471037,968.0016383017963,1351.6883951107666
exp_001,SA_n30_inst1_run2,base,28200,28201,940.03,0.17829037504270673,75.47192872036327,968.0016383017963,1302.3150507755502
exp_001,SA_n30_inst1_run2,base,28400,28401,946.7,0.1794904590351507,75.47192872036327,968.0016383017963,1454.2881366996212
exp_001,SA_n30_inst1_run2,base,28600,28601,953.37,0.18069916701642796,75.47192872036327,968.0016383017963,1454.8088457891313
exp_001,SA_n30_inst1_run2,base,28800,28801,960.03,0.18192987504880875,75.47192872036327,968.0016383017963,1160.4191807977077
exp_001,SA_n30_inst1_run2,base,29000,29001,966.7,0.18313416704768315,75.47192872036327,968.0016383017963,1572.2212037628585
exp_001,SA_n30_inst1_run2,base,29200,29201,973.37,0.18432154203765094,74.71720943315964,968.0016383017963,1389.4568035226516
exp_001,SA_n30_inst1_run2,base,29400,29401,980.03,0.1855180420097895,74.71720943315964,968.0016383017963,1518.4721775328853
exp_001,SA_n30_inst1_run2,base,29600,29601,986.7,0.18674658401869237,74.71720943315964,968.0016383017963,1649.7978206262505
exp_001,SA_n30_inst1_run2,base,29800,29801,993.37,0.18794587504817173,74.71720943315964,968.0016383017963,1528.3023835976242
exp_001,SA_n30_inst1_run2,base,30000,30001,1000.03,0.18913720903219655,74.71720943315964,968.0016383017963,1388.7762893276795
exp_001,SA_n30_inst1_run2,base,30200,30201,1006.7,0.19034904200816527,73.97003733882804,968.0016383017963,1439.393077858197
exp_001,SA_n30_inst1_run2,base,30400,30401,1013.37,0.19153675000416115,73.97003733882804,968.0016383017963,1390.364507190938
exp_001,SA_n30_inst1_run2,base,30600,30601,1020.03,0.19273441703990102,73.97003733882804,968.0016383017963,1552.6938933329366
exp_001,SA_n30_inst1_run2,base,30800,30801,1026.7,0.19393491704249755,73.97003733882804,968.0016383017963,1292.7031253380674
exp_001,SA_n30_inst1_run2,base,31000,31001,1033.37,0.19514183403225616,73.97003733882804,968.0016383017963,1443.3899459192376
exp_001,SA_n30_inst1_run2,base,31200,31201,1040.03,0.19636358402203768,73.23033696543976,968.0016383017963,1505.9579444491455
exp_001,SA_n30_inst1_run2,base,31400,31401,1046.7,0.1975670840474777,73.23033696543976,968.0016383017963,1303.4135260499186
exp_001,SA_n30_inst1_run2,base,31600,31601,1053.37,0.19876950001344085,73.23033696543976,968.0016383017963,1554.069693845683
exp_001,SA_n30_inst1_run2,base,31800,31801,1060.03,0.19996620900928974,73.23033696543976,968.0016383017963,1339.1139447530843
exp_001,SA_n30_inst1_run2,base,32000,32001,1066.7,0.20116941700689495,73.23033696543976,968.0016383017963,1379.1739252457976
exp_001,SA_n30_inst1_run2,base,32200,32201,1073.37,0.202371834020596,72.49803359578536,968.0016383017963,1491.6250846438284
exp_001,SA_n30_inst1_run2,base,32400,32401,1080.03,0.20358075003605336,72.49803359578536,968.0016383017963,1253.6581667163118
exp_001,SA_n30_inst1_run2,base,32600,32601,1086.7,0.20478520903270692,72.49803359578536,968.0016383017963,1510.7645238462446
exp_001,SA_n30_inst1_run2,base,32800,32801,1093.37,0.20599491702159867,72.49803359578536,968.0016383017963,1486.4094891011955
exp_001,SA_n30_inst1_run2,base,33000,33001,1100.03,0.20719537499826401,72.49803359578536,968.0016383017963,1300.2374310290545
exp_001,SA_n30_inst1_run2,base,33200,33201,1106.7,0.20840674999635667,71.7730532598275,968.0016383017963,1290.230743305207
exp_001,SA_n30_inst1_run2,base,33400,33401,1113.37,0.2096198340295814,71.7730532598275,968.0016383017963,1549.5043551369574
exp_001,SA_n30_inst1_run2,base,33600,33601,1120.03,0.21081950003281236,71.7730532598275,968.0016383017963,1264.0857060430003
exp_001,SA_n30_inst1_run2,base,33800,33801,1126.7,0.212009750015568,71.7730532598275,968.0016383017963,1169.0237572702488
exp_001,SA_n30_inst1_run2,base,34000,34001,1133.37,0.21326729201246053,71.7730532598275,968.0016383017963,1350.5039157439935
exp_001,SA_n30_inst1_run2,base,34200,34201,1140.03,0.21453083399683237,71.05532272722922,968.0016383017963,1494.8495093635838
exp_001,SA_n30_inst1_run2,base,34400,34401,1146.7,0.21577816701028496,71.05532272722922,968.0016383017963,1179.9385652102526
exp_001,SA_n30_inst1_run2,base,34600,34601,1153.37,0.21699808404082432,71.05532272722922,968.0016383017963,1401.1112526431882
exp_001,SA_n30_inst1_run2,base,34800,34801,1160.03,0.21822545904433355,71.05532272722922,968.0016383017963,1534.095810370753
exp_001,SA_n30_inst1_run2,base,35000,35001,1166.7,0.2196245000232011,71.05532272722922,968.0016383017963,1611.5721033329785
exp_001,SA_n30_inst1_run2,base,35200,35201,1173.37,0.22104537504492328,70.34476949995693,968.0016383017963,1353.6209562819975
exp_001,SA_n30_inst1_run2,base,35400,35401,1180.03,0.22234170901356265,70.34476949995693,968.0016383017963,1297.4642045415671
exp_001,SA_n30_inst1_run2,base,35600,35601,1186.7,0.22357241704594344,70.34476949995693,968.0016383017963,1334.1027667816786
exp_001,SA_n30_inst1_run2,base,35800,35801,1193.37,0.2247777500306256,70.34476949995693,968.0016383017963,1392.0721409879848
exp_001,SA_n30_inst1_run2,base,36000,36001,1200.03,0.22598762501729652,70.34476949995693,968.0016383017963,1230.7808681278052
exp_001,SA_n30_inst1_run2,base,36200,36201,1206.7,0.22718545905081555,69.64132180495736,968.0016383017963,1371.3549318080604
exp_001,SA_n30_inst1_run2,base,36400,36401,1213.37,0.2283867090009153,69.64132180495736,968.0016383017963,1383.017487134077
exp_001,SA_n30_inst1_run2,base,36600,36601,1220.03,0.2296488750143908,69.64132180495736,968.0016383017963,1343.0148942800508
exp_001,SA_n30_inst1_run2,base,36800,36801,1226.7,0.2309549170313403,69.64132180495736,968.0016383017963,1384.9520216591598
exp_001,SA_n30_inst1_run2,base,37000,37001,1233.37,0.2322227920521982,69.64132180495736,968.0016383017963,1514.757435759412
exp_001,SA_n30_inst1_run2,base,37200,37201,1240.03,0.23354233399732038,68.94490858690779,968.0016383017963,1503.206039280934
exp_001,SA_n30_inst1_run2,base,37400,37401,1246.7,0.23482554202200845,68.94490858690779,968.0016383017963,1354.1008247645934
exp_001,SA_n30_inst1_run2,base,37600,37601,1253.37,0.23607041704235598,68.94490858690779,968.0016383017963,1557.8426189335273
exp_001,SA_n30_inst1_run2,base,37800,37801,1260.03,0.23730229202192277,68.94490858690779,968.0016383017963,1139.8727671827407
exp_001,SA_n30_inst1_run2,base,38000,38001,1266.7,0.23852395900757983,68.94490858690779,968.0016383017963,1438.5417480608921
exp_001,SA_n30_inst1_run2,base,38200,38201,1273.37,0.2397415839950554,68.25545950103871,968.0016383017963,1279.2246706123035
exp_001,SA_n30_inst1_run2,base,38400,38401,1280.03,0.24093800003174692,68.25545950103871,968.0016383017963,1263.2078756766743
exp_001,SA_n30_inst1_run2,base,38600,38601,1286.7,0.24214750004466623,68.25545950103871,968.0016383017963,1255.9180727149999
exp_001,SA_n30_inst1_run2,base,38800,38801,1293.37,0.24333991704043,68.25545950103871,968.0016383017963,1437.8585185540173
exp_001,SA_n30_inst1_run2,base,39000,39001,1300.03,0.2445323340361938,68.25545950103871,968.0016383017963,1358.355154125079
exp_001,SA_n30_inst1_run2,base,39200,39201,1306.7,0.24574662500526756,67.57290490602833,968.0016383017963,1348.5960988686336
exp_001,SA_n30_inst1_run2,base,39400,39401,1313.37,0.24699000001419336,67.57290490602833,968.0016383017963,1308.4996725604037
exp_001,SA_n30_inst1_run2,base,39600,39601,1320.03,0.2482070840196684,67.57290490602833,968.0016383017963,1216.842793027277
exp_001,SA_n30_inst1_run2,base,39800,39801,1326.7,0.24944666703231633,67.57290490602833,916.2668816968408,1233.4665940828493
exp_001,SA_n30_inst1_run2,base,40000,40001,1333.37,0.25069100002292544,67.57290490602833,916.2668816968408,1471.391783298014
exp_001,SA_n30_inst1_run2,base,40200,40201,1340.03,0.2519062500214204,66.89717585696805,916.2668816968408,1351.8569961981723
exp_001,SA_n30_inst1_run2,base,40400,40401,1346.7,0.2531168750138022,66.89717585696805,916.2668816968408,1208.6378778285605
exp_001,SA_n30_inst1_run2,base,40600,40601,1353.37,0.2543278340017423,66.89717585696805,916.2668816968408,1121.03049028408
exp_001,SA_n30_inst1_run2,base,40800,40801,1360.03,0.255564916995354,66.89717585696805,916.2668816968408,1303.1877507165252
exp_001,SA_n30_inst1_run2,base,41000,41001,1366.7,0.2567664590314962,66.89717585696805,916.2668816968408,1373.8951820604248
exp_001,SA_n30_inst1_run2,base,41200,41201,1373.37,0.25796454201918095,66.22820409839836,916.2668816968408,1213.7846679980312
exp_001,SA_n30_inst1_run2,base,41400,41401,1380.03,0.2591477920068428,66.22820409839836,916.2668816968408,1375.9205390671452
exp_001,SA_n30_inst1_run2,base,41600,41601,1386.7,0.2603285000077449,66.22820409839836,916.2668816968408,1264.268175229989
exp_001,SA_n30_inst1_run2,base,41800,41801,1393.37,0.26151366700651124,66.22820409839836,916.2668816968408,1320.7750504349508
exp_001,SA_n30_inst1_run2,base,42000,42001,1400.03,0.2628105000476353,66.22820409839836,916.2668816968408,1473.1094426942275
exp_001,SA_n30_inst1_run2,base,42200,42201,1406.7,0.26406233402667567,65.56592205741438,916.2668816968408,1476.6564497469517
exp_001,SA_n30_inst1_run2,base,42400,42401,1413.37,0.26527033402817324,65.56592205741438,916.2668816968408,1400.8766811535515
exp_001,SA_n30_inst1_run2,base,42600,42601,1420.03,0.2665406670421362,65.56592205741438,916.2668816968408,1292.8487935968537
exp_001,SA_n30_inst1_run2,base,42800,42801,1426.7,0.2677727499976754,65.56592205741438,916.2668816968408,1653.983222159878
exp_001,SA_n30_inst1_run2,base,43000,43001,1433.37,0.26899020903510973,65.56592205741438,916.2668816968408,1223.4457473696975
exp_001,SA_n30_inst1_run2,base,43200,43201,1440.03,0.2701905420399271,64.91026283684023,916.2668816968408,1441.9295075901177
exp_001,SA_n30_inst1_run2,base,43400,43401,1446.7,0.2714166670339182,64.91026283684023,916.2668816968408,1196.2539333318193
exp_001,SA_n30_inst1_run2,base,43600,43601,1453.37,0.27261279203230515,64.91026283684023,916.2668816968408,1194.072954443418
exp_001,SA_n30_inst1_run2,base,43800,43801,1460.03,0.27381733403308317,64.91026283684023,916.2668816968408,1314.6920122728507
exp_001,SA_n30_inst1_run2,base,44000,44001,1466.7,0.27498950000153854,64.91026283684023,916.2668816968408,1228.055673264807
exp_001,SA_n30_inst1_run2,base,44200,44201,1473.37,0.2761745420284569,64.26116020847184,916.2668816968408,1590.4338430112484
exp_001,SA_n30_inst1_run2,base,44400,44401,1480.03,0.2773685420397669,64.26116020847184,916.2668816968408,1319.6080395327272
exp_001,SA_n30_inst1_run2,base,44600,44601,1486.7,0.2785520000034012,64.26116020847184,916.2668816968408,1310.7764273265445
exp_001,SA_n30_inst1_run2,base,44800,44801,1493.37,0.2797830420313403,64.26116020847184,916.2668816968408,1488.8374240924504
exp_001,SA_n30_inst1_run2,base,45000,45001,1500.03,0.28100966702913865,64.26116020847184,916.2668816968408,1321.844896353323
exp_001,SA_n30_inst1_run2,base,45200,45201,1506.7,0.28223987499950454,63.618548606387115,916.2668816968408,1388.5007230788046
exp_001,SA_n30_inst1_run2,base,45400,45401,1513.37,0.2834828750346787,63.618548606387115,916.2668816968408,1167.2052062210496
exp_001,SA_n30_inst1_run2,base,45600,45601,1520.03,0.2846926670172252,63.618548606387115,916.2668816968408,1546.641618195252
exp_001,SA_n30_inst1_run2,base,45800,45801,1526.7,0.2858930420479737,63.618548606387115,916.2668816968408,1275.1876925090876
exp_001,SA_n30_inst1_run2,base,46000,46001,1533.37,0.2870802920078859,63.618548606387115,916.2668816968408,1309.1383671264916
exp_001,SA_n30_inst1_run2,base,46200,46201,1540.03,0.28826766699785367,62.98236312032324,916.2668816968408,1214.379282090476
exp_001,SA_n30_inst1_run2,base,46400,46401,1546.7,0.289474917051848,62.98236312032324,916.2668816968408,1336.4813554405885
exp_001,SA_n30_inst1_run2,base,46600,46601,1553.37,0.2906700000166893,62.98236312032324,916.2668816968408,1429.5590372235122
exp_001,SA_n30_inst1_run2,base,46800,46801,1560.03,0.29185787501046434,62.98236312032324,916.2668816968408,1242.30012695047
exp_001,SA_n30_inst1_run2,base,47000,47001,1566.7,0.2930457500042394,62.98236312032324,916.2668816968408,1374.0430535827666
exp_001,SA_n30_inst1_run2,base,47200,47201,1573.37,0.2942395420395769,62.35253948912001,916.2668816968408,1424.6272922933324
exp_001,SA_n30_inst1_run2,base,47400,47401,1580.03,0.2954527920228429,62.35253948912001,916.2668816968408,1319.6098247904913
exp_001,SA_n30_inst1_run2,base,47600,47601,1586.7,0.29669462505262345,62.35253948912001,916.2668816968408,1389.515286228079
exp_001,SA_n30_inst1_run2,base,47800,47801,1593.37,0.2979448750265874,62.35253948912001,916.2668816968408,1336.1525103018864
exp_001,SA_n30_inst1_run2,base,48000,48001,1600.03,0.29921725002350286,62.35253948912001,916.2668816968408,1163.5349256631384
exp_001,SA_n30_inst1_run2,base,48200,48201,1606.7,0.30040695902425796,61.72901409422881,916.2668816968408,1246.3327461026602
exp_001,SA_n30_inst1_run2,base,48400,48401,1613.37,0.3016133750206791,61.72901409422881,916.2668816968408,1461.7637756821375
exp_001,SA_n30_inst1_run2,base,48600,48601,1620.03,0.30283970903838053,61.72901409422881,916.2668816968408,1359.811999909274
exp_001,SA_n30_inst1_run2,base,48800,48801,1626.7,0.3040447499952279,61.72901409422881,916.2668816968408,1526.552789237434
exp_001,SA_n30_inst1_run2,base,49000,49001,1633.37,0.3052608750294894,61.72901409422881,916.2668816968408,1306.7556675135045
exp_001,SA_n30_inst1_run2,base,49200,49201,1640.03,0.3064565000240691,61.11172395328652,916.2668816968408,1253.4430675714216
exp_001,SA_n30_inst1_run2,base,49400,49401,1646.7,0.30764800001634285,61.11172395328652,916.2668816968408,1383.4795015558796
exp_001,SA_n30_inst1_run2,base,49600,49601,1653.37,0.3088291670428589,61.11172395328652,916.2668816968408,1318.6495197335355
exp_001,SA_n30_inst1_run2,base,49800,49801,1660.03,0.31000608403701335,61.11172395328652,916.2668816968408,1102.6800708778399
exp_001,SA_n30_inst1_run2,base,50000,50001,1666.7,0.311190250038635,61.11172395328652,916.2668816968408,1292.091385742161
exp_001,SA_n30_inst1_run2,base,50000,50001,1666.7,0.311261959024705,0.00099,916.2668816968408,1292.091385742161
exp_001,SA_n30_inst2_run0,base,0,1,0.03,1.500011421740055e-06,100.0,1511.749455825047,1511.749455825047
exp_001,SA_n30_inst2_run0,base,200,201,6.7,0.0012755420175381005,100.0,1086.4991734608204,1252.2549750527037
exp_001,SA_n30_inst2_run0,base,400,401,13.37,0.0025692920316942036,100.0,1086.4991734608204,1480.8250607081513
exp_001,SA_n30_inst2_run0,base,600,601,20.03,0.0038235000101849437,100.0,1086.4991734608204,1323.1126231000699
exp_001,SA_n30_inst2_run0,base,800,801,26.7,0.005048291990533471,100.0,1086.4991734608204,1399.3316215253053
exp_001,SA_n30_inst2_run0,base,1000,1001,33.37,0.006256917025893927,100.0,1086.4991734608204,1206.6951484980702
exp_001,SA_n30_inst2_run0,base,1200,1201,40.03,0.007494791992940009,99.0,1022.4686270296799,1371.4322133078088
exp_001,SA_n30_inst2_run0,base,1400,1401,46.7,0.008720209007151425,99.0,1022.4686270296799,1332.8920515640652
exp_001,SA_n30_inst2_run0,base,1600,1601,53.37,0.009926167025696486,99.0,1022.4686270296799,1219.7608902566826
exp_001,SA_n30_inst2_run0,base,1800,1801,60.03,0.011141875002067536,99.0,1022.4686270296799,1383.4999055006917
exp_001,SA_n30_inst2_run0,base,2000,2001,66.7,0.012365917034912854,99.0,1022.4686270296799,1375.11883778937
exp_001,SA_n30_inst2_run0,base,2200,2201,73.37,0.013577917008660734,98.01,1022.4686270296799,1475.090379536942
exp_001,SA_n30_inst2_run0,base,2400,2401,80.03,0.014781167032197118,98.01,1022.4686270296799,1385.0727941438251
exp_001,SA_n30_inst2_run0,base,2600,2601,86.7,0.015971624990925193,98.01,1022.4686270296799,1225.2569239456334
exp_001,SA_n30_inst2_run0,base,2800,2801,93.37,0.01718670903937891,98.01,1022.4686270296799,1298.5703038738668
exp_001,SA_n30_inst2_run0,base,3000,3001,100.03,0.018421834043692797,98.01,1022.4686270296799,1553.0876408964982
exp_001,SA_n30_inst2_run0,base,3200,3201,106.7,0.019651167036499828,97.0299,1022.4686270296799,1403.822700048753
exp_001,SA_n30_inst2_run0,base,3400,3401,113.37,0.020876792026683688,97.0299,1022.4686270296799,1260.8676077589287
exp_001,SA_n30_inst2_run0,base,3600,3601,120.03,0.022103084018453956,97.0299,1022.4686270296799,1441.4227104496338
exp_001,SA_n30_inst2_run0,base,3800,3801,126.7,0.023316542035900056,97.0299,1022.4686270296799,1342.2021430533184
exp_001,SA_n30_inst2_run0,base,4000,4001,133.37,0.02454625000245869,97.0299,1022.4686270296799,1311.754362629132
exp_001,SA_n30_inst2_run0,base,4200,4201,140.03,0.02576799999224022,96.059601,1022.4686270296799,1378.5220695922212
exp_001,SA_n30_inst2_run0,base,4400,4401,146.7,0.026976542023476213,96.059601,1022.4686270296799,1440.744083876987
exp_001,SA_n30_inst2_run0,base,4600,4601,153.37,0.02818687498802319,96.059601,1022.4686270296799,1229.6213863304113
exp_001,SA_n30_inst2_run0,base,4800,4801,160.03,0.02938825002638623,96.059601,1022.4686270296799,1315.7414560896743
exp_001,SA_n30_inst2_run0,base,5000,5001,166.7,0.030587958986870944,96.059601,1022.4686270296799,1237.922220418287
exp_001,SA_n30_inst2_run0,base,5200,5201,173.37,0.03178379201563075,95.09900499,1022.4686270296799,1207.8566289720986
exp_001,SA_n30_inst2_run0,base,5400,5401,180.03,0.03297350002685562,95.09900499,1022.4686270296799,1260.2706863839387
exp_001,SA_n30_inst2_run0,base,5600,5601,186.7,0.03419570904225111,95.09900499,1022.4686270296799,1473.6161590465003
exp_001,SA_n30_inst2_run0,base,5800,5801,193.37,0.03544537501875311,95.09900499,1022.4686270296799,1174.473561170716
exp_001,SA_n30_inst2_run0,base,6000,6001,200.03,0.03671854198910296,95.09900499,1022.4686270296799,1497.5679374762638
exp_001,SA_n30_inst2_run0,base,6200,6201,206.7,0.037952959013637155,94.1480149401,1022.4686270296799,1474.6302509926516
exp_001,SA_n30_inst2_run0,base,6400,6401,213.37,0.03918866702588275,94.1480149401,1022.4686270296799,1406.9314229838346
exp_001,SA_n30_inst2_run0,base,6600,6601,220.03,0.0404030840145424,94.1480149401,1022.4686270296799,1366.7361485864255
exp_001,SA_n30_inst2_run0,base,6800,6801,226.7,0.04161200002999976,94.1480149401,1022.4686270296799,1468.0525525187616
exp_001,SA_n30_inst2_run0,base,7000,7001,233.37,0.04282908403547481,94.1480149401,1022.4686270296799,1348.7981603949684
exp_001,SA_n30_inst2_run0,base,7200,7201,240.03,0.044060499989427626,93.206534790699,1022.4686270296799,1436.108696991997
exp_001,SA_n30_inst2_run0,base,7400,7401,246.7,0.04527158400742337,93.206534790699,1022.4686270296799,1341.3637513384936
exp_001,SA_n30_inst2_run0,base,7600,7601,253.37,0.046480791992507875,93.206534790699,1022.4686270296799,1162.8725491755051
exp_001,SA_n30_inst2_run0,base,7800,7801,260.03,0.047691249987110496,93.206534790699,1022.4686270296799,1373.1744647329924
exp_001,SA_n30_inst2_run0,base,8000,8001,266.7,0.04889633401762694,93.206534790699,1022.4686270296799,1436.5268427037486
exp_001,SA_n30_inst2_run0,base,8200,8201,273.37,0.05009783402783796,92.27446944279201,1022.4686270296799,1324.5190175337793
exp_001,SA_n30_inst2_run0,base,8400,8401,280.03,0.051320708997081965,92.27446944279201,1022.4686270296799,1331.3926301282163
exp_001,SA_n30_inst2_run0,base,8600,8601,286.7,0.052535541995894164,92.27446944279201,1022.4686270296799,1213.4131383942918
exp_001,SA_n30_inst2_run0,base,8800,8801,293.37,0.0537624999997206,92.27446944279201,1022.4686270296799,1353.2853559872426
exp_001,SA_n30_inst2_run0,base,9000,9001,300.03,0.054989000025670975,92.27446944279201,1022.4686270296799,1216.7136366096104
exp_001,SA_n30_inst2_run0,base,9200,9201,306.7,0.056194875040091574,91.35172474836409,1022.4686270296799,1317.4517651770784
exp_001,SA_n30_inst2_run0,base,9400,9401,313.37,0.05743366701062769,91.35172474836409,1022.4686270296799,1483.4463967699533
exp_001,SA_n30_inst2_run0,base,9600,9601,320.03,0.058640459028538316,91.35172474836409,1022.4686270296799,1332.3282874036188
exp_001,SA_n30_inst2_run0,base,9800,9801,326.7,0.059850750025361776,91.35172474836409,1022.4686270296799,1382.2306587383828
exp_001,SA_n30_inst2_run0,base,10000,10001,333.37,0.06107200001133606,91.35172474836409,1022.4686270296799,1322.8196419351043
exp_001,SA_n30_inst2_run0,base,10200,10201,340.03,0.062297417025547475,90.43820750088045,1022.4686270296799,1488.2144070410575
exp_001,SA_n30_inst2_run0,base,10400,10401,346.7,0.06349541700910777,90.43820750088045,1022.4686270296799,1316.9595300223116
exp_001,SA_n30_inst2_run0,base,10600,10601,353.37,0.06468712503556162,90.43820750088045,1022.4686270296799,1298.6979208582043
exp_001,SA_n30_inst2_run0,base,10800,10801,360.03,0.06587900000158697,90.43820750088045,1022.4686270296799,1404.7739152973077
exp_001,SA_n30_inst2_run0,base,11000,11001,366.7,0.0670994590036571,90.43820750088045,1022.4686270296799,1383.8006306770799
exp_001,SA_n30_inst2_run0,base,11200,11201,373.37,0.06832170899724588,89.53382542587164,1022.4686270296799,1350.1926684465122
exp_001,SA_n30_inst2_run0,base,11400,11401,380.03,0.06955070904223248,89.53382542587164,1022.4686270296799,1266.7769060344585
exp_001,SA_n30_inst2_run0,base,11600,11601,386.7,0.07079675002023578,89.53382542587164,1022.4686270296799,1529.5406154019263
exp_001,SA_n30_inst2_run0,base,11800,11801,393.37,0.0720394590171054,89.53382542587164,1022.4686270296799,1229.6415627026454
exp_001,SA_n30_inst2_run0,base,12000,12001,400.03,0.07326416700379923,89.53382542587164,1022.4686270296799,1244.1433349236088
exp_001,SA_n30_inst2_run0,base,12200,12201,406.7,0.07445870898663998,88.63848717161292,1022.4686270296799,1196.7227623220515
exp_001,SA_n30_inst2_run0,base,12400,12401,413.37,0.07567358401138335,88.63848717161292,939.4181343445038,1276.7477472270843
exp_001,SA_n30_inst2_run0,base,12600,12601,420.03,0.07688858400797471,88.63848717161292,939.4181343445038,1224.8524566592484
exp_001,SA_n30_inst2_run0,base,12800,12801,426.7,0.07810341700678691,88.63848717161292,939.4181343445038,1177.133617668336
exp_001,SA_n30_inst2_run0,base,13000,13001,433.37,0.07930174999637529,88.63848717161292,939.4181343445038,1104.8418398321678
exp_001,SA_n30_inst2_run0,base,13200,13201,440.03,0.08049950003623962,87.75210229989679,939.4181343445038,1406.337153036378
exp_001,SA_n30_inst2_run0,base,13400,13401,446.7,0.0816979170194827,87.75210229989679,939.4181343445038,1155.55460903193
exp_001,SA_n30_inst2_run0,base,13600,13601,453.37,0.08289537503151223,87.75210229989679,939.4181343445038,1273.3646932591919
exp_001,SA_n30_inst2_run0,base,13800,13801,460.03,0.08412545901956037,87.75210229989679,939.4181343445038,1293.6633439902305
exp_001,SA_n30_inst2_run0,base,14000,14001,466.7,0.0853507500141859,87.75210229989679,939.4181343445038,1296.724279686091
exp_001,SA_n30_inst2_run0,base,14200,14201,473.37,0.08657516702078283,86.87458127689783,939.4181343445038,1477.2959554369397
exp_001,SA_n30_inst2_run0,base,14400,14401,480.03,0.08782141702249646,86.87458127689783,939.4181343445038,1264.0986881614663
exp_001,SA_n30_inst2_run0,base,14600,14601,486.7,0.08906258404022083,86.87458127689783,939.4181343445038,1202.6544803194818
exp_001,SA_n30_inst2_run0,base,14800,14801,493.37,0.09026766702299938,86.87458127689783,939.4181343445038,1354.165102261865
exp_001,SA_n30_inst2_run0,base,15000,15001,500.03,0.0914828340173699,86.87458127689783,939.4181343445038,1381.5127993629706
exp_001,SA_n30_inst2_run0,base,15200,15201,506.7,0.09271845902549103,86.00583546412885,939.4181343445038,1418.4677902002504
exp_001,SA_n30_inst2_run0,base,15400,15401,513.37,0.09394879202591255,86.00583546412885,939.4181343445038,1368.1116306145868
exp_001,SA_n30_inst2_run0,base,15600,15601,520.03,0.09517166699515656,86.00583546412885,939.4181343445038,1323.3381069939157
exp_001,SA_n30_inst2_run0,base,15800,15801,526.7,0.09637283399933949,86.00583546412885,939.4181343445038,1160.23086205539
exp_001,SA_n30_inst2_run0,base,16000,16001,533.37,0.09758037503343076,86.00583546412885,939.4181343445038,1292.9497570331196
exp_001,SA_n30_inst2_run0,base,16200,16201,540.03,0.09878729202318937,85.14577710948755,939.4181343445038,1456.2924394186507
exp_001,SA_n30_inst2_run0,base,16400,16401,546.7,0.09999325004173443,85.14577710948755,939.4181343445038,1335.7193364106256
exp_001,SA_n30_inst2_run0,base,16600,16601,553.37,0.10123200004454702,85.14577710948755,939.4181343445038,1281.940981975051
exp_001,SA_n30_inst2_run0,base,16800,16801,560.03,0.1024663340067491,85.14577710948755,939.4181343445038,1075.7824687989169
exp_001,SA_n30_inst2_run0,base,17000,17001,566.7,0.1036926670349203,85.14577710948755,939.4181343445038,1181.4680632945406
exp_001,SA_n30_inst2_run0,base,17200,17201,573.37,0.1049430420389399,84.29431933839268,939.4181343445038,1227.2849063238407
exp_001,SA_n30_inst2_run0,base,17400,17401,580.03,0.10616183403180912,84.29431933839268,939.4181343445038,1364.815381179598
exp_001,SA_n30_inst2_run0,base,17600,17601,586.7,0.10735966701759025,84.29431933839268,939.4181343445038,1416.0798001283924
exp_001,SA_n30_inst2_run0,base,17800,17801,593.37,0.10857983399182558,84.29431933839268,939.4181343445038,1323.0610443724993
exp_001,SA_n30_inst2_run0,base,18000,18001,600.03,0.10977933398680761,84.29431933839268,939.4181343445038,1062.6183328608313
exp_001,SA_n30_inst2_run0,base,18200,18201,606.7,0.1110200000111945,83.45137614500875,939.4181343445038,1501.9420341439404
exp_001,SA_n30_inst2_run0,base,18400,18401,613.37,0.11223516700556502,83.45137614500875,939.4181343445038,1245.3175760714757
exp_001,SA_n30_inst2_run0,base,18600,18601,620.03,0.11343770899111405,83.45137614500875,939.4181343445038,1221.4737166476398
exp_001,SA_n30_inst2_run0,base,18800,18801,626.7,0.11462854204000905,83.45137614500875,939.4181343445038,1332.3931554320513
exp_001,SA_n30_inst2_run0,base,19000,19001,633.37,0.1158346250304021,83.45137614500875,939.4181343445038,1220.1830217423085
exp_001,SA_n30_inst2_run0,base,19200,19201,640.03,0.11707112501608208,82.61686238355867,939.4181343445038,1566.9483263497266
exp_001,SA_n30_inst2_run0,base,19400,19401,646.7,0.11831941700074822,82.61686238355867,939.4181343445038,1472.5311057919953
exp_001,SA_n30_inst2_run0,base,19600,19601,653.37,0.1195372500224039,82.61686238355867,939.4181343445038,1288.8373263458982
exp_001,SA_n30_inst2_run0,base,19800,19801,660.03,0.12076762499054894,82.61686238355867,939.4181343445038,1379.945265828642
exp_001,SA_n30_inst2_run0,base,20000,20001,666.7,0.12199045903980732,82.61686238355867,939.4181343445038,1366.78829888166
exp_001,SA_n30_inst2_run0,base,20200,20201,673.37,0.12319229199783877,81.79069375972308,939.4181343445038,1347.2031547265888
exp_001,SA_n30_inst2_run0,base,20400,20401,680.03,0.12441175000276417,81.79069375972308,939.4181343445038,1548.1302723107522
exp_001,SA_n30_inst2_run0,base,20600,20601,686.7,0.12564029201166704,81.79069375972308,939.4181343445038,1434.7421731039858
exp_001,SA_n30_inst2_run0,base,20800,20801,693.37,0.12685375002911314,81.79069375972308,939.4181343445038,1377.722379886278
exp_001,SA_n30_inst2_run0,base,21000,21001,700.03,0.128066209028475,81.79069375972308,939.4181343445038,1493.4091732690822
exp_001,SA_n30_inst2_run0,base,21200,21201,706.7,0.12925870902836323,80.97278682212585,939.4181343445038,1120.0391434108512
exp_001,SA_n30_inst2_run0,base,21400,21401,713.37,0.13044999999692664,80.97278682212585,939.4181343445038,1234.3648206693256
exp_001,SA_n30_inst2_run0,base,21600,21601,720.03,0.13165491702966392,80.97278682212585,939.4181343445038,1306.7292423500585
exp_001,SA_n30_inst2_run0,base,21800,21801,726.7,0.13285420899046585,80.97278682212585,939.4181343445038,1160.2442750682428
exp_001,SA_n30_inst2_run0,base,22000,22001,733.37,0.13405433401931077,80.97278682212585,939.4181343445038,1199.738978294298
exp_001,SA_n30_inst2_run0,base,22200,22201,740.03,0.1352900000056252,80.1630589539046,939.4181343445038,1465.7495237983621
exp_001,SA_n30_inst2_run0,base,22400,22401,746.7,0.13651695899898186,80.1630589539046,939.4181343445038,1410.9064993854897
exp_001,SA_n30_inst2_run0,base,22600,22601,753.37,0.13774691702565178,80.1630589539046,939.4181343445038,1096.0941822144716
exp_001,SA_n30_inst2_run0,base,22800,22801,760.03,0.13900100003229454,80.1630589539046,939.4181343445038,1382.8285126934081
exp_001,SA_n30_inst2_run0,base,23000,23001,766.7,0.14024745899951085,80.1630589539046,939.4181343445038,1328.4587932666855
exp_001,SA_n30_inst2_run0,base,23200,23201,773.37,0.14147199998842552,79.36142836436555,939.4181343445038,1176.5630898001286
exp_001,SA_n30_inst2_run0,base,23400,23401,780.03,0.14268945902585983,79.36142836436555,939.4181343445038,1365.6984049311206
exp_001,SA_n30_inst2_run0,base,23600,23601,786.7,0.14391229202738032,79.36142836436555,939.4181343445038,1492.1107206068282
exp_001,SA_n30_inst2_run0,base,23800,23801,793.37,0.14512004202697426,79.36142836436555,939.4181343445038,1298.3274513329852
exp_001,SA_n30_inst2_run0,base,24000,24001,800.03,0.14632533403346315,79.36142836436555,939.4181343445038,1295.7992105648198
exp_001,SA_n30_inst2_run0,base,24200,24201,806.7,0.1475178340333514,78.56781408072189,939.4181343445038,1274.0959252078148
exp_001,SA_n30_inst2_run0,base,24400,24401,813.37,0.1487044999958016,78.56781408072189,939.4181343445038,1128.2668580020163
exp_001,SA_n30_inst2_run0,base,24600,24601,820.03,0.1499007500242442,78.56781408072189,939.4181343445038,1542.1619900558412
exp_001,SA_n30_inst2_run0,base,24800,24801,826.7,0.15113029204076156,78.56781408072189,939.4181343445038,1346.9368981488483
exp_001,SA_n30_inst2_run0,base,25000,25001,833.37,0.1523632500320673,78.56781408072189,939.4181343445038,1289.7643276581962
exp_001,SA_n30_inst2_run0,base,25200,25201,840.03,0.1535765000153333,77.78213593991467,939.4181343445038,1360.6850622052166
exp_001,SA_n30_inst2_run0,base,25400,25401,846.7,0.15478625003015622,77.78213593991467,939.4181343445038,1430.517265612566
exp_001,SA_n30_inst2_run0,base,25600,25601,853.37,0.15600225003436208,77.78213593991467,939.4181343445038,1348.2741038076797
exp_001,SA_n30_inst2_run0,base,25800,25801,860.03,0.15719612501561642,77.78213593991467,939.4181343445038,1251.142317792801
exp_001,SA_n30_inst2_run0,base,26000,26001,866.7,0.1583902090205811,77.78213593991467,939.4181343445038,1612.4664989744322
exp_001,SA_n30_inst2_run0,base,26200,26201,873.37,0.15957437502220273,77.00431458051553,939.4181343445038,1224.3162290047703
exp_001,SA_n30_inst2_run0,base,26400,26401,880.03,0.16076637501828372,77.00431458051553,939.4181343445038,1427.1735362044756
exp_001,SA_n30_inst2_run0,base,26600,26601,886.7,0.16196475003380328,77.00431458051553,939.4181343445038,1255.7725880698074
exp_001,SA_n30_inst2_run0,base,26800,26801,893.37,0.16315450001275167,77.00431458051553,939.4181343445038,1174.323641363362
exp_001,SA_n30_inst2_run0,base,27000,27001,900.03,0.16435012500733137,77.00431458051553,939.4181343445038,1321.3499037892727
exp_001,SA_n30_inst2_run0,base,27200,27201,906.7,0.16554662503767759,76.23427143471037,939.4181343445038,1318.619481269675
exp_001,SA_n30_inst2_run0,base,27400,27401,913.37,0.16674216702813283,76.23427143471037,939.4181343445038,1345.4712606279643
exp_001,SA_n30_inst2_run0,base,27600,27601,920.03,0.1679448340437375,76.23427143471037,939.4181343445038,1258.6126676340866
exp_001,SA_n30_inst2_run0,base,27800,27801,926.7,0.16916091699386016,76.23427143471037,939.4181343445038,1309.3184809123998
exp_001,SA_n30_inst2_run0,base,28000,28001,933.37,0.17047750001074746,76.23427143471037,939.4181343445038,1522.468103847849
exp_001,SA_n30_inst2_run0,base,28200,28201,940.03,0.17196479201084003,75.47192872036327,939.4181343445038,1287.092746017508
exp_001,SA_n30_inst2_run0,base,28400,28401,946.7,0.1732009170227684,75.47192872036327,939.4181343445038,1396.4995611413976
exp_001,SA_n30_inst2_run0,base,28600,28601,953.37,0.17440600000554696,75.47192872036327,939.4181343445038,1354.3789835333505
exp_001,SA_n30_inst2_run0,base,28800,28801,960.03,0.1756070420378819,75.47192872036327,939.4181343445038,1235.7100585153626
exp_001,SA_n30_inst2_run0,base,29000,29001,966.7,0.1767952090012841,75.47192872036327,939.4181343445038,1534.258788146828
exp_001,SA_n30_inst2_run0,base,29200,29201,973.37,0.178002041997388,74.71720943315964,939.4181343445038,1094.8879441444483
exp_001,SA_n30_inst2_run0,base,29400,29401,980.03,0.17926054203417152,74.71720943315964,939.4181343445038,1313.5120951152385
exp_001,SA_n30_inst2_run0,base,29600,29601,986.7,0.18055104202358052,74.71720943315964,939.4181343445038,1172.2541398163182
exp_001,SA_n30_inst2_run0,base,29800,29801,993.37,0.18183041701558977,74.71720943315964,939.4181343445038,1405.0562716526756
exp_001,SA_n30_inst2_run0,base,30000,30001,1000.03,0.18314350000582635,74.71720943315964,939.4181343445038,1384.8072288146568
exp_001,SA_n30_inst2_run0,base,30200,30201,1006.7,0.18436470901360735,73.97003733882804,939.4181343445038,1260.1997243372148
exp_001,SA_n30_inst2_run0,base,30400,30401,1013.37,0.18557299999520183,73.97003733882804,939.4181343445038,1222.7408848218042
exp_001,SA_n30_inst2_run0,base,30600,30601,1020.03,0.18678837502375245,73.97003733882804,939.4181343445038,1298.7325397389022
exp_001,SA_n30_inst2_run0,base,30800,30801,1026.7,0.1880021250108257,73.97003733882804,939.4181343445038,1141.8057936579878
exp_001,SA_n30_inst2_run0,base,31000,31001,1033.37,0.189257166988682,73.97003733882804,939.4181343445038,1396.6264537528548
exp_001,SA_n30_inst2_run0,base,31200,31201,1040.03,0.1904772500274703,73.23033696543976,939.4181343445038,1549.4257713850918
exp_001,SA_n30_inst2_run0,base,31400,31401,1046.7,0.19168204203015193,73.23033696543976,939.4181343445038,1266.1280384154502
exp_001,SA_n30_inst2_run0,base,31600,31601,1053.37,0.19289233401650563,73.23033696543976,939.4181343445038,1225.2617178700375
exp_001,SA_n30_inst2_run0,base,31800,31801,1060.03,0.19410308403894305,73.23033696543976,939.4181343445038,1332.7251462567913
exp_001,SA_n30_inst2_run0,base,32000,32001,1066.7,0.19541849999222904,73.23033696543976,939.4181343445038,1311.2724791022094
exp_001,SA_n30_inst2_run0,base,32200,32201,1073.37,0.19667020899942145,72.49803359578536,939.4181343445038,1338.0045038803785
exp_001,SA_n30_inst2_run0,base,32400,32401,1080.03,0.19816804199945182,72.49803359578536,939.4181343445038,1064.4518864290624
exp_001,SA_n30_inst2_run0,base,32600,32601,1086.7,0.19944312499137595,72.49803359578536,939.4181343445038,1257.9331009980124
exp_001,SA_n30_inst2_run0,base,32800,32801,1093.37,0.20065691700438038,72.49803359578536,939.4181343445038,1269.5759902126788
exp_001,SA_n30_inst2_run0,base,33000,33001,1100.03,0.20188200002303347,72.49803359578536,939.4181343445038,1310.2647593263398
exp_001,SA_n30_inst2_run0,base,33200,33201,1106.7,0.20310233399504796,71.7730532598275,939.4181343445038,1394.618322208654
exp_001,SA_n30_inst2_run0,base,33400,33401,1113.37,0.204343167017214,71.7730532598275,939.4181343445038,1337.673289194766
exp_001,SA_n30_inst2_run0,base,33600,33601,1120.03,0.20558166701812297,71.7730532598275,939.4181343445038,1261.8360101663698
exp_001,SA_n30_inst2_run0,base,33800,33801,1126.7,0.20679708401439711,71.7730532598275,939.4181343445038,1432.0271818688777
exp_001,SA_n30_inst2_run0,base,34000,34001,1133.37,0.20799779199296609,71.7730532598275,939.4181343445038,1483.3232370074907
exp_001,SA_n30_inst2_run0,base,34200,34201,1140.03,0.20921908400487155,71.05532272722922,939.4181343445038,1314.301615993646
exp_001,SA_n30_inst2_run0,base,34400,34401,1146.7,0.21045904199127108,71.05532272722922,939.4181343445038,1264.9392576334228
exp_001,SA_n30_inst2_run0,base,34600,34601,1153.37,0.2116750000277534,71.05532272722922,939.4181343445038,1298.1831217232973
exp_001,SA_n30_inst2_run0,base,34800,34801,1160.03,0.2128661249880679,71.05532272722922,876.2180054362892,1202.816259457854
exp_001,SA_n30_inst2_run0,base,35000,35001,1166.7,0.21405837504426017,71.05532272722922,876.2180054362892,1180.8343568680925
exp_001,SA_n30_inst2_run0,base,35200,35201,1173.37,0.21525704202940688,70.34476949995693,876.2180054362892,1340.267235019988
exp_001,SA_n30_inst2_run0,base,35400,35401,1180.03,0.21644945902517065,70.34476949995693,876.2180054362892,1189.4707742355456
exp_001,SA_n30_inst2_run0,base,35600,35601,1186.7,0.21766079199733213,70.34476949995693,876.2180054362892,1354.8025954179657
exp_001,SA_n30_inst2_run0,base,35800,35801,1193.37,0.21897491702111438,70.34476949995693,876.2180054362892,1391.0914302289373
exp_001,SA_n30_inst2_run0,base,36000,36001,1200.03,0.22026320901932195,70.34476949995693,876.2180054362892,1251.0717940719148
exp_001,SA_n30_inst2_run0,base,36200,36201,1206.7,0.22150004201103002,69.64132180495736,876.2180054362892,1391.2518053427766
exp_001,SA_n30_inst2_run0,base,36400,36401,1213.37,0.22270816704258323,69.64132180495736,876.2180054362892,1265.0296810497143
exp_001,SA_n30_inst2_run0,base,36600,36601,1220.03,0.22393658402143046,69.64132180495736,876.2180054362892,1488.3179667162872
exp_001,SA_n30_inst2_run0,base,36800,36801,1226.7,0.22524087503552437,69.64132180495736,876.2180054362892,1369.1223289502568
exp_001,SA_n30_inst2_run0,base,37000,37001,1233.37,0.22647616703761742,69.64132180495736,876.2180054362892,1278.9824485213348
exp_001,SA_n30_inst2_run0,base,37200,37201,1240.03,0.227671583998017,68.94490858690779,876.2180054362892,1271.1246865335158
exp_001,SA_n30_inst2_run0,base,37400,37401,1246.7,0.22886966704390943,68.94490858690779,876.2180054362892,1508.159893462793
exp_001,SA_n30_inst2_run0,base,37600,37601,1253.37,0.23005791701143607,68.94490858690779,876.2180054362892,1178.527383529434
exp_001,SA_n30_inst2_run0,base,37800,37801,1260.03,0.23124820902012289,68.94490858690779,876.2180054362892,1421.7661498352463
exp_001,SA_n30_inst2_run0,base,38000,38001,1266.7,0.23243512504268438,68.94490858690779,876.2180054362892,1313.8539000402807
exp_001,SA_n30_inst2_run0,base,38200,38201,1273.37,0.23362695903051645,68.25545950103871,876.2180054362892,1213.779011691487
exp_001,SA_n30_inst2_run0,base,38400,38401,1280.03,0.23492320900550112,68.25545950103871,876.2180054362892,1310.5680817934174
exp_001,SA_n30_inst2_run0,base,38600,38601,1286.7,0.23625562503002584,68.25545950103871,876.2180054362892,1227.121174540886
exp_001,SA_n30_inst2_run0,base,38800,38801,1293.37,0.237554875027854,68.25545950103871,876.2180054362892,1319.5084795546375
exp_001,SA_n30_inst2_run0,base,39000,39001,1300.03,0.23879695899086073,68.25545950103871,876.2180054362892,1325.7643080041748
exp_001,SA_n30_inst2_run0,base,39200,39201,1306.7,0.24002358398865908,67.57290490602833,876.2180054362892,1242.1991353510423
exp_001,SA_n30_inst2_run0,base,39400,39401,1313.37,0.24130816699471325,67.57290490602833,876.2180054362892,1476.7100189943467
exp_001,SA_n30_inst2_run0,base,39600,39601,1320.03,0.24258787499275059,67.57290490602833,876.2180054362892,1173.366126199735
exp_001,SA_n30_inst2_run0,base,39800,39801,1326.7,0.24382529204012826,67.57290490602833,876.2180054362892,1419.601456365424
exp_001,SA_n30_inst2_run0,base,40000,40001,1333.37,0.24504066701047122,67.57290490602833,876.2180054362892,1389.240076707352
exp_001,SA_n30_inst2_run0,base,40200,40201,1340.03,0.24624162499094382,66.89717585696805,876.2180054362892,1327.6006675717965
exp_001,SA_n30_inst2_run0,base,40400,40401,1346.7,0.2474435000331141,66.89717585696805,876.2180054362892,1236.4586263677884
exp_001,SA_n30_inst2_run0,base,40600,40601,1353.37,0.2486425000242889,66.89717585696805,876.2180054362892,1199.566835251332
exp_001,SA_n30_inst2_run0,base,40800,40801,1360.03,0.24985758401453495,66.89717585696805,876.2180054362892,1362.5419300894198
exp_001,SA_n30_inst2_run0,base,41000,41001,1366.7,0.25105583399999887,66.89717585696805,876.2180054362892,1260.3449934129837
exp_001,SA_n30_inst2_run0,base,41200,41201,1373.37,0.25231412501307204,66.22820409839836,876.2180054362892,1316.9054750367063
exp_001,SA_n30_inst2_run0,base,41400,41401,1380.03,0.2535649590427056,66.22820409839836,876.2180054362892,1138.5313785548562
exp_001,SA_n30_inst2_run0,base,41600,41601,1386.7,0.25476500001968816,66.22820409839836,876.2180054362892,1202.9580952880535
exp_001,SA_n30_inst2_run0,base,41800,41801,1393.37,0.2559843750204891,66.22820409839836,876.2180054362892,1414.7871796272475
exp_001,SA_n30_inst2_run0,base,42000,42001,1400.03,0.2571953340084292,66.22820409839836,876.2180054362892,1223.645836859568
exp_001,SA_n30_inst2_run0,base,42200,42201,1406.7,0.2585613750270568,65.56592205741438,876.2180054362892,1314.9036698041148
exp_001,SA_n30_inst2_run0,base,42400,42401,1413.37,0.2597958749975078,65.56592205741438,876.2180054362892,1390.1423842808695
exp_001,SA_n30_inst2_run0,base,42600,42601,1420.03,0.2609997090185061,65.56592205741438,876.2180054362892,1115.4791858279991
exp_001,SA_n30_inst2_run0,base,42800,42801,1426.7,0.26218891702592373,65.56592205741438,876.2180054362892,1330.6294546908339
exp_001,SA_n30_inst2_run0,base,43000,43001,1433.37,0.26339237502543256,65.56592205741438,876.2180054362892,1087.1819340972054
exp_001,SA_n30_inst2_run0,base,43200,43201,1440.03,0.2645969170262106,64.91026283684023,876.2180054362892,1345.765288109964
exp_001,SA_n30_inst2_run0,base,43400,43401,1446.7,0.2657898340257816,64.91026283684023,876.2180054362892,1379.5127687225638
exp_001,SA_n30_inst2_run0,base,43600,43601,1453.37,0.2669913340359926,64.91026283684023,876.2180054362892,1301.474146245726
exp_001,SA_n30_inst2_run0,base,43800,43801,1460.03,0.2682057089987211,64.91026283684023,876.2180054362892,1283.3807146004797
exp_001,SA_n30_inst2_run0,base,44000,44001,1466.7,0.26950758398743346,64.91026283684023,876.2180054362892,1122.5342197533907
exp_001,SA_n30_inst2_run0,base,44200,44201,1473.37,0.2708648749976419,64.26116020847184,876.2180054362892,1353.7505307633435
exp_001,SA_n30_inst2_run0,base,44400,44401,1480.03,0.2721588750137016,64.26116020847184,876.2180054362892,1486.7875385394996
exp_001,SA_n30_inst2_run0,base,44600,44601,1486.7,0.2735031670308672,64.26116020847184,876.2180054362892,1049.050712020443
exp_001,SA_n30_inst2_run0,base,44800,44801,1493.37,0.2747965840389952,64.26116020847184,876.2180054362892,1246.829546707434
exp_001,SA_n30_inst2_run0,base,45000,45001,1500.03,0.2760314170154743,64.26116020847184,876.2180054362892,1188.5669788962482
exp_001,SA_n30_inst2_run0,base,45200,45201,1506.7,0.27724600001238286,63.618548606387115,876.2180054362892,1280.432157305256
exp_001,SA_n30_inst2_run0,base,45400,45401,1513.37,0.2785027089994401,63.618548606387115,876.2180054362892,1078.061915918211
exp_001,SA_n30_inst2_run0,base,45600,45601,1520.03,0.27980745903914794,63.618548606387115,876.2180054362892,1075.384653347044
exp_001,SA_n30_inst2_run0,base,45800,45801,1526.7,0.2810907500097528,63.618548606387115,876.2180054362892,1210.4662088558762
exp_001,SA_n30_inst2_run0,base,46000,46001,1533.37,0.2823212500079535,63.618548606387115,876.2180054362892,1296.4760853438404
exp_001,SA_n30_inst2_run0,base,46200,46201,1540.03,0.2835486250114627,62.98236312032324,876.2180054362892,1323.1228905937267
exp_001,SA_n30_inst2_run0,base,46400,46401,1546.7,0.28478124999674037,62.98236312032324,876.2180054362892,1162.7349288098303
exp_001,SA_n30_inst2_run0,base,46600,46601,1553.37,0.28603970899712294,62.98236312032324,876.2180054362892,1210.4258230436888
exp_001,SA_n30_inst2_run0,base,46800,46801,1560.03,0.28738054202403873,62.98236312032324,876.2180054362892,1301.3626068530327
exp_001,SA_n30_inst2_run0,base,47000,47001,1566.7,0.2886595000163652,62.98236312032324,876.2180054362892,1118.9530750511265
exp_001,SA_n30_inst2_run0,base,47200,47201,1573.37,0.28989520901814103,62.35253948912001,876.2180054362892,1204.7314820352342
exp_001,SA_n30_inst2_run0,base,47400,47401,1580.03,0.29131754202535376,62.35253948912001,876.2180054362892,1289.993254174926
exp_001,SA_n30_inst2_run0,base,47600,47601,1586.7,0.29257087502628565,62.35253948912001,876.2180054362892,1329.6203735192876
exp_001,SA_n30_inst2_run0,base,47800,47801,1593.37,0.2937804170069285,62.35253948912001,876.2180054362892,1177.6107923494078
exp_001,SA_n30_inst2_run0,base,48000,48001,1600.03,0.29499200003920123,62.35253948912001,876.2180054362892,1446.7660128548707
exp_001,SA_n30_inst2_run0,base,48200,48201,1606.7,0.29618891701102257,61.72901409422881,876.2180054362892,1332.323898539063
exp_001,SA_n30_inst2_run0,base,48400,48401,1613.37,0.2973913750029169,61.72901409422881,876.2180054362892,1227.9324217448652
exp_001,SA_n30_inst2_run0,base,48600,48601,1620.03,0.2985900840139948,61.72901409422881,876.2180054362892,1373.6397422773007
exp_001,SA_n30_inst2_run0,base,48800,48801,1626.7,0.299840833991766,61.72901409422881,876.2180054362892,1494.1387253852263
exp_001,SA_n30_inst2_run0,base,49000,49001,1633.37,0.30121095903450623,61.72901409422881,876.2180054362892,1321.5672539324257
exp_001,SA_n30_inst2_run0,base,49200,49201,1640.03,0.3025870420387946,61.11172395328652,876.2180054362892,1091.4357733144936
exp_001,SA_n30_inst2_run0,base,49400,49401,1646.7,0.3038941250415519,61.11172395328652,876.2180054362892,1316.468860625075
exp_001,SA_n30_inst2_run0,base,49600,49601,1653.37,0.30514770903391764,61.11172395328652,876.2180054362892,1357.900329305346
exp_001,SA_n30_inst2_run0,base,49800,49801,1660.03,0.30649516702396795,61.11172395328652,876.2180054362892,1275.1851842627343
exp_001,SA_n30_inst2_run0,base,50000,50001,1666.7,0.30790741700911894,61.11172395328652,876.2180054362892,1397.2482957510244
exp_001,SA_n30_inst2_run0,base,50000,50001,1666.7,0.30801920901285484,0.00099,876.2180054362892,1397.2482957510244
exp_001,SA_n30_inst2_run1,base,0,1,0.03,1.2909877113997936e-06,100.0,1541.214159096117,1541.214159096117
exp_001,SA_n30_inst2_run1,base,200,201,6.7,0.0012607909739017487,100.0,1166.1051938872915,1403.5982946321208
exp_001,SA_n30_inst2_run1,base,400,401,13.37,0.0024767499999143183,100.0,1036.6476064096212,1230.3075940198466
exp_001,SA_n30_inst2_run1,base,600,601,20.03,0.003686290991026908,100.0,1030.9071195130884,1223.1254739240833
exp_001,SA_n30_inst2_run1,base,800,801,26.7,0.00490904098842293,100.0,1030.9071195130884,1181.0599794069628
exp_001,SA_n30_inst2_run1,base,1000,1001,33.37,0.0061463749734684825,100.0,1030.9071195130884,1336.930291990562
exp_001,SA_n30_inst2_run1,base,1200,1201,40.03,0.007437624968588352,99.0,1030.9071195130884,1341.3591575761536
exp_001,SA_n30_inst2_run1,base,1400,1401,46.7,0.009000333026051521,99.0,1030.9071195130884,1462.0980584350966
exp_001,SA_n30_inst2_run1,base,1600,1601,53.37,0.010245707991998643,99.0,1030.9071195130884,1407.4643506494442
exp_001,SA_n30_inst2_run1,base,1800,1801,60.03,0.01146299997344613,99.0,1030.9071195130884,1325.7294075080426
exp_001,SA_n30_inst2_run1,base,2000,2001,66.7,0.012671625008806586,99.0,1030.9071195130884,1225.9634994618625
exp_001,SA_n30_inst2_run1,base,2200,2201,73.37,0.013892333023250103,98.01,1030.9071195130884,1307.2053788688065
exp_001,SA_n30_inst2_run1,base,2400,2401,80.03,0.0151268329937011,98.01,1030.9071195130884,1504.2142143586357
exp_001,SA_n30_inst2_run1,base,2600,2601,86.7,0.016466250002849847,98.01,1030.9071195130884,1440.2121295443399
exp_001,SA_n30_inst2_run1,base,2800,2801,93.37,0.0179131249897182,98.01,1030.9071195130884,1285.5056811358384
exp_001,SA_n30_inst2_run1,base,3000,3001,100.03,0.01919141598045826,98.01,1030.9071195130884,1360.111047652334
exp_001,SA_n30_inst2_run1,base,3200,3201,106.7,0.0204021250247024,97.0299,1030.9071195130884,1433.0593649700425
exp_001,SA_n30_inst2_run1,base,3400,3401,113.37,0.021616749989334494,97.0299,1030.9071195130884,1242.4100891643222
exp_001,SA_n30_inst2_run1,base,3600,3601,120.03,0.022834707982838154,97.0299,1030.9071195130884,1377.0335813607744
exp_001,SA_n30_inst2_run1,base,3800,3801,126.7,0.02408649999415502,97.0299,1030.9071195130884,1348.5996769875794
exp_001,SA_n30_inst2_run1,base,4000,4001,133.37,0.025460375007241964,97.0299,1001.4302783352401,1159.365962563878
exp_001,SA_n30_inst2_run1,base,4200,4201,140.03,0.026887290994636714,96.059601,1001.4302783352401,1278.2459967723585
exp_001,SA_n30_inst2_run1,base,4400,4401,146.7,0.02822129102423787,96.059601,1001.4302783352401,1360.1770678817022
exp_001,SA_n30_inst2_run1,base,4600,4601,153.37,0.02968304097885266,96.059601,1001.4302783352401,1154.0990419896718
exp_001,SA_n30_inst2_run1,base,4800,4801,160.03,0.03111845802050084,96.059601,1001.4302783352401,1373.9906456297492
exp_001,SA_n30_inst2_run1,base,5000,5001,166.7,0.032563415996264666,96.059601,1001.4302783352401,1155.7543838347597
exp_001,SA_n30_inst2_run1,base,5200,5201,173.37,0.03401870798552409,95.09900499,1001.4302783352401,1262.3192986435902
exp_001,SA_n30_inst2_run1,base,5400,5401,180.03,0.03530649997992441,95.09900499,1001.4302783352401,1362.7701898117741
exp_001,SA_n30_inst2_run1,base,5600,5601,186.7,0.036564707988873124,95.09900499,1001.4302783352401,1380.1095657300953
exp_001,SA_n30_inst2_run1,base,5800,5801,193.37,0.037812208000104874,95.09900499,1001.4302783352401,1210.9725176699883
exp_001,SA_n30_inst2_run1,base,6000,6001,200.03,0.03904895798768848,95.09900499,1001.4302783352401,1156.356929172048
exp_001,SA_n30_inst2_run1,base,6200,6201,206.7,0.04036641598213464,94.1480149401,1001.4302783352401,1373.9360380392993
exp_001,SA_n30_inst2_run1,base,6400,6401,213.37,0.04172716598259285,94.1480149401,1001.4302783352401,1411.1661968029302
exp_001,SA_n30_inst2_run1,base,6600,6601,220.03,0.04310529096983373,94.1480149401,1001.4302783352401,1137.5226983674247
exp_001,SA_n30_inst2_run1,base,6800,6801,226.7,0.044439083023462445,94.1480149401,1001.4302783352401,1363.2070741080213
exp_001,SA_n30_inst2_run1,base,7000,7001,233.37,0.04569624998839572,94.1480149401,1001.4302783352401,1272.5050131932214
exp_001,SA_n30_inst2_run1,base,7200,7201,240.03,0.047002832987345755,93.206534790699,1001.4302783352401,1398.5860792671083
exp_001,SA_n30_inst2_run1,base,7400,7401,246.7,0.04843016597442329,93.206534790699,1001.4302783352401,1351.1816767004757
exp_001,SA_n30_inst2_run1,base,7600,7601,253.37,0.04970949998823926,93.206534790699,1001.4302783352401,1412.7464396677362
exp_001,SA_n30_inst2_run1,base,7800,7801,260.03,0.05122224998194724,93.206534790699,1001.4302783352401,1380.1681045980658
exp_001,SA_n30_inst2_run1,base,8000,8001,266.7,0.052548916020896286,93.206534790699,1001.4302783352401,1461.9699743626916
exp_001,SA_n30_inst2_run1,base,8200,8201,273.37,0.05380608298582956,92.27446944279201,1001.4302783352401,1367.94734149664
exp_001,SA_n30_inst2_run1,base,8400,8401,280.03,0.05504279100568965,92.27446944279201,1001.4302783352401,1337.0383968652031
exp_001,SA_n30_inst2_run1,base,8600,8601,286.7,0.0563036659732461,92.27446944279201,1001.4302783352401,1339.1735995869078
exp_001,SA_n30_inst2_run1,base,8800,8801,293.37,0.05759162502363324,92.27446944279201,1001.4302783352401,1253.2086257133128
exp_001,SA_n30_inst2_run1,base,9000,9001,300.03,0.05890474998159334,92.27446944279201,1001.4302783352401,1217.44296197838
exp_001,SA_n30_inst2_run1,base,9200,9201,306.7,0.06037112500052899,91.35172474836409,1001.4302783352401,1503.7127901948438
exp_001,SA_n30_inst2_run1,base,9400,9401,313.37,0.06164824997540563,91.35172474836409,1001.4302783352401,1450.2287064502525
exp_001,SA_n30_inst2_run1,base,9600,9601,320.03,0.06287541601341218,91.35172474836409,1001.4302783352401,1329.321789740292
exp_001,SA_n30_inst2_run1,base,9800,9801,326.7,0.06415049999486655,91.35172474836409,1001.4302783352401,1299.678855813456
exp_001,SA_n30_inst2_run1,base,10000,10001,333.37,0.06549499998800457,91.35172474836409,1001.4302783352401,1257.3508262342289
exp_001,SA_n30_inst2_run1,base,10200,10201,340.03,0.0668545410153456,90.43820750088045,1001.4302783352401,1332.8530263465104
exp_001,SA_n30_inst2_run1,base,10400,10401,346.7,0.06818937498610467,90.43820750088045,1001.4302783352401,1424.1403650239104
exp_001,SA_n30_inst2_run1,base,10600,10601,353.37,0.06946929101832211,90.43820750088045,1001.4302783352401,1276.6818496303913
exp_001,SA_n30_inst2_run1,base,10800,10801,360.03,0.07069954101461917,90.43820750088045,1001.4302783352401,1391.9461721614205
exp_001,SA_n30_inst2_run1,base,11000,11001,366.7,0.07190779101802036,90.43820750088045,1001.4302783352401,1298.3597658010178
exp_001,SA_n30_inst2_run1,base,11200,11201,373.37,0.07312145800096914,89.53382542587164,1001.4302783352401,1322.7905626627855
exp_001,SA_n30_inst2_run1,base,11400,11401,380.03,0.07432895799865946,89.53382542587164,993.4713660773648,1130.7180086626058
exp_001,SA_n30_inst2_run1,base,11600,11601,386.7,0.07563166599720716,89.53382542587164,993.4713660773648,1403.4798700150432
exp_001,SA_n30_inst2_run1,base,11800,11801,393.37,0.07711229100823402,89.53382542587164,993.4713660773648,1508.4658635961662
exp_001,SA_n30_inst2_run1,base,12000,12001,400.03,0.07836920797126368,89.53382542587164,993.4713660773648,1327.3458869273331
exp_001,SA_n30_inst2_run1,base,12200,12201,406.7,0.07960325002204627,88.63848717161292,993.4713660773648,1343.8394975563988
exp_001,SA_n30_inst2_run1,base,12400,12401,413.37,0.08100524998735636,88.63848717161292,993.4713660773648,1222.9019230345928
exp_001,SA_n30_inst2_run1,base,12600,12601,420.03,0.08228195802075788,88.63848717161292,993.4713660773648,1202.2507847603574
exp_001,SA_n30_inst2_run1,base,12800,12801,426.7,0.08356983301928267,88.63848717161292,993.4713660773648,1228.0948173003992
exp_001,SA_n30_inst2_run1,base,13000,13001,433.37,0.08482429099967703,88.63848717161292,993.4713660773648,1421.7105170588236
exp_001,SA_n30_inst2_run1,base,13200,13201,440.03,0.0860505829914473,87.75210229989679,993.4713660773648,1398.1409411222032
exp_001,SA_n30_inst2_run1,base,13400,13401,446.7,0.08731033297954127,87.75210229989679,993.4713660773648,1199.5299067739245
exp_001,SA_n30_inst2_run1,base,13600,13601,453.37,0.08853512501809746,87.75210229989679,993.4713660773648,1270.399561836527
exp_001,SA_n30_inst2_run1,base,13800,13801,460.03,0.08980441599851474,87.75210229989679,993.4713660773648,1394.056939735672
exp_001,SA_n30_inst2_run1,base,14000,14001,466.7,0.09114037500694394,87.75210229989679,993.4713660773648,1438.2688277381453
exp_001,SA_n30_inst2_run1,base,14200,14201,473.37,0.09239129099296406,86.87458127689783,993.4713660773648,1393.2430815319353
exp_001,SA_n30_inst2_run1,base,14400,14401,480.03,0.09370070800650865,86.87458127689783,993.4713660773648,1116.5661837378943
exp_001,SA_n30_inst2_run1,base,14600,14601,486.7,0.09505275002447888,86.87458127689783,993.4713660773648,1381.7554392223835
exp_001,SA_n30_inst2_run1,base,14800,14801,493.37,0.09633133298484609,86.87458127689783,993.4713660773648,1340.9269594465554
exp_001,SA_n30_inst2_run1,base,15000,15001,500.03,0.0976472080219537,86.87458127689783,993.4713660773648,1241.0297709352883
exp_001,SA_n30_inst2_run1,base,15200,15201,506.7,0.09890570800052956,86.00583546412885,993.4713660773648,1194.1950885336998
exp_001,SA_n30_inst2_run1,base,15400,15401,513.37,0.10030824999557808,86.00583546412885,955.494789789244,1430.8024604373
exp_001,SA_n30_inst2_run1,base,15600,15601,520.03,0.1016330830170773,86.00583546412885,955.494789789244,1274.301562241718
exp_001,SA_n30_inst2_run1,base,15800,15801,526.7,0.10287591599626467,86.00583546412885,955.494789789244,1421.9136550205583
exp_001,SA_n30_inst2_run1,base,16000,16001,533.37,0.10409450001316145,86.00583546412885,955.494789789244,1283.3260308833178
exp_001,SA_n30_inst2_run1,base,16200,16201,540.03,0.10531000001356006,85.14577710948755,955.494789789244,1155.9290972400343
exp_001,SA_n30_inst2_run1,base,16400,16401,546.7,0.10654950002208352,85.14577710948755,955.494789789244,1150.9732816054125
exp_001,SA_n30_inst2_run1,base,16600,16601,553.37,0.10776858299504966,85.14577710948755,955.494789789244,1264.8043836865256
exp_001,SA_n30_inst2_run1,base,16800,16801,560.03,0.1089948330190964,85.14577710948755,955.494789789244,1489.2282682589373
exp_001,SA_n30_inst2_run1,base,17000,17001,566.7,0.11031420802464709,85.14577710948755,955.494789789244,1110.3132235207697
exp_001,SA_n30_inst2_run1,base,17200,17201,573.37,0.11180841602617875,84.29431933839268,955.494789789244,1382.032099509277
exp_001,SA_n30_inst2_run1,base,17400,17401,580.03,0.11326658300822601,84.29431933839268,955.494789789244,1305.2250755223045
exp_001,SA_n30_inst2_run1,base,17600,17601,586.7,0.11459329101489857,84.29431933839268,955.494789789244,1416.9626753233244
exp_001,SA_n30_inst2_run1,base,17800,17801,593.37,0.1159252499928698,84.29431933839268,955.494789789244,1417.076833806624
exp_001,SA_n30_inst2_run1,base,18000,18001,600.03,0.11727641598554328,84.29431933839268,955.494789789244,1242.0308335948848
exp_001,SA_n30_inst2_run1,base,18200,18201,606.7,0.11854566598776728,83.45137614500875,955.494789789244,1185.0493847209134
exp_001,SA_n30_inst2_run1,base,18400,18401,613.37,0.119782000023406,83.45137614500875,955.494789789244,1407.062783095559
exp_001,SA_n30_inst2_run1,base,18600,18601,620.03,0.12101349997101352,83.45137614500875,955.494789789244,1248.2118220846617
exp_001,SA_n30_inst2_run1,base,18800,18801,626.7,0.12225079099880531,83.45137614500875,955.494789789244,1181.510197070417
exp_001,SA_n30_inst2_run1,base,19000,19001,633.37,0.12347829097416252,83.45137614500875,955.494789789244,1359.965707983722
exp_001,SA_n30_inst2_run1,base,19200,19201,640.03,0.12467549997381866,82.61686238355867,955.494789789244,1318.8834442503935
exp_001,SA_n30_inst2_run1,base,19400,19401,646.7,0.12597983301384374,82.61686238355867,955.494789789244,1378.120090118488
exp_001,SA_n30_inst2_run1,base,19600,19601,653.37,0.1274061250151135,82.61686238355867,955.494789789244,1207.5512137528783
exp_001,SA_n30_inst2_run1,base,19800,19801,660.03,0.12874120799824595,82.61686238355867,955.494789789244,1454.0790847280698
exp_001,SA_n30_inst2_run1,base,20000,20001,666.7,0.1300376249710098,82.61686238355867,955.494789789244,1264.0046308941235
exp_001,SA_n30_inst2_run1,base,20200,20201,673.37,0.1313618749845773,81.79069375972308,955.494789789244,1174.5381465323783
exp_001,SA_n30_inst2_run1,base,20400,20401,680.03,0.13262158300494775,81.79069375972308,955.494789789244,1365.1047377598227
exp_001,SA_n30_inst2_run1,base,20600,20601,686.7,0.13396779098547995,81.79069375972308,955.494789789244,1261.8838877105047
exp_001,SA_n30_inst2_run1,base,20800,20801,693.37,0.13523037498816848,81.79069375972308,955.494789789244,1351.755974730347
exp_001,SA_n30_inst2_run1,base,21000,21001,700.03,0.13645724998787045,81.79069375972308,955.494789789244,1526.64351673283
exp_001,SA_n30_inst2_run1,base,21200,21201,706.7,0.13766970799770206,80.97278682212585,955.494789789244,1152.508405177224
exp_001,SA_n30_inst2_run1,base,21400,21401,713.37,0.13889587501762435,80.97278682212585,955.494789789244,1444.8410682670963
exp_001,SA_n30_inst2_run1,base,21600,21601,720.03,0.14011766598559916,80.97278682212585,955.494789789244,1462.6835535654245
exp_001,SA_n30_inst2_run1,base,21800,21801,726.7,0.14137812500121072,80.97278682212585,955.494789789244,1269.7023488325904
exp_001,SA_n30_inst2_run1,base,22000,22001,733.37,0.14274841599399224,80.97278682212585,955.494789789244,1505.7332777592103
exp_001,SA_n30_inst2_run1,base,22200,22201,740.03,0.14406154101016,80.1630589539046,955.494789789244,1308.0036371238498
exp_001,SA_n30_inst2_run1,base,22400,22401,746.7,0.14536483300616965,80.1630589539046,955.494789789244,1440.60712385176
exp_001,SA_n30_inst2_run1,base,22600,22601,753.37,0.14664070797152817,80.1630589539046,955.494789789244,1137.522725046342
exp_001,SA_n30_inst2_run1,base,22800,22801,760.03,0.14794704096857458,80.1630589539046,955.494789789244,1491.268043956688
exp_001,SA_n30_inst2_run1,base,23000,23001,766.7,0.15007966599659994,80.1630589539046,955.494789789244,1336.6223992650876
exp_001,SA_n30_inst2_run1,base,23200,23201,773.37,0.15135320799890906,79.36142836436555,955.494789789244,1458.9844887546938
exp_001,SA_n30_inst2_run1,base,23400,23401,780.03,0.15257625002413988,79.36142836436555,955.494789789244,1109.6941077141112
exp_001,SA_n30_inst2_run1,base,23600,23601,786.7,0.15378629101905972,79.36142836436555,955.494789789244,1114.8048426313294
exp_001,SA_n30_inst2_run1,base,23800,23801,793.37,0.15498741599731147,79.36142836436555,955.494789789244,1275.4881965992556
exp_001,SA_n30_inst2_run1,base,24000,24001,800.03,0.1561882909736596,79.36142836436555,955.494789789244,1227.7453206927305
exp_001,SA_n30_inst2_run1,base,24200,24201,806.7,0.15741783299017698,78.56781408072189,955.494789789244,1251.6073751634092
exp_001,SA_n30_inst2_run1,base,24400,24401,813.37,0.15864491602405906,78.56781408072189,955.494789789244,1399.9250634525938
exp_001,SA_n30_inst2_run1,base,24600,24601,820.03,0.16004337498452514,78.56781408072189,955.494789789244,1426.4061893041574
exp_001,SA_n30_inst2_run1,base,24800,24801,826.7,0.16140433301916346,78.56781408072189,955.494789789244,1439.7518944711119
exp_001,SA_n30_inst2_run1,base,25000,25001,833.37,0.16275029099779204,78.56781408072189,955.494789789244,1521.2515724073908
exp_001,SA_n30_inst2_run1,base,25200,25201,840.03,0.16406087501673028,77.78213593991467,955.494789789244,1210.5402224099953
exp_001,SA_n30_inst2_run1,base,25400,25401,846.7,0.16530762502225116,77.78213593991467,955.494789789244,1279.8292597721847
exp_001,SA_n30_inst2_run1,base,25600,25601,853.37,0.16659237502608448,77.78213593991467,955.494789789244,1343.0144143289124
exp_001,SA_n30_inst2_run1,base,25800,25801,860.03,0.16790083301020786,77.78213593991467,955.494789789244,1324.977533446295
exp_001,SA_n30_inst2_run1,base,26000,26001,866.7,0.169147124979645,77.78213593991467,955.494789789244,1185.235906969015
exp_001,SA_n30_inst2_run1,base,26200,26201,873.37,0.17042425001272932,77.00431458051553,951.1870550216715,1439.7654772924923
exp_001,SA_n30_inst2_run1,base,26400,26401,880.03,0.1716899159946479,77.00431458051553,951.1870550216715,1267.4554131082286
exp_001,SA_n30_inst2_run1,base,26600,26601,886.7,0.17290358297759667,77.00431458051553,951.1870550216715,1427.5190405338521
exp_001,SA_n30_inst2_run1,base,26800,26801,893.37,0.17417854099767283,77.00431458051553,951.1870550216715,1209.2677570304509
exp_001,SA_n30_inst2_run1,base,27000,27001,900.03,0.17549250001320615,77.00431458051553,951.1870550216715,1339.143113499539
exp_001,SA_n30_inst2_run1,base,27200,27201,906.7,0.1768411659868434,76.23427143471037,951.1870550216715,1642.3940978080207
exp_001,SA_n30_inst2_run1,base,27400,27401,913.37,0.17814274999545887,76.23427143471037,951.1870550216715,1450.1377562263738
exp_001,SA_n30_inst2_run1,base,27600,27601,920.03,0.179405166010838,76.23427143471037,951.1870550216715,1383.0294023953184
exp_001,SA_n30_inst2_run1,base,27800,27801,926.7,0.18070383300073445,76.23427143471037,951.1870550216715,1399.2167372134888
exp_001,SA_n30_inst2_run1,base,28000,28001,933.37,0.1820379159762524,76.23427143471037,951.1870550216715,1190.6754104628753
exp_001,SA_n30_inst2_run1,base,28200,28201,940.03,0.18333341600373387,75.47192872036327,951.1870550216715,1404.0494513707984
exp_001,SA_n30_inst2_run1,base,28400,28401,946.7,0.18457629100885242,75.47192872036327,951.1870550216715,1368.7259278069475
exp_001,SA_n30_inst2_run1,base,28600,28601,953.37,0.18578150001121685,75.47192872036327,951.1870550216715,1343.327116447059
exp_001,SA_n30_inst2_run1,base,28800,28801,960.03,0.18699929100694135,75.47192872036327,951.1870550216715,1282.948690051438
exp_001,SA_n30_inst2_run1,base,29000,29001,966.7,0.18821154098259285,75.47192872036327,951.1870550216715,1401.165243881952
exp_001,SA_n30_inst2_run1,base,29200,29201,973.37,0.18941520800581202,74.71720943315964,951.1870550216715,1296.7289583278184
exp_001,SA_n30_inst2_run1,base,29400,29401,980.03,0.19065545802004635,74.71720943315964,940.7112464531039,1336.4918234213837
exp_001,SA_n30_inst2_run1,base,29600,29601,986.7,0.19197924999753013,74.71720943315964,940.7112464531039,1399.8551601591132
exp_001,SA_n30_inst2_run1,base,29800,29801,993.37,0.19333854102296755,74.71720943315964,940.7112464531039,1176.696468350341
exp_001,SA_n30_inst2_run1,base,30000,30001,1000.03,0.1946302080177702,74.71720943315964,940.7112464531039,1146.1573338139121
exp_001,SA_n30_inst2_run1,base,30200,30201,1006.7,0.19598679098999128,73.97003733882804,940.7112464531039,1387.1271205731034
exp_001,SA_n30_inst2_run1,base,30400,30401,1013.37,0.19744158297544345,73.97003733882804,940.7112464531039,1368.3567258584465
exp_001,SA_n30_inst2_run1,base,30600,30601,1020.03,0.19868724996922538,73.97003733882804,940.7112464531039,1219.282385192193
exp_001,SA_n30_inst2_run1,base,30800,30801,1026.7,0.20027583301998675,73.97003733882804,940.7112464531039,1165.1040952634116
exp_001,SA_n30_inst2_run1,base,31000,31001,1033.37,0.20158920797985047,73.97003733882804,940.7112464531039,1287.2297189740236
exp_001,SA_n30_inst2_run1,base,31200,31201,1040.03,0.20283058297354728,73.23033696543976,940.7112464531039,1397.0232777948115
exp_001,SA_n30_inst2_run1,base,31400,31401,1046.7,0.2040592500125058,73.23033696543976,940.7112464531039,1134.088285032169
exp_001,SA_n30_inst2_run1,base,31600,31601,1053.37,0.20526812499156222,73.23033696543976,940.7112464531039,1283.234431453936
exp_001,SA_n30_inst2_run1,base,31800,31801,1060.03,0.206490374985151,73.23033696543976,940.7112464531039,1082.641253858671
exp_001,SA_n30_inst2_run1,base,32000,32001,1066.7,0.20775045797927305,73.23033696543976,940.7112464531039,1239.1320282258826
exp_001,SA_n30_inst2_run1,base,32200,32201,1073.37,0.20906349999131635,72.49803359578536,940.7112464531039,1392.3397789798
exp_001,SA_n30_inst2_run1,base,32400,32401,1080.03,0.2103620829875581,72.49803359578536,940.7112464531039,1128.4775881541646
exp_001,SA_n30_inst2_run1,base,32600,32601,1086.7,0.21159095800248906,72.49803359578536,940.7112464531039,1222.224018928139
exp_001,SA_n30_inst2_run1,base,32800,32801,1093.37,0.2128060829709284,72.49803359578536,940.7112464531039,1208.2522819238345
exp_001,SA_n30_inst2_run1,base,33000,33001,1100.03,0.21406562498304993,72.49803359578536,940.7112464531039,1318.5942052948492
exp_001,SA_n30_inst2_run1,base,33200,33201,1106.7,0.2153787079732865,71.7730532598275,921.6861254535129,1232.3956546289658
exp_001,SA_n30_inst2_run1,base,33400,33401,1113.37,0.21681299997726455,71.7730532598275,921.6861254535129,1058.253719282438
exp_001,SA_n30_inst2_run1,base,33600,33601,1120.03,0.21809879102511331,71.7730532598275,921.6861254535129,1379.363313580071
exp_001,SA_n30_inst2_run1,base,33800,33801,1126.7,0.21933879097923636,71.7730532598275,921.6861254535129,1419.6456532145382
exp_001,SA_n30_inst2_run1,base,34000,34001,1133.37,0.2205528750200756,71.7730532598275,921.6861254535129,1272.6028103687872
exp_001,SA_n30_inst2_run1,base,34200,34201,1140.03,0.22176929097622633,71.05532272722922,921.6861254535129,1263.77743975732
exp_001,SA_n30_inst2_run1,base,34400,34401,1146.7,0.22298187500564381,71.05532272722922,921.6861254535129,1319.6572743029446
exp_001,SA_n30_inst2_run1,base,34600,34601,1153.37,0.22419266600627452,71.05532272722922,921.6861254535129,1451.6027929493268
exp_001,SA_n30_inst2_run1,base,34800,34801,1160.03,0.22544112498871982,71.05532272722922,921.6861254535129,1294.799199714036
exp_001,SA_n30_inst2_run1,base,35000,35001,1166.7,0.22691233298974112,71.05532272722922,921.6861254535129,1197.716454308666
exp_001,SA_n30_inst2_run1,base,35200,35201,1173.37,0.22818274999735877,70.34476949995693,921.6861254535129,1288.2047807111503
exp_001,SA_n30_inst2_run1,base,35400,35401,1180.03,0.2294014579965733,70.34476949995693,921.6861254535129,1211.2304027246917
exp_001,SA_n30_inst2_run1,base,35600,35601,1186.7,0.2306231660186313,70.34476949995693,921.6861254535129,1097.3517165204885
exp_001,SA_n30_inst2_run1,base,35800,35801,1193.37,0.23184079100610688,70.34476949995693,921.6861254535129,1195.544963451362
exp_001,SA_n30_inst2_run1,base,36000,36001,1200.03,0.2330785000231117,70.34476949995693,921.6861254535129,1248.646499605073
exp_001,SA_n30_inst2_run1,base,36200,36201,1206.7,0.23430616600671783,69.64132180495736,921.6861254535129,1288.632130296766
exp_001,SA_n30_inst2_run1,base,36400,36401,1213.37,0.2355119159910828,69.64132180495736,921.6861254535129,1360.4718193082415
exp_001,SA_n30_inst2_run1,base,36600,36601,1220.03,0.23673000000417233,69.64132180495736,921.6861254535129,1463.1426933371301
exp_001,SA_n30_inst2_run1,base,36800,36801,1226.7,0.23792545800097287,69.64132180495736,921.6861254535129,1422.7591507813586
exp_001,SA_n30_inst2_run1,base,37000,37001,1233.37,0.23912974999984726,69.64132180495736,921.6861254535129,1247.3368376151614
exp_001,SA_n30_inst2_run1,base,37200,37201,1240.03,0.24031750002177432,68.94490858690779,921.6861254535129,1305.5843377722665
exp_001,SA_n30_inst2_run1,base,37400,37401,1246.7,0.24160429101902992,68.94490858690779,921.6861254535129,1433.048432233312
exp_001,SA_n30_inst2_run1,base,37600,37601,1253.37,0.24310974997933954,68.94490858690779,921.6861254535129,1019.6570620955447
exp_001,SA_n30_inst2_run1,base,37800,37801,1260.03,0.2443624580046162,68.94490858690779,921.6861254535129,1221.5748260756711
exp_001,SA_n30_inst2_run1,base,38000,38001,1266.7,0.24557324999477714,68.94490858690779,921.6861254535129,1245.1956963266666
exp_001,SA_n30_inst2_run1,base,38200,38201,1273.37,0.24683616601396352,68.25545950103871,921.6861254535129,1283.230739355529
exp_001,SA_n30_inst2_run1,base,38400,38401,1280.03,0.2481616250006482,68.25545950103871,921.6861254535129,1351.1068464487819
exp_001,SA_n30_inst2_run1,base,38600,38601,1286.7,0.24971483298577368,68.25545950103871,921.6861254535129,1227.5929948523808
exp_001,SA_n30_inst2_run1,base,38800,38801,1293.37,0.2510667910100892,68.25545950103871,921.6861254535129,1345.8386766761573
exp_001,SA_n30_inst2_run1,base,39000,39001,1300.03,0.2523192500229925,68.25545950103871,921.6861254535129,1017.9674853219817
exp_001,SA_n30_inst2_run1,base,39200,39201,1306.7,0.2535503329709172,67.57290490602833,921.6861254535129,1394.4604884523872
exp_001,SA_n30_inst2_run1,base,39400,39401,1313.37,0.25476491602603346,67.57290490602833,921.6861254535129,1303.2026463643017
exp_001,SA_n30_inst2_run1,base,39600,39601,1320.03,0.2559591659810394,67.57290490602833,921.6861254535129,1156.4122039820093
exp_001,SA_n30_inst2_run1,base,39800,39801,1326.7,0.257200957974419,67.57290490602833,921.6861254535129,1481.805478525516
exp_001,SA_n30_inst2_run1,base,40000,40001,1333.37,0.2587354999850504,67.57290490602833,921.6861254535129,1135.6500001574063
exp_001,SA_n30_inst2_run1,base,40200,40201,1340.03,0.26014779100660235,66.89717585696805,921.6861254535129,1480.1639141488427
exp_001,SA_n30_inst2_run1,base,40400,40401,1346.7,0.2614053330034949,66.89717585696805,921.6861254535129,1458.9751861366492
exp_001,SA_n30_inst2_run1,base,40600,40601,1353.37,0.26271587499650195,66.89717585696805,921.6861254535129,1232.235627488663
exp_001,SA_n30_inst2_run1,base,40800,40801,1360.03,0.2640686249942519,66.89717585696805,921.6861254535129,1470.8369464449079
exp_001,SA_n30_inst2_run1,base,41000,41001,1366.7,0.2653799160034396,66.89717585696805,921.6861254535129,1201.5409515425379
exp_001,SA_n30_inst2_run1,base,41200,41201,1373.37,0.26707845798227936,66.22820409839836,921.6861254535129,1219.595517775393
exp_001,SA_n30_inst2_run1,base,41400,41401,1380.03,0.2684454579721205,66.22820409839836,921.6861254535129,1327.9264414119689
exp_001,SA_n30_inst2_run1,base,41600,41601,1386.7,0.2697314160177484,66.22820409839836,921.6861254535129,1172.6502671814487
exp_001,SA_n30_inst2_run1,base,41800,41801,1393.37,0.27095699997153133,66.22820409839836,921.6861254535129,1208.595812693023
exp_001,SA_n30_inst2_run1,base,42000,42001,1400.03,0.27231400000164285,66.22820409839836,921.6861254535129,1322.185651208533
exp_001,SA_n30_inst2_run1,base,42200,42201,1406.7,0.273682540981099,65.56592205741438,921.6861254535129,1394.2737862747556
exp_001,SA_n30_inst2_run1,base,42400,42401,1413.37,0.27515724999830127,65.56592205741438,921.6861254535129,1202.0092767762005
exp_001,SA_n30_inst2_run1,base,42600,42601,1420.03,0.2766092079691589,65.56592205741438,921.6861254535129,1254.1709135893266
exp_001,SA_n30_inst2_run1,base,42800,42801,1426.7,0.2778641249751672,65.56592205741438,921.6861254535129,1142.497691761919
exp_001,SA_n30_inst2_run1,base,43000,43001,1433.37,0.27911633299663663,65.56592205741438,921.6861254535129,1298.8334313211872
exp_001,SA_n30_inst2_run1,base,43200,43201,1440.03,0.2806134159909561,64.91026283684023,921.6861254535129,1320.2289256117458
exp_001,SA_n30_inst2_run1,base,43400,43401,1446.7,0.28197808301774785,64.91026283684023,921.6861254535129,1388.592145797007
exp_001,SA_n30_inst2_run1,base,43600,43601,1453.37,0.2836377909989096,64.91026283684023,921.6861254535129,1338.2574012928774
exp_001,SA_n30_inst2_run1,base,43800,43801,1460.03,0.28498599998420104,64.91026283684023,921.6861254535129,1263.4270206938252
exp_001,SA_n30_inst2_run1,base,44000,44001,1466.7,0.28624479100108147,64.91026283684023,921.6861254535129,1351.6404327042137
exp_001,SA_n30_inst2_run1,base,44200,44201,1473.37,0.28745583299314603,64.26116020847184,921.6861254535129,1248.6033528170944
exp_001,SA_n30_inst2_run1,base,44400,44401,1480.03,0.2886657909839414,64.26116020847184,921.6861254535129,1284.5045363673482
exp_001,SA_n30_inst2_run1,base,44600,44601,1486.7,0.2899399580201134,64.26116020847184,921.6861254535129,1140.3300673822803
exp_001,SA_n30_inst2_run1,base,44800,44801,1493.37,0.29152687499299645,64.26116020847184,921.6861254535129,1376.126187463802
exp_001,SA_n30_inst2_run1,base,45000,45001,1500.03,0.2928472909843549,64.26116020847184,921.6861254535129,1221.298372516389
exp_001,SA_n30_inst2_run1,base,45200,45201,1506.7,0.2940698330057785,63.618548606387115,921.6861254535129,1096.8787884026563
exp_001,SA_n30_inst2_run1,base,45400,45401,1513.37,0.29531366599258035,63.618548606387115,921.6861254535129,1306.5510678315777
exp_001,SA_n30_inst2_run1,base,45600,45601,1520.03,0.29670591600006446,63.618548606387115,921.6861254535129,1224.7012113463193
exp_001,SA_n30_inst2_run1,base,45800,45801,1526.7,0.2979529579752125,63.618548606387115,921.6861254535129,1051.9040722128846
exp_001,SA_n30_inst2_run1,base,46000,46001,1533.37,0.2993527909857221,63.618548606387115,921.6861254535129,1206.4274279586139
exp_001,SA_n30_inst2_run1,base,46200,46201,1540.03,0.3006677500088699,62.98236312032324,921.6861254535129,1168.566133599631
exp_001,SA_n30_inst2_run1,base,46400,46401,1546.7,0.301887915993575,62.98236312032324,921.6861254535129,1195.112690927463
exp_001,SA_n30_inst2_run1,base,46600,46601,1553.37,0.3031102910172194,62.98236312032324,921.6861254535129,1297.3168794661958
exp_001,SA_n30_inst2_run1,base,46800,46801,1560.03,0.3043053330038674,62.98236312032324,921.6861254535129,1160.8328239119346
exp_001,SA_n30_inst2_run1,base,47000,47001,1566.7,0.3054938329732977,62.98236312032324,921.6861254535129,1175.4226910535513
exp_001,SA_n30_inst2_run1,base,47200,47201,1573.37,0.3066827079746872,62.35253948912001,921.6861254535129,1138.9846607894206
exp_001,SA_n30_inst2_run1,base,47400,47401,1580.03,0.30788362497696653,62.35253948912001,921.6861254535129,1098.1420098249016
exp_001,SA_n30_inst2_run1,base,47600,47601,1586.7,0.30921287497039884,62.35253948912001,921.6861254535129,1368.3763971295982
exp_001,SA_n30_inst2_run1,base,47800,47801,1593.37,0.3106521660229191,62.35253948912001,921.6861254535129,946.3371098801914
exp_001,SA_n30_inst2_run1,base,48000,48001,1600.03,0.31197649997193366,62.35253948912001,921.6861254535129,1298.5584192913782
exp_001,SA_n30_inst2_run1,base,48200,48201,1606.7,0.313276415981818,61.72901409422881,921.6861254535129,1259.804229058539
exp_001,SA_n30_inst2_run1,base,48400,48401,1613.37,0.31460308301029727,61.72901409422881,875.0576376139417,1418.5836779895549
exp_001,SA_n30_inst2_run1,base,48600,48601,1620.03,0.31597895798040554,61.72901409422881,875.0576376139417,1277.1264194464407
exp_001,SA_n30_inst2_run1,base,48800,48801,1626.7,0.31724316597683355,61.72901409422881,875.0576376139417,1316.580138861163
exp_001,SA_n30_inst2_run1,base,49000,49001,1633.37,0.3184738749987446,61.72901409422881,875.0576376139417,1201.3390089859454
exp_001,SA_n30_inst2_run1,base,49200,49201,1640.03,0.31968324998160824,61.11172395328652,875.0576376139417,1310.6427098390907
exp_001,SA_n30_inst2_run1,base,49400,49401,1646.7,0.3208855830016546,61.11172395328652,875.0576376139417,1314.990816237569
exp_001,SA_n30_inst2_run1,base,49600,49601,1653.37,0.322066624998115,61.11172395328652,875.0576376139417,1362.1518476949846
exp_001,SA_n30_inst2_run1,base,49800,49801,1660.03,0.32326108298730105,61.11172395328652,875.0576376139417,1292.9872731636628
exp_001,SA_n30_inst2_run1,base,50000,50001,1666.7,0.3244558330043219,61.11172395328652,875.0576376139417,1232.0886349395375
exp_001,SA_n30_inst2_run1,base,50000,50001,1666.7,0.32453066599555314,0.00099,875.0576376139417,1232.0886349395375
exp_001,SA_n30_inst2_run2,base,0,1,0.03,1.4170072972774506e-06,100.0,1412.4814021822174,1412.4814021822174
exp_001,SA_n30_inst2_run2,base,200,201,6.7,0.0012590420083142817,100.0,1069.2470572336833,1418.5718864579108
exp_001,SA_n30_inst2_run2,base,400,401,13.37,0.0026762919733300805,100.0,1069.2470572336833,1420.407211392352
exp_001,SA_n30_inst2_run2,base,600,601,20.03,0.003956999978981912,100.0,1065.4635614604308,1277.8077027821414
exp_001,SA_n30_inst2_run2,base,800,801,26.7,0.005422750022262335,100.0,1065.4635614604308,1423.4318491017848
exp_001,SA_n30_inst2_run2,base,1000,1001,33.37,0.006791291991248727,100.0,1065.4635614604308,1314.485645335404
exp_001,SA_n30_inst2_run2,base,1200,1201,40.03,0.008043874986469746,99.0,1065.4635614604308,1292.6916900582946
exp_001,SA_n30_inst2_run2,base,1400,1401,46.7,0.009632957982830703,99.0,987.8264819316028,1212.4217151531932
exp_001,SA_n30_inst2_run2,base,1600,1601,53.37,0.010905582981649786,99.0,987.8264819316028,1307.6666974061209
exp_001,SA_n30_inst2_run2,base,1800,1801,60.03,0.012129749986343086,99.0,987.8264819316028,1315.2837195217355
exp_001,SA_n30_inst2_run2,base,2000,2001,66.7,0.013353292015381157,99.0,987.8264819316028,1381.004830103424
exp_001,SA_n30_inst2_run2,base,2200,2201,73.37,0.014620582980569452,98.01,987.8264819316028,1265.8240845450423
exp_001,SA_n30_inst2_run2,base,2400,2401,80.03,0.01587029197253287,98.01,987.8264819316028,1474.8474199183804
exp_001,SA_n30_inst2_run2,base,2600,2601,86.7,0.01719041698379442,98.01,987.8264819316028,1280.898006472003
exp_001,SA_n30_inst2_run2,base,2800,2801,93.37,0.018660624977201223,98.01,987.8264819316028,1223.9997761088832
exp_001,SA_n30_inst2_run2,base,3000,3001,100.03,0.019945541978813708,98.01,987.8264819316028,1253.1146098002382
exp_001,SA_n30_inst2_run2,base,3200,3201,106.7,0.021309125004336238,97.0299,987.8264819316028,1263.7099871710514
exp_001,SA_n30_inst2_run2,base,3400,3401,113.37,0.022775874997023493,97.0299,987.8264819316028,1295.9729865975878
exp_001,SA_n30_inst2_run2,base,3600,3601,120.03,0.024419041990768164,97.0299,987.8264819316028,1277.3928664204989
exp_001,SA_n30_inst2_run2,base,3800,3801,126.7,0.025906457973178476,97.0299,987.8264819316028,1431.57264090807
exp_001,SA_n30_inst2_run2,base,4000,4001,133.37,0.027224207995459437,97.0299,987.8264819316028,1446.284695593212
exp_001,SA_n30_inst2_run2,base,4200,4201,140.03,0.028500167012680322,96.059601,987.8264819316028,1417.7527390699477
exp_001,SA_n30_inst2_run2,base,4400,4401,146.7,0.029764458013232797,96.059601,987.8264819316028,1483.4564545491694
exp_001,SA_n30_inst2_run2,base,4600,4601,153.37,0.031036583008244634,96.059601,987.8264819316028,1310.0241155203441
exp_001,SA_n30_inst2_run2,base,4800,4801,160.03,0.03238287498243153,96.059601,987.8264819316028,1250.4948623771274
exp_001,SA_n30_inst2_run2,base,5000,5001,166.7,0.03380745800677687,96.059601,987.8264819316028,1366.8765346821024
exp_001,SA_n30_inst2_run2,base,5200,5201,173.37,0.035071375023107976,95.09900499,987.8264819316028,1437.3960743820603
exp_001,SA_n30_inst2_run2,base,5400,5401,180.03,0.03631337499246001,95.09900499,987.8264819316028,1441.8636536141937
exp_001,SA_n30_inst2_run2,base,5600,5601,186.7,0.037615208013448864,95.09900499,987.8264819316028,1574.6528678399745
exp_001,SA_n30_inst2_run2,base,5800,5801,193.37,0.03909058298449963,95.09900499,987.8264819316028,1433.343117043963
exp_001,SA_n30_inst2_run2,base,6000,6001,200.03,0.04042837501037866,95.09900499,987.8264819316028,1195.0758790975021
exp_001,SA_n30_inst2_run2,base,6200,6201,206.7,0.041856749972794205,94.1480149401,987.8264819316028,1331.4629741600995
exp_001,SA_n30_inst2_run2,base,6400,6401,213.37,0.04317341698333621,94.1480149401,987.8264819316028,1239.2167508656821
exp_001,SA_n30_inst2_run2,base,6600,6601,220.03,0.04442541697062552,94.1480149401,987.8264819316028,1490.701942478753
exp_001,SA_n30_inst2_run2,base,6800,6801,226.7,0.045659499999601394,94.1480149401,987.8264819316028,1351.1151520673238
exp_001,SA_n30_inst2_run2,base,7000,7001,233.37,0.046869541984051466,94.1480149401,987.8264819316028,1360.713938634496
exp_001,SA_n30_inst2_run2,base,7200,7201,240.03,0.04810279200319201,93.206534790699,987.8264819316028,1062.4398837713097
exp_001,SA_n30_inst2_run2,base,7400,7401,246.7,0.04937883297679946,93.206534790699,987.8264819316028,1286.659752078624
exp_001,SA_n30_inst2_run2,base,7600,7601,253.37,0.05087195796659216,93.206534790699,987.8264819316028,1205.440269615767
exp_001,SA_n30_inst2_run2,base,7800,7801,260.03,0.052156042016576976,93.206534790699,923.8723762958006,1283.0294382765592
exp_001,SA_n30_inst2_run2,base,8000,8001,266.7,0.05345349997514859,93.206534790699,923.8723762958006,1250.8706895358075
exp_001,SA_n30_inst2_run2,base,8200,8201,273.37,0.05507095798384398,92.27446944279201,923.8723762958006,1222.5685767173643
exp_001,SA_n30_inst2_run2,base,8400,8401,280.03,0.056366292003076524,92.27446944279201,923.8723762958006,1124.8359152988987
exp_001,SA_n30_inst2_run2,base,8600,8601,286.7,0.057602374989073724,92.27446944279201,923.8723762958006,1311.8714719026052
exp_001,SA_n30_inst2_run2,base,8800,8801,293.37,0.05911058298079297,92.27446944279201,923.8723762958006,1143.9343727232322
exp_001,SA_n30_inst2_run2,base,9000,9001,300.03,0.06037879199720919,92.27446944279201,923.8723762958006,1249.1086745729529
exp_001,SA_n30_inst2_run2,base,9200,9201,306.7,0.06159887497778982,91.35172474836409,923.8723762958006,1284.1844408852853
exp_001,SA_n30_inst2_run2,base,9400,9401,313.37,0.06297462497605011,91.35172474836409,923.8723762958006,1276.9379575427147
exp_001,SA_n30_inst2_run2,base,9600,9601,320.03,0.06444079201901332,91.35172474836409,923.8723762958006,1310.5513108453256
exp_001,SA_n30_inst2_run2,base,9800,9801,326.7,0.06569804198807105,91.35172474836409,923.8723762958006,1328.581733996072
exp_001,SA_n30_inst2_run2,base,10000,10001,333.37,0.06697929196525365,91.35172474836409,923.8723762958006,1409.3258231548953
exp_001,SA_n30_inst2_run2,base,10200,10201,340.03,0.06851429201196879,90.43820750088045,923.8723762958006,1255.6965193284766
exp_001,SA_n30_inst2_run2,base,10400,10401,346.7,0.06983375002164394,90.43820750088045,923.8723762958006,1312.9397644661613
exp_001,SA_n30_inst2_run2,base,10600,10601,353.37,0.07144287502160296,90.43820750088045,923.8723762958006,1318.3371824974613
exp_001,SA_n30_inst2_run2,base,10800,10801,360.03,0.07280437496956438,90.43820750088045,923.8723762958006,1277.0567586686614
exp_001,SA_n30_inst2_run2,base,11000,11001,366.7,0.07412041700445116,90.43820750088045,923.8723762958006,1288.0747241701247
exp_001,SA_n30_inst2_run2,base,11200,11201,373.37,0.07578579196706414,89.53382542587164,923.8723762958006,1397.0798296706428
exp_001,SA_n30_inst2_run2,base,11400,11401,380.03,0.07714533299440518,89.53382542587164,923.8723762958006,1673.7093824245496
exp_001,SA_n30_inst2_run2,base,11600,11601,386.7,0.07840250001754612,89.53382542587164,923.8723762958006,1068.1308095296195
exp_001,SA_n30_inst2_run2,base,11800,11801,393.37,0.07962479197885841,89.53382542587164,923.8723762958006,1362.1267280137681
exp_001,SA_n30_inst2_run2,base,12000,12001,400.03,0.08083366701612249,89.53382542587164,923.8723762958006,1359.502563467729
exp_001,SA_n30_inst2_run2,base,12200,12201,406.7,0.0820551670040004,88.63848717161292,923.8723762958006,1418.919361219923
exp_001,SA_n30_inst2_run2,base,12400,12401,413.37,0.08333887497428805,88.63848717161292,923.8723762958006,1265.682241557087
exp_001,SA_n30_inst2_run2,base,12600,12601,420.03,0.0848201250191778,88.63848717161292,923.8723762958006,1132.3281369215474
exp_001,SA_n30_inst2_run2,base,12800,12801,426.7,0.08616179198725149,88.63848717161292,923.8723762958006,1204.1868113555113
exp_001,SA_n30_inst2_run2,base,13000,13001,433.37,0.08748704200843349,88.63848717161292,923.8723762958006,1324.210472370874
exp_001,SA_n30_inst2_run2,base,13200,13201,440.03,0.08880154200596735,87.75210229989679,923.8723762958006,1240.4411447738034
exp_001,SA_n30_inst2_run2,base,13400,13401,446.7,0.09008933301083744,87.75210229989679,923.8723762958006,1367.6558438182171
exp_001,SA_n30_inst2_run2,base,13600,13601,453.37,0.09153070801403373,87.75210229989679,923.8723762958006,1099.9415007261182
exp_001,SA_n30_inst2_run2,base,13800,13801,460.03,0.09280145796947181,87.75210229989679,923.8723762958006,1364.3630241044664
exp_001,SA_n30_inst2_run2,base,14000,14001,466.7,0.094023208017461,87.75210229989679,923.8723762958006,1346.056460942334
exp_001,SA_n30_inst2_run2,base,14200,14201,473.37,0.0952746249968186,86.87458127689783,923.8723762958006,1386.0279827024515
exp_001,SA_n30_inst2_run2,base,14400,14401,480.03,0.09663391701178625,86.87458127689783,923.8723762958006,1283.1246922482053
exp_001,SA_n30_inst2_run2,base,14600,14601,486.7,0.09794729197164997,86.87458127689783,923.8723762958006,1553.3166457028365
exp_001,SA_n30_inst2_run2,base,14800,14801,493.37,0.09929904201999307,86.87458127689783,923.8723762958006,1217.53405794344
exp_001,SA_n30_inst2_run2,base,15000,15001,500.03,0.10074808297213167,86.87458127689783,923.8723762958006,1234.526344933874
exp_001,SA_n30_inst2_run2,base,15200,15201,506.7,0.10211862501455471,86.00583546412885,923.8723762958006,1386.9603373577006
exp_001,SA_n30_inst2_run2,base,15400,15401,513.37,0.10337874997640029,86.00583546412885,923.8723762958006,1430.384722703405
exp_001,SA_n30_inst2_run2,base,15600,15601,520.03,0.1048366249888204,86.00583546412885,923.8723762958006,1206.7393790255637
exp_001,SA_n30_inst2_run2,base,15800,15801,526.7,0.10628150001866743,86.00583546412885,923.8723762958006,1528.1671762717267
exp_001,SA_n30_inst2_run2,base,16000,16001,533.37,0.10754545801319182,86.00583546412885,923.8723762958006,1423.3062368147625
exp_001,SA_n30_inst2_run2,base,16200,16201,540.03,0.10908104199916124,85.14577710948755,923.8723762958006,1064.755160961797
exp_001,SA_n30_inst2_run2,base,16400,16401,546.7,0.11037549999309704,85.14577710948755,923.8723762958006,1337.3749547490188
exp_001,SA_n30_inst2_run2,base,16600,16601,553.37,0.1116037080064416,85.14577710948755,923.8723762958006,1198.0766003758513
exp_001,SA_n30_inst2_run2,base,16800,16801,560.03,0.11281054199207574,85.14577710948755,923.8723762958006,1369.9533316051707
exp_001,SA_n30_inst2_run2,base,17000,17001,566.7,0.11402520799310878,85.14577710948755,923.8723762958006,1393.889301015318
exp_001,SA_n30_inst2_run2,base,17200,17201,573.37,0.11525962501764297,84.29431933839268,923.8723762958006,1295.665753516479
exp_001,SA_n30_inst2_run2,base,17400,17401,580.03,0.11658795800758526,84.29431933839268,923.8723762958006,1270.5072100998877
exp_001,SA_n30_inst2_run2,base,17600,17601,586.7,0.11789808300090954,84.29431933839268,923.8723762958006,1227.1322417920192
exp_001,SA_n30_inst2_run2,base,17800,17801,593.37,0.11918787501053885,84.29431933839268,923.8723762958006,1219.8900236278016
exp_001,SA_n30_inst2_run2,base,18000,18001,600.03,0.12041195802157745,84.29431933839268,923.8723762958006,1238.9646921410413
exp_001,SA_n30_inst2_run2,base,18200,18201,606.7,0.12175954197300598,83.45137614500875,923.8723762958006,1429.4775444678573
exp_001,SA_n30_inst2_run2,base,18400,18401,613.37,0.12307370797498152,83.45137614500875,923.8723762958006,1374.0231357250575
exp_001,SA_n30_inst2_run2,base,18600,18601,620.03,0.12463916698470712,83.45137614500875,923.8723762958006,1252.6231267004507
exp_001,SA_n30_inst2_run2,base,18800,18801,626.7,0.12602020800113678,83.45137614500875,923.8723762958006,1479.309236436866
exp_001,SA_n30_inst2_run2,base,19000,19001,633.37,0.12727279198588803,83.45137614500875,923.8723762958006,1193.5716764113251
exp_001,SA_n30_inst2_run2,base,19200,19201,640.03,0.12849412497598678,82.61686238355867,923.8723762958006,1319.632185022917
exp_001,SA_n30_inst2_run2,base,19400,19401,646.7,0.1297009579720907,82.61686238355867,923.8723762958006,1142.4086797494804
exp_001,SA_n30_inst2_run2,base,19600,19601,653.37,0.13092058297479525,82.61686238355867,923.8723762958006,1361.4127851529229
exp_001,SA_n30_inst2_run2,base,19800,19801,660.03,0.13215229200432077,82.61686238355867,923.8723762958006,1562.8157376743238
exp_001,SA_n30_inst2_run2,base,20000,20001,666.7,0.13346670800819993,82.61686238355867,923.8723762958006,1315.0157722667498
exp_001,SA_n30_inst2_run2,base,20200,20201,673.37,0.13482533302158117,81.79069375972308,923.8723762958006,1208.882347307625
exp_001,SA_n30_inst2_run2,base,20400,20401,680.03,0.13607458298793063,81.79069375972308,923.8723762958006,1291.4140322449439
exp_001,SA_n30_inst2_run2,base,20600,20601,686.7,0.13734512496739626,81.79069375972308,923.8723762958006,1446.0784253516413
exp_001,SA_n30_inst2_run2,base,20800,20801,693.37,0.1385879999725148,81.79069375972308,923.8723762958006,1504.7376617848342
exp_001,SA_n30_inst2_run2,base,21000,21001,700.03,0.1398057080223225,81.79069375972308,923.8723762958006,1146.952747240454
exp_001,SA_n30_inst2_run2,base,21200,21201,706.7,0.14102570799877867,80.97278682212585,923.8723762958006,1267.0175680672385
exp_001,SA_n30_inst2_run2,base,21400,21401,713.37,0.14223095797933638,80.97278682212585,923.8723762958006,1231.2302281758737
exp_001,SA_n30_inst2_run2,base,21600,21601,720.03,0.1434497919981368,80.97278682212585,923.8723762958006,1203.1429217620196
exp_001,SA_n30_inst2_run2,base,21800,21801,726.7,0.14472124999156222,80.97278682212585,923.8723762958006,1275.6436799285466
exp_001,SA_n30_inst2_run2,base,22000,22001,733.37,0.14613725000526756,80.97278682212585,923.8723762958006,1234.9848052115187
exp_001,SA_n30_inst2_run2,base,22200,22201,740.03,0.1475124999997206,80.1630589539046,923.8723762958006,1494.4580363544428
exp_001,SA_n30_inst2_run2,base,22400,22401,746.7,0.14887904201168567,80.1630589539046,923.8723762958006,1398.7495996066368
exp_001,SA_n30_inst2_run2,base,22600,22601,753.37,0.15012687497073784,80.1630589539046,923.8723762958006,1352.4082297693512
exp_001,SA_n30_inst2_run2,base,22800,22801,760.03,0.15138570801354945,80.1630589539046,923.8723762958006,1336.4418943097148
exp_001,SA_n30_inst2_run2,base,23000,23001,766.7,0.1526067079976201,80.1630589539046,923.8723762958006,1462.2671439159687
exp_001,SA_n30_inst2_run2,base,23200,23201,773.37,0.1538295000209473,79.36142836436555,923.8723762958006,1347.7720666429584
exp_001,SA_n30_inst2_run2,base,23400,23401,780.03,0.15508208301616833,79.36142836436555,923.8723762958006,1279.101012341998
exp_001,SA_n30_inst2_run2,base,23600,23601,786.7,0.15655491698998958,79.36142836436555,923.8723762958006,1280.4195209544237
exp_001,SA_n30_inst2_run2,base,23800,23801,793.37,0.1580637500155717,79.36142836436555,923.8723762958006,1291.6173898175032
exp_001,SA_n30_inst2_run2,base,24000,24001,800.03,0.15940845798468217,79.36142836436555,923.8723762958006,1217.7078782307353
exp_001,SA_n30_inst2_run2,base,24200,24201,806.7,0.16064208297757432,78.56781408072189,923.8723762958006,1411.5748500823606
exp_001,SA_n30_inst2_run2,base,24400,24401,813.37,0.16187745798379183,78.56781408072189,923.8723762958006,1358.1423254193835
exp_001,SA_n30_inst2_run2,base,24600,24601,820.03,0.16308550001122057,78.56781408072189,923.8723762958006,1382.0235077190289
exp_001,SA_n30_inst2_run2,base,24800,24801,826.7,0.16428958298638463,78.56781408072189,923.8723762958006,1079.2460119740088
exp_001,SA_n30_inst2_run2,base,25000,25001,833.37,0.16551733302185312,78.56781408072189,923.8723762958006,1217.7954736025874
exp_001,SA_n30_inst2_run2,base,25200,25201,840.03,0.16672699997434393,77.78213593991467,923.8723762958006,1220.177949684767
exp_001,SA_n30_inst2_run2,base,25400,25401,846.7,0.1679697500076145,77.78213593991467,923.8723762958006,1268.130464408597
exp_001,SA_n30_inst2_run2,base,25600,25601,853.37,0.169170374982059,77.78213593991467,923.8723762958006,1427.4583897585921
exp_001,SA_n30_inst2_run2,base,25800,25801,860.03,0.17036733299028128,77.78213593991467,923.8723762958006,1451.91639997688
exp_001,SA_n30_inst2_run2,base,26000,26001,866.7,0.171737042022869,77.78213593991467,923.8723762958006,1434.796603165713
exp_001,SA_n30_inst2_run2,base,26200,26201,873.37,0.1730772500159219,77.00431458051553,923.8723762958006,1457.4706049302783
exp_001,SA_n30_inst2_run2,base,26400,26401,880.03,0.17432062496664003,77.00431458051553,923.8723762958006,1399.0929478241674
exp_001,SA_n30_inst2_run2,base,26600,26601,886.7,0.17556412500562146,77.00431458051553,923.8723762958006,1460.54086087989
exp_001,SA_n30_inst2_run2,base,26800,26801,893.37,0.17678462498588488,77.00431458051553,923.8723762958006,1119.4224177824415
exp_001,SA_n30_inst2_run2,base,27000,27001,900.03,0.17800595797598362,77.00431458051553,923.8723762958006,1280.583655377154
exp_001,SA_n30_inst2_run2,base,27200,27201,906.7,0.17920687497826293,76.23427143471037,923.8723762958006,1174.6061388045157
exp_001,SA_n30_inst2_run2,base,27400,27401,913.37,0.18040833302075043,76.23427143471037,923.8723762958006,1222.2737924304827
exp_001,SA_n30_inst2_run2,base,27600,27601,920.03,0.18161520798457786,76.23427143471037,923.8723762958006,1382.4371938807317
exp_001,SA_n30_inst2_run2,base,27800,27801,926.7,0.1828564999741502,76.23427143471037,923.8723762958006,1321.4298237453008
exp_001,SA_n30_inst2_run2,base,28000,28001,933.37,0.18414754199329764,76.23427143471037,923.8723762958006,1082.8181186025618
exp_001,SA_n30_inst2_run2,base,28200,28201,940.03,0.18545137497130781,75.47192872036327,923.8723762958006,1282.521972332168
exp_001,SA_n30_inst2_run2,base,28400,28401,946.7,0.18673579196911305,75.47192872036327,923.8723762958006,1259.577979487771
exp_001,SA_n30_inst2_run2,base,28600,28601,953.37,0.18798816698836163,75.47192872036327,923.8723762958006,1410.6449662849075
exp_001,SA_n30_inst2_run2,base,28800,28801,960.03,0.18920762499328703,75.47192872036327,923.8723762958006,1145.1534811638817
exp_001,SA_n30_inst2_run2,base,29000,29001,966.7,0.19042666698805988,75.47192872036327,923.8723762958006,1477.2638223577183
exp_001,SA_n30_inst2_run2,base,29200,29201,973.37,0.1916600419790484,74.71720943315964,923.8723762958006,1278.2116814797816
exp_001,SA_n30_inst2_run2,base,29400,29401,980.03,0.19287929200800136,74.71720943315964,923.8723762958006,1437.162356459958
exp_001,SA_n30_inst2_run2,base,29600,29601,986.7,0.1941028750152327,74.71720943315964,923.8723762958006,1167.2435530081445
exp_001,SA_n30_inst2_run2,base,29800,29801,993.37,0.19529941701330245,74.71720943315964,923.8723762958006,1228.6133825590923
exp_001,SA_n30_inst2_run2,base,30000,30001,1000.03,0.1964965420193039,74.71720943315964,923.8723762958006,1319.0393845796439
exp_001,SA_n30_inst2_run2,base,30200,30201,1006.7,0.1976795829832554,73.97003733882804,923.8723762958006,1066.7501341852553
exp_001,SA_n30_inst2_run2,base,30400,30401,1013.37,0.19887862500036135,73.97003733882804,923.8723762958006,1228.241484124493
exp_001,SA_n30_inst2_run2,base,30600,30601,1020.03,0.20011099998373538,73.97003733882804,923.8723762958006,1416.4875527494676
exp_001,SA_n30_inst2_run2,base,30800,30801,1026.7,0.2013237919891253,73.97003733882804,923.8723762958006,1305.9005144726075
exp_001,SA_n30_inst2_run2,base,31000,31001,1033.37,0.20253574999514967,73.97003733882804,923.8723762958006,1254.7457035155805
exp_001,SA_n30_inst2_run2,base,31200,31201,1040.03,0.203726582985837,73.23033696543976,923.8723762958006,1386.5883846132303
exp_001,SA_n30_inst2_run2,base,31400,31401,1046.7,0.20493274996988475,73.23033696543976,923.8723762958006,1258.6719411544518
exp_001,SA_n30_inst2_run2,base,31600,31601,1053.37,0.20612029201583937,73.23033696543976,923.8723762958006,1318.8022997097578
exp_001,SA_n30_inst2_run2,base,31800,31801,1060.03,0.20731470797909424,73.23033696543976,923.8723762958006,1242.2312008770384
exp_001,SA_n30_inst2_run2,base,32000,32001,1066.7,0.20849604200338945,73.23033696543976,923.8723762958006,1267.7627740238113
exp_001,SA_n30_inst2_run2,base,32200,32201,1073.37,0.20969162497203797,72.49803359578536,923.8723762958006,1251.8609337234195
exp_001,SA_n30_inst2_run2,base,32400,32401,1080.03,0.21088358300039545,72.49803359578536,923.8723762958006,1351.6006385547555
exp_001,SA_n30_inst2_run2,base,32600,32601,1086.7,0.2121218329994008,72.49803359578536,923.8723762958006,1099.9491817964931
exp_001,SA_n30_inst2_run2,base,32800,32801,1093.37,0.21332249999977648,72.49803359578536,923.8723762958006,1389.186890761607
exp_001,SA_n30_inst2_run2,base,33000,33001,1100.03,0.21451291698031127,72.49803359578536,923.8723762958006,1114.767486564494
exp_001,SA_n30_inst2_run2,base,33200,33201,1106.7,0.2157103749923408,71.7730532598275,923.8723762958006,1401.793470307276
exp_001,SA_n30_inst2_run2,base,33400,33401,1113.37,0.2169816669775173,71.7730532598275,923.8723762958006,1374.5152705133048
exp_001,SA_n30_inst2_run2,base,33600,33601,1120.03,0.21827958297217265,71.7730532598275,923.8723762958006,1348.4161805593512
exp_001,SA_n30_inst2_run2,base,33800,33801,1126.7,0.2195241249864921,71.7730532598275,923.8723762958006,1225.0318745120424
exp_001,SA_n30_inst2_run2,base,34000,34001,1133.37,0.2207850000122562,71.7730532598275,923.8723762958006,1109.656405345624
exp_001,SA_n30_inst2_run2,base,34200,34201,1140.03,0.22201425000093877,71.05532272722922,923.8723762958006,1309.5830718288726
exp_001,SA_n30_inst2_run2,base,34400,34401,1146.7,0.22323191701434553,71.05532272722922,923.8723762958006,1294.904022932301
exp_001,SA_n30_inst2_run2,base,34600,34601,1153.37,0.2244405829696916,71.05532272722922,923.8723762958006,1373.490325874695
exp_001,SA_n30_inst2_run2,base,34800,34801,1160.03,0.22563983302097768,71.05532272722922,923.8723762958006,1500.1819517086649
exp_001,SA_n30_inst2_run2,base,35000,35001,1166.7,0.22683729202253744,71.05532272722922,923.8723762958006,1165.5070041947172
exp_001,SA_n30_inst2_run2,base,35200,35201,1173.37,0.22807349998038262,70.34476949995693,923.8723762958006,1350.1498603406867
exp_001,SA_n30_inst2_run2,base,35400,35401,1180.03,0.2292588750133291,70.34476949995693,923.8723762958006,1188.5547593996173
exp_001,SA_n30_inst2_run2,base,35600,35601,1186.7,0.23045570799149573,70.34476949995693,923.8723762958006,1346.1706206188062
exp_001,SA_n30_inst2_run2,base,35800,35801,1193.37,0.23165087500819936,70.34476949995693,923.8723762958006,1403.328713380441
exp_001,SA_n30_inst2_run2,base,36000,36001,1200.03,0.23285170801682398,70.34476949995693,923.8723762958006,1322.494055788564
exp_001,SA_n30_inst2_run2,base,36200,36201,1206.7,0.23416333302157,69.64132180495736,923.8723762958006,1211.169610825345
exp_001,SA_n30_inst2_run2,base,36400,36401,1213.37,0.23547204199712723,69.64132180495736,923.8723762958006,1272.6547984362912
exp_001,SA_n30_inst2_run2,base,36600,36601,1220.03,0.23670045798644423,69.64132180495736,923.8723762958006,1276.087279457751
exp_001,SA_n30_inst2_run2,base,36800,36801,1226.7,0.23791654198430479,69.64132180495736,923.8723762958006,1196.2856000015904
exp_001,SA_n30_inst2_run2,base,37000,37001,1233.37,0.23912787501467392,69.64132180495736,923.8723762958006,1429.7784645429335
exp_001,SA_n30_inst2_run2,base,37200,37201,1240.03,0.24033854197477922,68.94490858690779,923.8723762958006,1292.0893836116418
exp_001,SA_n30_inst2_run2,base,37400,37401,1246.7,0.24155645800055936,68.94490858690779,923.8723762958006,1182.080135458857
exp_001,SA_n30_inst2_run2,base,37600,37601,1253.37,0.2427596669876948,68.94490858690779,923.8723762958006,1136.1713475462968
exp_001,SA_n30_inst2_run2,base,37800,37801,1260.03,0.24397441698238254,68.94490858690779,923.8723762958006,1173.551167051773
exp_001,SA_n30_inst2_run2,base,38000,38001,1266.7,0.2451750420150347,68.94490858690779,923.8723762958006,1217.051985229729
exp_001,SA_n30_inst2_run2,base,38200,38201,1273.37,0.24639425001805648,68.25545950103871,923.8723762958006,1128.649954095638
exp_001,SA_n30_inst2_run2,base,38400,38401,1280.03,0.24759295798139647,68.25545950103871,923.8723762958006,1412.5668562356625
exp_001,SA_n30_inst2_run2,base,38600,38601,1286.7,0.24879416701151058,68.25545950103871,923.8723762958006,1390.6666732913795
exp_001,SA_n30_inst2_run2,base,38800,38801,1293.37,0.24999120796564966,68.25545950103871,923.8723762958006,1501.4196528293287
exp_001,SA_n30_inst2_run2,base,39000,39001,1300.03,0.2512277080095373,68.25545950103871,923.8723762958006,1154.852024714114
exp_001,SA_n30_inst2_run2,base,39200,39201,1306.7,0.2524820829858072,67.57290490602833,923.8723762958006,1252.6774266216667
exp_001,SA_n30_inst2_run2,base,39400,39401,1313.37,0.2536804999690503,67.57290490602833,896.1459028479497,1157.3127276691116
exp_001,SA_n30_inst2_run2,base,39600,39601,1320.03,0.254878917010501,67.57290490602833,896.1459028479497,1227.4183593083299
exp_001,SA_n30_inst2_run2,base,39800,39801,1326.7,0.25608470797305927,67.57290490602833,896.1459028479497,1276.7351769286859
exp_001,SA_n30_inst2_run2,base,40000,40001,1333.37,0.2572890829760581,67.57290490602833,896.1459028479497,1285.7886602559074
exp_001,SA_n30_inst2_run2,base,40200,40201,1340.03,0.2584839580231346,66.89717585696805,896.1459028479497,1073.4487016250823
exp_001,SA_n30_inst2_run2,base,40400,40401,1346.7,0.25968420796561986,66.89717585696805,896.1459028479497,1359.78808779099
exp_001,SA_n30_inst2_run2,base,40600,40601,1353.37,0.2608912080177106,66.89717585696805,896.1459028479497,1132.472657741137
exp_001,SA_n30_inst2_run2,base,40800,40801,1360.03,0.26209716696757823,66.89717585696805,896.1459028479497,1158.3740768994332
exp_001,SA_n30_inst2_run2,base,41000,41001,1366.7,0.2633024579845369,66.89717585696805,896.1459028479497,1215.4754150227584
exp_001,SA_n30_inst2_run2,base,41200,41201,1373.37,0.26450808299705386,66.22820409839836,896.1459028479497,1301.2533431840889
exp_001,SA_n30_inst2_run2,base,41400,41401,1380.03,0.26576350000686944,66.22820409839836,896.1459028479497,1301.947564881475
exp_001,SA_n30_inst2_run2,base,41600,41601,1386.7,0.26708533300552517,66.22820409839836,896.1459028479497,1289.048053859272
exp_001,SA_n30_inst2_run2,base,41800,41801,1393.37,0.26836870796978474,66.22820409839836,896.1459028479497,1323.6786035682126
exp_001,SA_n30_inst2_run2,base,42000,42001,1400.03,0.2696851670043543,66.22820409839836,896.1459028479497,1323.903551227977
exp_001,SA_n30_inst2_run2,base,42200,42201,1406.7,0.2709348329808563,65.56592205741438,896.1459028479497,1145.8709404260903
exp_001,SA_n30_inst2_run2,base,42400,42401,1413.37,0.27216187497833744,65.56592205741438,896.1459028479497,1264.7049560367311
exp_001,SA_n30_inst2_run2,base,42600,42601,1420.03,0.273373875010293,65.56592205741438,896.1459028479497,1258.583890016167
exp_001,SA_n30_inst2_run2,base,42800,42801,1426.7,0.27459079201798886,65.56592205741438,896.1459028479497,1223.3340060176495
exp_001,SA_n30_inst2_run2,base,43000,43001,1433.37,0.2757976669818163,65.56592205741438,896.1459028479497,1211.2367738240127
exp_001,SA_n30_inst2_run2,base,43200,43201,1440.03,0.27699212497100234,64.91026283684023,896.1459028479497,1189.8751175223422
exp_001,SA_n30_inst2_run2,base,43400,43401,1446.7,0.2781902499846183,64.91026283684023,896.1459028479497,1311.1597752864961
exp_001,SA_n30_inst2_run2,base,43600,43601,1453.37,0.27938666701084003,64.91026283684023,896.1459028479497,1180.5633483330644
exp_001,SA_n30_inst2_run2,base,43800,43801,1460.03,0.28064537496538833,64.91026283684023,896.1459028479497,1403.1149385308936
exp_001,SA_n30_inst2_run2,base,44000,44001,1466.7,0.28190975001780316,64.91026283684023,896.1459028479497,1263.9829979705971
exp_001,SA_n30_inst2_run2,base,44200,44201,1473.37,0.28313462500227615,64.26116020847184,896.1459028479497,1064.4028147967174
exp_001,SA_n30_inst2_run2,base,44400,44401,1480.03,0.28441066696541384,64.26116020847184,896.1459028479497,1387.5646956782557
exp_001,SA_n30_inst2_run2,base,44600,44601,1486.7,0.28564329200889915,64.26116020847184,896.1459028479497,1547.098710876876
exp_001,SA_n30_inst2_run2,base,44800,44801,1493.37,0.2868852079845965,64.26116020847184,896.1459028479497,1233.9039401962184
exp_001,SA_n30_inst2_run2,base,45000,45001,1500.03,0.28810345800593495,64.26116020847184,896.1459028479497,1166.0367039669798
exp_001,SA_n30_inst2_run2,base,45200,45201,1506.7,0.2893126669805497,63.618548606387115,896.1459028479497,1119.2178636615035
exp_001,SA_n30_inst2_run2,base,45400,45401,1513.37,0.2905217920197174,63.618548606387115,896.1459028479497,1241.5994739226692
exp_001,SA_n30_inst2_run2,base,45600,45601,1520.03,0.2917261249967851,63.618548606387115,896.1459028479497,1188.7851552908064
exp_001,SA_n30_inst2_run2,base,45800,45801,1526.7,0.29292770801112056,63.618548606387115,896.1459028479497,1259.5625755427257
exp_001,SA_n30_inst2_run2,base,46000,46001,1533.37,0.29413266701158136,63.618548606387115,896.1459028479497,1218.4030491987708
exp_001,SA_n30_inst2_run2,base,46200,46201,1540.03,0.2953477500122972,62.98236312032324,896.1459028479497,1147.7249792947691
exp_001,SA_n30_inst2_run2,base,46400,46401,1546.7,0.2965500829741359,62.98236312032324,896.1459028479497,1326.0913325236825
exp_001,SA_n30_inst2_run2,base,46600,46601,1553.37,0.2977469579782337,62.98236312032324,896.1459028479497,1239.3996568714354
exp_001,SA_n30_inst2_run2,base,46800,46801,1560.03,0.29894858301850036,62.98236312032324,896.1459028479497,1348.367110044537
exp_001,SA_n30_inst2_run2,base,47000,47001,1566.7,0.3002920830040239,62.98236312032324,896.1459028479497,1483.9243991313056
exp_001,SA_n30_inst2_run2,base,47200,47201,1573.37,0.3017589579685591,62.35253948912001,896.1459028479497,1406.3114048663042
exp_001,SA_n30_inst2_run2,base,47400,47401,1580.03,0.303332416980993,62.35253948912001,896.1459028479497,1303.1389306738438
exp_001,SA_n30_inst2_run2,base,47600,47601,1586.7,0.3047285829670727,62.35253948912001,896.1459028479497,1215.7797623683086
exp_001,SA_n30_inst2_run2,base,47800,47801,1593.37,0.3065388749819249,62.35253948912001,896.1459028479497,1191.0948545930166
exp_001,SA_n30_inst2_run2,base,48000,48001,1600.03,0.3079202079679817,62.35253948912001,896.1459028479497,1233.1567276768435
exp_001,SA_n30_inst2_run2,base,48200,48201,1606.7,0.30915975000243634,61.72901409422881,896.1459028479497,1174.1938585773223
exp_001,SA_n30_inst2_run2,base,48400,48401,1613.37,0.3103799580130726,61.72901409422881,896.1459028479497,1128.5550256636695
exp_001,SA_n30_inst2_run2,base,48600,48601,1620.03,0.31160825002007186,61.72901409422881,896.1459028479497,1308.9249947921983
exp_001,SA_n30_inst2_run2,base,48800,48801,1626.7,0.3128165419911966,61.72901409422881,896.1459028479497,1546.1490864004904
exp_001,SA_n30_inst2_run2,base,49000,49001,1633.37,0.3140378330135718,61.72901409422881,896.1459028479497,1120.594577927562
exp_001,SA_n30_inst2_run2,base,49200,49201,1640.03,0.3152423750143498,61.11172395328652,896.1459028479497,1000.658333664818
exp_001,SA_n30_inst2_run2,base,49400,49401,1646.7,0.31644750002305955,61.11172395328652,896.1459028479497,1459.8021414506834
exp_001,SA_n30_inst2_run2,base,49600,49601,1653.37,0.31769891700241715,61.11172395328652,896.1459028479497,1389.1293845267605
exp_001,SA_n30_inst2_run2,base,49800,49801,1660.03,0.31919562502298504,61.11172395328652,896.1459028479497,1088.832856247944
exp_001,SA_n30_inst2_run2,base,50000,50001,1666.7,0.3209173330105841,61.11172395328652,896.1459028479497,1307.4219893341037
exp_001,SA_n30_inst2_run2,base,50000,50001,1666.7,0.3211841669981368,0.00099,896.1459028479497,1307.4219893341037
exp_001,SA_n30_inst3_run0,base,0,1,0.03,1.4170072972774506e-06,100.0,1468.2532388566033,1468.2532388566033
exp_001,SA_n30_inst3_run0,base,200,201,6.7,0.0012547920341603458,100.0,1121.335878131883,1342.2092525563362
exp_001,SA_n30_inst3_run0,base,400,401,13.37,0.002561583009082824,100.0,1121.335878131883,1254.1293517467134
exp_001,SA_n30_inst3_run0,base,600,601,20.03,0.0038780830218456686,100.0,1121.335878131883,1341.5853605679235
exp_001,SA_n30_inst3_run0,base,800,801,26.7,0.005128832999616861,100.0,1121.335878131883,1337.956231973002
exp_001,SA_n30_inst3_run0,base,1000,1001,33.37,0.006359875027555972,100.0,1121.335878131883,1280.0253035917615
exp_001,SA_n30_inst3_run0,base,1200,1201,40.03,0.007594791997689754,99.0,1121.335878131883,1390.9272638655664
exp_001,SA_n30_inst3_run0,base,1400,1401,46.7,0.008813916996587068,99.0,1072.3850026925395,1455.7593786371178
exp_001,SA_n30_inst3_run0,base,1600,1601,53.37,0.010030250006821007,99.0,1057.7742405441502,1098.4098363924027
exp_001,SA_n30_inst3_run0,base,1800,1801,60.03,0.011255833029281348,99.0,1057.7742405441502,1495.0823838543367
exp_001,SA_n30_inst3_run0,base,2000,2001,66.7,0.012538000009953976,99.0,1057.7742405441502,1345.179638720739
exp_001,SA_n30_inst3_run0,base,2200,2201,73.37,0.014000541996210814,98.01,1057.7742405441502,1488.7041881368723
exp_001,SA_n30_inst3_run0,base,2400,2401,80.03,0.01532166701508686,98.01,1057.7742405441502,1340.5339546147275
exp_001,SA_n30_inst3_run0,base,2600,2601,86.7,0.017166958015877753,98.01,1057.7742405441502,1216.314797978947
exp_001,SA_n30_inst3_run0,base,2800,2801,93.37,0.018557332979980856,98.01,1057.7742405441502,1340.9024679563845
exp_001,SA_n30_inst3_run0,base,3000,3001,100.03,0.019890083000063896,98.01,1003.0222151927692,1384.8050309420325
exp_001,SA_n30_inst3_run0,base,3200,3201,106.7,0.021203542011789978,97.0299,1003.0222151927692,1138.638925856037
exp_001,SA_n30_inst3_run0,base,3400,3401,113.37,0.02245708298869431,97.0299,1003.0222151927692,1465.3359067695246
exp_001,SA_n30_inst3_run0,base,3600,3601,120.03,0.023684541985858232,97.0299,1003.0222151927692,1374.393199364419
exp_001,SA_n30_inst3_run0,base,3800,3801,126.7,0.02492966700810939,97.0299,1003.0222151927692,1404.2113320266615
exp_001,SA_n30_inst3_run0,base,4000,4001,133.37,0.02614149998407811,97.0299,1003.0222151927692,1462.5994430560625
exp_001,SA_n30_inst3_run0,base,4200,4201,140.03,0.02735587500501424,96.059601,1003.0222151927692,1396.490283573536
exp_001,SA_n30_inst3_run0,base,4400,4401,146.7,0.02856850001262501,96.059601,1003.0222151927692,1363.251824623355
exp_001,SA_n30_inst3_run0,base,4600,4601,153.37,0.029812792025040835,96.059601,1003.0222151927692,1272.6611709520544
exp_001,SA_n30_inst3_run0,base,4800,4801,160.03,0.031111582997255027,96.059601,1003.0222151927692,1145.7425940193398
exp_001,SA_n30_inst3_run0,base,5000,5001,166.7,0.03305512497900054,96.059601,1003.0222151927692,1443.33911422475
exp_001,SA_n30_inst3_run0,base,5200,5201,173.37,0.03446437499951571,95.09900499,1003.0222151927692,1353.4827638015884
exp_001,SA_n30_inst3_run0,base,5400,5401,180.03,0.03574137500254437,95.09900499,1003.0222151927692,1460.2119041983717
exp_001,SA_n30_inst3_run0,base,5600,5601,186.7,0.03705208300380036,95.09900499,1003.0222151927692,1419.2989327788132
exp_001,SA_n30_inst3_run0,base,5800,5801,193.37,0.038349166978150606,95.09900499,1003.0222151927692,1136.7111155560754
exp_001,SA_n30_inst3_run0,base,6000,6001,200.03,0.039584207988809794,95.09900499,1003.0222151927692,1332.9395670989416
exp_001,SA_n30_inst3_run0,base,6200,6201,206.7,0.04079887497937307,94.1480149401,1003.0222151927692,1290.7371349721611
exp_001,SA_n30_inst3_run0,base,6400,6401,213.37,0.042005499999504536,94.1480149401,1003.0222151927692,1592.2901940952127
exp_001,SA_n30_inst3_run0,base,6600,6601,220.03,0.04320879199076444,94.1480149401,1003.0222151927692,1502.0270891660978
exp_001,SA_n30_inst3_run0,base,6800,6801,226.7,0.044412708026356995,94.1480149401,1003.0222151927692,1405.926294521087
exp_001,SA_n30_inst3_run0,base,7000,7001,233.37,0.04565541702322662,94.1480149401,1003.0222151927692,1462.8439467849423
exp_001,SA_n30_inst3_run0,base,7200,7201,240.03,0.046989416994620115,93.206534790699,1003.0222151927692,1072.5578199115068
exp_001,SA_n30_inst3_run0,base,7400,7401,246.7,0.048327957978472114,93.206534790699,975.9877248826294,1252.6158278077896
exp_001,SA_n30_inst3_run0,base,7600,7601,253.37,0.050008125021122396,93.206534790699,975.9877248826294,1468.8910934876906
exp_001,SA_n30_inst3_run0,base,7800,7801,260.03,0.05144925002241507,93.206534790699,975.9877248826294,1166.1348177116545
exp_001,SA_n30_inst3_run0,base,8000,8001,266.7,0.05271354201249778,93.206534790699,975.9877248826294,1238.4380787168238
exp_001,SA_n30_inst3_run0,base,8200,8201,273.37,0.054038874979596585,92.27446944279201,975.9877248826294,1550.6550805932827
exp_001,SA_n30_inst3_run0,base,8400,8401,280.03,0.05536779202520847,92.27446944279201,975.9877248826294,1214.3877872061712
exp_001,SA_n30_inst3_run0,base,8600,8601,286.7,0.0566269580158405,92.27446944279201,975.9877248826294,1144.0497981488454
exp_001,SA_n30_inst3_run0,base,8800,8801,293.37,0.05791495798621327,92.27446944279201,975.9877248826294,1703.5365983741765
exp_001,SA_n30_inst3_run0,base,9000,9001,300.03,0.05920620798133314,92.27446944279201,975.9877248826294,1313.8671978237664
exp_001,SA_n30_inst3_run0,base,9200,9201,306.7,0.06046320800669491,91.35172474836409,975.9877248826294,1386.6021602052751
exp_001,SA_n30_inst3_run0,base,9400,9401,313.37,0.06173541699536145,91.35172474836409,975.9877248826294,1287.5202893848364
exp_001,SA_n30_inst3_run0,base,9600,9601,320.03,0.06299300002865493,91.35172474836409,975.9877248826294,1316.8407205808778
exp_001,SA_n30_inst3_run0,base,9800,9801,326.7,0.0642683330224827,91.35172474836409,975.9877248826294,1234.4080334131013
exp_001,SA_n30_inst3_run0,base,10000,10001,333.37,0.06576595798833296,91.35172474836409,975.9877248826294,1267.2108888397206
exp_001,SA_n30_inst3_run0,base,10200,10201,340.03,0.06743779202224687,90.43820750088045,975.9877248826294,1202.6039370654596
exp_001,SA_n30_inst3_run0,base,10400,10401,346.7,0.06883037503575906,90.43820750088045,975.9877248826294,1401.3356379170486
exp_001,SA_n30_inst3_run0,base,10600,10601,353.37,0.07010087498929352,90.43820750088045,975.9877248826294,1462.656793502025
exp_001,SA_n30_inst3_run0,base,10800,10801,360.03,0.07147170801181346,90.43820750088045,975.9877248826294,1389.3454491182072
exp_001,SA_n30_inst3_run0,base,11000,11001,366.7,0.07289729203330353,90.43820750088045,975.9877248826294,1445.610282741355
exp_001,SA_n30_inst3_run0,base,11200,11201,373.37,0.07421333302045241,89.53382542587164,975.9877248826294,1302.0174727430071
exp_001,SA_n30_inst3_run0,base,11400,11401,380.03,0.07551995798712596,89.53382542587164,975.9877248826294,1296.2816659927228
exp_001,SA_n30_inst3_run0,base,11600,11601,386.7,0.07678783300798386,89.53382542587164,975.9877248826294,1380.3166299415598
exp_001,SA_n30_inst3_run0,base,11800,11801,393.37,0.07807204202981666,89.53382542587164,975.9877248826294,1488.8162659370714
exp_001,SA_n30_inst3_run0,base,12000,12001,400.03,0.07936062500812113,89.53382542587164,975.9877248826294,1598.1058635894572
exp_001,SA_n30_inst3_run0,base,12200,12201,406.7,0.08061391703085974,88.63848717161292,975.9877248826294,1501.191277181782
exp_001,SA_n30_inst3_run0,base,12400,12401,413.37,0.08185562503058463,88.63848717161292,975.9877248826294,1355.8276026034987
exp_001,SA_n30_inst3_run0,base,12600,12601,420.03,0.08361404202878475,88.63848717161292,975.9877248826294,1521.7790876801043
exp_001,SA_n30_inst3_run0,base,12800,12801,426.7,0.08495833299821243,88.63848717161292,975.9877248826294,1470.5227084360822
exp_001,SA_n30_inst3_run0,base,13000,13001,433.37,0.08617845800472423,88.63848717161292,975.9877248826294,1145.8530892468627
exp_001,SA_n30_inst3_run0,base,13200,13201,440.03,0.0874140000087209,87.75210229989679,975.9877248826294,1292.743430526309
exp_001,SA_n30_inst3_run0,base,13400,13401,446.7,0.08860975003335625,87.75210229989679,975.9877248826294,1213.095140830615
exp_001,SA_n30_inst3_run0,base,13600,13601,453.37,0.08981720800511539,87.75210229989679,975.9877248826294,1374.6601050190172
exp_001,SA_n30_inst3_run0,base,13800,13801,460.03,0.09114620799664408,87.75210229989679,975.9877248826294,1303.4852823059637
exp_001,SA_n30_inst3_run0,base,14000,14001,466.7,0.09248824999667704,87.75210229989679,975.9877248826294,1350.7619001002984
exp_001,SA_n30_inst3_run0,base,14200,14201,473.37,0.0937397499801591,86.87458127689783,975.9877248826294,1225.1834802749358
exp_001,SA_n30_inst3_run0,base,14400,14401,480.03,0.09496091702021658,86.87458127689783,975.9877248826294,1280.8744098240622
exp_001,SA_n30_inst3_run0,base,14600,14601,486.7,0.09617224999237806,86.87458127689783,975.9877248826294,1355.8876227418823
exp_001,SA_n30_inst3_run0,base,14800,14801,493.37,0.0973832500167191,86.87458127689783,975.9877248826294,1448.8640158838705
exp_001,SA_n30_inst3_run0,base,15000,15001,500.03,0.09862254199106246,86.87458127689783,975.9877248826294,1254.0713608145977
exp_001,SA_n30_inst3_run0,base,15200,15201,506.7,0.10051787499105558,86.00583546412885,975.9877248826294,1286.8626201028064
exp_001,SA_n30_inst3_run0,base,15400,15401,513.37,0.10193420801078901,86.00583546412885,975.9877248826294,1205.5173376246437
exp_001,SA_n30_inst3_run0,base,15600,15601,520.03,0.10318816703511402,86.00583546412885,975.9877248826294,1153.9424221566258
exp_001,SA_n30_inst3_run0,base,15800,15801,526.7,0.10452087502926588,86.00583546412885,975.9877248826294,1343.9747471215458
exp_001,SA_n30_inst3_run0,base,16000,16001,533.37,0.10573979199398309,86.00583546412885,975.9877248826294,1479.4041491875198
exp_001,SA_n30_inst3_run0,base,16200,16201,540.03,0.10694912500912324,85.14577710948755,975.9877248826294,1391.5976174522814
exp_001,SA_n30_inst3_run0,base,16400,16401,546.7,0.1081492499797605,85.14577710948755,975.9877248826294,1359.810888976309
exp_001,SA_n30_inst3_run0,base,16600,16601,553.37,0.10935308301122859,85.14577710948755,975.9877248826294,1418.207819796577
exp_001,SA_n30_inst3_run0,base,16800,16801,560.03,0.11054879199946299,85.14577710948755,975.9877248826294,1092.9561556235133
exp_001,SA_n30_inst3_run0,base,17000,17001,566.7,0.11175104201538488,85.14577710948755,975.9877248826294,1182.4491525291694
exp_001,SA_n30_inst3_run0,base,17200,17201,573.37,0.11299537500599399,84.29431933839268,975.9877248826294,1345.5938974939274
exp_001,SA_n30_inst3_run0,base,17400,17401,580.03,0.1143153749871999,84.29431933839268,975.9877248826294,1251.7740690864944
exp_001,SA_n30_inst3_run0,base,17600,17601,586.7,0.11604633298702538,84.29431933839268,975.9877248826294,1341.3214845052044
exp_001,SA_n30_inst3_run0,base,17800,17801,593.37,0.11780933302361518,84.29431933839268,975.9877248826294,1369.4026222089074
exp_001,SA_n30_inst3_run0,base,18000,18001,600.03,0.11910458299098536,84.29431933839268,975.9877248826294,1368.3561376272294
exp_001,SA_n30_inst3_run0,base,18200,18201,606.7,0.12041866697836667,83.45137614500875,975.9877248826294,1297.0833186196646
exp_001,SA_n30_inst3_run0,base,18400,18401,613.37,0.12173966702539474,83.45137614500875,975.9877248826294,1459.336137862051
exp_001,SA_n30_inst3_run0,base,18600,18601,620.03,0.1229712920030579,83.45137614500875,975.9877248826294,1492.671350892275
exp_001,SA_n30_inst3_run0,base,18800,18801,626.7,0.12418845802312717,83.45137614500875,975.9877248826294,1294.0178383172595
exp_001,SA_n30_inst3_run0,base,19000,19001,633.37,0.12539275002200156,83.45137614500875,975.9877248826294,1382.7679749514925
exp_001,SA_n30_inst3_run0,base,19200,19201,640.03,0.1266034580185078,82.61686238355867,975.9877248826294,1259.2751023277347
exp_001,SA_n30_inst3_run0,base,19400,19401,646.7,0.1278094170265831,82.61686238355867,975.9877248826294,1448.7375689848677
exp_001,SA_n30_inst3_run0,base,19600,19601,653.37,0.12904658302431926,82.61686238355867,975.9877248826294,1517.5634029607938
exp_001,SA_n30_inst3_run0,base,19800,19801,660.03,0.1304090420017019,82.61686238355867,975.9877248826294,1208.0318823961736
exp_001,SA_n30_inst3_run0,base,20000,20001,666.7,0.1316738750319928,82.61686238355867,975.9877248826294,1347.0043542518576
exp_001,SA_n30_inst3_run0,base,20200,20201,673.37,0.13368595798965544,81.79069375972308,975.9877248826294,1458.4831130617733
exp_001,SA_n30_inst3_run0,base,20400,20401,680.03,0.1350282920175232,81.79069375972308,975.9877248826294,1349.25124799224
exp_001,SA_n30_inst3_run0,base,20600,20601,686.7,0.1362527080345899,81.79069375972308,975.9877248826294,1235.888321628651
exp_001,SA_n30_inst3_run0,base,20800,20801,693.37,0.13755916699301451,81.79069375972308,975.9877248826294,1563.6472866476747
exp_001,SA_n30_inst3_run0,base,21000,21001,700.03,0.1387782500241883,81.79069375972308,975.9877248826294,1292.2558143512601
exp_001,SA_n30_inst3_run0,base,21200,21201,706.7,0.13998941698810086,80.97278682212585,975.9877248826294,1246.7790726192388
exp_001,SA_n30_inst3_run0,base,21400,21401,713.37,0.1411894999910146,80.97278682212585,975.9877248826294,1327.050671153727
exp_001,SA_n30_inst3_run0,base,21600,21601,720.03,0.14238608302548528,80.97278682212585,975.9877248826294,1314.4948051961067
exp_001,SA_n30_inst3_run0,base,21800,21801,726.7,0.14361504203407094,80.97278682212585,975.9877248826294,1176.6281279163463
exp_001,SA_n30_inst3_run0,base,22000,22001,733.37,0.14484949997859076,80.97278682212585,975.9877248826294,1328.734668956413
exp_001,SA_n30_inst3_run0,base,22200,22201,740.03,0.1460753750288859,80.1630589539046,975.9877248826294,1352.2735215953096
exp_001,SA_n30_inst3_run0,base,22400,22401,746.7,0.1473405830329284,80.1630589539046,975.9877248826294,1295.4315804183732
exp_001,SA_n30_inst3_run0,base,22600,22601,753.37,0.14858545799506828,80.1630589539046,975.9877248826294,1306.650935394113
exp_001,SA_n30_inst3_run0,base,22800,22801,760.03,0.15046566701494157,80.1630589539046,975.9877248826294,1467.2928579734285
exp_001,SA_n30_inst3_run0,base,23000,23001,766.7,0.15181237499928102,80.1630589539046,975.9877248826294,1356.3296688035969
exp_001,SA_n30_inst3_run0,base,23200,23201,773.37,0.15305475000059232,79.36142836436555,975.9877248826294,1523.2226944456459
exp_001,SA_n30_inst3_run0,base,23400,23401,780.03,0.1544285829877481,79.36142836436555,975.9877248826294,1303.182121120641
exp_001,SA_n30_inst3_run0,base,23600,23601,786.7,0.15566437499364838,79.36142836436555,975.9877248826294,1421.136618098597
exp_001,SA_n30_inst3_run0,base,23800,23801,793.37,0.15686170803382993,79.36142836436555,975.9877248826294,1393.7605092801891
exp_001,SA_n30_inst3_run0,base,24000,24001,800.03,0.15807345800567418,79.36142836436555,975.9877248826294,1334.4273063907015
exp_001,SA_n30_inst3_run0,base,24200,24201,806.7,0.15927187498891726,78.56781408072189,975.9877248826294,1552.5235107152657
exp_001,SA_n30_inst3_run0,base,24400,24401,813.37,0.16046675003599375,78.56781408072189,975.9877248826294,1507.903081265143
exp_001,SA_n30_inst3_run0,base,24600,24601,820.03,0.16169920802349225,78.56781408072189,975.9877248826294,1326.7797691277049
exp_001,SA_n30_inst3_run0,base,24800,24801,826.7,0.1629449169849977,78.56781408072189,975.9877248826294,1373.0843768486066
exp_001,SA_n30_inst3_run0,base,25000,25001,833.37,0.1641984999878332,78.56781408072189,975.9877248826294,1194.823902534879
exp_001,SA_n30_inst3_run0,base,25200,25201,840.03,0.16567270801169798,77.78213593991467,975.9877248826294,1391.0448208308655
exp_001,SA_n30_inst3_run0,base,25400,25401,846.7,0.16748420801013708,77.78213593991467,975.9877248826294,1392.4577426678945
exp_001,SA_n30_inst3_run0,base,25600,25601,853.37,0.16883700003381819,77.78213593991467,951.9707246284912,1500.6096032747025
exp_001,SA_n30_inst3_run0,base,25800,25801,860.03,0.1701904580113478,77.78213593991467,951.9707246284912,1332.9712737816822
exp_001,SA_n30_inst3_run0,base,26000,26001,866.7,0.17148120800266042,77.78213593991467,951.9707246284912,1542.5069563256332
exp_001,SA_n30_inst3_run0,base,26200,26201,873.37,0.17269179201684892,77.00431458051553,951.9707246284912,1335.2320996055769
exp_001,SA_n30_inst3_run0,base,26400,26401,880.03,0.17389333300525323,77.00431458051553,951.9707246284912,1375.431451332248
exp_001,SA_n30_inst3_run0,base,26600,26601,886.7,0.17509887501364574,77.00431458051553,951.9707246284912,1374.3978276909984
exp_001,SA_n30_inst3_run0,base,26800,26801,893.37,0.17630870803259313,77.00431458051553,951.9707246284912,1371.200136329576
exp_001,SA_n30_inst3_run0,base,27000,27001,900.03,0.17751633300213143,77.00431458051553,951.9707246284912,1373.2527683775522
exp_001,SA_n30_inst3_run0,base,27200,27201,906.7,0.17874741699779406,76.23427143471037,951.9707246284912,1193.8380499165455
exp_001,SA_n30_inst3_run0,base,27400,27401,913.37,0.1800807500258088,76.23427143471037,951.9707246284912,1376.9172337186992
exp_001,SA_n30_inst3_run0,base,27600,27601,920.03,0.18133058300008997,76.23427143471037,951.9707246284912,1252.4330180875081
exp_001,SA_n30_inst3_run0,base,27800,27801,926.7,0.18286300002364442,76.23427143471037,951.9707246284912,1477.439806873094
exp_001,SA_n30_inst3_run0,base,28000,28001,933.37,0.18432649999158457,76.23427143471037,951.9707246284912,1340.9653455821497
exp_001,SA_n30_inst3_run0,base,28200,28201,940.03,0.1856410420150496,75.47192872036327,951.9707246284912,1424.9488720598256
exp_001,SA_n30_inst3_run0,base,28400,28401,946.7,0.18686449999222532,75.47192872036327,951.9707246284912,1431.5660026237072
exp_001,SA_n30_inst3_run0,base,28600,28601,953.37,0.1880932500353083,75.47192872036327,951.9707246284912,1400.5123897618992
exp_001,SA_n30_inst3_run0,base,28800,28801,960.03,0.18930149998050183,75.47192872036327,951.9707246284912,1293.2230789152316
exp_001,SA_n30_inst3_run0,base,29000,29001,966.7,0.1905097080161795,75.47192872036327,951.9707246284912,1325.8316351948415
exp_001,SA_n30_inst3_run0,base,29200,29201,973.37,0.19170254201162606,74.71720943315964,951.9707246284912,1264.9834656225294
exp_001,SA_n30_inst3_run0,base,29400,29401,980.03,0.1929082500282675,74.71720943315964,951.9707246284912,1402.4480748726037
exp_001,SA_n30_inst3_run0,base,29600,29601,986.7,0.19412925001233816,74.71720943315964,951.9707246284912,1423.5549388876666
exp_001,SA_n30_inst3_run0,base,29800,29801,993.37,0.19545429199934006,74.71720943315964,951.9707246284912,1262.858370019964
exp_001,SA_n30_inst3_run0,base,30000,30001,1000.03,0.19671112502692267,74.71720943315964,951.9707246284912,1415.084943532196
exp_001,SA_n30_inst3_run0,base,30200,30201,1006.7,0.19793183298315853,73.97003733882804,951.9707246284912,1191.123168609069
exp_001,SA_n30_inst3_run0,base,30400,30401,1013.37,0.19922983302967623,73.97003733882804,951.9707246284912,1269.6943533224353
exp_001,SA_n30_inst3_run0,base,30600,30601,1020.03,0.20055004203459248,73.97003733882804,951.9707246284912,1180.5673196427203
exp_001,SA_n30_inst3_run0,base,30800,30801,1026.7,0.20181041699834168,73.97003733882804,951.9707246284912,1234.2887574394995
exp_001,SA_n30_inst3_run0,base,31000,31001,1033.37,0.20302162499865517,73.97003733882804,951.9707246284912,1561.6487985476563
exp_001,SA_n30_inst3_run0,base,31200,31201,1040.03,0.20423716702498496,73.23033696543976,951.9707246284912,1407.9828333119465
exp_001,SA_n30_inst3_run0,base,31400,31401,1046.7,0.20545991702238098,73.23033696543976,951.9707246284912,1273.060973176632
exp_001,SA_n30_inst3_run0,base,31600,31601,1053.37,0.2066674170200713,73.23033696543976,951.9707246284912,1217.4900807699614
exp_001,SA_n30_inst3_run0,base,31800,31801,1060.03,0.20786625001346692,73.23033696543976,951.9707246284912,1366.349466020864
exp_001,SA_n30_inst3_run0,base,32000,32001,1066.7,0.20906925003509969,73.23033696543976,951.9707246284912,1331.5120780153245
exp_001,SA_n30_inst3_run0,base,32200,32201,1073.37,0.2103033330058679,72.49803359578536,951.9707246284912,1486.2293869662021
exp_001,SA_n30_inst3_run0,base,32400,32401,1080.03,0.21156112500466406,72.49803359578536,951.9707246284912,1259.8388873033603
exp_001,SA_n30_inst3_run0,base,32600,32601,1086.7,0.21288787497906014,72.49803359578536,951.9707246284912,1464.947588876167
exp_001,SA_n30_inst3_run0,base,32800,32801,1093.37,0.21414312499109656,72.49803359578536,951.9707246284912,1427.2525568685473
exp_001,SA_n30_inst3_run0,base,33000,33001,1100.03,0.2153833329793997,72.49803359578536,951.9707246284912,1259.9088623072598
exp_001,SA_n30_inst3_run0,base,33200,33201,1106.7,0.21660933300154284,71.7730532598275,951.9707246284912,1265.8333009402875
exp_001,SA_n30_inst3_run0,base,33400,33401,1113.37,0.21781524998368695,71.7730532598275,951.9707246284912,1302.1216754469485
exp_001,SA_n30_inst3_run0,base,33600,33601,1120.03,0.21900375001132488,71.7730532598275,951.9707246284912,1204.8378961750038
exp_001,SA_n30_inst3_run0,base,33800,33801,1126.7,0.2201982500264421,71.7730532598275,951.9707246284912,1699.939961187625
exp_001,SA_n30_inst3_run0,base,34000,34001,1133.37,0.22140008298447356,71.7730532598275,951.9707246284912,1494.6736301602837
exp_001,SA_n30_inst3_run0,base,34200,34201,1140.03,0.2225902919890359,71.05532272722922,951.9707246284912,1382.9518448571118
exp_001,SA_n30_inst3_run0,base,34400,34401,1146.7,0.22379612503573298,71.05532272722922,951.9707246284912,1412.361809349407
exp_001,SA_n30_inst3_run0,base,34600,34601,1153.37,0.22499566699843854,71.05532272722922,951.9707246284912,1473.1669990269625
exp_001,SA_n30_inst3_run0,base,34800,34801,1160.03,0.22619679203489795,71.05532272722922,951.9707246284912,1341.8318841282226
exp_001,SA_n30_inst3_run0,base,35000,35001,1166.7,0.22742712503531948,71.05532272722922,951.9707246284912,1336.645254589918
exp_001,SA_n30_inst3_run0,base,35200,35201,1173.37,0.22865966701647267,70.34476949995693,951.9707246284912,1622.583836077044
exp_001,SA_n30_inst3_run0,base,35400,35401,1180.03,0.22986258298624307,70.34476949995693,951.9707246284912,1244.399464060793
exp_001,SA_n30_inst3_run0,base,35600,35601,1186.7,0.2310660420334898,70.34476949995693,951.9707246284912,1392.8723218336954
exp_001,SA_n30_inst3_run0,base,35800,35801,1193.37,0.23246608301997185,70.34476949995693,951.9707246284912,1224.6229140838377
exp_001,SA_n30_inst3_run0,base,36000,36001,1200.03,0.2338357919943519,70.34476949995693,951.9707246284912,1322.1891208282482
exp_001,SA_n30_inst3_run0,base,36200,36201,1206.7,0.23508166702231392,69.64132180495736,951.9707246284912,1431.4045152966316
exp_001,SA_n30_inst3_run0,base,36400,36401,1213.37,0.23629641701700166,69.64132180495736,951.9707246284912,1280.3211239257373
exp_001,SA_n30_inst3_run0,base,36600,36601,1220.03,0.23754116700729355,69.64132180495736,951.9707246284912,1483.6327260657015
exp_001,SA_n30_inst3_run0,base,36800,36801,1226.7,0.23875962500460446,69.64132180495736,951.9707246284912,1133.318006244136
exp_001,SA_n30_inst3_run0,base,37000,37001,1233.37,0.24003683298360556,69.64132180495736,951.9707246284912,1388.369139023349
exp_001,SA_n30_inst3_run0,base,37200,37201,1240.03,0.2412877079914324,68.94490858690779,951.9707246284912,1312.5107243729378
exp_001,SA_n30_inst3_run0,base,37400,37401,1246.7,0.24257862498052418,68.94490858690779,951.9707246284912,1337.3176587418343
exp_001,SA_n30_inst3_run0,base,37600,37601,1253.37,0.2438397500081919,68.94490858690779,951.9707246284912,1446.6420691806868
exp_001,SA_n30_inst3_run0,base,37800,37801,1260.03,0.2451190419960767,68.94490858690779,951.9707246284912,1388.8992543627553
exp_001,SA_n30_inst3_run0,base,38000,38001,1266.7,0.24633758299751207,68.94490858690779,951.9707246284912,1187.3792233107604
exp_001,SA_n30_inst3_run0,base,38200,38201,1273.37,0.24756179202813655,68.25545950103871,951.9707246284912,1372.5172659542995
exp_001,SA_n30_inst3_run0,base,38400,38401,1280.03,0.2487980829901062,68.25545950103871,951.9707246284912,1460.491921225715
exp_001,SA_n30_inst3_run0,base,38600,38601,1286.7,0.250011625001207,68.25545950103871,951.9707246284912,1270.1881517205989
exp_001,SA_n30_inst3_run0,base,38800,38801,1293.37,0.2512195000308566,68.25545950103871,951.9707246284912,1239.9594960882573
exp_001,SA_n30_inst3_run0,base,39000,39001,1300.03,0.2524250000133179,68.25545950103871,951.9707246284912,1494.4328664296013
exp_001,SA_n30_inst3_run0,base,39200,39201,1306.7,0.25363354198634624,67.57290490602833,951.9707246284912,1359.3511305902434
exp_001,SA_n30_inst3_run0,base,39400,39401,1313.37,0.25482995802303776,67.57290490602833,951.9707246284912,1535.640342838297
exp_001,SA_n30_inst3_run0,base,39600,39601,1320.03,0.25603495800169185,67.57290490602833,951.9707246284912,1377.2952504109155
exp_001,SA_n30_inst3_run0,base,39800,39801,1326.7,0.25724787497892976,67.57290490602833,951.9707246284912,1152.7353581681732
exp_001,SA_n30_inst3_run0,base,40000,40001,1333.37,0.25844075001077726,67.57290490602833,951.9707246284912,1592.9037868981789
exp_001,SA_n30_inst3_run0,base,40200,40201,1340.03,0.2596239580307156,66.89717585696805,951.9707246284912,1184.6669445498053
exp_001,SA_n30_inst3_run0,base,40400,40401,1346.7,0.26088970800628886,66.89717585696805,951.9707246284912,1335.386582529459
exp_001,SA_n30_inst3_run0,base,40600,40601,1353.37,0.2621286250068806,66.89717585696805,951.9707246284912,1348.2647698231597
exp_001,SA_n30_inst3_run0,base,40800,40801,1360.03,0.26335058303084224,66.89717585696805,951.9707246284912,1551.7176156630185
exp_001,SA_n30_inst3_run0,base,41000,41001,1366.7,0.2645775420241989,66.89717585696805,951.9707246284912,1462.4190718618256
exp_001,SA_n30_inst3_run0,base,41200,41201,1373.37,0.26578737498493865,66.22820409839836,951.9707246284912,1242.9348552299834
exp_001,SA_n30_inst3_run0,base,41400,41401,1380.03,0.2669870830141008,66.22820409839836,951.9707246284912,1290.8757332224338
exp_001,SA_n30_inst3_run0,base,41600,41601,1386.7,0.26818725001066923,66.22820409839836,951.9707246284912,1414.9090654631048
exp_001,SA_n30_inst3_run0,base,41800,41801,1393.37,0.26938208303181455,66.22820409839836,951.9707246284912,1210.4238518636917
exp_001,SA_n30_inst3_run0,base,42000,42001,1400.03,0.27059141697827727,66.22820409839836,951.9707246284912,1434.3386757968767
exp_001,SA_n30_inst3_run0,base,42200,42201,1406.7,0.2717892079963349,65.56592205741438,951.9707246284912,1261.8249760316753
exp_001,SA_n30_inst3_run0,base,42400,42401,1413.37,0.2729927920154296,65.56592205741438,951.9707246284912,1242.05572153867
exp_001,SA_n30_inst3_run0,base,42600,42601,1420.03,0.27425054198829457,65.56592205741438,951.9707246284912,1396.5298749727888
exp_001,SA_n30_inst3_run0,base,42800,42801,1426.7,0.27545512502547354,65.56592205741438,951.9707246284912,1264.7153383574903
exp_001,SA_n30_inst3_run0,base,43000,43001,1433.37,0.27664833300514147,65.56592205741438,951.9707246284912,1465.3397269510838
exp_001,SA_n30_inst3_run0,base,43200,43201,1440.03,0.2778794170008041,64.91026283684023,951.9707246284912,1283.5968773768996
exp_001,SA_n30_inst3_run0,base,43400,43401,1446.7,0.27909241698216647,64.91026283684023,951.9707246284912,1294.9935169199687
exp_001,SA_n30_inst3_run0,base,43600,43601,1453.37,0.28030366700841114,64.91026283684023,951.9707246284912,1213.8037786872171
exp_001,SA_n30_inst3_run0,base,43800,43801,1460.03,0.2815265830140561,64.91026283684023,951.9707246284912,1520.2483765355084
exp_001,SA_n30_inst3_run0,base,44000,44001,1466.7,0.2827470829943195,64.91026283684023,951.9707246284912,1414.3915108133353
exp_001,SA_n30_inst3_run0,base,44200,44201,1473.37,0.2840092920232564,64.26116020847184,951.9707246284912,1291.5837457697146
exp_001,SA_n30_inst3_run0,base,44400,44401,1480.03,0.28522200003499165,64.26116020847184,951.9707246284912,1293.7003381104512
exp_001,SA_n30_inst3_run0,base,44600,44601,1486.7,0.28644554200582206,64.26116020847184,951.9707246284912,1323.4421972602026
exp_001,SA_n30_inst3_run0,base,44800,44801,1493.37,0.2876682920032181,64.26116020847184,951.9707246284912,1221.453781721373
exp_001,SA_n30_inst3_run0,base,45000,45001,1500.03,0.2888765420066193,64.26116020847184,951.9707246284912,1300.699790315192
exp_001,SA_n30_inst3_run0,base,45200,45201,1506.7,0.29007450002245605,63.618548606387115,875.3503986087393,1162.0632327130083
exp_001,SA_n30_inst3_run0,base,45400,45401,1513.37,0.29126654198626056,63.618548606387115,875.3503986087393,1226.6649067830188
exp_001,SA_n30_inst3_run0,base,45600,45601,1520.03,0.29247437498997897,63.618548606387115,875.3503986087393,1344.3750104003107
exp_001,SA_n30_inst3_run0,base,45800,45801,1526.7,0.29368170798989013,63.618548606387115,875.3503986087393,1290.7693292523327
exp_001,SA_n30_inst3_run0,base,46000,46001,1533.37,0.2949095420190133,63.618548606387115,875.3503986087393,1151.2994300673192
exp_001,SA_n30_inst3_run0,base,46200,46201,1540.03,0.29615275003015995,62.98236312032324,875.3503986087393,1080.2725223982322
exp_001,SA_n30_inst3_run0,base,46400,46401,1546.7,0.2973900000215508,62.98236312032324,875.3503986087393,1343.8731378355
exp_001,SA_n30_inst3_run0,base,46600,46601,1553.37,0.29861500003607944,62.98236312032324,875.3503986087393,1308.9519427749653
exp_001,SA_n30_inst3_run0,base,46800,46801,1560.03,0.2998107920284383,62.98236312032324,875.3503986087393,1276.0393576121423
exp_001,SA_n30_inst3_run0,base,47000,47001,1566.7,0.3010050000157207,62.98236312032324,875.3503986087393,1177.2942199367926
exp_001,SA_n30_inst3_run0,base,47200,47201,1573.37,0.3022120000096038,62.35253948912001,875.3503986087393,1182.5618846046114
exp_001,SA_n30_inst3_run0,base,47400,47401,1580.03,0.30343625001842156,62.35253948912001,875.3503986087393,1351.4604901631135
exp_001,SA_n30_inst3_run0,base,47600,47601,1586.7,0.3046446670196019,62.35253948912001,875.3503986087393,1283.3158600970826
exp_001,SA_n30_inst3_run0,base,47800,47801,1593.37,0.30584708298556507,62.35253948912001,875.3503986087393,1281.5812745712203
exp_001,SA_n30_inst3_run0,base,48000,48001,1600.03,0.3070613330346532,62.35253948912001,875.3503986087393,1559.6440612548733
exp_001,SA_n30_inst3_run0,base,48200,48201,1606.7,0.30826287501258776,61.72901409422881,875.3503986087393,1480.5236492036881
exp_001,SA_n30_inst3_run0,base,48400,48401,1613.37,0.30945645802421495,61.72901409422881,875.3503986087393,1301.3658470621874
exp_001,SA_n30_inst3_run0,base,48600,48601,1620.03,0.31064824998611584,61.72901409422881,875.3503986087393,1091.8937432211972
exp_001,SA_n30_inst3_run0,base,48800,48801,1626.7,0.3118632920086384,61.72901409422881,875.3503986087393,1580.9940225050839
exp_001,SA_n30_inst3_run0,base,49000,49001,1633.37,0.3130745000089519,61.72901409422881,875.3503986087393,1158.947854886135
exp_001,SA_n30_inst3_run0,base,49200,49201,1640.03,0.3142740420298651,61.11172395328652,875.3503986087393,1413.962809902154
exp_001,SA_n30_inst3_run0,base,49400,49401,1646.7,0.31547274999320507,61.11172395328652,875.3503986087393,1150.2995585187255
exp_001,SA_n30_inst3_run0,base,49600,49601,1653.37,0.3166612079949118,61.11172395328652,875.3503986087393,1248.5066915669736
exp_001,SA_n30_inst3_run0,base,49800,49801,1660.03,0.3178520000074059,61.11172395328652,875.3503986087393,1231.596235316794
exp_001,SA_n30_inst3_run0,base,50000,50001,1666.7,0.3190644580172375,61.11172395328652,875.3503986087393,1336.9669386464188
exp_001,SA_n30_inst3_run0,base,50000,50001,1666.7,0.3191514170030132,0.00099,875.3503986087393,1336.9669386464188
exp_001,SA_n30_inst3_run1,base,0,1,0.03,1.334003172814846e-06,100.0,1298.428735514723,1298.428735514723
exp_001,SA_n30_inst3_run1,base,200,201,6.7,0.0012303750263527036,100.0,1149.8174437278064,1266.862339727956
exp_001,SA_n30_inst3_run1,base,400,401,13.37,0.0024573749979026616,100.0,1149.8174437278064,1318.2929470696793
exp_001,SA_n30_inst3_run1,base,600,601,20.03,0.0037025000201538205,100.0,1102.8572251597393,1377.7109600310926
exp_001,SA_n30_inst3_run1,base,800,801,26.7,0.0049027089844457805,100.0,1102.8572251597393,1704.3319100168928
exp_001,SA_n30_inst3_run1,base,1000,1001,33.37,0.006106499989982694,100.0,1102.8572251597393,1398.459164448909
exp_001,SA_n30_inst3_run1,base,1200,1201,40.03,0.007304584025405347,99.0,1102.8572251597393,1338.9575823324346
exp_001,SA_n30_inst3_run1,base,1400,1401,46.7,0.008503584016580135,99.0,1100.557796954893,1390.6222731422856
exp_001,SA_n30_inst3_run1,base,1600,1601,53.37,0.009701250004582107,99.0,1100.557796954893,1345.559444152181
exp_001,SA_n30_inst3_run1,base,1800,1801,60.03,0.010909584001637995,99.0,1100.557796954893,1479.6055003339995
exp_001,SA_n30_inst3_run1,base,2000,2001,66.7,0.012138209014665335,99.0,1100.557796954893,1221.467870021004
exp_001,SA_n30_inst3_run1,base,2200,2201,73.37,0.013369166990742087,98.01,1100.557796954893,1138.898380913957
exp_001,SA_n30_inst3_run1,base,2400,2401,80.03,0.014571209030691534,98.01,1100.557796954893,1467.9091462246827
exp_001,SA_n30_inst3_run1,base,2600,2601,86.7,0.01578908402007073,98.01,1100.557796954893,1321.3789889576967
exp_001,SA_n30_inst3_run1,base,2800,2801,93.37,0.01699720899341628,98.01,1026.2824437885665,1394.6864777508874
exp_001,SA_n30_inst3_run1,base,3000,3001,100.03,0.01821200002450496,98.01,1026.2824437885665,1499.0933840809205
exp_001,SA_n30_inst3_run1,base,3200,3201,106.7,0.019448000006377697,97.0299,1026.2824437885665,1353.8678847695976
exp_001,SA_n30_inst3_run1,base,3400,3401,113.37,0.02064845903078094,97.0299,1026.2824437885665,1451.7867683531979
exp_001,SA_n30_inst3_run1,base,3600,3601,120.03,0.021856250008568168,97.0299,1026.2824437885665,1386.8373414333382
exp_001,SA_n30_inst3_run1,base,3800,3801,126.7,0.02305133402114734,97.0299,1026.2824437885665,1329.1930472477864
exp_001,SA_n30_inst3_run1,base,4000,4001,133.37,0.024242500017862767,97.0299,1026.2824437885665,1296.4249568230075
exp_001,SA_n30_inst3_run1,base,4200,4201,140.03,0.02544429199770093,96.059601,1026.2824437885665,1242.8460542652015
exp_001,SA_n30_inst3_run1,base,4400,4401,146.7,0.026643834018614143,96.059601,1026.2824437885665,1182.9142526204098
exp_001,SA_n30_inst3_run1,base,4600,4601,153.37,0.02785645902622491,96.059601,1026.2824437885665,1178.5820897246113
exp_001,SA_n30_inst3_run1,base,4800,4801,160.03,0.029081624990794808,96.059601,1026.2824437885665,1508.7825643676515
exp_001,SA_n30_inst3_run1,base,5000,5001,166.7,0.03029558400157839,96.059601,997.5418408986369,1385.4173875305003
exp_001,SA_n30_inst3_run1,base,5200,5201,173.37,0.03150416701100767,95.09900499,997.5418408986369,1535.5693758513835
exp_001,SA_n30_inst3_run1,base,5400,5401,180.03,0.03271487500751391,95.09900499,997.5418408986369,1470.2000052735548
exp_001,SA_n30_inst3_run1,base,5600,5601,186.7,0.033923542010597885,95.09900499,997.5418408986369,1387.0002702396182
exp_001,SA_n30_inst3_run1,base,5800,5801,193.37,0.035120374988764524,95.09900499,997.5418408986369,1176.8657273988015
exp_001,SA_n30_inst3_run1,base,6000,6001,200.03,0.03634412499377504,95.09900499,997.5418408986369,1419.3730680837273
exp_001,SA_n30_inst3_run1,base,6200,6201,206.7,0.03760887501994148,94.1480149401,997.5418408986369,1425.1309708108058
exp_001,SA_n30_inst3_run1,base,6400,6401,213.37,0.03889104200061411,94.1480149401,997.5418408986369,1320.7859582860704
exp_001,SA_n30_inst3_run1,base,6600,6601,220.03,0.040152334026061,94.1480149401,997.5418408986369,1250.4974704786587
exp_001,SA_n30_inst3_run1,base,6800,6801,226.7,0.0413853750214912,94.1480149401,997.5418408986369,1238.9986931066016
exp_001,SA_n30_inst3_run1,base,7000,7001,233.37,0.04260262503521517,94.1480149401,997.5418408986369,1350.4679558121568
exp_001,SA_n30_inst3_run1,base,7200,7201,240.03,0.04381220898358151,93.206534790699,997.5418408986369,1330.281024948494
exp_001,SA_n30_inst3_run1,base,7400,7401,246.7,0.04502449999563396,93.206534790699,997.5418408986369,1343.550141011924
exp_001,SA_n30_inst3_run1,base,7600,7601,253.37,0.046250167011749,93.206534790699,997.5418408986369,1568.9027577970737
exp_001,SA_n30_inst3_run1,base,7800,7801,260.03,0.047501625027507544,93.206534790699,997.5418408986369,1286.901191214279
exp_001,SA_n30_inst3_run1,base,8000,8001,266.7,0.0487282500253059,93.206534790699,997.5418408986369,1502.2479844843103
exp_001,SA_n30_inst3_run1,base,8200,8201,273.37,0.04993441700935364,92.27446944279201,997.5418408986369,1575.2074192730781
exp_001,SA_n30_inst3_run1,base,8400,8401,280.03,0.051134000008460134,92.27446944279201,971.3946150144421,1390.0144174824889
exp_001,SA_n30_inst3_run1,base,8600,8601,286.7,0.05233054200652987,92.27446944279201,971.3946150144421,1207.8775855312194
exp_001,SA_n30_inst3_run1,base,8800,8801,293.37,0.053583000029902905,92.27446944279201,971.3946150144421,1353.8801567714443
exp_001,SA_n30_inst3_run1,base,9000,9001,300.03,0.054829167027492076,92.27446944279201,971.3946150144421,1263.510297111309
exp_001,SA_n30_inst3_run1,base,9200,9201,306.7,0.05609120900044218,91.35172474836409,971.3946150144421,1327.7891501625513
exp_001,SA_n30_inst3_run1,base,9400,9401,313.37,0.057355209020897746,91.35172474836409,971.3946150144421,1420.7946301658753
exp_001,SA_n30_inst3_run1,base,9600,9601,320.03,0.05856829200638458,91.35172474836409,971.3946150144421,1154.455053355945
exp_001,SA_n30_inst3_run1,base,9800,9801,326.7,0.05977404199074954,91.35172474836409,971.3946150144421,1358.2404794363163
exp_001,SA_n30_inst3_run1,base,10000,10001,333.37,0.06097325001610443,91.35172474836409,971.3946150144421,1230.4505149178442
exp_001,SA_n30_inst3_run1,base,10200,10201,340.03,0.06216874998062849,90.43820750088045,971.3946150144421,1468.2005114261608
exp_001,SA_n30_inst3_run1,base,10400,10401,346.7,0.06336891703540459,90.43820750088045,971.3946150144421,1528.7884615150692
exp_001,SA_n30_inst3_run1,base,10600,10601,353.37,0.06457891699392349,90.43820750088045,971.3946150144421,1305.9917559219048
exp_001,SA_n30_inst3_run1,base,10800,10801,360.03,0.06579337501898408,90.43820750088045,971.3946150144421,1353.425139797259
exp_001,SA_n30_inst3_run1,base,11000,11001,366.7,0.06697783397976309,90.43820750088045,971.3946150144421,1369.7883375536285
exp_001,SA_n30_inst3_run1,base,11200,11201,373.37,0.068206750031095,89.53382542587164,971.3946150144421,1350.6782658269287
exp_001,SA_n30_inst3_run1,base,11400,11401,380.03,0.06940450001275167,89.53382542587164,971.3946150144421,1310.7418941673686
exp_001,SA_n30_inst3_run1,base,11600,11601,386.7,0.07061191700631753,89.53382542587164,971.3946150144421,1615.8795118644757
exp_001,SA_n30_inst3_run1,base,11800,11801,393.37,0.07181554200360551,89.53382542587164,971.3946150144421,1300.2336226752457
exp_001,SA_n30_inst3_run1,base,12000,12001,400.03,0.07301004201872274,89.53382542587164,971.3946150144421,1283.9012667362256
exp_001,SA_n30_inst3_run1,base,12200,12201,406.7,0.07421341701410711,88.63848717161292,971.3946150144421,1310.575206047142
exp_001,SA_n30_inst3_run1,base,12400,12401,413.37,0.07542025001021102,88.63848717161292,971.3946150144421,1458.2161116898696
exp_001,SA_n30_inst3_run1,base,12600,12601,420.03,0.0766638339846395,88.63848717161292,971.3946150144421,1434.9927592823758
exp_001,SA_n30_inst3_run1,base,12800,12801,426.7,0.07790249999379739,88.63848717161292,971.3946150144421,1291.4677974500266
exp_001,SA_n30_inst3_run1,base,13000,13001,433.37,0.07914616703055799,88.63848717161292,971.3946150144421,1347.3589999587064
exp_001,SA_n30_inst3_run1,base,13200,13201,440.03,0.08042620902415365,87.75210229989679,971.3946150144421,1322.8589549876979
exp_001,SA_n30_inst3_run1,base,13400,13401,446.7,0.08165200002258644,87.75210229989679,971.3946150144421,1578.1485921434646
exp_001,SA_n30_inst3_run1,base,13600,13601,453.37,0.0828826249926351,87.75210229989679,971.3946150144421,1457.1393100611283
exp_001,SA_n30_inst3_run1,base,13800,13801,460.03,0.08411191700724885,87.75210229989679,971.3946150144421,1296.9790743905905
exp_001,SA_n30_inst3_run1,base,14000,14001,466.7,0.08533004199853167,87.75210229989679,971.3946150144421,1222.6746576927792
exp_001,SA_n30_inst3_run1,base,14200,14201,473.37,0.08655829197959974,86.87458127689783,971.3946150144421,1399.954981754006
exp_001,SA_n30_inst3_run1,base,14400,14401,480.03,0.0878004590049386,86.87458127689783,971.3946150144421,1394.9857841765986
exp_001,SA_n30_inst3_run1,base,14600,14601,486.7,0.08903779200045392,86.87458127689783,971.3946150144421,1327.9847872569217
exp_001,SA_n30_inst3_run1,base,14800,14801,493.37,0.0902572920313105,86.87458127689783,971.3946150144421,1354.364766641233
exp_001,SA_n30_inst3_run1,base,15000,15001,500.03,0.091481167008169,86.87458127689783,971.3946150144421,1364.1439727651104
exp_001,SA_n30_inst3_run1,base,15200,15201,506.7,0.09269741701427847,86.00583546412885,971.3946150144421,1270.9853244609913
exp_001,SA_n30_inst3_run1,base,15400,15401,513.37,0.0939125000149943,86.00583546412885,971.3946150144421,1370.1108642759455
exp_001,SA_n30_inst3_run1,base,15600,15601,520.03,0.09512170898960903,86.00583546412885,971.3946150144421,1402.0856502144966
exp_001,SA_n30_inst3_run1,base,15800,15801,526.7,0.09634108399040997,86.00583546412885,971.3946150144421,1332.629738344642
exp_001,SA_n30_inst3_run1,base,16000,16001,533.37,0.09754562500165775,86.00583546412885,971.3946150144421,1293.1588558956066
exp_001,SA_n30_inst3_run1,base,16200,16201,540.03,0.0987371249939315,85.14577710948755,971.3946150144421,1451.0052131168472
exp_001,SA_n30_inst3_run1,base,16400,16401,546.7,0.09994887502398342,85.14577710948755,971.3946150144421,1314.3732243848744
exp_001,SA_n30_inst3_run1,base,16600,16601,553.37,0.101157917000819,85.14577710948755,971.3946150144421,1499.9755731940709
exp_001,SA_n30_inst3_run1,base,16800,16801,560.03,0.10235275002196431,85.14577710948755,971.3946150144421,1306.8913633291957
exp_001,SA_n30_inst3_run1,base,17000,17001,566.7,0.10355429199989885,85.14577710948755,971.3946150144421,1279.3606483171093
exp_001,SA_n30_inst3_run1,base,17200,17201,573.37,0.10474641702603549,84.29431933839268,971.3946150144421,1457.832797465649
exp_001,SA_n30_inst3_run1,base,17400,17401,580.03,0.10593737498857081,84.29431933839268,971.3946150144421,1418.746932617971
exp_001,SA_n30_inst3_run1,base,17600,17601,586.7,0.10714350000489503,84.29431933839268,971.3946150144421,1440.8185268919528
exp_001,SA_n30_inst3_run1,base,17800,17801,593.37,0.10836179199395701,84.29431933839268,971.3946150144421,1347.1438663254874
exp_001,SA_n30_inst3_run1,base,18000,18001,600.03,0.10963379201712087,84.29431933839268,971.3946150144421,1414.3414564565892
exp_001,SA_n30_inst3_run1,base,18200,18201,606.7,0.11084345902781934,83.45137614500875,971.3946150144421,1105.7852158744743
exp_001,SA_n30_inst3_run1,base,18400,18401,613.37,0.1125642919796519,83.45137614500875,971.3946150144421,1387.00063016853
exp_001,SA_n30_inst3_run1,base,18600,18601,620.03,0.11384599999291822,83.45137614500875,971.3946150144421,1322.638181476716
exp_001,SA_n30_inst3_run1,base,18800,18801,626.7,0.11504445900209248,83.45137614500875,971.3946150144421,1251.1107092008317
exp_001,SA_n30_inst3_run1,base,19000,19001,633.37,0.11624712502816692,83.45137614500875,971.3946150144421,1328.6228890627483
exp_001,SA_n30_inst3_run1,base,19200,19201,640.03,0.11748612503288314,82.61686238355867,971.3946150144421,1496.4911670231902
exp_001,SA_n30_inst3_run1,base,19400,19401,646.7,0.11869662499520928,82.61686238355867,971.3946150144421,1471.0422501260805
exp_001,SA_n30_inst3_run1,base,19600,19601,653.37,0.11990583402803168,82.61686238355867,971.3946150144421,1234.6625492739302
exp_001,SA_n30_inst3_run1,base,19800,19801,660.03,0.12110475002555177,82.61686238355867,971.3946150144421,1393.8442657150324
exp_001,SA_n30_inst3_run1,base,20000,20001,666.7,0.12231375003466383,82.61686238355867,971.3946150144421,1311.8142485311093
exp_001,SA_n30_inst3_run1,base,20200,20201,673.37,0.12350620899815112,81.79069375972308,971.3946150144421,1267.6241882892807
exp_001,SA_n30_inst3_run1,base,20400,20401,680.03,0.12471254199044779,81.79069375972308,971.3946150144421,1363.4811908144943
exp_001,SA_n30_inst3_run1,base,20600,20601,686.7,0.12593579199165106,81.79069375972308,971.3946150144421,1233.7891374095166
exp_001,SA_n30_inst3_run1,base,20800,20801,693.37,0.12719183403532952,81.79069375972308,971.3946150144421,1777.43752952409
exp_001,SA_n30_inst3_run1,base,21000,21001,700.03,0.128412791993469,81.79069375972308,971.3946150144421,1375.9881377385893
exp_001,SA_n30_inst3_run1,base,21200,21201,706.7,0.12987733399495482,80.97278682212585,971.3946150144421,1372.1048587034584
exp_001,SA_n30_inst3_run1,base,21400,21401,713.37,0.1311940840096213,80.97278682212585,971.3946150144421,1563.8485013279205
exp_001,SA_n30_inst3_run1,base,21600,21601,720.03,0.13242820900632069,80.97278682212585,971.3946150144421,1292.3546695139803
exp_001,SA_n30_inst3_run1,base,21800,21801,726.7,0.1336492500267923,80.97278682212585,971.3946150144421,1425.617958405844
exp_001,SA_n30_inst3_run1,base,22000,22001,733.37,0.1348615000024438,80.97278682212585,971.3946150144421,1419.6642010194364
exp_001,SA_n30_inst3_run1,base,22200,22201,740.03,0.13607616699300706,80.1630589539046,971.3946150144421,1249.0818300058415
exp_001,SA_n30_inst3_run1,base,22400,22401,746.7,0.13729541702196002,80.1630589539046,971.3946150144421,1551.8743504898507
exp_001,SA_n30_inst3_run1,base,22600,22601,753.37,0.1385006250347942,80.1630589539046,971.3946150144421,1370.0146875633793
exp_001,SA_n30_inst3_run1,base,22800,22801,760.03,0.13970720901852474,80.1630589539046,971.3946150144421,1381.4001739353648
exp_001,SA_n30_inst3_run1,base,23000,23001,766.7,0.14092008402803913,80.1630589539046,971.3946150144421,1472.87855211089
exp_001,SA_n30_inst3_run1,base,23200,23201,773.37,0.14214545901631936,79.36142836436555,971.3946150144421,1347.5894675538646
exp_001,SA_n30_inst3_run1,base,23400,23401,780.03,0.1433565419865772,79.36142836436555,971.3946150144421,1210.4035016866128
exp_001,SA_n30_inst3_run1,base,23600,23601,786.7,0.14456754201091826,79.36142836436555,971.3946150144421,1234.768271919533
exp_001,SA_n30_inst3_run1,base,23800,23801,793.37,0.14579620899166912,79.36142836436555,971.3946150144421,1242.6135631319555
exp_001,SA_n30_inst3_run1,base,24000,24001,800.03,0.14705483400030062,79.36142836436555,971.3946150144421,1368.3623863418657
exp_001,SA_n30_inst3_run1,base,24200,24201,806.7,0.14828174997819588,78.56781408072189,971.3946150144421,1426.4140439220455
exp_001,SA_n30_inst3_run1,base,24400,24401,813.37,0.14949391700793058,78.56781408072189,971.3946150144421,1429.5432729222357
exp_001,SA_n30_inst3_run1,base,24600,24601,820.03,0.15070287499111146,78.56781408072189,971.3946150144421,1293.6106647402103
exp_001,SA_n30_inst3_run1,base,24800,24801,826.7,0.15191658399999142,78.56781408072189,971.3946150144421,1417.6541696403417
exp_001,SA_n30_inst3_run1,base,25000,25001,833.37,0.15313925000373274,78.56781408072189,971.3946150144421,1301.767746792969
exp_001,SA_n30_inst3_run1,base,25200,25201,840.03,0.15436970902374014,77.78213593991467,971.3946150144421,1284.1212664663215
exp_001,SA_n30_inst3_run1,base,25400,25401,846.7,0.15557370899477974,77.78213593991467,971.3946150144421,1246.6624544679917
exp_001,SA_n30_inst3_run1,base,25600,25601,853.37,0.15678316698176786,77.78213593991467,971.3946150144421,1370.3863378072388
exp_001,SA_n30_inst3_run1,base,25800,25801,860.03,0.15798358398023993,77.78213593991467,971.3946150144421,1296.2521311469893
exp_001,SA_n30_inst3_run1,base,26000,26001,866.7,0.15918062499258667,77.78213593991467,971.3946150144421,1413.3481991240276
exp_001,SA_n30_inst3_run1,base,26200,26201,873.37,0.1603830840322189,77.00431458051553,971.3946150144421,1285.4368126305626
exp_001,SA_n30_inst3_run1,base,26400,26401,880.03,0.16159291699295864,77.00431458051553,971.3946150144421,1370.859162968279
exp_001,SA_n30_inst3_run1,base,26600,26601,886.7,0.1627995420130901,77.00431458051553,971.3946150144421,1262.3776173717047
exp_001,SA_n30_inst3_run1,base,26800,26801,893.37,0.163988167012576,77.00431458051553,971.3946150144421,1416.1243847801945
exp_001,SA_n30_inst3_run1,base,27000,27001,900.03,0.16518229199573398,77.00431458051553,971.3946150144421,1373.245777430496
exp_001,SA_n30_inst3_run1,base,27200,27201,906.7,0.16639595897868276,76.23427143471037,971.3946150144421,1389.6718751122698
exp_001,SA_n30_inst3_run1,base,27400,27401,913.37,0.16760070901364088,76.23427143471037,971.3946150144421,1416.0161127389267
exp_001,SA_n30_inst3_run1,base,27600,27601,920.03,0.16878750000614673,76.23427143471037,971.3946150144421,1261.5562870855392
exp_001,SA_n30_inst3_run1,base,27800,27801,926.7,0.1699898749939166,76.23427143471037,971.3946150144421,1294.0291612395808
exp_001,SA_n30_inst3_run1,base,28000,28001,933.37,0.17117545899236575,76.23427143471037,971.3946150144421,1192.1410352044181
exp_001,SA_n30_inst3_run1,base,28200,28201,940.03,0.17235816700849682,75.47192872036327,933.9447291550896,1095.8806148557005
exp_001,SA_n30_inst3_run1,base,28400,28401,946.7,0.17354737501591444,75.47192872036327,933.9447291550896,1448.9174845930365
exp_001,SA_n30_inst3_run1,base,28600,28601,953.37,0.17473945900565013,75.47192872036327,933.9447291550896,1452.4290422757945
exp_001,SA_n30_inst3_run1,base,28800,28801,960.03,0.17592687503201887,75.47192872036327,933.9447291550896,1226.6943989200122
exp_001,SA_n30_inst3_run1,base,29000,29001,966.7,0.1771151670254767,75.47192872036327,933.9447291550896,1231.2567927998473
exp_001,SA_n30_inst3_run1,base,29200,29201,973.37,0.17830766702536494,74.71720943315964,933.9447291550896,1291.11275585576
exp_001,SA_n30_inst3_run1,base,29400,29401,980.03,0.17955279198940843,74.71720943315964,933.9447291550896,1377.2101415421876
exp_001,SA_n30_inst3_run1,base,29600,29601,986.7,0.1808387089986354,74.71720943315964,933.9447291550896,1422.0241643024985
exp_001,SA_n30_inst3_run1,base,29800,29801,993.37,0.18206987500889227,74.71720943315964,933.9447291550896,1311.979050050364
exp_001,SA_n30_inst3_run1,base,30000,30001,1000.03,0.18329675000859424,74.71720943315964,933.9447291550896,1436.603638189883
exp_001,SA_n30_inst3_run1,base,30200,30201,1006.7,0.1845360419829376,73.97003733882804,933.9447291550896,1307.8510314586933
exp_001,SA_n30_inst3_run1,base,30400,30401,1013.37,0.18575754202902317,73.97003733882804,933.9447291550896,1516.331558394959
exp_001,SA_n30_inst3_run1,base,30600,30601,1020.03,0.18697887501912192,73.97003733882804,933.9447291550896,1240.9326416388692
exp_001,SA_n30_inst3_run1,base,30800,30801,1026.7,0.18818304198794067,73.97003733882804,933.9447291550896,1219.5184957819074
exp_001,SA_n30_inst3_run1,base,31000,31001,1033.37,0.1893815840012394,73.97003733882804,933.9447291550896,1270.7613051591522
exp_001,SA_n30_inst3_run1,base,31200,31201,1040.03,0.19057129201246426,73.23033696543976,933.9447291550896,1523.1894860574243
exp_001,SA_n30_inst3_run1,base,31400,31401,1046.7,0.19175933400401846,73.23033696543976,933.9447291550896,1316.7269390392585
exp_001,SA_n30_inst3_run1,base,31600,31601,1053.37,0.19302620901726186,73.23033696543976,933.9447291550896,1185.6804401326174
exp_001,SA_n30_inst3_run1,base,31800,31801,1060.03,0.1942929999786429,73.23033696543976,933.9447291550896,1342.5103599332783
exp_001,SA_n30_inst3_run1,base,32000,32001,1066.7,0.1955595000181347,73.23033696543976,933.9447291550896,1412.7755861738078
exp_001,SA_n30_inst3_run1,base,32200,32201,1073.37,0.19678850000491366,72.49803359578536,933.9447291550896,1449.2610246000004
exp_001,SA_n30_inst3_run1,base,32400,32401,1080.03,0.19799941702513024,72.49803359578536,933.9447291550896,1309.4015310938341
exp_001,SA_n30_inst3_run1,base,32600,32601,1086.7,0.19919783400837332,72.49803359578536,933.9447291550896,1491.7037315255802
exp_001,SA_n30_inst3_run1,base,32800,32801,1093.37,0.20041195902740583,72.49803359578536,933.9447291550896,1332.4722687784988
exp_001,SA_n30_inst3_run1,base,33000,33001,1100.03,0.2016222919919528,72.49803359578536,933.9447291550896,1563.1863847147004
exp_001,SA_n30_inst3_run1,base,33200,33201,1106.7,0.2028377919923514,71.7730532598275,933.9447291550896,1213.1916475281837
exp_001,SA_n30_inst3_run1,base,33400,33401,1113.37,0.20401579199824482,71.7730532598275,933.9447291550896,1147.4934103877142
exp_001,SA_n30_inst3_run1,base,33600,33601,1120.03,0.20521074999123812,71.7730532598275,933.9447291550896,1239.0141173262548
exp_001,SA_n30_inst3_run1,base,33800,33801,1126.7,0.20639329199912027,71.7730532598275,933.9447291550896,1118.3224108321238
exp_001,SA_n30_inst3_run1,base,34000,34001,1133.37,0.20758308400399983,71.7730532598275,933.9447291550896,1085.2503176913083
exp_001,SA_n30_inst3_run1,base,34200,34201,1140.03,0.20879312499891967,71.05532272722922,933.9447291550896,1489.237951765574
exp_001,SA_n30_inst3_run1,base,34400,34401,1146.7,0.21005104202777147,71.05532272722922,933.9447291550896,1336.687445658436
exp_001,SA_n30_inst3_run1,base,34600,34601,1153.37,0.2112986670108512,71.05532272722922,933.9447291550896,1413.4896048269525
exp_001,SA_n30_inst3_run1,base,34800,34801,1160.03,0.21252604201436043,71.05532272722922,933.9447291550896,1610.9219778042732
exp_001,SA_n30_inst3_run1,base,35000,35001,1166.7,0.21372425003210083,71.05532272722922,933.9447291550896,1378.2678518664059
exp_001,SA_n30_inst3_run1,base,35200,35201,1173.37,0.21492275001946837,70.34476949995693,933.9447291550896,1381.419318398124
exp_001,SA_n30_inst3_run1,base,35400,35401,1180.03,0.21612883399939165,70.34476949995693,933.9447291550896,1298.2246026096059
exp_001,SA_n30_inst3_run1,base,35600,35601,1186.7,0.21734525001375005,70.34476949995693,933.9447291550896,1323.9542758989696
exp_001,SA_n30_inst3_run1,base,35800,35801,1193.37,0.21854641701793298,70.34476949995693,933.9447291550896,1383.3017840578236
exp_001,SA_n30_inst3_run1,base,36000,36001,1200.03,0.2197559170308523,70.34476949995693,933.9447291550896,1391.7440126960041
exp_001,SA_n30_inst3_run1,base,36200,36201,1206.7,0.2209608340053819,69.64132180495736,933.9447291550896,1322.9457802141023
exp_001,SA_n30_inst3_run1,base,36400,36401,1213.37,0.22213970898883417,69.64132180495736,933.9447291550896,1380.3852861240164
exp_001,SA_n30_inst3_run1,base,36600,36601,1220.03,0.22333995898952708,69.64132180495736,933.9447291550896,1329.8962496390336
exp_001,SA_n30_inst3_run1,base,36800,36801,1226.7,0.2245271250139922,69.64132180495736,933.9447291550896,1283.3936727614328
exp_001,SA_n30_inst3_run1,base,37000,37001,1233.37,0.22573312500026077,69.64132180495736,933.9447291550896,1271.4541490165077
exp_001,SA_n30_inst3_run1,base,37200,37201,1240.03,0.22696733399061486,68.94490858690779,933.9447291550896,1226.0008388333954
exp_001,SA_n30_inst3_run1,base,37400,37401,1246.7,0.22819200000958517,68.94490858690779,933.9447291550896,1469.4377622366655
exp_001,SA_n30_inst3_run1,base,37600,37601,1253.37,0.22941949998494238,68.94490858690779,933.9447291550896,1236.0052186928588
exp_001,SA_n30_inst3_run1,base,37800,37801,1260.03,0.23060133401304483,68.94490858690779,933.9447291550896,1412.6582944446059
exp_001,SA_n30_inst3_run1,base,38000,38001,1266.7,0.2318007919820957,68.94490858690779,933.9447291550896,1467.141510125446
exp_001,SA_n30_inst3_run1,base,38200,38201,1273.37,0.2330095000215806,68.25545950103871,933.9447291550896,1319.3579938703547
exp_001,SA_n30_inst3_run1,base,38400,38401,1280.03,0.23420904198428616,68.25545950103871,933.9447291550896,1352.0921025644398
exp_001,SA_n30_inst3_run1,base,38600,38601,1286.7,0.2354104170226492,68.25545950103871,933.9447291550896,1329.658130020272
exp_001,SA_n30_inst3_run1,base,38800,38801,1293.37,0.2366257089888677,68.25545950103871,933.9447291550896,1260.7592905166973
exp_001,SA_n30_inst3_run1,base,39000,39001,1300.03,0.2378283339785412,68.25545950103871,933.9447291550896,1289.7588498978812
exp_001,SA_n30_inst3_run1,base,39200,39201,1306.7,0.23901754198595881,67.57290490602833,933.9447291550896,1190.9039478404477
exp_001,SA_n30_inst3_run1,base,39400,39401,1313.37,0.24022212502313778,67.57290490602833,933.9447291550896,1233.6264294687182
exp_001,SA_n30_inst3_run1,base,39600,39601,1320.03,0.24143458402249962,67.57290490602833,933.9447291550896,1336.7508832551885
exp_001,SA_n30_inst3_run1,base,39800,39801,1326.7,0.24264670902630314,67.57290490602833,933.9447291550896,1223.9980705214532
exp_001,SA_n30_inst3_run1,base,40000,40001,1333.37,0.243860833987128,67.57290490602833,933.9447291550896,1189.5095260963658
exp_001,SA_n30_inst3_run1,base,40200,40201,1340.03,0.2450717089814134,66.89717585696805,933.9447291550896,1215.1731915736173
exp_001,SA_n30_inst3_run1,base,40400,40401,1346.7,0.2462712090346031,66.89717585696805,933.9447291550896,1500.5506351777342
exp_001,SA_n30_inst3_run1,base,40600,40601,1353.37,0.2474624590249732,66.89717585696805,933.9447291550896,1432.4719469618135
exp_001,SA_n30_inst3_run1,base,40800,40801,1360.03,0.24865825002780184,66.89717585696805,933.9447291550896,1272.890975909328
exp_001,SA_n30_inst3_run1,base,41000,41001,1366.7,0.24986066698329523,66.89717585696805,933.9447291550896,1474.8229930952268
exp_001,SA_n30_inst3_run1,base,41200,41201,1373.37,0.2510735840187408,66.22820409839836,933.9447291550896,1178.8510204944564
exp_001,SA_n30_inst3_run1,base,41400,41401,1380.03,0.2522847499931231,66.22820409839836,933.9447291550896,1391.844740151813
exp_001,SA_n30_inst3_run1,base,41600,41601,1386.7,0.2534906250075437,66.22820409839836,933.9447291550896,1447.5718710507563
exp_001,SA_n30_inst3_run1,base,41800,41801,1393.37,0.25468020897824317,66.22820409839836,933.9447291550896,1225.9786085327783
exp_001,SA_n30_inst3_run1,base,42000,42001,1400.03,0.2558755840291269,66.22820409839836,933.9447291550896,1437.4715814181664
exp_001,SA_n30_inst3_run1,base,42200,42201,1406.7,0.25706837500911206,65.56592205741438,933.9447291550896,1289.2545773606057
exp_001,SA_n30_inst3_run1,base,42400,42401,1413.37,0.258255916996859,65.56592205741438,933.9447291550896,1396.8854801621908
exp_001,SA_n30_inst3_run1,base,42600,42601,1420.03,0.2594614590052515,65.56592205741438,933.9447291550896,1243.7334545246676
exp_001,SA_n30_inst3_run1,base,42800,42801,1426.7,0.2606663749902509,65.56592205741438,933.9447291550896,1240.6174064679142
exp_001,SA_n30_inst3_run1,base,43000,43001,1433.37,0.261877333978191,65.56592205741438,933.9447291550896,1177.3209113269938
exp_001,SA_n30_inst3_run1,base,43200,43201,1440.03,0.26306141703389585,64.91026283684023,933.9447291550896,1116.2593138314542
exp_001,SA_n30_inst3_run1,base,43400,43401,1446.7,0.26425841700984165,64.91026283684023,933.9447291550896,1437.5723280797313
exp_001,SA_n30_inst3_run1,base,43600,43601,1453.37,0.2654561250237748,64.91026283684023,933.9447291550896,1318.2774706971747
exp_001,SA_n30_inst3_run1,base,43800,43801,1460.03,0.2666673749918118,64.91026283684023,933.9447291550896,1386.2373081179471
exp_001,SA_n30_inst3_run1,base,44000,44001,1466.7,0.26786058401921764,64.91026283684023,933.9447291550896,1219.7611529287085
exp_001,SA_n30_inst3_run1,base,44200,44201,1473.37,0.2690616250038147,64.26116020847184,933.9447291550896,1127.8961810590672
exp_001,SA_n30_inst3_run1,base,44400,44401,1480.03,0.2702665840042755,64.26116020847184,933.9447291550896,1430.1006542644786
exp_001,SA_n30_inst3_run1,base,44600,44601,1486.7,0.2714539170265198,64.26116020847184,933.9447291550896,1188.0601829432287
exp_001,SA_n30_inst3_run1,base,44800,44801,1493.37,0.2726485839812085,64.26116020847184,933.9447291550896,1292.8729171311018
exp_001,SA_n30_inst3_run1,base,45000,45001,1500.03,0.2738390840240754,64.26116020847184,933.9447291550896,1527.5387747674545
exp_001,SA_n30_inst3_run1,base,45200,45201,1506.7,0.27505745901726186,63.618548606387115,933.9447291550896,1274.8780811009765
exp_001,SA_n30_inst3_run1,base,45400,45401,1513.37,0.2762716669822112,63.618548606387115,933.9447291550896,1290.4370665775218
exp_001,SA_n30_inst3_run1,base,45600,45601,1520.03,0.27750404202379286,63.618548606387115,933.9447291550896,1341.4435448026888
exp_001,SA_n30_inst3_run1,base,45800,45801,1526.7,0.2787042090203613,63.618548606387115,933.9447291550896,1127.473175464649
exp_001,SA_n30_inst3_run1,base,46000,46001,1533.37,0.2799067919841036,63.618548606387115,933.9447291550896,1350.0020739080999
exp_001,SA_n30_inst3_run1,base,46200,46201,1540.03,0.2811003749957308,62.98236312032324,933.9447291550896,1276.0974532109774
exp_001,SA_n30_inst3_run1,base,46400,46401,1546.7,0.282299124985002,62.98236312032324,933.9447291550896,1260.6767909837713
exp_001,SA_n30_inst3_run1,base,46600,46601,1553.37,0.2834787920000963,62.98236312032324,933.9447291550896,1085.4628598154354
exp_001,SA_n30_inst3_run1,base,46800,46801,1560.03,0.2846757090301253,62.98236312032324,933.9447291550896,1190.7648637532673
exp_001,SA_n30_inst3_run1,base,47000,47001,1566.7,0.2859267499879934,62.98236312032324,933.9447291550896,1260.0763368393152
exp_001,SA_n30_inst3_run1,base,47200,47201,1573.37,0.28712774999439716,62.35253948912001,933.9447291550896,1097.6983682316745
exp_001,SA_n30_inst3_run1,base,47400,47401,1580.03,0.28832662501372397,62.35253948912001,933.9447291550896,1231.146234643703
exp_001,SA_n30_inst3_run1,base,47600,47601,1586.7,0.2895152500132099,62.35253948912001,933.9447291550896,1334.2514975842998
exp_001,SA_n30_inst3_run1,base,47800,47801,1593.37,0.2906937089865096,62.35253948912001,933.9447291550896,1453.2097634954164
exp_001,SA_n30_inst3_run1,base,48000,48001,1600.03,0.2918788749957457,62.35253948912001,933.9447291550896,1227.1651401371198
exp_001,SA_n30_inst3_run1,base,48200,48201,1606.7,0.29307079198770225,61.72901409422881,933.9447291550896,1328.464181134848
exp_001,SA_n30_inst3_run1,base,48400,48401,1613.37,0.2943059590179473,61.72901409422881,933.9447291550896,1392.7972547129827
exp_001,SA_n30_inst3_run1,base,48600,48601,1620.03,0.2954929170082323,61.72901409422881,933.9447291550896,1269.9752436127915
exp_001,SA_n30_inst3_run1,base,48800,48801,1626.7,0.2966906250221655,61.72901409422881,933.9447291550896,1204.2986882859516
exp_001,SA_n30_inst3_run1,base,49000,49001,1633.37,0.29787212499650195,61.72901409422881,933.9447291550896,1384.7899226162644
exp_001,SA_n30_inst3_run1,base,49200,49201,1640.03,0.299079124990385,61.11172395328652,933.9447291550896,1283.0699976692176
exp_001,SA_n30_inst3_run1,base,49400,49401,1646.7,0.3002709589782171,61.11172395328652,933.9447291550896,1234.6117319456396
exp_001,SA_n30_inst3_run1,base,49600,49601,1653.37,0.30148520902730525,61.11172395328652,933.9447291550896,1277.660898395395
exp_001,SA_n30_inst3_run1,base,49800,49801,1660.03,0.3026793749886565,61.11172395328652,933.9447291550896,1441.7975457948635
exp_001,SA_n30_inst3_run1,base,50000,50001,1666.7,0.30386254203040153,61.11172395328652,933.9447291550896,1304.820198740725
exp_001,SA_n30_inst3_run1,base,50000,50001,1666.7,0.3039415840175934,0.00099,933.9447291550896,1304.820198740725
exp_001,SA_n30_inst3_run2,base,0,1,0.03,1.3750395737588406e-06,100.0,1450.587521407128,1450.587521407128
exp_001,SA_n30_inst3_run2,base,200,201,6.7,0.0012268749997019768,100.0,1217.9166312653615,1290.1282549468226
exp_001,SA_n30_inst3_run2,base,400,401,13.37,0.0024754590122029185,100.0,1037.7710226763943,1251.638576949319
exp_001,SA_n30_inst3_run2,base,600,601,20.03,0.0037097500171512365,100.0,1037.7710226763943,1319.9518832736564
exp_001,SA_n30_inst3_run2,base,800,801,26.7,0.004915583995170891,100.0,1037.7710226763943,1376.3971274760017
exp_001,SA_n30_inst3_run2,base,1000,1001,33.37,0.00612650002585724,100.0,1037.7710226763943,1316.853335852469
exp_001,SA_n30_inst3_run2,base,1200,1201,40.03,0.007335750036872923,99.0,1037.7710226763943,1428.763109350771
exp_001,SA_n30_inst3_run2,base,1400,1401,46.7,0.008542958996258676,99.0,1037.7710226763943,1263.9402685803293
exp_001,SA_n30_inst3_run2,base,1600,1601,53.37,0.009744334034621716,99.0,1037.7710226763943,1214.5327678427207
exp_001,SA_n30_inst3_run2,base,1800,1801,60.03,0.010955083998851478,99.0,1012.4177564771653,1338.2734727539564
exp_001,SA_n30_inst3_run2,base,2000,2001,66.7,0.012162083992734551,99.0,1012.4177564771653,1208.025660550073
exp_001,SA_n30_inst3_run2,base,2200,2201,73.37,0.013349917018786073,98.01,988.9045984419565,1413.1464111665075
exp_001,SA_n30_inst3_run2,base,2400,2401,80.03,0.01454666699282825,98.01,988.9045984419565,1496.9094221014198
exp_001,SA_n30_inst3_run2,base,2600,2601,86.7,0.015796708990819752,98.01,988.9045984419565,1240.437086153187
exp_001,SA_n30_inst3_run2,base,2800,2801,93.37,0.017339209036435932,98.01,988.9045984419565,1410.7334871578455
exp_001,SA_n30_inst3_run2,base,3000,3001,100.03,0.018702291999943554,98.01,988.9045984419565,1506.0087872422373
exp_001,SA_n30_inst3_run2,base,3200,3201,106.7,0.019928209017962217,97.0299,988.9045984419565,1376.8781728564545
exp_001,SA_n30_inst3_run2,base,3400,3401,113.37,0.02114787499886006,97.0299,988.9045984419565,1379.9056159086663
exp_001,SA_n30_inst3_run2,base,3600,3601,120.03,0.022360792034305632,97.0299,988.9045984419565,1418.5741773195155
exp_001,SA_n30_inst3_run2,base,3800,3801,126.7,0.02360654203221202,97.0299,988.9045984419565,1281.4538998148992
exp_001,SA_n30_inst3_run2,base,4000,4001,133.37,0.024829417001456022,97.0299,988.9045984419565,1385.7241657119976
exp_001,SA_n30_inst3_run2,base,4200,4201,140.03,0.026042875018902123,96.059601,988.9045984419565,1263.2372132425048
exp_001,SA_n30_inst3_run2,base,4400,4401,146.7,0.027264834032393992,96.059601,988.9045984419565,1382.1794853654812
exp_001,SA_n30_inst3_run2,base,4600,4601,153.37,0.028487417032010853,96.059601,988.9045984419565,1424.1315982133524
exp_001,SA_n30_inst3_run2,base,4800,4801,160.03,0.02969841699814424,96.059601,988.9045984419565,1241.976284845695
exp_001,SA_n30_inst3_run2,base,5000,5001,166.7,0.030913916998542845,96.059601,988.9045984419565,1406.3304150425383
exp_001,SA_n30_inst3_run2,base,5200,5201,173.37,0.03211562504293397,95.09900499,988.9045984419565,1348.9564764747452
exp_001,SA_n30_inst3_run2,base,5400,5401,180.03,0.0334007500205189,95.09900499,988.9045984419565,1451.8002189956258
exp_001,SA_n30_inst3_run2,base,5600,5601,186.7,0.034709291998296976,95.09900499,988.9045984419565,1456.8196629114402
exp_001,SA_n30_inst3_run2,base,5800,5801,193.37,0.03597512503620237,95.09900499,988.9045984419565,1450.3409703500167
exp_001,SA_n30_inst3_run2,base,6000,6001,200.03,0.03724587499164045,95.09900499,988.9045984419565,1331.6031169649395
exp_001,SA_n30_inst3_run2,base,6200,6201,206.7,0.03844920900883153,94.1480149401,988.9045984419565,1437.9248857378125
exp_001,SA_n30_inst3_run2,base,6400,6401,213.37,0.03965658403467387,94.1480149401,988.9045984419565,1294.0237154765935
exp_001,SA_n30_inst3_run2,base,6600,6601,220.03,0.04085504199611023,94.1480149401,988.9045984419565,1371.1614956943556
exp_001,SA_n30_inst3_run2,base,6800,6801,226.7,0.04206658399198204,94.1480149401,988.9045984419565,1102.2195421003553
exp_001,SA_n30_inst3_run2,base,7000,7001,233.37,0.04375279200030491,94.1480149401,988.9045984419565,1233.8211920000288
exp_001,SA_n30_inst3_run2,base,7200,7201,240.03,0.0450973340193741,93.206534790699,988.9045984419565,1212.1621748337789
exp_001,SA_n30_inst3_run2,base,7400,7401,246.7,0.04633629199815914,93.206534790699,988.9045984419565,1237.1869328493758
exp_001,SA_n30_inst3_run2,base,7600,7601,253.37,0.04757091699866578,93.206534790699,988.9045984419565,1328.3655895598176
exp_001,SA_n30_inst3_run2,base,7800,7801,260.03,0.04878591699525714,93.206534790699,988.9045984419565,1462.9448649072256
exp_001,SA_n30_inst3_run2,base,8000,8001,266.7,0.05006341700209305,93.206534790699,988.9045984419565,1321.726434537618
exp_001,SA_n30_inst3_run2,base,8200,8201,273.37,0.05128320900257677,92.27446944279201,988.9045984419565,1317.5950752196222
exp_001,SA_n30_inst3_run2,base,8400,8401,280.03,0.052541667013429105,92.27446944279201,988.9045984419565,1357.6993224109647
exp_001,SA_n30_inst3_run2,base,8600,8601,286.7,0.053807000047527254,92.27446944279201,988.9045984419565,1193.1203599607716
exp_001,SA_n30_inst3_run2,base,8800,8801,293.37,0.05512362503213808,92.27446944279201,988.9045984419565,1296.7831176983143
exp_001,SA_n30_inst3_run2,base,9000,9001,300.03,0.05640033399686217,92.27446944279201,988.9045984419565,1401.2236000614823
exp_001,SA_n30_inst3_run2,base,9200,9201,306.7,0.05762020900147036,91.35172474836409,988.9045984419565,1242.149748691524
exp_001,SA_n30_inst3_run2,base,9400,9401,313.37,0.05883841699687764,91.35172474836409,988.9045984419565,1195.7022600823068
exp_001,SA_n30_inst3_run2,base,9600,9601,320.03,0.060065958998166025,91.35172474836409,988.9045984419565,1620.3665416717786
exp_001,SA_n30_inst3_run2,base,9800,9801,326.7,0.06127245904644951,91.35172474836409,988.9045984419565,1486.8711850388352
exp_001,SA_n30_inst3_run2,base,10000,10001,333.37,0.06252600002335384,91.35172474836409,988.9045984419565,1312.4283935658711
exp_001,SA_n30_inst3_run2,base,10200,10201,340.03,0.06374045903794467,90.43820750088045,988.9045984419565,1154.2696314161003
exp_001,SA_n30_inst3_run2,base,10400,10401,346.7,0.06495508400257677,90.43820750088045,988.9045984419565,1248.0021454147704
exp_001,SA_n30_inst3_run2,base,10600,10601,353.37,0.0661615839926526,90.43820750088045,988.9045984419565,1348.9953511781173
exp_001,SA_n30_inst3_run2,base,10800,10801,360.03,0.06735850003315136,90.43820750088045,988.9045984419565,1395.8035397815188
exp_001,SA_n30_inst3_run2,base,11000,11001,366.7,0.06856000004336238,90.43820750088045,988.9045984419565,1417.855704008248
exp_001,SA_n30_inst3_run2,base,11200,11201,373.37,0.06976370903430507,89.53382542587164,988.9045984419565,1362.5263214600823
exp_001,SA_n30_inst3_run2,base,11400,11401,380.03,0.07098825002321973,89.53382542587164,988.9045984419565,1442.5257662732954
exp_001,SA_n30_inst3_run2,base,11600,11601,386.7,0.07219637499656528,89.53382542587164,988.9045984419565,1465.431814471837
exp_001,SA_n30_inst3_run2,base,11800,11801,393.37,0.07340241700876504,89.53382542587164,988.9045984419565,1377.0552011128573
exp_001,SA_n30_inst3_run2,base,12000,12001,400.03,0.07459854200715199,89.53382542587164,988.9045984419565,1338.9603075839316
exp_001,SA_n30_inst3_run2,base,12200,12201,406.7,0.07578225003089756,88.63848717161292,988.9045984419565,1299.411959594827
exp_001,SA_n30_inst3_run2,base,12400,12401,413.37,0.07696979201864451,88.63848717161292,988.9045984419565,1305.8383326385083
exp_001,SA_n30_inst3_run2,base,12600,12601,420.03,0.07816995901521295,88.63848717161292,988.9045984419565,1312.6248824693178
exp_001,SA_n30_inst3_run2,base,12800,12801,426.7,0.07940837502246723,88.63848717161292,988.9045984419565,1464.8127254914461
exp_001,SA_n30_inst3_run2,base,13000,13001,433.37,0.08060266700340435,88.63848717161292,988.9045984419565,1545.0738342557947
exp_001,SA_n30_inst3_run2,base,13200,13201,440.03,0.0817902089911513,87.75210229989679,988.9045984419565,1759.2440658783587
exp_001,SA_n30_inst3_run2,base,13400,13401,446.7,0.08299512503435835,87.75210229989679,988.9045984419565,1181.0486219396562
exp_001,SA_n30_inst3_run2,base,13600,13601,453.37,0.08418791700387374,87.75210229989679,988.9045984419565,1344.8797829703785
exp_001,SA_n30_inst3_run2,base,13800,13801,460.03,0.08538058400154114,87.75210229989679,988.9045984419565,1267.4559319700256
exp_001,SA_n30_inst3_run2,base,14000,14001,466.7,0.08656908402917907,87.75210229989679,988.9045984419565,1391.6436859373819
exp_001,SA_n30_inst3_run2,base,14200,14201,473.37,0.0877958339988254,86.87458127689783,988.9045984419565,1296.0187411439497
exp_001,SA_n30_inst3_run2,base,14400,14401,480.03,0.08902700000908226,86.87458127689783,988.9045984419565,1174.9690795549884
exp_001,SA_n30_inst3_run2,base,14600,14601,486.7,0.09024491702439263,86.87458127689783,988.9045984419565,1319.0622510844426
exp_001,SA_n30_inst3_run2,base,14800,14801,493.37,0.09146445902297273,86.87458127689783,988.9045984419565,1244.061478082661
exp_001,SA_n30_inst3_run2,base,15000,15001,500.03,0.0926668340107426,86.87458127689783,988.9045984419565,1157.571296190723
exp_001,SA_n30_inst3_run2,base,15200,15201,506.7,0.09388020902406424,86.00583546412885,988.9045984419565,1286.2578138851347
exp_001,SA_n30_inst3_run2,base,15400,15401,513.37,0.09507970901904628,86.00583546412885,988.9045984419565,1292.1040145751087
exp_001,SA_n30_inst3_run2,base,15600,15601,520.03,0.09627808403456584,86.00583546412885,988.9045984419565,1442.0326941966482
exp_001,SA_n30_inst3_run2,base,15800,15801,526.7,0.0974782090052031,86.00583546412885,988.9045984419565,1198.1877080001502
exp_001,SA_n30_inst3_run2,base,16000,16001,533.37,0.09868920902954414,86.00583546412885,988.9045984419565,1413.1683975936203
exp_001,SA_n30_inst3_run2,base,16200,16201,540.03,0.09988712501944974,85.14577710948755,988.9045984419565,1330.5962622279606
exp_001,SA_n30_inst3_run2,base,16400,16401,546.7,0.10108512500301003,85.14577710948755,988.9045984419565,1293.964357672661
exp_001,SA_n30_inst3_run2,base,16600,16601,553.37,0.10228770901449025,85.14577710948755,988.9045984419565,1524.9689160969376
exp_001,SA_n30_inst3_run2,base,16800,16801,560.03,0.10347370902309194,85.14577710948755,988.9045984419565,1246.3595756879095
exp_001,SA_n30_inst3_run2,base,17000,17001,566.7,0.10465970903169364,85.14577710948755,988.9045984419565,1347.3010346747885
exp_001,SA_n30_inst3_run2,base,17200,17201,573.37,0.10585150000406429,84.29431933839268,988.9045984419565,1273.4536512342138
exp_001,SA_n30_inst3_run2,base,17400,17401,580.03,0.10705333400983363,84.29431933839268,988.9045984419565,1550.603208199009
exp_001,SA_n30_inst3_run2,base,17600,17601,586.7,0.10826287500094622,84.29431933839268,988.9045984419565,1489.523146857705
exp_001,SA_n30_inst3_run2,base,17800,17801,593.37,0.1094555840245448,84.29431933839268,988.9045984419565,1200.0656294712921
exp_001,SA_n30_inst3_run2,base,18000,18001,600.03,0.11065937503008172,84.29431933839268,988.9045984419565,1402.4323048190186
exp_001,SA_n30_inst3_run2,base,18200,18201,606.7,0.11186958401231095,83.45137614500875,988.9045984419565,1328.6395765952834
exp_001,SA_n30_inst3_run2,base,18400,18401,613.37,0.11307795904576778,83.45137614500875,988.9045984419565,1181.9566026180091
exp_001,SA_n30_inst3_run2,base,18600,18601,620.03,0.11428695899667218,83.45137614500875,988.9045984419565,1342.922487293869
exp_001,SA_n30_inst3_run2,base,18800,18801,626.7,0.11550179199548438,83.45137614500875,988.9045984419565,1362.0496873079583
exp_001,SA_n30_inst3_run2,base,19000,19001,633.37,0.11669650004478171,83.45137614500875,988.9045984419565,1194.9702239850112
exp_001,SA_n30_inst3_run2,base,19200,19201,640.03,0.11789483402390033,82.61686238355867,988.9045984419565,1483.4879637311617
exp_001,SA_n30_inst3_run2,base,19400,19401,646.7,0.11910162499407306,82.61686238355867,988.9045984419565,1530.3372692154096
exp_001,SA_n30_inst3_run2,base,19600,19601,653.37,0.1202933750464581,82.61686238355867,988.9045984419565,1389.4317192014926
exp_001,SA_n30_inst3_run2,base,19800,19801,660.03,0.12148487503873184,82.61686238355867,988.9045984419565,1322.0596567506416
exp_001,SA_n30_inst3_run2,base,20000,20001,666.7,0.12267516704741865,82.61686238355867,988.9045984419565,1340.9370925881333
exp_001,SA_n30_inst3_run2,base,20200,20201,673.37,0.12385887501295656,81.79069375972308,988.9045984419565,1321.15397120984
exp_001,SA_n30_inst3_run2,base,20400,20401,680.03,0.12505179201252759,81.79069375972308,988.9045984419565,1124.8699037672702
exp_001,SA_n30_inst3_run2,base,20600,20601,686.7,0.12625908403424546,81.79069375972308,988.9045984419565,1469.21985183245
exp_001,SA_n30_inst3_run2,base,20800,20801,693.37,0.12746874999720603,81.79069375972308,988.9045984419565,1476.070590953065
exp_001,SA_n30_inst3_run2,base,21000,21001,700.03,0.12867287499830127,81.79069375972308,988.9045984419565,1216.0345284878458
exp_001,SA_n30_inst3_run2,base,21200,21201,706.7,0.12985975004266948,80.97278682212585,988.9045984419565,1288.2914930766674
exp_001,SA_n30_inst3_run2,base,21400,21401,713.37,0.131048625044059,80.97278682212585,988.9045984419565,1236.0965917403287
exp_001,SA_n30_inst3_run2,base,21600,21601,720.03,0.13223899999866262,80.97278682212585,988.9045984419565,1238.4811705366994
exp_001,SA_n30_inst3_run2,base,21800,21801,726.7,0.13348062499426305,80.97278682212585,988.9045984419565,1285.7141251032044
exp_001,SA_n30_inst3_run2,base,22000,22001,733.37,0.13484341703588143,80.97278682212585,988.9045984419565,1231.4912094028562
exp_001,SA_n30_inst3_run2,base,22200,22201,740.03,0.13610729202628136,80.1630589539046,988.9045984419565,1162.4581913683157
exp_001,SA_n30_inst3_run2,base,22400,22401,746.7,0.13731499999994412,80.1630589539046,988.9045984419565,1208.812330082042
exp_001,SA_n30_inst3_run2,base,22600,22601,753.37,0.13853962504072115,80.1630589539046,988.9045984419565,1335.3895753038855
exp_001,SA_n30_inst3_run2,base,22800,22801,760.03,0.13990150002064183,80.1630589539046,988.9045984419565,1244.0884425311303
exp_001,SA_n30_inst3_run2,base,23000,23001,766.7,0.14117154199630022,80.1630589539046,988.9045984419565,1357.2980683884575
exp_001,SA_n30_inst3_run2,base,23200,23201,773.37,0.14238545903936028,79.36142836436555,988.9045984419565,1268.6552044631082
exp_001,SA_n30_inst3_run2,base,23400,23401,780.03,0.14362608402734622,79.36142836436555,988.9045984419565,1531.0991756837625
exp_001,SA_n30_inst3_run2,base,23600,23601,786.7,0.14484850002918392,79.36142836436555,988.9045984419565,1342.7676839315109
exp_001,SA_n30_inst3_run2,base,23800,23801,793.37,0.14605279202805832,79.36142836436555,988.9045984419565,1425.32198918483
exp_001,SA_n30_inst3_run2,base,24000,24001,800.03,0.14726629201322794,79.36142836436555,983.0906888428103,1453.3537717374056
exp_001,SA_n30_inst3_run2,base,24200,24201,806.7,0.14847533404827118,78.56781408072189,983.0906888428103,1346.4081901820414
exp_001,SA_n30_inst3_run2,base,24400,24401,813.37,0.14968279202003032,78.56781408072189,983.0906888428103,1284.11964160892
exp_001,SA_n30_inst3_run2,base,24600,24601,820.03,0.15087458404013887,78.56781408072189,983.0906888428103,1351.9353591147035
exp_001,SA_n30_inst3_run2,base,24800,24801,826.7,0.15208645904203877,78.56781408072189,983.0906888428103,1470.130789226204
exp_001,SA_n30_inst3_run2,base,25000,25001,833.37,0.15334587503457442,78.56781408072189,983.0906888428103,1286.625285066599
exp_001,SA_n30_inst3_run2,base,25200,25201,840.03,0.15466450003441423,77.78213593991467,983.0906888428103,1434.7370080890335
exp_001,SA_n30_inst3_run2,base,25400,25401,846.7,0.15588158403988928,77.78213593991467,983.0906888428103,1245.168939736304
exp_001,SA_n30_inst3_run2,base,25600,25601,853.37,0.15711708401795477,77.78213593991467,983.0906888428103,1249.8257466372518
exp_001,SA_n30_inst3_run2,base,25800,25801,860.03,0.1583693340071477,77.78213593991467,983.0906888428103,1300.2860362275703
exp_001,SA_n30_inst3_run2,base,26000,26001,866.7,0.15958716702880338,77.78213593991467,983.0906888428103,1381.5712934927396
exp_001,SA_n30_inst3_run2,base,26200,26201,873.37,0.16079658403759822,77.00431458051553,983.0906888428103,1284.1728948130362
exp_001,SA_n30_inst3_run2,base,26400,26401,880.03,0.16198379202978685,77.00431458051553,983.0906888428103,1513.9521964659946
exp_001,SA_n30_inst3_run2,base,26600,26601,886.7,0.16318862501066178,77.00431458051553,983.0906888428103,1354.0124647844877
exp_001,SA_n30_inst3_run2,base,26800,26801,893.37,0.1643782090395689,77.00431458051553,983.0906888428103,1334.0446767342405
exp_001,SA_n30_inst3_run2,base,27000,27001,900.03,0.16557000001193956,77.00431458051553,983.0906888428103,1339.0826821150965
exp_001,SA_n30_inst3_run2,base,27200,27201,906.7,0.16675691702403128,76.23427143471037,983.0906888428103,1205.911691206534
exp_001,SA_n30_inst3_run2,base,27400,27401,913.37,0.16795162501512095,76.23427143471037,983.0906888428103,1543.9180264482459
exp_001,SA_n30_inst3_run2,base,27600,27601,920.03,0.16914654202992097,76.23427143471037,983.0906888428103,1411.191156314115
exp_001,SA_n30_inst3_run2,base,27800,27801,926.7,0.17034137499285862,76.23427143471037,983.0906888428103,1284.2050972991724
exp_001,SA_n30_inst3_run2,base,28000,28001,933.37,0.17154216702328995,76.23427143471037,983.0906888428103,1302.1607073161701
exp_001,SA_n30_inst3_run2,base,28200,28201,940.03,0.17276066704653203,75.47192872036327,983.0906888428103,1385.153848327866
exp_001,SA_n30_inst3_run2,base,28400,28401,946.7,0.17396529199322686,75.47192872036327,983.0906888428103,1212.7136657635458
exp_001,SA_n30_inst3_run2,base,28600,28601,953.37,0.17519249999895692,75.47192872036327,983.0906888428103,1293.3333014611733
exp_001,SA_n30_inst3_run2,base,28800,28801,960.03,0.17649174999678507,75.47192872036327,983.0906888428103,1394.4530513211344
exp_001,SA_n30_inst3_run2,base,29000,29001,966.7,0.17772091703955084,75.47192872036327,983.0906888428103,1503.3825543250794
exp_001,SA_n30_inst3_run2,base,29200,29201,973.37,0.17895441700238734,74.71720943315964,983.0906888428103,1323.648830904765
exp_001,SA_n30_inst3_run2,base,29400,29401,980.03,0.18016354204155505,74.71720943315964,983.0906888428103,1393.7658828716817
exp_001,SA_n30_inst3_run2,base,29600,29601,986.7,0.1813747090054676,74.71720943315964,983.0906888428103,1418.9246177471123
exp_001,SA_n30_inst3_run2,base,29800,29801,993.37,0.18257875001290813,74.71720943315964,983.0906888428103,1303.2879411530864
exp_001,SA_n30_inst3_run2,base,30000,30001,1000.03,0.1837785000097938,74.71720943315964,983.0906888428103,1420.8262373361463
exp_001,SA_n30_inst3_run2,base,30200,30201,1006.7,0.18497950001619756,73.97003733882804,983.0906888428103,1319.9442091252192
exp_001,SA_n30_inst3_run2,base,30400,30401,1013.37,0.1861623750301078,73.97003733882804,983.0906888428103,1409.552549793987
exp_001,SA_n30_inst3_run2,base,30600,30601,1020.03,0.18737900000996888,73.97003733882804,983.0906888428103,1369.1128802747874
exp_001,SA_n30_inst3_run2,base,30800,30801,1026.7,0.18857679201755673,73.97003733882804,957.3634900183653,1323.887139121126
exp_001,SA_n30_inst3_run2,base,31000,31001,1033.37,0.18977654201444238,73.97003733882804,957.3634900183653,1500.0973758416949
exp_001,SA_n30_inst3_run2,base,31200,31201,1040.03,0.1909694170462899,73.23033696543976,957.3634900183653,1455.0394577160962
exp_001,SA_n30_inst3_run2,base,31400,31401,1046.7,0.19219737499952316,73.23033696543976,957.3634900183653,1263.2643152048327
exp_001,SA_n30_inst3_run2,base,31600,31601,1053.37,0.19340595899848267,73.23033696543976,957.3634900183653,1373.9730204950713
exp_001,SA_n30_inst3_run2,base,31800,31801,1060.03,0.19460287503898144,73.23033696543976,957.3634900183653,1295.491871267068
exp_001,SA_n30_inst3_run2,base,32000,32001,1066.7,0.19578900001943111,73.23033696543976,957.3634900183653,1147.7207638392135
exp_001,SA_n30_inst3_run2,base,32200,32201,1073.37,0.19697358401026577,72.49803359578536,957.3634900183653,1249.8162097920208
exp_001,SA_n30_inst3_run2,base,32400,32401,1080.03,0.1981633340474218,72.49803359578536,957.3634900183653,1371.5837044220732
exp_001,SA_n30_inst3_run2,base,32600,32601,1086.7,0.19937066704733297,72.49803359578536,957.3634900183653,1232.834916378198
exp_001,SA_n30_inst3_run2,base,32800,32801,1093.37,0.20056095899781212,72.49803359578536,957.3634900183653,1407.024665747398
exp_001,SA_n30_inst3_run2,base,33000,33001,1100.03,0.201750542037189,72.49803359578536,957.3634900183653,1172.7018570535859
exp_001,SA_n30_inst3_run2,base,33200,33201,1106.7,0.2029280840069987,71.7730532598275,957.3634900183653,1415.2689901435806
exp_001,SA_n30_inst3_run2,base,33400,33401,1113.37,0.20411325001623482,71.7730532598275,957.3634900183653,1214.0239680339162
exp_001,SA_n30_inst3_run2,base,33600,33601,1120.03,0.20536254200851545,71.7730532598275,957.3634900183653,1390.188356439577
exp_001,SA_n30_inst3_run2,base,33800,33801,1126.7,0.2065795420203358,71.7730532598275,957.3634900183653,1360.822002493868
exp_001,SA_n30_inst3_run2,base,34000,34001,1133.37,0.20778320904355496,71.7730532598275,957.3634900183653,1354.373234223125
exp_001,SA_n30_inst3_run2,base,34200,34201,1140.03,0.20900108403293416,71.05532272722922,957.3634900183653,1355.684612452068
exp_001,SA_n30_inst3_run2,base,34400,34401,1146.7,0.21019137499388307,71.05532272722922,957.3634900183653,1381.2524690201387
exp_001,SA_n30_inst3_run2,base,34600,34601,1153.37,0.21137733402429149,71.05532272722922,957.3634900183653,1141.4943020137923
exp_001,SA_n30_inst3_run2,base,34800,34801,1160.03,0.21265687502454966,71.05532272722922,957.3634900183653,1389.867761534544
exp_001,SA_n30_inst3_run2,base,35000,35001,1166.7,0.21383791702101007,71.05532272722922,957.3634900183653,1260.7993016591565
exp_001,SA_n30_inst3_run2,base,35200,35201,1173.37,0.21503095899242908,70.34476949995693,957.3634900183653,1189.1054803593981
exp_001,SA_n30_inst3_run2,base,35400,35401,1180.03,0.2162278339965269,70.34476949995693,957.3634900183653,1364.7292251331683
exp_001,SA_n30_inst3_run2,base,35600,35601,1186.7,0.2174160840222612,70.34476949995693,957.3634900183653,1327.631134930452
exp_001,SA_n30_inst3_run2,base,35800,35801,1193.37,0.21862241701455787,70.34476949995693,957.3634900183653,1499.7277508327963
exp_001,SA_n30_inst3_run2,base,36000,36001,1200.03,0.21981249999953434,70.34476949995693,957.3634900183653,1355.2910031010585
exp_001,SA_n30_inst3_run2,base,36200,36201,1206.7,0.22103474999312311,69.64132180495736,957.3634900183653,1403.4009106403919
exp_001,SA_n30_inst3_run2,base,36400,36401,1213.37,0.22228004201315343,69.64132180495736,957.3634900183653,1182.342151917685
exp_001,SA_n30_inst3_run2,base,36600,36601,1220.03,0.2235039999941364,69.64132180495736,957.3634900183653,1540.0895889381266
exp_001,SA_n30_inst3_run2,base,36800,36801,1226.7,0.2247358339955099,69.64132180495736,957.3634900183653,1433.3934656047215
exp_001,SA_n30_inst3_run2,base,37000,37001,1233.37,0.22596154204802588,69.64132180495736,957.3634900183653,1589.4905747967716
exp_001,SA_n30_inst3_run2,base,37200,37201,1240.03,0.22716133401263505,68.94490858690779,957.3634900183653,1403.370661144282
exp_001,SA_n30_inst3_run2,base,37400,37401,1246.7,0.22837250004522502,68.94490858690779,957.3634900183653,1513.192388660911
exp_001,SA_n30_inst3_run2,base,37600,37601,1253.37,0.22957349999342114,68.94490858690779,957.3634900183653,1312.8271347858695
exp_001,SA_n30_inst3_run2,base,37800,37801,1260.03,0.23077091702725738,68.94490858690779,957.3634900183653,1159.3960287569766
exp_001,SA_n30_inst3_run2,base,38000,38001,1266.7,0.23196408402873203,68.94490858690779,957.3634900183653,1264.1228075101167
exp_001,SA_n30_inst3_run2,base,38200,38201,1273.37,0.23319241701392457,68.25545950103871,957.3634900183653,1350.6805946497307
exp_001,SA_n30_inst3_run2,base,38400,38401,1280.03,0.23440045904135332,68.25545950103871,957.3634900183653,1378.9838100685388
exp_001,SA_n30_inst3_run2,base,38600,38601,1286.7,0.23559962504077703,68.25545950103871,957.3634900183653,1416.1494967524077
exp_001,SA_n30_inst3_run2,base,38800,38801,1293.37,0.23680029204115272,68.25545950103871,957.3634900183653,1489.589871246269
exp_001,SA_n30_inst3_run2,base,39000,39001,1300.03,0.23800675000529736,68.25545950103871,957.3634900183653,1292.7650380571085
exp_001,SA_n30_inst3_run2,base,39200,39201,1306.7,0.23920825001550838,67.57290490602833,957.3634900183653,1499.0619911518174
exp_001,SA_n30_inst3_run2,base,39400,39401,1313.37,0.24039962503593415,67.57290490602833,957.3634900183653,1026.7144675664017
exp_001,SA_n30_inst3_run2,base,39600,39601,1320.03,0.24160195904551074,67.57290490602833,906.4191178890753,1344.8758463816246
exp_001,SA_n30_inst3_run2,base,39800,39801,1326.7,0.2428099590470083,67.57290490602833,906.4191178890753,1177.2977589198365
exp_001,SA_n30_inst3_run2,base,40000,40001,1333.37,0.244020875019487,67.57290490602833,906.4191178890753,1315.4521275969244
exp_001,SA_n30_inst3_run2,base,40200,40201,1340.03,0.24524820904480293,66.89717585696805,906.4191178890753,1390.980196305956
exp_001,SA_n30_inst3_run2,base,40400,40401,1346.7,0.24647516704862937,66.89717585696805,906.4191178890753,1518.008114718848
exp_001,SA_n30_inst3_run2,base,40600,40601,1353.37,0.2476694590295665,66.89717585696805,906.4191178890753,1272.4428053718573
exp_001,SA_n30_inst3_run2,base,40800,40801,1360.03,0.24886258400510997,66.89717585696805,906.4191178890753,1220.8573791853141
exp_001,SA_n30_inst3_run2,base,41000,41001,1366.7,0.25006575003499165,66.89717585696805,906.4191178890753,1271.493392974414
exp_001,SA_n30_inst3_run2,base,41200,41201,1373.37,0.2512538750306703,66.22820409839836,906.4191178890753,1220.9470107907086
exp_001,SA_n30_inst3_run2,base,41400,41401,1380.03,0.2524392920313403,66.22820409839836,906.4191178890753,1277.7079447595224
exp_001,SA_n30_inst3_run2,base,41600,41601,1386.7,0.25363116699736565,66.22820409839836,906.4191178890753,1313.7848504001424
exp_001,SA_n30_inst3_run2,base,41800,41801,1393.37,0.25482741702580824,66.22820409839836,906.4191178890753,1595.0623150827914
exp_001,SA_n30_inst3_run2,base,42000,42001,1400.03,0.25603170902468264,66.22820409839836,906.4191178890753,1162.8354014679799
exp_001,SA_n30_inst3_run2,base,42200,42201,1406.7,0.2572278340230696,65.56592205741438,906.4191178890753,1263.4196341840925
exp_001,SA_n30_inst3_run2,base,42400,42401,1413.37,0.25844737503211945,65.56592205741438,906.4191178890753,1237.204339744713
exp_001,SA_n30_inst3_run2,base,42600,42601,1420.03,0.2600059999967925,65.56592205741438,906.4191178890753,1367.942330893288
exp_001,SA_n30_inst3_run2,base,42800,42801,1426.7,0.26125687500461936,65.56592205741438,906.4191178890753,1153.1767112267148
exp_001,SA_n30_inst3_run2,base,43000,43001,1433.37,0.26253566704690456,65.56592205741438,906.4191178890753,1315.1733062719009
exp_001,SA_n30_inst3_run2,base,43200,43201,1440.03,0.2637773340102285,64.91026283684023,906.4191178890753,1213.5328485323878
exp_001,SA_n30_inst3_run2,base,43400,43401,1446.7,0.2651809169910848,64.91026283684023,906.4191178890753,1398.3850867988663
exp_001,SA_n30_inst3_run2,base,43600,43601,1453.37,0.26645504200132564,64.91026283684023,906.4191178890753,1225.5140256666823
exp_001,SA_n30_inst3_run2,base,43800,43801,1460.03,0.2676809999975376,64.91026283684023,906.4191178890753,1161.8427315067886
exp_001,SA_n30_inst3_run2,base,44000,44001,1466.7,0.26888000004692003,64.91026283684023,906.4191178890753,1372.853260267111
exp_001,SA_n30_inst3_run2,base,44200,44201,1473.37,0.27008187503088266,64.26116020847184,906.4191178890753,1080.7628050020896
exp_001,SA_n30_inst3_run2,base,44400,44401,1480.03,0.27131762501085177,64.26116020847184,906.4191178890753,1343.2645963818995
exp_001,SA_n30_inst3_run2,base,44600,44601,1486.7,0.27256170904729515,64.26116020847184,906.4191178890753,1198.5900748829297
exp_001,SA_n30_inst3_run2,base,44800,44801,1493.37,0.2737761670141481,64.26116020847184,906.4191178890753,1373.2563865972163
exp_001,SA_n30_inst3_run2,base,45000,45001,1500.03,0.27499012503540143,64.26116020847184,906.4191178890753,1431.0991734195977
exp_001,SA_n30_inst3_run2,base,45200,45201,1506.7,0.2762145840097219,63.618548606387115,906.4191178890753,1392.0310162860594
exp_001,SA_n30_inst3_run2,base,45400,45401,1513.37,0.27743954199831933,63.618548606387115,906.4191178890753,1256.2942269779378
exp_001,SA_n30_inst3_run2,base,45600,45601,1520.03,0.2787432500044815,63.618548606387115,906.4191178890753,1348.9834988565854
exp_001,SA_n30_inst3_run2,base,45800,45801,1526.7,0.279990834009368,63.618548606387115,906.4191178890753,1263.5173441061459
exp_001,SA_n30_inst3_run2,base,46000,46001,1533.37,0.28120166703592986,63.618548606387115,906.4191178890753,1175.7136966700823
exp_001,SA_n30_inst3_run2,base,46200,46201,1540.03,0.2823936250060797,62.98236312032324,906.4191178890753,1179.8935007105651
exp_001,SA_n30_inst3_run2,base,46400,46401,1546.7,0.28366120904684067,62.98236312032324,906.4191178890753,1223.0167709023672
exp_001,SA_n30_inst3_run2,base,46600,46601,1553.37,0.28489783400436863,62.98236312032324,906.4191178890753,1232.3175505828165
exp_001,SA_n30_inst3_run2,base,46800,46801,1560.03,0.28614141704747453,62.98236312032324,906.4191178890753,1303.516575002145
exp_001,SA_n30_inst3_run2,base,47000,47001,1566.7,0.2873636670410633,62.98236312032324,906.4191178890753,1178.3153086703103
exp_001,SA_n30_inst3_run2,base,47200,47201,1573.37,0.2885600840090774,62.35253948912001,906.4191178890753,1476.3712855462584
exp_001,SA_n30_inst3_run2,base,47400,47401,1580.03,0.2897645840421319,62.35253948912001,906.4191178890753,1405.5433829858525
exp_001,SA_n30_inst3_run2,base,47600,47601,1586.7,0.29097862500930205,62.35253948912001,906.4191178890753,1224.4909926162293
exp_001,SA_n30_inst3_run2,base,47800,47801,1593.37,0.29232079203939065,62.35253948912001,906.4191178890753,1126.0679171518507
exp_001,SA_n30_inst3_run2,base,48000,48001,1600.03,0.29366075003053993,62.35253948912001,906.4191178890753,1365.373542242063
exp_001,SA_n30_inst3_run2,base,48200,48201,1606.7,0.2949157500406727,61.72901409422881,906.4191178890753,1221.5710176070304
exp_001,SA_n30_inst3_run2,base,48400,48401,1613.37,0.29619916703086346,61.72901409422881,906.4191178890753,1210.6920424042307
exp_001,SA_n30_inst3_run2,base,48600,48601,1620.03,0.297624500002712,61.72901409422881,906.4191178890753,1160.3349721216189
exp_001,SA_n30_inst3_run2,base,48800,48801,1626.7,0.2989189590443857,61.72901409422881,906.4191178890753,1056.4486414882635
exp_001,SA_n30_inst3_run2,base,49000,49001,1633.37,0.30014325003139675,61.72901409422881,906.4191178890753,1372.641202801664
exp_001,SA_n30_inst3_run2,base,49200,49201,1640.03,0.3013544169953093,61.11172395328652,906.4191178890753,1415.2788388025672
exp_001,SA_n30_inst3_run2,base,49400,49401,1646.7,0.302564459037967,61.11172395328652,906.4191178890753,1350.2398438002085
exp_001,SA_n30_inst3_run2,base,49600,49601,1653.37,0.30376762500964105,61.11172395328652,906.4191178890753,1273.4395181461657
exp_001,SA_n30_inst3_run2,base,49800,49801,1660.03,0.30498612503288314,61.11172395328652,906.4191178890753,1288.4968928269611
exp_001,SA_n30_inst3_run2,base,50000,50001,1666.7,0.3062290420057252,61.11172395328652,906.4191178890753,1082.6118888321107
exp_001,SA_n30_inst3_run2,base,50000,50001,1666.7,0.3063161250320263,0.00099,906.4191178890753,1082.6118888321107
exp_001,SA_n30_inst4_run0,base,0,1,0.03,1.2919772416353226e-06,100.0,1577.1693996877634,1577.1693996877634
exp_001,SA_n30_inst4_run0,base,200,201,6.7,0.001267625018954277,100.0,1195.8811912491628,1352.105610641251
exp_001,SA_n30_inst4_run0,base,400,401,13.37,0.002679541998077184,100.0,1127.5842511330104,1376.2195313050843
exp_001,SA_n30_inst4_run0,base,600,601,20.03,0.00402104202657938,100.0,1095.8763704367632,1299.434195926693
exp_001,SA_n30_inst4_run0,base,800,801,26.7,0.005285374994855374,100.0,990.0260092290058,990.0260092290058
exp_001,SA_n30_inst4_run0,base,1000,1001,33.37,0.006642499996814877,100.0,977.7184448577218,1281.6368654633884
exp_001,SA_n30_inst4_run0,base,1200,1201,40.03,0.00792708300286904,99.0,977.7184448577218,1475.8011708886397
exp_001,SA_n30_inst4_run0,base,1400,1401,46.7,0.009160791989415884,99.0,977.7184448577218,1323.9407627711894
exp_001,SA_n30_inst4_run0,base,1600,1601,53.37,0.010374874982517213,99.0,977.7184448577218,1239.2105277328842
exp_001,SA_n30_inst4_run0,base,1800,1801,60.03,0.011584041989408433,99.0,977.7184448577218,1496.3446986529577
exp_001,SA_n30_inst4_run0,base,2000,2001,66.7,0.012803125020582229,99.0,977.7184448577218,1548.2660094810342
exp_001,SA_n30_inst4_run0,base,2200,2201,73.37,0.014049166988115758,98.01,977.7184448577218,1417.901666636181
exp_001,SA_n30_inst4_run0,base,2400,2401,80.03,0.01531400001840666,98.01,977.7184448577218,1552.4868830322978
exp_001,SA_n30_inst4_run0,base,2600,2601,86.7,0.01653195801191032,98.01,977.7184448577218,1361.1639253799547
exp_001,SA_n30_inst4_run0,base,2800,2801,93.37,0.01777366700116545,98.01,977.7184448577218,1289.9186650361157
exp_001,SA_n30_inst4_run0,base,3000,3001,100.03,0.01915929198730737,98.01,977.7184448577218,1304.8771671450718
exp_001,SA_n30_inst4_run0,base,3200,3201,106.7,0.0204399999929592,97.0299,977.7184448577218,1470.737663891126
exp_001,SA_n30_inst4_run0,base,3400,3401,113.37,0.021685749990865588,97.0299,977.7184448577218,1407.4138647817558
exp_001,SA_n30_inst4_run0,base,3600,3601,120.03,0.023245957971084863,97.0299,977.7184448577218,1596.586441676408
exp_001,SA_n30_inst4_run0,base,3800,3801,126.7,0.024521499988622963,97.0299,977.7184448577218,1397.810301604579
exp_001,SA_n30_inst4_run0,base,4000,4001,133.37,0.025742499972693622,97.0299,977.7184448577218,1244.360128494278
exp_001,SA_n30_inst4_run0,base,4200,4201,140.03,0.026988832978531718,96.059601,977.7184448577218,1309.962690886706
exp_001,SA_n30_inst4_run0,base,4400,4401,146.7,0.028216667007654905,96.059601,977.7184448577218,1310.2560910240354
exp_001,SA_n30_inst4_run0,base,4600,4601,153.37,0.02943875000346452,96.059601,977.7184448577218,1404.5761183506986
exp_001,SA_n30_inst4_run0,base,4800,4801,160.03,0.030646500003058463,96.059601,977.7184448577218,1323.6294235174394
exp_001,SA_n30_inst4_run0,base,5000,5001,166.7,0.03186133300187066,96.059601,977.7184448577218,1375.0757871495657
exp_001,SA_n30_inst4_run0,base,5200,5201,173.37,0.033060292014852166,95.09900499,977.7184448577218,1165.659074237375
exp_001,SA_n30_inst4_run0,base,5400,5401,180.03,0.03425570798572153,95.09900499,977.7184448577218,1267.3604027940946
exp_001,SA_n30_inst4_run0,base,5600,5601,186.7,0.03589558298699558,95.09900499,977.7184448577218,1178.6526982685086
exp_001,SA_n30_inst4_run0,base,5800,5801,193.37,0.03719191701384261,95.09900499,977.7184448577218,1450.0235739074224
exp_001,SA_n30_inst4_run0,base,6000,6001,200.03,0.03844012500485405,95.09900499,977.7184448577218,1316.6103811192002
exp_001,SA_n30_inst4_run0,base,6200,6201,206.7,0.04010445799212903,94.1480149401,977.7184448577218,1454.3662135360403
exp_001,SA_n30_inst4_run0,base,6400,6401,213.37,0.04151495802216232,94.1480149401,977.7184448577218,1446.9663023631967
exp_001,SA_n30_inst4_run0,base,6600,6601,220.03,0.042745792015921324,94.1480149401,977.7184448577218,1333.0818100446484
exp_001,SA_n30_inst4_run0,base,6800,6801,226.7,0.04396266699768603,94.1480149401,977.7184448577218,1267.1672628681226
exp_001,SA_n30_inst4_run0,base,7000,7001,233.37,0.045162125024944544,94.1480149401,977.7184448577218,1262.1664211015902
exp_001,SA_n30_inst4_run0,base,7200,7201,240.03,0.046379041974432766,93.206534790699,977.7184448577218,1229.7684831714478
exp_001,SA_n30_inst4_run0,base,7400,7401,246.7,0.04758854198735207,93.206534790699,977.7184448577218,1333.6404569911306
exp_001,SA_n30_inst4_run0,base,7600,7601,253.37,0.04888333298731595,93.206534790699,977.7184448577218,1256.9972621368452
exp_001,SA_n30_inst4_run0,base,7800,7801,260.03,0.05025404202751815,93.206534790699,977.7184448577218,1559.693454783143
exp_001,SA_n30_inst4_run0,base,8000,8001,266.7,0.05158483301056549,93.206534790699,977.7184448577218,1511.3037316071063
exp_001,SA_n30_inst4_run0,base,8200,8201,273.37,0.053231958008836955,92.27446944279201,977.7184448577218,1202.6974571012904
exp_001,SA_n30_inst4_run0,base,8400,8401,280.03,0.054630499973427504,92.27446944279201,977.7184448577218,1145.4861306564212
exp_001,SA_n30_inst4_run0,base,8600,8601,286.7,0.055950667010620236,92.27446944279201,977.7184448577218,1247.665525012603
exp_001,SA_n30_inst4_run0,base,8800,8801,293.37,0.05755679198773578,92.27446944279201,977.7184448577218,1149.9303886395282
exp_001,SA_n30_inst4_run0,base,9000,9001,300.03,0.05887283297488466,92.27446944279201,977.7184448577218,1241.7633087575794
exp_001,SA_n30_inst4_run0,base,9200,9201,306.7,0.060126000025775284,91.35172474836409,977.7184448577218,1319.7716654224012
exp_001,SA_n30_inst4_run0,base,9400,9401,313.37,0.061384833010379225,91.35172474836409,977.7184448577218,1419.7854263218546
exp_001,SA_n30_inst4_run0,base,9600,9601,320.03,0.06260050000855699,91.35172474836409,977.7184448577218,1312.5156014221925
exp_001,SA_n30_inst4_run0,base,9800,9801,326.7,0.06386362499324605,91.35172474836409,977.7184448577218,1355.406726802142
exp_001,SA_n30_inst4_run0,base,10000,10001,333.37,0.06508345797192305,91.35172474836409,977.7184448577218,1377.07801509856
exp_001,SA_n30_inst4_run0,base,10200,10201,340.03,0.06628616701345891,90.43820750088045,977.7184448577218,1234.9958726103196
exp_001,SA_n30_inst4_run0,base,10400,10401,346.7,0.0675010000122711,90.43820750088045,977.7184448577218,1565.2766626241973
exp_001,SA_n30_inst4_run0,base,10600,10601,353.37,0.06900679197860882,90.43820750088045,977.7184448577218,1257.2171299441698
exp_001,SA_n30_inst4_run0,base,10800,10801,360.03,0.07036737498128787,90.43820750088045,977.7184448577218,1406.0096910698137
exp_001,SA_n30_inst4_run0,base,11000,11001,366.7,0.07163208298152313,90.43820750088045,977.7184448577218,1330.0376880604795
exp_001,SA_n30_inst4_run0,base,11200,11201,373.37,0.07299620797857642,89.53382542587164,977.7184448577218,1324.3121992310391
exp_001,SA_n30_inst4_run0,base,11400,11401,380.03,0.07438170799287036,89.53382542587164,977.7184448577218,1334.1510306272767
exp_001,SA_n30_inst4_run0,base,11600,11601,386.7,0.07567691698204726,89.53382542587164,977.7184448577218,1416.6261629245935
exp_001,SA_n30_inst4_run0,base,11800,11801,393.37,0.07689937500981614,89.53382542587164,977.7184448577218,1501.0993498899222
exp_001,SA_n30_inst4_run0,base,12000,12001,400.03,0.07810337498085573,89.53382542587164,977.7184448577218,1269.6816829768413
exp_001,SA_n30_inst4_run0,base,12200,12201,406.7,0.07931850000750273,88.63848717161292,977.7184448577218,1303.803893340412
exp_001,SA_n30_inst4_run0,base,12400,12401,413.37,0.08051699999487028,88.63848717161292,977.7184448577218,1264.952884271729
exp_001,SA_n30_inst4_run0,base,12600,12601,420.03,0.08174087497172877,88.63848717161292,956.3464110473151,1178.1890685403005
exp_001,SA_n30_inst4_run0,base,12800,12801,426.7,0.08298925001872703,88.63848717161292,956.3464110473151,1415.6851722439865
exp_001,SA_n30_inst4_run0,base,13000,13001,433.37,0.08422004198655486,88.63848717161292,956.3464110473151,1260.0082617889655
exp_001,SA_n30_inst4_run0,base,13200,13201,440.03,0.0856261249864474,87.75210229989679,956.3464110473151,1410.8862474741393
exp_001,SA_n30_inst4_run0,base,13400,13401,446.7,0.08700729202246293,87.75210229989679,956.3464110473151,1287.4762790162104
exp_001,SA_n30_inst4_run0,base,13600,13601,453.37,0.08832308300770819,87.75210229989679,956.3464110473151,1466.638774403262
exp_001,SA_n30_inst4_run0,base,13800,13801,460.03,0.08975929202279076,87.75210229989679,956.3464110473151,1445.4204365812595
exp_001,SA_n30_inst4_run0,base,14000,14001,466.7,0.09105337498476729,87.75210229989679,956.3464110473151,1359.0886376611672
exp_001,SA_n30_inst4_run0,base,14200,14201,473.37,0.09231195802567527,86.87458127689783,956.3464110473151,1281.5296539611581
exp_001,SA_n30_inst4_run0,base,14400,14401,480.03,0.09357550001004711,86.87458127689783,956.3464110473151,1447.9416211499322
exp_001,SA_n30_inst4_run0,base,14600,14601,486.7,0.09481149999191985,86.87458127689783,956.3464110473151,1309.7828851645581
exp_001,SA_n30_inst4_run0,base,14800,14801,493.37,0.09602970798732713,86.87458127689783,956.3464110473151,1431.7503730246053
exp_001,SA_n30_inst4_run0,base,15000,15001,500.03,0.09728358301799744,86.87458127689783,956.3464110473151,1284.384675275086
exp_001,SA_n30_inst4_run0,base,15200,15201,506.7,0.09850733302300796,86.00583546412885,956.3464110473151,1319.6220627244436
exp_001,SA_n30_inst4_run0,base,15400,15401,513.37,0.09971112501807511,86.00583546412885,956.3464110473151,1409.2534297150876
exp_001,SA_n30_inst4_run0,base,15600,15601,520.03,0.10091204202035442,86.00583546412885,956.3464110473151,1440.397904816254
exp_001,SA_n30_inst4_run0,base,15800,15801,526.7,0.10232470801565796,86.00583546412885,956.3464110473151,1213.178342217831
exp_001,SA_n30_inst4_run0,base,16000,16001,533.37,0.10365816700505093,86.00583546412885,956.3464110473151,1147.731041639843
exp_001,SA_n30_inst4_run0,base,16200,16201,540.03,0.10490070801461115,85.14577710948755,956.3464110473151,1220.5406025530733
exp_001,SA_n30_inst4_run0,base,16400,16401,546.7,0.10627316700993106,85.14577710948755,956.3464110473151,1229.9426297951914
exp_001,SA_n30_inst4_run0,base,16600,16601,553.37,0.10759954201057553,85.14577710948755,956.3464110473151,1435.864860736349
exp_001,SA_n30_inst4_run0,base,16800,16801,560.03,0.10885016701649874,85.14577710948755,956.3464110473151,1382.735011494339
exp_001,SA_n30_inst4_run0,base,17000,17001,566.7,0.11006558302324265,85.14577710948755,956.3464110473151,1405.652166335826
exp_001,SA_n30_inst4_run0,base,17200,17201,573.37,0.11127254198072478,84.29431933839268,956.3464110473151,1201.3087142413794
exp_001,SA_n30_inst4_run0,base,17400,17401,580.03,0.11248304200125858,84.29431933839268,956.3464110473151,1478.030796498706
exp_001,SA_n30_inst4_run0,base,17600,17601,586.7,0.11369066702900454,84.29431933839268,956.3464110473151,1339.4530914591755
exp_001,SA_n30_inst4_run0,base,17800,17801,593.37,0.11493095802143216,84.29431933839268,956.3464110473151,1399.3075214934966
exp_001,SA_n30_inst4_run0,base,18000,18001,600.03,0.11617250001290813,84.29431933839268,956.3464110473151,1340.608571366125
exp_001,SA_n30_inst4_run0,base,18200,18201,606.7,0.11738170799799263,83.45137614500875,956.3464110473151,1234.0966306873172
exp_001,SA_n30_inst4_run0,base,18400,18401,613.37,0.11878054199041799,83.45137614500875,956.3464110473151,1419.8077553837038
exp_001,SA_n30_inst4_run0,base,18600,18601,620.03,0.12014054198516533,83.45137614500875,956.3464110473151,1189.9595214339613
exp_001,SA_n30_inst4_run0,base,18800,18801,626.7,0.12138783297268674,83.45137614500875,956.3464110473151,1225.5806515963004
exp_001,SA_n30_inst4_run0,base,19000,19001,633.37,0.12264374998630956,83.45137614500875,956.3464110473151,1278.2115707709625
exp_001,SA_n30_inst4_run0,base,19200,19201,640.03,0.1240812920150347,82.61686238355867,956.3464110473151,1414.9300914130697
exp_001,SA_n30_inst4_run0,base,19400,19401,646.7,0.1253572499845177,82.61686238355867,956.3464110473151,1534.6436720284698
exp_001,SA_n30_inst4_run0,base,19600,19601,653.37,0.12658649997320026,82.61686238355867,956.3464110473151,1205.6322929109526
exp_001,SA_n30_inst4_run0,base,19800,19801,660.03,0.12780562497209758,82.61686238355867,956.3464110473151,1423.7871477049102
exp_001,SA_n30_inst4_run0,base,20000,20001,666.7,0.12901283300016075,82.61686238355867,956.3464110473151,1365.6914803206703
exp_001,SA_n30_inst4_run0,base,20200,20201,673.37,0.1302173329750076,81.79069375972308,956.3464110473151,1284.4302473918528
exp_001,SA_n30_inst4_run0,base,20400,20401,680.03,0.1314516250276938,81.79069375972308,956.3464110473151,1418.9485051103034
exp_001,SA_n30_inst4_run0,base,20600,20601,686.7,0.13266595802269876,81.79069375972308,956.3464110473151,1208.41654046995
exp_001,SA_n30_inst4_run0,base,20800,20801,693.37,0.13386620802339166,81.79069375972308,956.3464110473151,1411.354619718891
exp_001,SA_n30_inst4_run0,base,21000,21001,700.03,0.13542175001930445,81.79069375972308,956.3464110473151,1577.3453997647143
exp_001,SA_n30_inst4_run0,base,21200,21201,706.7,0.13680687500163913,80.97278682212585,956.3464110473151,1302.0308765753678
exp_001,SA_n30_inst4_run0,base,21400,21401,713.37,0.13809595798375085,80.97278682212585,956.3464110473151,1272.8277499003761
exp_001,SA_n30_inst4_run0,base,21600,21601,720.03,0.13945508300093934,80.97278682212585,956.3464110473151,1413.836662380529
exp_001,SA_n30_inst4_run0,base,21800,21801,726.7,0.1408425829722546,80.97278682212585,956.3464110473151,1359.114218227623
exp_001,SA_n30_inst4_run0,base,22000,22001,733.37,0.1420779579784721,80.97278682212585,956.3464110473151,1295.092535528447
exp_001,SA_n30_inst4_run0,base,22200,22201,740.03,0.14327987498836592,80.1630589539046,956.3464110473151,1488.4726487561925
exp_001,SA_n30_inst4_run0,base,22400,22401,746.7,0.14448570797685534,80.1630589539046,956.3464110473151,1513.6579407049205
exp_001,SA_n30_inst4_run0,base,22600,22601,753.37,0.14567533298395574,80.1630589539046,956.3464110473151,1158.2612460120504
exp_001,SA_n30_inst4_run0,base,22800,22801,760.03,0.14686566701857373,80.1630589539046,956.3464110473151,1446.2095281686047
exp_001,SA_n30_inst4_run0,base,23000,23001,766.7,0.14811220800038427,80.1630589539046,956.3464110473151,1283.3677516524356
exp_001,SA_n30_inst4_run0,base,23200,23201,773.37,0.1493601250112988,79.36142836436555,956.3464110473151,1378.1430580273657
exp_001,SA_n30_inst4_run0,base,23400,23401,780.03,0.15057766699464992,79.36142836436555,956.3464110473151,1317.2376980400145
exp_001,SA_n30_inst4_run0,base,23600,23601,786.7,0.1518662499729544,79.36142836436555,956.3464110473151,1500.9744025986258
exp_001,SA_n30_inst4_run0,base,23800,23801,793.37,0.15334875002736226,79.36142836436555,956.3464110473151,1314.7703139626728
exp_001,SA_n30_inst4_run0,base,24000,24001,800.03,0.15467237500706688,79.36142836436555,956.3464110473151,1308.5312819552598
exp_001,SA_n30_inst4_run0,base,24200,24201,806.7,0.15594308299478143,78.56781408072189,956.3464110473151,1509.2195681808132
exp_001,SA_n30_inst4_run0,base,24400,24401,813.37,0.15734400000656024,78.56781408072189,956.3464110473151,1276.5077800764984
exp_001,SA_n30_inst4_run0,base,24600,24601,820.03,0.1585786669747904,78.56781408072189,956.3464110473151,1292.9257447644443
exp_001,SA_n30_inst4_run0,base,24800,24801,826.7,0.1597788329818286,78.56781408072189,956.3464110473151,1373.0466153524794
exp_001,SA_n30_inst4_run0,base,25000,25001,833.37,0.16097470797831193,78.56781408072189,956.3464110473151,1271.2628123093266
exp_001,SA_n30_inst4_run0,base,25200,25201,840.03,0.16216208302648738,77.78213593991467,956.3464110473151,1365.9200770315547
exp_001,SA_n30_inst4_run0,base,25400,25401,846.7,0.16336341702844948,77.78213593991467,956.3464110473151,1352.5587258661346
exp_001,SA_n30_inst4_run0,base,25600,25601,853.37,0.16456837498117238,77.78213593991467,956.3464110473151,1382.47595628468
exp_001,SA_n30_inst4_run0,base,25800,25801,860.03,0.16586516698589548,77.78213593991467,956.3464110473151,1356.7560315506812
exp_001,SA_n30_inst4_run0,base,26000,26001,866.7,0.16712420800467953,77.78213593991467,956.3464110473151,1361.2674521297572
exp_001,SA_n30_inst4_run0,base,26200,26201,873.37,0.16836804198101163,77.00431458051553,956.3464110473151,1374.4283729365984
exp_001,SA_n30_inst4_run0,base,26400,26401,880.03,0.16998566698748618,77.00431458051553,956.3464110473151,1105.4927856058437
exp_001,SA_n30_inst4_run0,base,26600,26601,886.7,0.17126133298734203,77.00431458051553,956.3464110473151,1341.1390996571938
exp_001,SA_n30_inst4_run0,base,26800,26801,893.37,0.17247545800637454,77.00431458051553,956.3464110473151,1351.6470617324815
exp_001,SA_n30_inst4_run0,base,27000,27001,900.03,0.17389274999732152,77.00431458051553,956.3464110473151,1134.169268583952
exp_001,SA_n30_inst4_run0,base,27200,27201,906.7,0.1751964580034837,76.23427143471037,956.3464110473151,1433.1917774286621
exp_001,SA_n30_inst4_run0,base,27400,27401,913.37,0.17641675000777468,76.23427143471037,956.3464110473151,1282.7416239859083
exp_001,SA_n30_inst4_run0,base,27600,27601,920.03,0.17763574997661635,76.23427143471037,956.3464110473151,1198.194626224657
exp_001,SA_n30_inst4_run0,base,27800,27801,926.7,0.17884620797121897,76.23427143471037,956.3464110473151,1341.2623093825468
exp_001,SA_n30_inst4_run0,base,28000,28001,933.37,0.18004929198650643,76.23427143471037,956.3464110473151,1356.0974781172213
exp_001,SA_n30_inst4_run0,base,28200,28201,940.03,0.18128495797282085,75.47192872036327,956.3464110473151,1123.0154320425213
exp_001,SA_n30_inst4_run0,base,28400,28401,946.7,0.182576458028052,75.47192872036327,956.3464110473151,1204.3578647604909
exp_001,SA_n30_inst4_run0,base,28600,28601,953.37,0.1837871249881573,75.47192872036327,956.3464110473151,1361.6543166383196
exp_001,SA_n30_inst4_run0,base,28800,28801,960.03,0.1850179170141928,75.47192872036327,956.3464110473151,1369.09652719907
exp_001,SA_n30_inst4_run0,base,29000,29001,966.7,0.18640037497971207,75.47192872036327,956.3464110473151,1312.5204251240546
exp_001,SA_n30_inst4_run0,base,29200,29201,973.37,0.1877722080098465,74.71720943315964,956.3464110473151,1489.8975329998532
exp_001,SA_n30_inst4_run0,base,29400,29401,980.03,0.18901116697816178,74.71720943315964,956.3464110473151,1167.4732055184932
exp_001,SA_n30_inst4_run0,base,29600,29601,986.7,0.19052283302880824,74.71720943315964,956.3464110473151,1231.7743699031887
exp_001,SA_n30_inst4_run0,base,29800,29801,993.37,0.1918078750022687,74.71720943315964,956.3464110473151,1299.3687096748135
exp_001,SA_n30_inst4_run0,base,30000,30001,1000.03,0.19303708302322775,74.71720943315964,956.3464110473151,1448.3730732600561
exp_001,SA_n30_inst4_run0,base,30200,30201,1006.7,0.19425504200626165,73.97003733882804,956.3464110473151,1280.0987670832576
exp_001,SA_n30_inst4_run0,base,30400,30401,1013.37,0.19546050002099946,73.97003733882804,956.3464110473151,1490.8011875664026
exp_001,SA_n30_inst4_run0,base,30600,30601,1020.03,0.19666445802431554,73.97003733882804,956.3464110473151,1359.332890591011
exp_001,SA_n30_inst4_run0,base,30800,30801,1026.7,0.19790791702689603,73.97003733882804,956.3464110473151,1206.4685439212574
exp_001,SA_n30_inst4_run0,base,31000,31001,1033.37,0.19917416700627655,73.97003733882804,956.3464110473151,1381.8390357858402
exp_001,SA_n30_inst4_run0,base,31200,31201,1040.03,0.20041879202472046,73.23033696543976,956.3464110473151,1382.6850290205953
exp_001,SA_n30_inst4_run0,base,31400,31401,1046.7,0.20167758298339322,73.23033696543976,956.3464110473151,1386.0638695626203
exp_001,SA_n30_inst4_run0,base,31600,31601,1053.37,0.20309058297425508,73.23033696543976,956.3464110473151,1290.9367295904995
exp_001,SA_n30_inst4_run0,base,31800,31801,1060.03,0.20437312498688698,73.23033696543976,956.3464110473151,1324.5599591703597
exp_001,SA_n30_inst4_run0,base,32000,32001,1066.7,0.20560833299532533,73.23033696543976,956.3464110473151,1407.4499818728352
exp_001,SA_n30_inst4_run0,base,32200,32201,1073.37,0.20702045800862834,72.49803359578536,956.3464110473151,1468.7919520121286
exp_001,SA_n30_inst4_run0,base,32400,32401,1080.03,0.20828883297508582,72.49803359578536,956.3464110473151,1256.4320745155967
exp_001,SA_n30_inst4_run0,base,32600,32601,1086.7,0.20954145799623802,72.49803359578536,956.3464110473151,1299.7018181836854
exp_001,SA_n30_inst4_run0,base,32800,32801,1093.37,0.21076950000133365,72.49803359578536,956.3464110473151,1335.661857907564
exp_001,SA_n30_inst4_run0,base,33000,33001,1100.03,0.2119964580051601,72.49803359578536,956.3464110473151,1256.713055681547
exp_001,SA_n30_inst4_run0,base,33200,33201,1106.7,0.21320833300706,71.7730532598275,956.3464110473151,1374.0896776267446
exp_001,SA_n30_inst4_run0,base,33400,33401,1113.37,0.21441745798802003,71.7730532598275,956.3464110473151,1348.4013069067976
exp_001,SA_n30_inst4_run0,base,33600,33601,1120.03,0.21559945802437142,71.7730532598275,956.3464110473151,1141.6773769776332
exp_001,SA_n30_inst4_run0,base,33800,33801,1126.7,0.21680970798479393,71.7730532598275,956.3464110473151,1327.1758067219748
exp_001,SA_n30_inst4_run0,base,34000,34001,1133.37,0.21800712501863018,71.7730532598275,956.3464110473151,1197.740783835469
exp_001,SA_n30_inst4_run0,base,34200,34201,1140.03,0.21942412498174235,71.05532272722922,956.3464110473151,1509.023652782624
exp_001,SA_n30_inst4_run0,base,34400,34401,1146.7,0.2208032080088742,71.05532272722922,956.3464110473151,1294.6255547727192
exp_001,SA_n30_inst4_run0,base,34600,34601,1153.37,0.22205074998782948,71.05532272722922,956.3464110473151,1389.0283356765278
exp_001,SA_n30_inst4_run0,base,34800,34801,1160.03,0.2235524170100689,71.05532272722922,956.3464110473151,1548.5014342872582
exp_001,SA_n30_inst4_run0,base,35000,35001,1166.7,0.22482745797606185,71.05532272722922,956.3464110473151,1206.541245708786
exp_001,SA_n30_inst4_run0,base,35200,35201,1173.37,0.22606949997134507,70.34476949995693,956.3464110473151,1175.318603144005
exp_001,SA_n30_inst4_run0,base,35400,35401,1180.03,0.22728375002043322,70.34476949995693,956.3464110473151,1075.8316588989248
exp_001,SA_n30_inst4_run0,base,35600,35601,1186.7,0.22851704200729728,70.34476949995693,956.3464110473151,1217.7415643451106
exp_001,SA_n30_inst4_run0,base,35800,35801,1193.37,0.22971316700568423,70.34476949995693,956.3464110473151,1256.937792941797
exp_001,SA_n30_inst4_run0,base,36000,36001,1200.03,0.2309241669718176,70.34476949995693,956.3464110473151,1219.4144918808063
exp_001,SA_n30_inst4_run0,base,36200,36201,1206.7,0.2321220000158064,69.64132180495736,956.3464110473151,1176.067737951178
exp_001,SA_n30_inst4_run0,base,36400,36401,1213.37,0.2333170420024544,69.64132180495736,956.3464110473151,1532.7654376225587
exp_001,SA_n30_inst4_run0,base,36600,36601,1220.03,0.2345444579841569,69.64132180495736,956.3464110473151,1221.6372340871603
exp_001,SA_n30_inst4_run0,base,36800,36801,1226.7,0.2360986249987036,69.64132180495736,956.3464110473151,1377.1921791970233
exp_001,SA_n30_inst4_run0,base,37000,37001,1233.37,0.23741350002819672,69.64132180495736,956.3464110473151,1284.1007783570144
exp_001,SA_n30_inst4_run0,base,37200,37201,1240.03,0.2386384999845177,68.94490858690779,956.3464110473151,1273.876758827163
exp_001,SA_n30_inst4_run0,base,37400,37401,1246.7,0.23999670799821615,68.94490858690779,956.3464110473151,1420.866795791042
exp_001,SA_n30_inst4_run0,base,37600,37601,1253.37,0.24134545802371576,68.94490858690779,956.3464110473151,1391.8043911374316
exp_001,SA_n30_inst4_run0,base,37800,37801,1260.03,0.24257420800859109,68.94490858690779,956.3464110473151,1299.3298033453484
exp_001,SA_n30_inst4_run0,base,38000,38001,1266.7,0.24378116702428088,68.94490858690779,956.3464110473151,1392.2128248285271
exp_001,SA_n30_inst4_run0,base,38200,38201,1273.37,0.24499112501507625,68.25545950103871,956.3464110473151,1276.9084457139759
exp_001,SA_n30_inst4_run0,base,38400,38401,1280.03,0.24619941698620096,68.25545950103871,956.3464110473151,1396.6455373655301
exp_001,SA_n30_inst4_run0,base,38600,38601,1286.7,0.2473965419922024,68.25545950103871,956.3464110473151,1236.7804540030197
exp_001,SA_n30_inst4_run0,base,38800,38801,1293.37,0.24862279201624915,68.25545950103871,956.3464110473151,987.4232185521239
exp_001,SA_n30_inst4_run0,base,39000,39001,1300.03,0.2498410830157809,68.25545950103871,956.3464110473151,1505.4321491636274
exp_001,SA_n30_inst4_run0,base,39200,39201,1306.7,0.25104825000744313,67.57290490602833,956.3464110473151,1252.2036375327875
exp_001,SA_n30_inst4_run0,base,39400,39401,1313.37,0.25253462500404567,67.57290490602833,956.3464110473151,1242.9647876370882
exp_001,SA_n30_inst4_run0,base,39600,39601,1320.03,0.2539257919997908,67.57290490602833,956.3464110473151,1365.8136796394485
exp_001,SA_n30_inst4_run0,base,39800,39801,1326.7,0.2551535830134526,67.57290490602833,956.3464110473151,1116.4947504584031
exp_001,SA_n30_inst4_run0,base,40000,40001,1333.37,0.25665908301016316,67.57290490602833,956.3464110473151,1380.7973773952945
exp_001,SA_n30_inst4_run0,base,40200,40201,1340.03,0.25803620798978955,66.89717585696805,956.3464110473151,1355.5323779654877
exp_001,SA_n30_inst4_run0,base,40400,40401,1346.7,0.2593200419796631,66.89717585696805,956.3464110473151,1460.615940602007
exp_001,SA_n30_inst4_run0,base,40600,40601,1353.37,0.2605519170174375,66.89717585696805,956.3464110473151,1527.3575362965355
exp_001,SA_n30_inst4_run0,base,40800,40801,1360.03,0.26175779197365046,66.89717585696805,956.3464110473151,1386.6618707659136
exp_001,SA_n30_inst4_run0,base,41000,41001,1366.7,0.2629969170084223,66.89717585696805,956.3464110473151,1347.6760361431998
exp_001,SA_n30_inst4_run0,base,41200,41201,1373.37,0.26424950000364333,66.22820409839836,956.3464110473151,1254.0432117733176
exp_001,SA_n30_inst4_run0,base,41400,41401,1380.03,0.2654628329910338,66.22820409839836,956.3464110473151,1384.5367023025663
exp_001,SA_n30_inst4_run0,base,41600,41601,1386.7,0.2666521249921061,66.22820409839836,929.4700434315407,1100.6968198708341
exp_001,SA_n30_inst4_run0,base,41800,41801,1393.37,0.26787179202074185,66.22820409839836,929.4700434315407,1377.811137821618
exp_001,SA_n30_inst4_run0,base,42000,42001,1400.03,0.26926670799730346,66.22820409839836,929.4700434315407,1439.0707199664014
exp_001,SA_n30_inst4_run0,base,42200,42201,1406.7,0.27061125001637265,65.56592205741438,929.4700434315407,1318.4774373924417
exp_001,SA_n30_inst4_run0,base,42400,42401,1413.37,0.27183612500084564,65.56592205741438,929.4700434315407,1309.3297057918558
exp_001,SA_n30_inst4_run0,base,42600,42601,1420.03,0.27323237498058006,65.56592205741438,929.4700434315407,1261.3110092202396
exp_001,SA_n30_inst4_run0,base,42800,42801,1426.7,0.27449958299985155,65.56592205741438,929.4700434315407,1217.3298336557525
exp_001,SA_n30_inst4_run0,base,43000,43001,1433.37,0.27571108302799985,65.56592205741438,929.4700434315407,1242.3608194584822
exp_001,SA_n30_inst4_run0,base,43200,43201,1440.03,0.27689954201923683,64.91026283684023,929.4700434315407,1459.9789687532184
exp_001,SA_n30_inst4_run0,base,43400,43401,1446.7,0.2780992499901913,64.91026283684023,929.4700434315407,1174.416991868517
exp_001,SA_n30_inst4_run0,base,43600,43601,1453.37,0.27929095801664516,64.91026283684023,929.4700434315407,1426.208320105587
exp_001,SA_n30_inst4_run0,base,43800,43801,1460.03,0.2804841250181198,64.91026283684023,929.4700434315407,1236.3104945462883
exp_001,SA_n30_inst4_run0,base,44000,44001,1466.7,0.2817215420072898,64.91026283684023,929.4700434315407,1285.3502318235676
exp_001,SA_n30_inst4_run0,base,44200,44201,1473.37,0.28296345798298717,64.26116020847184,929.4700434315407,1301.1124258900975
exp_001,SA_n30_inst4_run0,base,44400,44401,1480.03,0.28417300002183765,64.26116020847184,929.4700434315407,1219.5427201414464
exp_001,SA_n30_inst4_run0,base,44600,44601,1486.7,0.2856087919790298,64.26116020847184,929.4700434315407,1239.7851421271403
exp_001,SA_n30_inst4_run0,base,44800,44801,1493.37,0.2869212080258876,64.26116020847184,929.4700434315407,1194.3577010271404
exp_001,SA_n30_inst4_run0,base,45000,45001,1500.03,0.28816754202125594,64.26116020847184,929.4700434315407,1213.6412875315705
exp_001,SA_n30_inst4_run0,base,45200,45201,1506.7,0.28945137502159923,63.618548606387115,929.4700434315407,1440.7139167902908
exp_001,SA_n30_inst4_run0,base,45400,45401,1513.37,0.29084258299553767,63.618548606387115,929.4700434315407,1388.8543027551395
exp_001,SA_n30_inst4_run0,base,45600,45601,1520.03,0.29210929200053215,63.618548606387115,929.4700434315407,1184.4125484441809
exp_001,SA_n30_inst4_run0,base,45800,45801,1526.7,0.29333112499443814,63.618548606387115,929.4700434315407,1343.5040803414224
exp_001,SA_n30_inst4_run0,base,46000,46001,1533.37,0.2945350829977542,63.618548606387115,929.4700434315407,1327.1915765939152
exp_001,SA_n30_inst4_run0,base,46200,46201,1540.03,0.29574425000464544,62.98236312032324,929.4700434315407,1337.48556137546
exp_001,SA_n30_inst4_run0,base,46400,46401,1546.7,0.2969515830045566,62.98236312032324,929.4700434315407,1319.0012297821715
exp_001,SA_n30_inst4_run0,base,46600,46601,1553.37,0.2981530419783667,62.98236312032324,929.4700434315407,1401.685256399157
exp_001,SA_n30_inst4_run0,base,46800,46801,1560.03,0.29937616700772196,62.98236312032324,929.4700434315407,1179.977714003905
exp_001,SA_n30_inst4_run0,base,47000,47001,1566.7,0.300662417022977,62.98236312032324,929.4700434315407,1253.3228274237586
exp_001,SA_n30_inst4_run0,base,47200,47201,1573.37,0.3019569999887608,62.35253948912001,929.4700434315407,1165.4621065015854
exp_001,SA_n30_inst4_run0,base,47400,47401,1580.03,0.30328341701533645,62.35253948912001,929.4700434315407,1407.4096179031674
exp_001,SA_n30_inst4_run0,base,47600,47601,1586.7,0.30452775000594556,62.35253948912001,929.4700434315407,1317.393029984725
exp_001,SA_n30_inst4_run0,base,47800,47801,1593.37,0.30576808302430436,62.35253948912001,929.4700434315407,1055.6933789368668
exp_001,SA_n30_inst4_run0,base,48000,48001,1600.03,0.3073026249767281,62.35253948912001,929.4700434315407,1228.2441025426965
exp_001,SA_n30_inst4_run0,base,48200,48201,1606.7,0.3085586670204066,61.72901409422881,929.4700434315407,1236.5623361970625
exp_001,SA_n30_inst4_run0,base,48400,48401,1613.37,0.30981041700579226,61.72901409422881,929.4700434315407,1390.721759059254
exp_001,SA_n30_inst4_run0,base,48600,48601,1620.03,0.3110456669819541,61.72901409422881,929.4700434315407,1403.0187171198086
exp_001,SA_n30_inst4_run0,base,48800,48801,1626.7,0.3122784579754807,61.72901409422881,929.4700434315407,1264.7179097039455
exp_001,SA_n30_inst4_run0,base,49000,49001,1633.37,0.3135006250231527,61.72901409422881,929.4700434315407,1391.3844048954902
exp_001,SA_n30_inst4_run0,base,49200,49201,1640.03,0.31474029197124764,61.11172395328652,929.4700434315407,1294.225825038499
exp_001,SA_n30_inst4_run0,base,49400,49401,1646.7,0.3159452920081094,61.11172395328652,929.4700434315407,1400.520575943005
exp_001,SA_n30_inst4_run0,base,49600,49601,1653.37,0.31715004198485985,61.11172395328652,929.4700434315407,1021.0067642277804
exp_001,SA_n30_inst4_run0,base,49800,49801,1660.03,0.31838100001914427,61.11172395328652,929.4700434315407,1421.3460616392822
exp_001,SA_n30_inst4_run0,base,50000,50001,1666.7,0.3196095830062404,61.11172395328652,929.4700434315407,1182.5203648781276
exp_001,SA_n30_inst4_run0,base,50000,50001,1666.7,0.3196972499717958,0.00099,929.4700434315407,1182.5203648781276
exp_001,SA_n30_inst4_run1,base,0,1,0.03,1.2919772416353226e-06,100.0,1552.8284346046048,1552.8284346046048
exp_001,SA_n30_inst4_run1,base,200,201,6.7,0.0012238749768584967,100.0,1272.3895889706682,1584.029169768209
exp_001,SA_n30_inst4_run1,base,400,401,13.37,0.0024954999680630863,100.0,1179.2053920141263,1209.4740906066122
exp_001,SA_n30_inst4_run1,base,600,601,20.03,0.0037037080037407577,100.0,1179.2053920141263,1382.1500454938302
exp_001,SA_n30_inst4_run1,base,800,801,26.7,0.004908083006739616,100.0,1117.8623047904643,1117.8623047904643
exp_001,SA_n30_inst4_run1,base,1000,1001,33.37,0.006151999987196177,100.0,1076.8827495673725,1438.7055694061874
exp_001,SA_n30_inst4_run1,base,1200,1201,40.03,0.007373542001005262,99.0,1076.8827495673725,1208.8982421457526
exp_001,SA_n30_inst4_run1,base,1400,1401,46.7,0.008643042005132884,99.0,1076.8827495673725,1307.434787046138
exp_001,SA_n30_inst4_run1,base,1600,1601,53.37,0.009857875003945082,99.0,1076.8827495673725,1371.9780102832167
exp_001,SA_n30_inst4_run1,base,1800,1801,60.03,0.01109762501437217,99.0,1076.8827495673725,1431.7858811507215
exp_001,SA_n30_inst4_run1,base,2000,2001,66.7,0.01241612498415634,99.0,1076.8827495673725,1391.8125134202467
exp_001,SA_n30_inst4_run1,base,2200,2201,73.37,0.013692791981156915,98.01,1076.8827495673725,1413.6183316381957
exp_001,SA_n30_inst4_run1,base,2400,2401,80.03,0.01494650001404807,98.01,1076.8827495673725,1432.730985944551
exp_001,SA_n30_inst4_run1,base,2600,2601,86.7,0.016185999964363873,98.01,1076.8827495673725,1341.8112644642024
exp_001,SA_n30_inst4_run1,base,2800,2801,93.37,0.017391291970852762,98.01,1076.8827495673725,1406.8183353813272
exp_001,SA_n30_inst4_run1,base,3000,3001,100.03,0.01861966698197648,98.01,1076.8827495673725,1320.5256511788823
exp_001,SA_n30_inst4_run1,base,3200,3201,106.7,0.019836666993796825,97.0299,1076.8827495673725,1350.2918792931405
exp_001,SA_n30_inst4_run1,base,3400,3401,113.37,0.02105037501314655,97.0299,1076.8827495673725,1153.4489948138983
exp_001,SA_n30_inst4_run1,base,3600,3601,120.03,0.022263624996412545,97.0299,1076.8827495673725,1416.3437514684579
exp_001,SA_n30_inst4_run1,base,3800,3801,126.7,0.02346399996895343,97.0299,1076.8827495673725,1404.5444400886463
exp_001,SA_n30_inst4_run1,base,4000,4001,133.37,0.024662667012307793,97.0299,1076.8827495673725,1272.4172614240056
exp_001,SA_n30_inst4_run1,base,4200,4201,140.03,0.025859666988253593,96.059601,1069.513065514298,1184.3244046439768
exp_001,SA_n30_inst4_run1,base,4400,4401,146.7,0.027076541970018297,96.059601,1069.513065514298,1204.2172091041707
exp_001,SA_n30_inst4_run1,base,4600,4601,153.37,0.02830529201310128,96.059601,1069.513065514298,1431.5829498641795
exp_001,SA_n30_inst4_run1,base,4800,4801,160.03,0.029551499988883734,96.059601,1069.513065514298,1596.9627796328587
exp_001,SA_n30_inst4_run1,base,5000,5001,166.7,0.030769624980166554,96.059601,1069.513065514298,1427.0001478852282
exp_001,SA_n30_inst4_run1,base,5200,5201,173.37,0.03199387498898432,95.09900499,1069.513065514298,1460.1112978128351
exp_001,SA_n30_inst4_run1,base,5400,5401,180.03,0.033243375015445054,95.09900499,1069.513065514298,1293.8089721255546
exp_001,SA_n30_inst4_run1,base,5600,5601,186.7,0.034499207977205515,95.09900499,1069.513065514298,1277.9423786896627
exp_001,SA_n30_inst4_run1,base,5800,5801,193.37,0.03571037499932572,95.09900499,1069.513065514298,1347.2034476062945
exp_001,SA_n30_inst4_run1,base,6000,6001,200.03,0.03707541699986905,95.09900499,1069.513065514298,1282.516349278007
exp_001,SA_n30_inst4_run1,base,6200,6201,206.7,0.038346624991390854,94.1480149401,1069.513065514298,1654.966184933963
exp_001,SA_n30_inst4_run1,base,6400,6401,213.37,0.03956816700519994,94.1480149401,1069.513065514298,1419.7968916105317
exp_001,SA_n30_inst4_run1,base,6600,6601,220.03,0.04078833298990503,94.1480149401,1069.513065514298,1208.5471074170412
exp_001,SA_n30_inst4_run1,base,6800,6801,226.7,0.04202233301475644,94.1480149401,1069.513065514298,1371.3823706211529
exp_001,SA_n30_inst4_run1,base,7000,7001,233.37,0.04325845796847716,94.1480149401,1069.513065514298,1317.4624845737198
exp_001,SA_n30_inst4_run1,base,7200,7201,240.03,0.04455454199342057,93.206534790699,1069.513065514298,1385.0547952189957
exp_001,SA_n30_inst4_run1,base,7400,7401,246.7,0.04583412501960993,93.206534790699,1069.513065514298,1174.503876191135
exp_001,SA_n30_inst4_run1,base,7600,7601,253.37,0.04706662497483194,93.206534790699,1069.513065514298,1272.100062995837
exp_001,SA_n30_inst4_run1,base,7800,7801,260.03,0.04829745797906071,93.206534790699,1069.513065514298,1126.215269347104
exp_001,SA_n30_inst4_run1,base,8000,8001,266.7,0.04953916696831584,93.206534790699,1069.513065514298,1569.2048102205506
exp_001,SA_n30_inst4_run1,base,8200,8201,273.37,0.05074962502112612,92.27446944279201,1069.513065514298,1302.8161913001056
exp_001,SA_n30_inst4_run1,base,8400,8401,280.03,0.051961250021122396,92.27446944279201,1069.513065514298,1383.1268121903217
exp_001,SA_n30_inst4_run1,base,8600,8601,286.7,0.053164875018410385,92.27446944279201,1069.513065514298,1395.0038422718537
exp_001,SA_n30_inst4_run1,base,8800,8801,293.37,0.05436420801561326,92.27446944279201,1069.513065514298,1221.8864476635822
exp_001,SA_n30_inst4_run1,base,9000,9001,300.03,0.05557891697390005,92.27446944279201,1069.513065514298,1187.7395220536487
exp_001,SA_n30_inst4_run1,base,9200,9201,306.7,0.05678716697730124,91.35172474836409,1069.513065514298,1435.5680829534017
exp_001,SA_n30_inst4_run1,base,9400,9401,313.37,0.05798845802200958,91.35172474836409,1069.513065514298,1359.8678848101142
exp_001,SA_n30_inst4_run1,base,9600,9601,320.03,0.05918758298503235,91.35172474836409,1069.513065514298,1206.4697414364907
exp_001,SA_n30_inst4_run1,base,9800,9801,326.7,0.060384417010936886,91.35172474836409,1069.513065514298,1274.3418940055826
exp_001,SA_n30_inst4_run1,base,10000,10001,333.37,0.06169012497412041,91.35172474836409,1069.513065514298,1478.992190034276
exp_001,SA_n30_inst4_run1,base,10200,10201,340.03,0.06294083298416808,90.43820750088045,1069.513065514298,1288.7144788645492
exp_001,SA_n30_inst4_run1,base,10400,10401,346.7,0.06420345796504989,90.43820750088045,1069.513065514298,1347.1833527139138
exp_001,SA_n30_inst4_run1,base,10600,10601,353.37,0.0654232919914648,90.43820750088045,1069.513065514298,1420.832571987798
exp_001,SA_n30_inst4_run1,base,10800,10801,360.03,0.06663999997545034,90.43820750088045,1069.513065514298,1169.215514234645
exp_001,SA_n30_inst4_run1,base,11000,11001,366.7,0.06785099999979138,90.43820750088045,1069.513065514298,1557.42612481205
exp_001,SA_n30_inst4_run1,base,11200,11201,373.37,0.06905591697432101,89.53382542587164,1069.513065514298,1465.2859266428127
exp_001,SA_n30_inst4_run1,base,11400,11401,380.03,0.07027670799288899,89.53382542587164,1069.513065514298,1456.8536062309017
exp_001,SA_n30_inst4_run1,base,11600,11601,386.7,0.0714882499887608,89.53382542587164,1036.0211626758369,1373.6276797121745
exp_001,SA_n30_inst4_run1,base,11800,11801,393.37,0.07268508296692744,89.53382542587164,986.2587109939618,1207.5222824397804
exp_001,SA_n30_inst4_run1,base,12000,12001,400.03,0.07388558296952397,89.53382542587164,986.2587109939618,1541.1881935110607
exp_001,SA_n30_inst4_run1,base,12200,12201,406.7,0.07508287497330457,88.63848717161292,986.2587109939618,1544.9370567815706
exp_001,SA_n30_inst4_run1,base,12400,12401,413.37,0.07627966697327793,88.63848717161292,986.2587109939618,1445.0278992878823
exp_001,SA_n30_inst4_run1,base,12600,12601,420.03,0.0775077500147745,88.63848717161292,986.2587109939618,1206.8290828222548
exp_001,SA_n30_inst4_run1,base,12800,12801,426.7,0.07874737499514595,88.63848717161292,986.2587109939618,1571.1549558945894
exp_001,SA_n30_inst4_run1,base,13000,13001,433.37,0.07999324996490031,88.63848717161292,986.2587109939618,1332.602445731249
exp_001,SA_n30_inst4_run1,base,13200,13201,440.03,0.08122941700275987,87.75210229989679,986.2587109939618,1285.1817159348964
exp_001,SA_n30_inst4_run1,base,13400,13401,446.7,0.08244066697079688,87.75210229989679,986.2587109939618,1394.9120202181916
exp_001,SA_n30_inst4_run1,base,13600,13601,453.37,0.08386274997610599,87.75210229989679,986.2587109939618,1396.812595314122
exp_001,SA_n30_inst4_run1,base,13800,13801,460.03,0.08520187501562759,87.75210229989679,986.2587109939618,1431.96803812336
exp_001,SA_n30_inst4_run1,base,14000,14001,466.7,0.08643291698535904,87.75210229989679,986.2587109939618,1152.544622965392
exp_001,SA_n30_inst4_run1,base,14200,14201,473.37,0.08766266697784886,86.87458127689783,986.2587109939618,1268.661595006833
exp_001,SA_n30_inst4_run1,base,14400,14401,480.03,0.0888879579724744,86.87458127689783,986.2587109939618,1406.9694960711884
exp_001,SA_n30_inst4_run1,base,14600,14601,486.7,0.09018554200883955,86.87458127689783,986.2587109939618,1453.3092138080463
exp_001,SA_n30_inst4_run1,base,14800,14801,493.37,0.09144904196728021,86.87458127689783,986.2587109939618,1314.357307233938
exp_001,SA_n30_inst4_run1,base,15000,15001,500.03,0.09274058300070465,86.87458127689783,986.2587109939618,1431.1280815739883
exp_001,SA_n30_inst4_run1,base,15200,15201,506.7,0.0940643330104649,86.00583546412885,986.2587109939618,1295.5167577013956
exp_001,SA_n30_inst4_run1,base,15400,15401,513.37,0.09534312499454245,86.00583546412885,986.2587109939618,1294.0274496951333
exp_001,SA_n30_inst4_run1,base,15600,15601,520.03,0.09658549999585375,86.00583546412885,986.2587109939618,1336.8515975101097
exp_001,SA_n30_inst4_run1,base,15800,15801,526.7,0.09784349997062236,86.00583546412885,986.2587109939618,1183.6019051992446
exp_001,SA_n30_inst4_run1,base,16000,16001,533.37,0.09909420798067003,86.00583546412885,986.2587109939618,1149.1640020637087
exp_001,SA_n30_inst4_run1,base,16200,16201,540.03,0.10038149997126311,85.14577710948755,986.2587109939618,1254.5613055795086
exp_001,SA_n30_inst4_run1,base,16400,16401,546.7,0.10160216700751334,85.14577710948755,986.2587109939618,1116.672828211542
exp_001,SA_n30_inst4_run1,base,16600,16601,553.37,0.10281670797849074,85.14577710948755,986.2587109939618,1497.8568355609036
exp_001,SA_n30_inst4_run1,base,16800,16801,560.03,0.10404454200761393,85.14577710948755,986.2587109939618,1384.5616433565692
exp_001,SA_n30_inst4_run1,base,17000,17001,566.7,0.10524737497325987,85.14577710948755,986.2587109939618,1090.3405890650458
exp_001,SA_n30_inst4_run1,base,17200,17201,573.37,0.10645004198886454,84.29431933839268,986.2587109939618,1571.2995134253754
exp_001,SA_n30_inst4_run1,base,17400,17401,580.03,0.10765733302105218,84.29431933839268,986.2587109939618,1288.4065480192546
exp_001,SA_n30_inst4_run1,base,17600,17601,586.7,0.10891820798860863,84.29431933839268,986.2587109939618,1367.7042780786592
exp_001,SA_n30_inst4_run1,base,17800,17801,593.37,0.110187207988929,84.29431933839268,986.2587109939618,1222.8776797994265
exp_001,SA_n30_inst4_run1,base,18000,18001,600.03,0.11145220801699907,84.29431933839268,986.2587109939618,1326.6011596819515
exp_001,SA_n30_inst4_run1,base,18200,18201,606.7,0.11266679200343788,83.45137614500875,986.2587109939618,1268.4940545170953
exp_001,SA_n30_inst4_run1,base,18400,18401,613.37,0.11389191698981449,83.45137614500875,986.2587109939618,1351.633905335715
exp_001,SA_n30_inst4_run1,base,18600,18601,620.03,0.11512012500315905,83.45137614500875,986.2587109939618,1188.0510600495752
exp_001,SA_n30_inst4_run1,base,18800,18801,626.7,0.11659704201156273,83.45137614500875,986.2587109939618,1151.067392509555
exp_001,SA_n30_inst4_run1,base,19000,19001,633.37,0.11790233297506347,83.45137614500875,986.2587109939618,1342.619009412428
exp_001,SA_n30_inst4_run1,base,19200,19201,640.03,0.11912079202011228,82.61686238355867,986.2587109939618,1399.1916768331675
exp_001,SA_n30_inst4_run1,base,19400,19401,646.7,0.12035104201640934,82.61686238355867,986.2587109939618,1386.2347438496765
exp_001,SA_n30_inst4_run1,base,19600,19601,653.37,0.1215680000022985,82.61686238355867,986.2587109939618,1298.8918684566254
exp_001,SA_n30_inst4_run1,base,19800,19801,660.03,0.12286737497197464,82.61686238355867,986.2587109939618,1199.6200472946377
exp_001,SA_n30_inst4_run1,base,20000,20001,666.7,0.12413008301518857,82.61686238355867,986.2587109939618,1506.5300055171106
exp_001,SA_n30_inst4_run1,base,20200,20201,673.37,0.12544404197251424,81.79069375972308,986.2587109939618,1417.0090671242037
exp_001,SA_n30_inst4_run1,base,20400,20401,680.03,0.12677983299363405,81.79069375972308,986.2587109939618,1335.1229831339306
exp_001,SA_n30_inst4_run1,base,20600,20601,686.7,0.12801645800936967,81.79069375972308,986.2587109939618,1532.133703972361
exp_001,SA_n30_inst4_run1,base,20800,20801,693.37,0.12922474998049438,81.79069375972308,986.2587109939618,1243.6372924653294
exp_001,SA_n30_inst4_run1,base,21000,21001,700.03,0.13042112498078495,81.79069375972308,986.2587109939618,1403.3660388921173
exp_001,SA_n30_inst4_run1,base,21200,21201,706.7,0.13163258298300207,80.97278682212585,986.2587109939618,1373.8168782228968
exp_001,SA_n30_inst4_run1,base,21400,21401,713.37,0.13289445801638067,80.97278682212585,986.2587109939618,1197.1322281377093
exp_001,SA_n30_inst4_run1,base,21600,21601,720.03,0.1341295000165701,80.97278682212585,986.2587109939618,1269.0482702699853
exp_001,SA_n30_inst4_run1,base,21800,21801,726.7,0.1353480420075357,80.97278682212585,986.2587109939618,1483.3645173829234
exp_001,SA_n30_inst4_run1,base,22000,22001,733.37,0.1365685419877991,80.97278682212585,986.2587109939618,1270.592632094066
exp_001,SA_n30_inst4_run1,base,22200,22201,740.03,0.13776141701964661,80.1630589539046,986.2587109939618,1214.7840935453555
exp_001,SA_n30_inst4_run1,base,22400,22401,746.7,0.1389817079761997,80.1630589539046,986.2587109939618,1460.7496916268474
exp_001,SA_n30_inst4_run1,base,22600,22601,753.37,0.14017383300233632,80.1630589539046,986.2587109939618,1390.3646392244004
exp_001,SA_n30_inst4_run1,base,22800,22801,760.03,0.14135637501021847,80.1630589539046,986.2587109939618,1403.1377017552384
exp_001,SA_n30_inst4_run1,base,23000,23001,766.7,0.14254945801803842,80.1630589539046,986.2587109939618,1356.7676234238022
exp_001,SA_n30_inst4_run1,base,23200,23201,773.37,0.14373404200887308,79.36142836436555,986.2587109939618,1287.6736942763753
exp_001,SA_n30_inst4_run1,base,23400,23401,780.03,0.14503104198956862,79.36142836436555,986.2587109939618,1398.0300848011495
exp_001,SA_n30_inst4_run1,base,23600,23601,786.7,0.1462859580060467,79.36142836436555,986.2587109939618,1287.5994469210705
exp_001,SA_n30_inst4_run1,base,23800,23801,793.37,0.1475082079996355,79.36142836436555,986.2587109939618,1377.1078083409705
exp_001,SA_n30_inst4_run1,base,24000,24001,800.03,0.14903933298774064,79.36142836436555,986.2587109939618,1547.7257660021905
exp_001,SA_n30_inst4_run1,base,24200,24201,806.7,0.1503749580006115,78.56781408072189,986.2587109939618,1374.8235630988684
exp_001,SA_n30_inst4_run1,base,24400,24401,813.37,0.15167029201984406,78.56781408072189,986.2587109939618,1268.9365977722448
exp_001,SA_n30_inst4_run1,base,24600,24601,820.03,0.15288420801516622,78.56781408072189,986.2587109939618,1229.4117925280875
exp_001,SA_n30_inst4_run1,base,24800,24801,826.7,0.15408945799572393,78.56781408072189,986.2587109939618,1222.3200023548186
exp_001,SA_n30_inst4_run1,base,25000,25001,833.37,0.15529787499690428,78.56781408072189,986.2587109939618,1207.6363644802823
exp_001,SA_n30_inst4_run1,base,25200,25201,840.03,0.15668149996781722,77.78213593991467,986.2587109939618,1454.5312831508566
exp_001,SA_n30_inst4_run1,base,25400,25401,846.7,0.15796579199377447,77.78213593991467,986.2587109939618,1084.4530620190985
exp_001,SA_n30_inst4_run1,base,25600,25601,853.37,0.15920908300904557,77.78213593991467,986.2587109939618,1451.9080325354516
exp_001,SA_n30_inst4_run1,base,25800,25801,860.03,0.16047358297510073,77.78213593991467,986.2587109939618,1432.5372167282426
exp_001,SA_n30_inst4_run1,base,26000,26001,866.7,0.16169074998470023,77.78213593991467,986.2587109939618,1477.148043425292
exp_001,SA_n30_inst4_run1,base,26200,26201,873.37,0.16288866696413606,77.00431458051553,986.2587109939618,1396.6430359500898
exp_001,SA_n30_inst4_run1,base,26400,26401,880.03,0.16409066697815433,77.00431458051553,986.2587109939618,1351.0716140401062
exp_001,SA_n30_inst4_run1,base,26600,26601,886.7,0.16541366698220372,77.00431458051553,986.2587109939618,1056.1871437161676
exp_001,SA_n30_inst4_run1,base,26800,26801,893.37,0.1666695830062963,77.00431458051553,986.2587109939618,1189.3311387059705
exp_001,SA_n30_inst4_run1,base,27000,27001,900.03,0.16788074997020885,77.00431458051553,986.2587109939618,1258.5458055802872
exp_001,SA_n30_inst4_run1,base,27200,27201,906.7,0.16908954200334847,76.23427143471037,986.2587109939618,1325.410936234841
exp_001,SA_n30_inst4_run1,base,27400,27401,913.37,0.1702997079701163,76.23427143471037,986.2587109939618,1450.8562728507509
exp_001,SA_n30_inst4_run1,base,27600,27601,920.03,0.17149804200744256,76.23427143471037,986.2587109939618,1220.8958709837736
exp_001,SA_n30_inst4_run1,base,27800,27801,926.7,0.17292524996446446,76.23427143471037,986.2587109939618,1204.3746714564952
exp_001,SA_n30_inst4_run1,base,28000,28001,933.37,0.17417691700393334,76.23427143471037,986.2587109939618,1314.5096744496711
exp_001,SA_n30_inst4_run1,base,28200,28201,940.03,0.17540866701165214,75.47192872036327,986.2587109939618,1270.8125170798635
exp_001,SA_n30_inst4_run1,base,28400,28401,946.7,0.17670808301772922,75.47192872036327,986.2587109939618,1373.7458080506908
exp_001,SA_n30_inst4_run1,base,28600,28601,953.37,0.1779231249820441,75.47192872036327,986.2587109939618,1333.542177049478
exp_001,SA_n30_inst4_run1,base,28800,28801,960.03,0.17913312499877065,75.47192872036327,986.2587109939618,1460.7532109074643
exp_001,SA_n30_inst4_run1,base,29000,29001,966.7,0.18039816699456424,75.47192872036327,986.2587109939618,1514.6770020375473
exp_001,SA_n30_inst4_run1,base,29200,29201,973.37,0.1817321249982342,74.71720943315964,986.2587109939618,1398.9361513022466
exp_001,SA_n30_inst4_run1,base,29400,29401,980.03,0.18322620796971023,74.71720943315964,986.2587109939618,1416.1928834989237
exp_001,SA_n30_inst4_run1,base,29600,29601,986.7,0.1845303750014864,74.71720943315964,986.2587109939618,1383.111218325669
exp_001,SA_n30_inst4_run1,base,29800,29801,993.37,0.18576766701880842,74.71720943315964,986.2587109939618,1383.7824642936257
exp_001,SA_n30_inst4_run1,base,30000,30001,1000.03,0.18697916698874906,74.71720943315964,986.2587109939618,1212.220323409337
exp_001,SA_n30_inst4_run1,base,30200,30201,1006.7,0.1881922499742359,73.97003733882804,986.2587109939618,1007.315388443671
exp_001,SA_n30_inst4_run1,base,30400,30401,1013.37,0.1893954169936478,73.97003733882804,986.2587109939618,1427.7413143464792
exp_001,SA_n30_inst4_run1,base,30600,30601,1020.03,0.19058754201978445,73.97003733882804,986.2587109939618,1236.7082552480056
exp_001,SA_n30_inst4_run1,base,30800,30801,1026.7,0.19180904200766236,73.97003733882804,986.2587109939618,1485.0115452434666
exp_001,SA_n30_inst4_run1,base,31000,31001,1033.37,0.1930579579784535,73.97003733882804,986.2587109939618,1314.8007335094214
exp_001,SA_n30_inst4_run1,base,31200,31201,1040.03,0.19435725000221282,73.23033696543976,986.2587109939618,1400.5646286129077
exp_001,SA_n30_inst4_run1,base,31400,31401,1046.7,0.19565558299655095,73.23033696543976,986.2587109939618,1421.7472761988943
exp_001,SA_n30_inst4_run1,base,31600,31601,1053.37,0.1969409579760395,73.23033696543976,986.2587109939618,1250.212855945923
exp_001,SA_n30_inst4_run1,base,31800,31801,1060.03,0.19820970797445625,73.23033696543976,986.2587109939618,1322.469651890212
exp_001,SA_n30_inst4_run1,base,32000,32001,1066.7,0.19950124999741092,73.23033696543976,986.2587109939618,1393.8128193639416
exp_001,SA_n30_inst4_run1,base,32200,32201,1073.37,0.20070908300112933,72.49803359578536,986.2587109939618,1295.3337163251201
exp_001,SA_n30_inst4_run1,base,32400,32401,1080.03,0.20192504196893424,72.49803359578536,986.2587109939618,1222.4442046053848
exp_001,SA_n30_inst4_run1,base,32600,32601,1086.7,0.2031400419655256,72.49803359578536,986.2587109939618,1325.195383665903
exp_001,SA_n30_inst4_run1,base,32800,32801,1093.37,0.20434958301484585,72.49803359578536,986.2587109939618,1214.987275678092
exp_001,SA_n30_inst4_run1,base,33000,33001,1100.03,0.20554870797786862,72.49803359578536,986.2587109939618,1273.082948480304
exp_001,SA_n30_inst4_run1,base,33200,33201,1106.7,0.20675354200648144,71.7730532598275,986.2587109939618,1263.2123256930674
exp_001,SA_n30_inst4_run1,base,33400,33401,1113.37,0.20796162501210347,71.7730532598275,986.2587109939618,1410.0685240246107
exp_001,SA_n30_inst4_run1,base,33600,33601,1120.03,0.20919395796954632,71.7730532598275,986.2587109939618,1257.168260204412
exp_001,SA_n30_inst4_run1,base,33800,33801,1126.7,0.21047845797147602,71.7730532598275,986.2587109939618,1288.9052287290585
exp_001,SA_n30_inst4_run1,base,34000,34001,1133.37,0.21178895799675956,71.7730532598275,986.2587109939618,1353.3747867463112
exp_001,SA_n30_inst4_run1,base,34200,34201,1140.03,0.21302787499735132,71.05532272722922,986.2587109939618,1393.8246808457202
exp_001,SA_n30_inst4_run1,base,34400,34401,1146.7,0.21427191700786352,71.05532272722922,986.2587109939618,1294.4493421773336
exp_001,SA_n30_inst4_run1,base,34600,34601,1153.37,0.2155011669965461,71.05532272722922,986.2587109939618,1375.0105808590622
exp_001,SA_n30_inst4_run1,base,34800,34801,1160.03,0.21693200001027435,71.05532272722922,986.2587109939618,1484.1827514767424
exp_001,SA_n30_inst4_run1,base,35000,35001,1166.7,0.21822895796503872,71.05532272722922,986.2587109939618,1200.1610817574337
exp_001,SA_n30_inst4_run1,base,35200,35201,1173.37,0.21945466700708494,70.34476949995693,963.8215056935014,1259.6673091559674
exp_001,SA_n30_inst4_run1,base,35400,35401,1180.03,0.22066787496441975,70.34476949995693,963.8215056935014,1265.9069794989894
exp_001,SA_n30_inst4_run1,base,35600,35601,1186.7,0.22189158300170675,70.34476949995693,963.8215056935014,1249.0361322896347
exp_001,SA_n30_inst4_run1,base,35800,35801,1193.37,0.22340499999700114,70.34476949995693,963.8215056935014,1425.9633331947416
exp_001,SA_n30_inst4_run1,base,36000,36001,1200.03,0.22469491697847843,70.34476949995693,963.8215056935014,1388.2529383221558
exp_001,SA_n30_inst4_run1,base,36200,36201,1206.7,0.2260102920117788,69.64132180495736,963.8215056935014,1361.8685450376145
exp_001,SA_n30_inst4_run1,base,36400,36401,1213.37,0.22736174997407943,69.64132180495736,963.8215056935014,1213.6140785248772
exp_001,SA_n30_inst4_run1,base,36600,36601,1220.03,0.22861837496748194,69.64132180495736,963.8215056935014,1223.582737139196
exp_001,SA_n30_inst4_run1,base,36800,36801,1226.7,0.2299487079726532,69.64132180495736,963.8215056935014,1545.2338286914526
exp_001,SA_n30_inst4_run1,base,37000,37001,1233.37,0.2311897919862531,69.64132180495736,963.8215056935014,1307.8128547593558
exp_001,SA_n30_inst4_run1,base,37200,37201,1240.03,0.23248775000683963,68.94490858690779,963.8215056935014,1133.7632639922272
exp_001,SA_n30_inst4_run1,base,37400,37401,1246.7,0.23371508298441768,68.94490858690779,963.8215056935014,1314.8311301459742
exp_001,SA_n30_inst4_run1,base,37600,37601,1253.37,0.23492700001224875,68.94490858690779,963.8215056935014,1425.6725201878573
exp_001,SA_n30_inst4_run1,base,37800,37801,1260.03,0.23613058298360556,68.94490858690779,963.8215056935014,1311.5281584522772
exp_001,SA_n30_inst4_run1,base,38000,38001,1266.7,0.23735370801296085,68.94490858690779,963.8215056935014,1267.2041265330802
exp_001,SA_n30_inst4_run1,base,38200,38201,1273.37,0.23857420799322426,68.25545950103871,963.8215056935014,1323.7423328120146
exp_001,SA_n30_inst4_run1,base,38400,38401,1280.03,0.24006762501085177,68.25545950103871,963.8215056935014,1418.1252521097508
exp_001,SA_n30_inst4_run1,base,38600,38601,1286.7,0.24133241700474173,68.25545950103871,963.8215056935014,1188.1993640463058
exp_001,SA_n30_inst4_run1,base,38800,38801,1293.37,0.24257837497862056,68.25545950103871,963.8215056935014,1372.95511022071
exp_001,SA_n30_inst4_run1,base,39000,39001,1300.03,0.24388204200658947,68.25545950103871,963.8215056935014,1305.1961883789004
exp_001,SA_n30_inst4_run1,base,39200,39201,1306.7,0.24510070797987282,67.57290490602833,963.8215056935014,1319.0452496513842
exp_001,SA_n30_inst4_run1,base,39400,39401,1313.37,0.2463262919918634,67.57290490602833,963.8215056935014,1250.2928812725686
exp_001,SA_n30_inst4_run1,base,39600,39601,1320.03,0.247576666995883,67.57290490602833,963.8215056935014,1384.216221376909
exp_001,SA_n30_inst4_run1,base,39800,39801,1326.7,0.24896112497663125,67.57290490602833,963.8215056935014,1355.5330833166815
exp_001,SA_n30_inst4_run1,base,40000,40001,1333.37,0.25020537502132356,67.57290490602833,963.8215056935014,1344.8853171122335
exp_001,SA_n30_inst4_run1,base,40200,40201,1340.03,0.2514003749820404,66.89717585696805,963.8215056935014,1236.1322248275792
exp_001,SA_n30_inst4_run1,base,40400,40401,1346.7,0.2526662499876693,66.89717585696805,963.8215056935014,1354.2115954943868
exp_001,SA_n30_inst4_run1,base,40600,40601,1353.37,0.2538717499701306,66.89717585696805,963.8215056935014,1114.96006338002
exp_001,SA_n30_inst4_run1,base,40800,40801,1360.03,0.25507354200817645,66.89717585696805,963.8215056935014,1250.1614012114223
exp_001,SA_n30_inst4_run1,base,41000,41001,1366.7,0.25634675001492724,66.89717585696805,963.8215056935014,1324.5706315521247
exp_001,SA_n30_inst4_run1,base,41200,41201,1373.37,0.2575675419648178,66.22820409839836,963.8215056935014,1233.838088730529
exp_001,SA_n30_inst4_run1,base,41400,41401,1380.03,0.25879474997054785,66.22820409839836,963.8215056935014,1284.015689319289
exp_001,SA_n30_inst4_run1,base,41600,41601,1386.7,0.2600346250110306,66.22820409839836,963.8215056935014,1396.0919523075227
exp_001,SA_n30_inst4_run1,base,41800,41801,1393.37,0.2612408329732716,66.22820409839836,963.8215056935014,1341.327013664721
exp_001,SA_n30_inst4_run1,base,42000,42001,1400.03,0.2624380830093287,66.22820409839836,963.8215056935014,1236.4611662739876
exp_001,SA_n30_inst4_run1,base,42200,42201,1406.7,0.26363620796473697,65.56592205741438,963.8215056935014,1286.8345638070418
exp_001,SA_n30_inst4_run1,base,42400,42401,1413.37,0.2651499999919906,65.56592205741438,963.8215056935014,1386.6187925814784
exp_001,SA_n30_inst4_run1,base,42600,42601,1420.03,0.26643170800525695,65.56592205741438,963.8215056935014,1348.225514306648
exp_001,SA_n30_inst4_run1,base,42800,42801,1426.7,0.2676747919758782,65.56592205741438,963.8215056935014,1608.2055122359202
exp_001,SA_n30_inst4_run1,base,43000,43001,1433.37,0.2689426249708049,65.56592205741438,963.8215056935014,1219.8960268866776
exp_001,SA_n30_inst4_run1,base,43200,43201,1440.03,0.2701512079802342,64.91026283684023,963.8215056935014,1346.5490239802164
exp_001,SA_n30_inst4_run1,base,43400,43401,1446.7,0.2713383749942295,64.91026283684023,963.8215056935014,1241.201198173492
exp_001,SA_n30_inst4_run1,base,43600,43601,1453.37,0.2725740830064751,64.91026283684023,963.8215056935014,1392.6470230293532
exp_001,SA_n30_inst4_run1,base,43800,43801,1460.03,0.27376574999652803,64.91026283684023,918.2593117580824,1261.0282634809655
exp_001,SA_n30_inst4_run1,base,44000,44001,1466.7,0.2749966249684803,64.91026283684023,918.2593117580824,1406.787913230761
exp_001,SA_n30_inst4_run1,base,44200,44201,1473.37,0.2762183750164695,64.26116020847184,918.2593117580824,1459.0959034581242
exp_001,SA_n30_inst4_run1,base,44400,44401,1480.03,0.2774107499863021,64.26116020847184,918.2593117580824,1246.7642277073296
exp_001,SA_n30_inst4_run1,base,44600,44601,1486.7,0.27860054199118167,64.26116020847184,918.2593117580824,1106.1305260613321
exp_001,SA_n30_inst4_run1,base,44800,44801,1493.37,0.2797965829959139,64.26116020847184,918.2593117580824,1193.5495635017655
exp_001,SA_n30_inst4_run1,base,45000,45001,1500.03,0.28100837499368936,64.26116020847184,918.2593117580824,1313.0274947492132
exp_001,SA_n30_inst4_run1,base,45200,45201,1506.7,0.28224654198857024,63.618548606387115,918.2593117580824,1426.5335908006723
exp_001,SA_n30_inst4_run1,base,45400,45401,1513.37,0.28344612498767674,63.618548606387115,918.2593117580824,1329.7385977509032
exp_001,SA_n30_inst4_run1,base,45600,45601,1520.03,0.28467491699848324,63.618548606387115,918.2593117580824,1266.9376874946647
exp_001,SA_n30_inst4_run1,base,45800,45801,1526.7,0.28586287499638274,63.618548606387115,918.2593117580824,991.8224005925767
exp_001,SA_n30_inst4_run1,base,46000,46001,1533.37,0.2870636250008829,63.618548606387115,918.2593117580824,1215.0685254373668
exp_001,SA_n30_inst4_run1,base,46200,46201,1540.03,0.2882745420210995,62.98236312032324,918.2593117580824,1276.8662565731665
exp_001,SA_n30_inst4_run1,base,46400,46401,1546.7,0.28947062499355525,62.98236312032324,918.2593117580824,1241.075206966275
exp_001,SA_n30_inst4_run1,base,46600,46601,1553.37,0.2906627500196919,62.98236312032324,918.2593117580824,1323.6864014154546
exp_001,SA_n30_inst4_run1,base,46800,46801,1560.03,0.29185183299705386,62.98236312032324,918.2593117580824,1284.4309552513346
exp_001,SA_n30_inst4_run1,base,47000,47001,1566.7,0.29307408299064264,62.98236312032324,918.2593117580824,1239.9773048772377
exp_001,SA_n30_inst4_run1,base,47200,47201,1573.37,0.2943674579728395,62.35253948912001,918.2593117580824,1211.4674280822796
exp_001,SA_n30_inst4_run1,base,47400,47401,1580.03,0.2955891669844277,62.35253948912001,918.2593117580824,1349.4222739517554
exp_001,SA_n30_inst4_run1,base,47600,47601,1586.7,0.29681183298816904,62.35253948912001,918.2593117580824,1220.0208329010984
exp_001,SA_n30_inst4_run1,base,47800,47801,1593.37,0.29802729201037437,62.35253948912001,918.2593117580824,1170.09213137348
exp_001,SA_n30_inst4_run1,base,48000,48001,1600.03,0.2992168329656124,62.35253948912001,918.2593117580824,1350.3707427661136
exp_001,SA_n30_inst4_run1,base,48200,48201,1606.7,0.3003982499940321,61.72901409422881,918.2593117580824,1439.5610320624207
exp_001,SA_n30_inst4_run1,base,48400,48401,1613.37,0.30158958298852667,61.72901409422881,918.2593117580824,1166.563746386463
exp_001,SA_n30_inst4_run1,base,48600,48601,1620.03,0.3027943749912083,61.72901409422881,918.2593117580824,1263.7936630485026
exp_001,SA_n30_inst4_run1,base,48800,48801,1626.7,0.30401237501064315,61.72901409422881,918.2593117580824,1340.6506181327554
exp_001,SA_n30_inst4_run1,base,49000,49001,1633.37,0.3052258749958128,61.72901409422881,918.2593117580824,1391.5228704874578
exp_001,SA_n30_inst4_run1,base,49200,49201,1640.03,0.30639570800121874,61.11172395328652,918.2593117580824,1230.4433528701493
exp_001,SA_n30_inst4_run1,base,49400,49401,1646.7,0.30757495801663026,61.11172395328652,918.2593117580824,1204.4985381873512
exp_001,SA_n30_inst4_run1,base,49600,49601,1653.37,0.3087658329750411,61.11172395328652,918.2593117580824,1433.6468926888251
exp_001,SA_n30_inst4_run1,base,49800,49801,1660.03,0.30995308299316093,61.11172395328652,918.2593117580824,1144.9078822878655
exp_001,SA_n30_inst4_run1,base,50000,50001,1666.7,0.31114066700683907,61.11172395328652,918.2593117580824,1480.840104250294
exp_001,SA_n30_inst4_run1,base,50000,50001,1666.7,0.31121216696919873,0.00099,918.2593117580824,1480.840104250294
exp_001,SA_n30_inst4_run2,base,0,1,0.03,1.4589750207960606e-06,100.0,1587.7312601578255,1587.7312601578255
exp_001,SA_n30_inst4_run2,base,200,201,6.7,0.001249458990059793,100.0,1124.309769982266,1441.5420907431246
exp_001,SA_n30_inst4_run2,base,400,401,13.37,0.0024658750044181943,100.0,1108.8226199613032,1241.9785312117874
exp_001,SA_n30_inst4_run2,base,600,601,20.03,0.0037197089986875653,100.0,1104.1668846688763,1416.9371277080381
exp_001,SA_n30_inst4_run2,base,800,801,26.7,0.005007458967156708,100.0,1104.1668846688763,1218.165653267449
exp_001,SA_n30_inst4_run2,base,1000,1001,33.37,0.006241541996132582,100.0,1087.3442702660022,1123.0321937087992
exp_001,SA_n30_inst4_run2,base,1200,1201,40.03,0.007470167009159923,99.0,1087.3442702660022,1311.867871614346
exp_001,SA_n30_inst4_run2,base,1400,1401,46.7,0.008695458993315697,99.0,1087.3442702660022,1438.9861909651363
exp_001,SA_n30_inst4_run2,base,1600,1601,53.37,0.009903583966661245,99.0,1087.3442702660022,1381.339165937262
exp_001,SA_n30_inst4_run2,base,1800,1801,60.03,0.011109084007330239,99.0,1087.3442702660022,1377.7342993712161
exp_001,SA_n30_inst4_run2,base,2000,2001,66.7,0.01231595897115767,99.0,1028.408948174786,1268.6160964156945
exp_001,SA_n30_inst4_run2,base,2200,2201,73.37,0.013521083979867399,98.01,1028.408948174786,1307.2484802020506
exp_001,SA_n30_inst4_run2,base,2400,2401,80.03,0.014728249981999397,98.01,1028.408948174786,1265.528508352934
exp_001,SA_n30_inst4_run2,base,2600,2601,86.7,0.015938583994284272,98.01,1028.408948174786,1424.4850109006954
exp_001,SA_n30_inst4_run2,base,2800,2801,93.37,0.017163584008812904,98.01,1028.408948174786,1249.6118959920043
exp_001,SA_n30_inst4_run2,base,3000,3001,100.03,0.018354250001721084,98.01,1028.408948174786,1231.5375446008293
exp_001,SA_n30_inst4_run2,base,3200,3201,106.7,0.019559042004402727,97.0299,1028.408948174786,1534.2803278594197
exp_001,SA_n30_inst4_run2,base,3400,3401,113.37,0.020764458982739598,97.0299,1028.408948174786,1314.8660292386292
exp_001,SA_n30_inst4_run2,base,3600,3601,120.03,0.02197295898804441,97.0299,1028.408948174786,1507.5666426680364
exp_001,SA_n30_inst4_run2,base,3800,3801,126.7,0.02319237496703863,97.0299,1028.408948174786,1096.8244366312501
exp_001,SA_n30_inst4_run2,base,4000,4001,133.37,0.02440816699527204,97.0299,1028.408948174786,1334.945356631092
exp_001,SA_n30_inst4_run2,base,4200,4201,140.03,0.025601208966691047,96.059601,1028.408948174786,1309.3506102282863
exp_001,SA_n30_inst4_run2,base,4400,4401,146.7,0.026818749960511923,96.059601,1028.408948174786,1300.1775705110404
exp_001,SA_n30_inst4_run2,base,4600,4601,153.37,0.028020291996654123,96.059601,1028.408948174786,1133.7185391866442
exp_001,SA_n30_inst4_run2,base,4800,4801,160.03,0.029228166968096048,96.059601,1028.408948174786,1450.8329334440177
exp_001,SA_n30_inst4_run2,base,5000,5001,166.7,0.030416416993830353,96.059601,1028.408948174786,1279.0034266700825
exp_001,SA_n30_inst4_run2,base,5200,5201,173.37,0.03160562500124797,95.09900499,1028.408948174786,1389.3696320674135
exp_001,SA_n30_inst4_run2,base,5400,5401,180.03,0.03281333396444097,95.09900499,1028.408948174786,1373.2272831595585
exp_001,SA_n30_inst4_run2,base,5600,5601,186.7,0.034012084011919796,95.09900499,1028.408948174786,1351.5552204457035
exp_001,SA_n30_inst4_run2,base,5800,5801,193.37,0.035219250014051795,95.09900499,1028.408948174786,1273.397126524813
exp_001,SA_n30_inst4_run2,base,6000,6001,200.03,0.0364576670108363,95.09900499,1028.408948174786,1198.5346048678416
exp_001,SA_n30_inst4_run2,base,6200,6201,206.7,0.037669792014639825,94.1480149401,1028.408948174786,1347.5741304471928
exp_001,SA_n30_inst4_run2,base,6400,6401,213.37,0.03887316701002419,94.1480149401,1028.408948174786,1404.2481521474695
exp_001,SA_n30_inst4_run2,base,6600,6601,220.03,0.0400662089814432,94.1480149401,1028.408948174786,1092.46763283973
exp_001,SA_n30_inst4_run2,base,6800,6801,226.7,0.04128587496234104,94.1480149401,1028.408948174786,1177.4720753104439
exp_001,SA_n30_inst4_run2,base,7000,7001,233.37,0.04248220898443833,94.1480149401,1028.408948174786,1278.8565595883285
exp_001,SA_n30_inst4_run2,base,7200,7201,240.03,0.043681624985765666,93.206534790699,1028.408948174786,1247.632091966209
exp_001,SA_n30_inst4_run2,base,7400,7401,246.7,0.044877209002152085,93.206534790699,1028.408948174786,1328.4944788057162
exp_001,SA_n30_inst4_run2,base,7600,7601,253.37,0.04607662500347942,93.206534790699,1028.408948174786,1385.8297098658866
exp_001,SA_n30_inst4_run2,base,7800,7801,260.03,0.0472687499714084,93.206534790699,1028.408948174786,1383.6920881043125
exp_001,SA_n30_inst4_run2,base,8000,8001,266.7,0.04846454196376726,93.206534790699,1028.408948174786,1413.8964975613885
exp_001,SA_n30_inst4_run2,base,8200,8201,273.37,0.049659917014651,92.27446944279201,1028.408948174786,1322.505128400262
exp_001,SA_n30_inst4_run2,base,8400,8401,280.03,0.05087999999523163,92.27446944279201,1028.408948174786,1542.0049653905285
exp_001,SA_n30_inst4_run2,base,8600,8601,286.7,0.05207483400590718,92.27446944279201,1028.408948174786,1389.9401949205474
exp_001,SA_n30_inst4_run2,base,8800,8801,293.37,0.05330116697587073,92.27446944279201,1028.408948174786,1514.7161547387955
exp_001,SA_n30_inst4_run2,base,9000,9001,300.03,0.054526374966371804,92.27446944279201,1028.408948174786,1542.0665753141589
exp_001,SA_n30_inst4_run2,base,9200,9201,306.7,0.05572608398506418,91.35172474836409,1028.408948174786,1359.90078044975
exp_001,SA_n30_inst4_run2,base,9400,9401,313.37,0.056930124992504716,91.35172474836409,1028.408948174786,1236.5733595893955
exp_001,SA_n30_inst4_run2,base,9600,9601,320.03,0.0581407499848865,91.35172474836409,1028.408948174786,1158.564102662059
exp_001,SA_n30_inst4_run2,base,9800,9801,326.7,0.05935141700319946,91.35172474836409,1028.408948174786,1319.1720106338296
exp_001,SA_n30_inst4_run2,base,10000,10001,333.37,0.060555499978363514,91.35172474836409,1028.408948174786,1404.9411154597933
exp_001,SA_n30_inst4_run2,base,10200,10201,340.03,0.06174212496262044,90.43820750088045,1028.408948174786,1143.2612651760496
exp_001,SA_n30_inst4_run2,base,10400,10401,346.7,0.06294612499186769,90.43820750088045,1028.408948174786,1425.0436598957845
exp_001,SA_n30_inst4_run2,base,10600,10601,353.37,0.0641347499913536,90.43820750088045,1028.408948174786,1211.1569147718756
exp_001,SA_n30_inst4_run2,base,10800,10801,360.03,0.06532983400393277,90.43820750088045,1028.408948174786,1349.142705736539
exp_001,SA_n30_inst4_run2,base,11000,11001,366.7,0.06654508400242776,90.43820750088045,1028.408948174786,1304.5096614551767
exp_001,SA_n30_inst4_run2,base,11200,11201,373.37,0.06776775000616908,89.53382542587164,1028.408948174786,1548.9658774825866
exp_001,SA_n30_inst4_run2,base,11400,11401,380.03,0.06897095899330452,89.53382542587164,1028.408948174786,1390.8866457286088
exp_001,SA_n30_inst4_run2,base,11600,11601,386.7,0.07017316698329523,89.53382542587164,1028.408948174786,1195.2314733242617
exp_001,SA_n30_inst4_run2,base,11800,11801,393.37,0.07136637496296316,89.53382542587164,1028.408948174786,1368.485525491509
exp_001,SA_n30_inst4_run2,base,12000,12001,400.03,0.0725641250028275,89.53382542587164,1028.408948174786,1256.640329205789
exp_001,SA_n30_inst4_run2,base,12200,12201,406.7,0.07377108396030962,88.63848717161292,1028.408948174786,1186.958138090816
exp_001,SA_n30_inst4_run2,base,12400,12401,413.37,0.07498312497045845,88.63848717161292,1028.408948174786,1475.1528273792565
exp_001,SA_n30_inst4_run2,base,12600,12601,420.03,0.07619166700169444,88.63848717161292,1028.408948174786,1338.9475171658312
exp_001,SA_n30_inst4_run2,base,12800,12801,426.7,0.07740291696973145,88.63848717161292,1028.408948174786,1404.3364770283174
exp_001,SA_n30_inst4_run2,base,13000,13001,433.37,0.07859683397691697,88.63848717161292,1028.408948174786,1411.7323044724092
exp_001,SA_n30_inst4_run2,base,13200,13201,440.03,0.0797913339920342,87.75210229989679,1028.408948174786,1485.441067829995
exp_001,SA_n30_inst4_run2,base,13400,13401,446.7,0.08098937501199543,87.75210229989679,1028.408948174786,1167.6257828338462
exp_001,SA_n30_inst4_run2,base,13600,13601,453.37,0.08220104197971523,87.75210229989679,1028.408948174786,1230.0152927866093
exp_001,SA_n30_inst4_run2,base,13800,13801,460.03,0.08348483400186524,87.75210229989679,1028.408948174786,1033.0749863533822
exp_001,SA_n30_inst4_run2,base,14000,14001,466.7,0.08475529198767617,87.75210229989679,1006.7405649575535,1269.367052192526
exp_001,SA_n30_inst4_run2,base,14200,14201,473.37,0.08599245897494256,86.87458127689783,1006.7405649575535,1411.4861210424606
exp_001,SA_n30_inst4_run2,base,14400,14401,480.03,0.08719499997096136,86.87458127689783,1006.7405649575535,1270.015465843477
exp_001,SA_n30_inst4_run2,base,14600,14601,486.7,0.08838537498377264,86.87458127689783,1006.7405649575535,1192.4969912508645
exp_001,SA_n30_inst4_run2,base,14800,14801,493.37,0.08958949998486787,86.87458127689783,1006.7405649575535,1314.7155473659484
exp_001,SA_n30_inst4_run2,base,15000,15001,500.03,0.09079266700427979,86.87458127689783,1006.7405649575535,1407.4511662359946
exp_001,SA_n30_inst4_run2,base,15200,15201,506.7,0.09199808398261666,86.00583546412885,1006.7405649575535,1368.331693910038
exp_001,SA_n30_inst4_run2,base,15400,15401,513.37,0.093197499983944,86.00583546412885,1006.7405649575535,1325.5820385064303
exp_001,SA_n30_inst4_run2,base,15600,15601,520.03,0.09440358396386728,86.00583546412885,1006.7405649575535,1398.3732593092038
exp_001,SA_n30_inst4_run2,base,15800,15801,526.7,0.09559929196257144,86.00583546412885,1006.7405649575535,1166.3492549991515
exp_001,SA_n30_inst4_run2,base,16000,16001,533.37,0.09679220896214247,86.00583546412885,1006.7405649575535,1177.44042473606
exp_001,SA_n30_inst4_run2,base,16200,16201,540.03,0.09798529196996242,85.14577710948755,1006.7405649575535,1433.5573787128546
exp_001,SA_n30_inst4_run2,base,16400,16401,546.7,0.09916674997657537,85.14577710948755,1006.7405649575535,1146.9511295917623
exp_001,SA_n30_inst4_run2,base,16600,16601,553.37,0.10038512496976182,85.14577710948755,1006.7405649575535,1344.5959580379715
exp_001,SA_n30_inst4_run2,base,16800,16801,560.03,0.1015999999945052,85.14577710948755,1006.7405649575535,1246.7697734630271
exp_001,SA_n30_inst4_run2,base,17000,17001,566.7,0.10281195899005979,85.14577710948755,1006.7405649575535,1264.2479160356752
exp_001,SA_n30_inst4_run2,base,17200,17201,573.37,0.10400541697163135,84.29431933839268,1006.7405649575535,1199.1815773614353
exp_001,SA_n30_inst4_run2,base,17400,17401,580.03,0.10519612499047071,84.29431933839268,1006.7405649575535,1484.7197892986426
exp_001,SA_n30_inst4_run2,base,17600,17601,586.7,0.10639941698173061,84.29431933839268,1006.7405649575535,1542.5324506907352
exp_001,SA_n30_inst4_run2,base,17800,17801,593.37,0.10759958397829905,84.29431933839268,1006.7405649575535,1287.940791057743
exp_001,SA_n30_inst4_run2,base,18000,18001,600.03,0.10880508396076038,84.29431933839268,1006.7405649575535,1519.7994522354538
exp_001,SA_n30_inst4_run2,base,18200,18201,606.7,0.11000845901435241,83.45137614500875,1006.7405649575535,1335.3167041232673
exp_001,SA_n30_inst4_run2,base,18400,18401,613.37,0.11122016696026549,83.45137614500875,1006.7405649575535,1295.7377736651242
exp_001,SA_n30_inst4_run2,base,18600,18601,620.03,0.11242441699141636,83.45137614500875,1006.7405649575535,1271.7427026699052
exp_001,SA_n30_inst4_run2,base,18800,18801,626.7,0.11361429200042039,83.45137614500875,1006.7405649575535,1347.1478903702562
exp_001,SA_n30_inst4_run2,base,19000,19001,633.37,0.1148092919611372,83.45137614500875,1006.7405649575535,1151.4421440201497
exp_001,SA_n30_inst4_run2,base,19200,19201,640.03,0.11601020896341652,82.61686238355867,1006.7405649575535,1282.3810285160453
exp_001,SA_n30_inst4_run2,base,19400,19401,646.7,0.11722162499791011,82.61686238355867,909.7584202139225,1295.4805155214863
exp_001,SA_n30_inst4_run2,base,19600,19601,653.37,0.11844129196833819,82.61686238355867,909.7584202139225,1286.8547724083173
exp_001,SA_n30_inst4_run2,base,19800,19801,660.03,0.11964429198997095,82.61686238355867,909.7584202139225,1257.1148983303144
exp_001,SA_n30_inst4_run2,base,20000,20001,666.7,0.12083945900667459,82.61686238355867,909.7584202139225,1427.550896824185
exp_001,SA_n30_inst4_run2,base,20200,20201,673.37,0.12202891701599583,81.79069375972308,909.7584202139225,1245.9692458847373
exp_001,SA_n30_inst4_run2,base,20400,20401,680.03,0.12324074999196455,81.79069375972308,909.7584202139225,1320.6435651313939
exp_001,SA_n30_inst4_run2,base,20600,20601,686.7,0.12444979196880013,81.79069375972308,909.7584202139225,1417.8939044528204
exp_001,SA_n30_inst4_run2,base,20800,20801,693.37,0.12565295898821205,81.79069375972308,909.7584202139225,1563.1710411385798
exp_001,SA_n30_inst4_run2,base,21000,21001,700.03,0.12686349998693913,81.79069375972308,909.7584202139225,1375.6474984313554
exp_001,SA_n30_inst4_run2,base,21200,21201,706.7,0.1280608749948442,80.97278682212585,909.7584202139225,1264.11282087022
exp_001,SA_n30_inst4_run2,base,21400,21401,713.37,0.12925120897125453,80.97278682212585,909.7584202139225,1202.5132389414612
exp_001,SA_n30_inst4_run2,base,21600,21601,720.03,0.1304414999904111,80.97278682212585,909.7584202139225,1316.1866317918034
exp_001,SA_n30_inst4_run2,base,21800,21801,726.7,0.13163145899306983,80.97278682212585,909.7584202139225,1187.2467154612107
exp_001,SA_n30_inst4_run2,base,22000,22001,733.37,0.13281833397923037,80.97278682212585,909.7584202139225,1189.6567849657597
exp_001,SA_n30_inst4_run2,base,22200,22201,740.03,0.1340390419936739,80.1630589539046,909.7584202139225,1381.2653746635094
exp_001,SA_n30_inst4_run2,base,22400,22401,746.7,0.13526970898965374,80.1630589539046,909.7584202139225,1454.610727438097
exp_001,SA_n30_inst4_run2,base,22600,22601,753.37,0.1364902500063181,80.1630589539046,909.7584202139225,1318.093564471398
exp_001,SA_n30_inst4_run2,base,22800,22801,760.03,0.13769654196221381,80.1630589539046,909.7584202139225,1620.3702088688622
exp_001,SA_n30_inst4_run2,base,23000,23001,766.7,0.13889833400025964,80.1630589539046,909.7584202139225,1235.0480306696934
exp_001,SA_n30_inst4_run2,base,23200,23201,773.37,0.1401014169678092,79.36142836436555,909.7584202139225,1361.9979670817513
exp_001,SA_n30_inst4_run2,base,23400,23401,780.03,0.1413211670005694,79.36142836436555,909.7584202139225,1412.8693816939217
exp_001,SA_n30_inst4_run2,base,23600,23601,786.7,0.14252004196168855,79.36142836436555,909.7584202139225,1289.2799959147515
exp_001,SA_n30_inst4_run2,base,23800,23801,793.37,0.14372804196318612,79.36142836436555,909.7584202139225,1428.4896166014903
exp_001,SA_n30_inst4_run2,base,24000,24001,800.03,0.14491745899431407,79.36142836436555,909.7584202139225,1456.0194704644366
exp_001,SA_n30_inst4_run2,base,24200,24201,806.7,0.14610595896374434,78.56781408072189,909.7584202139225,1255.420143906878
exp_001,SA_n30_inst4_run2,base,24400,24401,813.37,0.14729191700462252,78.56781408072189,909.7584202139225,1219.3455017558035
exp_001,SA_n30_inst4_run2,base,24600,24601,820.03,0.14848820900078863,78.56781408072189,909.7584202139225,1337.7023672615103
exp_001,SA_n30_inst4_run2,base,24800,24801,826.7,0.14969437499530613,78.56781408072189,909.7584202139225,1315.148278803956
exp_001,SA_n30_inst4_run2,base,25000,25001,833.37,0.1509031669702381,78.56781408072189,909.7584202139225,1376.3507316503544
exp_001,SA_n30_inst4_run2,base,25200,25201,840.03,0.15212045900989324,77.78213593991467,909.7584202139225,1159.5431639061574
exp_001,SA_n30_inst4_run2,base,25400,25401,846.7,0.15334420901490375,77.78213593991467,909.7584202139225,1425.879378712583
exp_001,SA_n30_inst4_run2,base,25600,25601,853.37,0.1545602499973029,77.78213593991467,909.7584202139225,1213.6352378834933
exp_001,SA_n30_inst4_run2,base,25800,25801,860.03,0.15575824998086318,77.78213593991467,909.7584202139225,1424.6650058585951
exp_001,SA_n30_inst4_run2,base,26000,26001,866.7,0.15697454201290384,77.78213593991467,909.7584202139225,1287.897097686223
exp_001,SA_n30_inst4_run2,base,26200,26201,873.37,0.15818387496983632,77.00431458051553,909.7584202139225,1427.6812239653448
exp_001,SA_n30_inst4_run2,base,26400,26401,880.03,0.15938304195879027,77.00431458051553,909.7584202139225,1399.1920375825682
exp_001,SA_n30_inst4_run2,base,26600,26601,886.7,0.16057133401045576,77.00431458051553,909.7584202139225,1424.5056178712123
exp_001,SA_n30_inst4_run2,base,26800,26801,893.37,0.16176695900503546,77.00431458051553,909.7584202139225,1521.553914112858
exp_001,SA_n30_inst4_run2,base,27000,27001,900.03,0.162969124969095,77.00431458051553,909.7584202139225,1332.8138704017344
exp_001,SA_n30_inst4_run2,base,27200,27201,906.7,0.16416516696335748,76.23427143471037,909.7584202139225,1170.9405247999189
exp_001,SA_n30_inst4_run2,base,27400,27401,913.37,0.16537775000324473,76.23427143471037,909.7584202139225,1337.2048759360325
exp_001,SA_n30_inst4_run2,base,27600,27601,920.03,0.16659166698809713,76.23427143471037,909.7584202139225,1390.9733964340978
exp_001,SA_n30_inst4_run2,base,27800,27801,926.7,0.16785249998793006,76.23427143471037,909.7584202139225,1420.4018221949154
exp_001,SA_n30_inst4_run2,base,28000,28001,933.37,0.1690755839808844,76.23427143471037,909.7584202139225,1289.7168702170036
exp_001,SA_n30_inst4_run2,base,28200,28201,940.03,0.1703146249637939,75.47192872036327,909.7584202139225,1328.4654214425802
exp_001,SA_n30_inst4_run2,base,28400,28401,946.7,0.17154812498483807,75.47192872036327,909.7584202139225,1183.3748868111113
exp_001,SA_n30_inst4_run2,base,28600,28601,953.37,0.17277316696709022,75.47192872036327,909.7584202139225,1516.8939206359491
exp_001,SA_n30_inst4_run2,base,28800,28801,960.03,0.17398149997461587,75.47192872036327,909.7584202139225,1346.5361999525496
exp_001,SA_n30_inst4_run2,base,29000,29001,966.7,0.175219124997966,75.47192872036327,909.7584202139225,1510.2207593914761
exp_001,SA_n30_inst4_run2,base,29200,29201,973.37,0.17645295901456848,74.71720943315964,909.7584202139225,1344.7965253880918
exp_001,SA_n30_inst4_run2,base,29400,29401,980.03,0.1777095000143163,74.71720943315964,909.7584202139225,1173.3279694173325
exp_001,SA_n30_inst4_run2,base,29600,29601,986.7,0.17897508398164064,74.71720943315964,909.7584202139225,1216.4783890351282
exp_001,SA_n30_inst4_run2,base,29800,29801,993.37,0.18019179196562618,74.71720943315964,909.7584202139225,1418.477096775019
exp_001,SA_n30_inst4_run2,base,30000,30001,1000.03,0.18142262496985495,74.71720943315964,909.7584202139225,1231.832863951594
exp_001,SA_n30_inst4_run2,base,30200,30201,1006.7,0.18264383397763595,73.97003733882804,909.7584202139225,1311.7431563684258
exp_001,SA_n30_inst4_run2,base,30400,30401,1013.37,0.18385754199698567,73.97003733882804,909.7584202139225,1280.97768918348
exp_001,SA_n30_inst4_run2,base,30600,30601,1020.03,0.18507804197724909,73.97003733882804,909.7584202139225,1391.0113572863288
exp_001,SA_n30_inst4_run2,base,30800,30801,1026.7,0.18629599997075275,73.97003733882804,909.7584202139225,1261.2041539588633
exp_001,SA_n30_inst4_run2,base,31000,31001,1033.37,0.1875245840055868,73.97003733882804,909.7584202139225,1354.3786315177135
exp_001,SA_n30_inst4_run2,base,31200,31201,1040.03,0.18872129201190546,73.23033696543976,909.7584202139225,1390.5827028996373
exp_001,SA_n30_inst4_run2,base,31400,31401,1046.7,0.18991845898563042,73.23033696543976,909.7584202139225,1193.9779540735249
exp_001,SA_n30_inst4_run2,base,31600,31601,1053.37,0.1911028340109624,73.23033696543976,909.7584202139225,1183.1466388398435
exp_001,SA_n30_inst4_run2,base,31800,31801,1060.03,0.1923054169747047,73.23033696543976,909.7584202139225,1339.8296262270076
exp_001,SA_n30_inst4_run2,base,32000,32001,1066.7,0.1934887919924222,73.23033696543976,909.7584202139225,1130.9091755858474
exp_001,SA_n30_inst4_run2,base,32200,32201,1073.37,0.19468483398668468,72.49803359578536,909.7584202139225,1301.5515217873685
exp_001,SA_n30_inst4_run2,base,32400,32401,1080.03,0.19586854201043025,72.49803359578536,909.7584202139225,1390.1982581668601
exp_001,SA_n30_inst4_run2,base,32600,32601,1086.7,0.19706320896511897,72.49803359578536,909.7584202139225,1252.1311440826091
exp_001,SA_n30_inst4_run2,base,32800,32801,1093.37,0.19826058397302404,72.49803359578536,909.7584202139225,1351.8338843798106
exp_001,SA_n30_inst4_run2,base,33000,33001,1100.03,0.19944662495981902,72.49803359578536,909.7584202139225,1168.6113660048384
exp_001,SA_n30_inst4_run2,base,33200,33201,1106.7,0.20063454197952524,71.7730532598275,909.7584202139225,1433.205807006067
exp_001,SA_n30_inst4_run2,base,33400,33401,1113.37,0.2018409589654766,71.7730532598275,909.1346642838149,1322.0771068771173
exp_001,SA_n30_inst4_run2,base,33600,33601,1120.03,0.20304733398370445,71.7730532598275,909.1346642838149,1504.2481875550238
exp_001,SA_n30_inst4_run2,base,33800,33801,1126.7,0.20423133397707716,71.7730532598275,909.1346642838149,1367.1659344084544
exp_001,SA_n30_inst4_run2,base,34000,34001,1133.37,0.2054194170050323,71.7730532598275,909.1346642838149,1241.1555890470631
exp_001,SA_n30_inst4_run2,base,34200,34201,1140.03,0.20661783398827538,71.05532272722922,909.1346642838149,1310.4566968907138
exp_001,SA_n30_inst4_run2,base,34400,34401,1146.7,0.20780720899347216,71.05532272722922,909.1346642838149,1304.5719149237093
exp_001,SA_n30_inst4_run2,base,34600,34601,1153.37,0.2090016669826582,71.05532272722922,909.1346642838149,1427.4488963538727
exp_001,SA_n30_inst4_run2,base,34800,34801,1160.03,0.21018912497675046,71.05532272722922,909.1346642838149,1319.130367740437
exp_001,SA_n30_inst4_run2,base,35000,35001,1166.7,0.2113772919983603,71.05532272722922,909.1346642838149,1166.729651050454
exp_001,SA_n30_inst4_run2,base,35200,35201,1173.37,0.212551791977603,70.34476949995693,909.1346642838149,1480.055906969907
exp_001,SA_n30_inst4_run2,base,35400,35401,1180.03,0.21373570896685123,70.34476949995693,909.1346642838149,1455.134441525401
exp_001,SA_n30_inst4_run2,base,35600,35601,1186.7,0.21492979198228568,70.34476949995693,909.1346642838149,1157.2105487122974
exp_001,SA_n30_inst4_run2,base,35800,35801,1193.37,0.2161356249707751,70.34476949995693,909.1346642838149,1294.8965800914812
exp_001,SA_n30_inst4_run2,base,36000,36001,1200.03,0.21736099995905533,70.34476949995693,909.1346642838149,1427.8595529216445
exp_001,SA_n30_inst4_run2,base,36200,36201,1206.7,0.21854962495854124,69.64132180495736,909.1346642838149,1302.5750210384322
exp_001,SA_n30_inst4_run2,base,36400,36401,1213.37,0.2197328339680098,69.64132180495736,909.1346642838149,1372.7022391807789
exp_001,SA_n30_inst4_run2,base,36600,36601,1220.03,0.22091879200888798,69.64132180495736,909.1346642838149,1335.8532569699346
exp_001,SA_n30_inst4_run2,base,36800,36801,1226.7,0.22211512498324737,69.64132180495736,909.1346642838149,1382.5265049209877
exp_001,SA_n30_inst4_run2,base,37000,37001,1233.37,0.22332833398832008,69.64132180495736,909.1346642838149,1259.6762067708428
exp_001,SA_n30_inst4_run2,base,37200,37201,1240.03,0.22457600000780076,68.94490858690779,909.1346642838149,1333.669315201907
exp_001,SA_n30_inst4_run2,base,37400,37401,1246.7,0.22579087497433648,68.94490858690779,909.1346642838149,1397.3982026321519
exp_001,SA_n30_inst4_run2,base,37600,37601,1253.37,0.22697899997001514,68.94490858690779,909.1346642838149,1442.846530880848
exp_001,SA_n30_inst4_run2,base,37800,37801,1260.03,0.22846179199405015,68.94490858690779,909.1346642838149,1394.537883421998
exp_001,SA_n30_inst4_run2,base,38000,38001,1266.7,0.22981250000884756,68.94490858690779,909.1346642838149,1444.3551300407596
exp_001,SA_n30_inst4_run2,base,38200,38201,1273.37,0.23107012500986457,68.25545950103871,909.1346642838149,1332.5303280802277
exp_001,SA_n30_inst4_run2,base,38400,38401,1280.03,0.232276999973692,68.25545950103871,909.1346642838149,1404.9947989489456
exp_001,SA_n30_inst4_run2,base,38600,38601,1286.7,0.23348845896543935,68.25545950103871,909.1346642838149,1419.6505547045183
exp_001,SA_n30_inst4_run2,base,38800,38801,1293.37,0.2346915839589201,68.25545950103871,909.1346642838149,1187.0055904629496
exp_001,SA_n30_inst4_run2,base,39000,39001,1300.03,0.2358924169675447,68.25545950103871,909.1346642838149,1288.7586764758696
exp_001,SA_n30_inst4_run2,base,39200,39201,1306.7,0.23707579198526219,67.57290490602833,909.1346642838149,1275.2435722244456
exp_001,SA_n30_inst4_run2,base,39400,39401,1313.37,0.2382654589600861,67.57290490602833,909.1346642838149,1298.438044563111
exp_001,SA_n30_inst4_run2,base,39600,39601,1320.03,0.23945162497693673,67.57290490602833,909.1346642838149,1293.2271604185696
exp_001,SA_n30_inst4_run2,base,39800,39801,1326.7,0.24070208397461101,67.57290490602833,909.1346642838149,1203.7910312769957
exp_001,SA_n30_inst4_run2,base,40000,40001,1333.37,0.24191300000529736,67.57290490602833,909.1346642838149,1357.898106799994
exp_001,SA_n30_inst4_run2,base,40200,40201,1340.03,0.2431211249786429,66.89717585696805,909.1346642838149,1328.2270246312683
exp_001,SA_n30_inst4_run2,base,40400,40401,1346.7,0.24431687500327826,66.89717585696805,909.1346642838149,1411.5127117548611
exp_001,SA_n30_inst4_run2,base,40600,40601,1353.37,0.24552754196338356,66.89717585696805,909.1346642838149,1277.6608538947085
exp_001,SA_n30_inst4_run2,base,40800,40801,1360.03,0.24671679199673235,66.89717585696805,909.1346642838149,1120.2282047819485
exp_001,SA_n30_inst4_run2,base,41000,41001,1366.7,0.24790358397876844,66.89717585696805,909.1346642838149,1246.6067986604758
exp_001,SA_n30_inst4_run2,base,41200,41201,1373.37,0.24917345901485533,66.22820409839836,909.1346642838149,1260.5875559363158
exp_001,SA_n30_inst4_run2,base,41400,41401,1380.03,0.2504935839679092,66.22820409839836,909.1346642838149,1284.263222748661
exp_001,SA_n30_inst4_run2,base,41600,41601,1386.7,0.25175587501144037,66.22820409839836,909.1346642838149,1290.329365593101
exp_001,SA_n30_inst4_run2,base,41800,41801,1393.37,0.25296291697304696,66.22820409839836,909.1346642838149,1296.7115572996624
exp_001,SA_n30_inst4_run2,base,42000,42001,1400.03,0.2541662500007078,66.22820409839836,909.1346642838149,1350.3453141659552
exp_001,SA_n30_inst4_run2,base,42200,42201,1406.7,0.2555378339602612,65.56592205741438,909.1346642838149,1216.3386618313466
exp_001,SA_n30_inst4_run2,base,42400,42401,1413.37,0.25684033398283646,65.56592205741438,909.1346642838149,1351.9740608766947
exp_001,SA_n30_inst4_run2,base,42600,42601,1420.03,0.2580680839600973,65.56592205741438,909.1346642838149,1483.1498596520096
exp_001,SA_n30_inst4_run2,base,42800,42801,1426.7,0.2592645419645123,65.56592205741438,909.1346642838149,1270.4401502488952
exp_001,SA_n30_inst4_run2,base,43000,43001,1433.37,0.26050870900508016,65.56592205741438,909.1346642838149,1211.243671986484
exp_001,SA_n30_inst4_run2,base,43200,43201,1440.03,0.26184495899360627,64.91026283684023,909.1346642838149,1328.6319372678627
exp_001,SA_n30_inst4_run2,base,43400,43401,1446.7,0.2630752919940278,64.91026283684023,909.1346642838149,1235.0216707823272
exp_001,SA_n30_inst4_run2,base,43600,43601,1453.37,0.26432445901446044,64.91026283684023,909.1346642838149,1203.300580924415
exp_001,SA_n30_inst4_run2,base,43800,43801,1460.03,0.2656342500122264,64.91026283684023,909.1346642838149,1161.5021250526236
exp_001,SA_n30_inst4_run2,base,44000,44001,1466.7,0.2668727500131354,64.91026283684023,909.1346642838149,1216.246770217453
exp_001,SA_n30_inst4_run2,base,44200,44201,1473.37,0.26807983400067315,64.26116020847184,909.1346642838149,1268.9560104212792
exp_001,SA_n30_inst4_run2,base,44400,44401,1480.03,0.2692738340119831,64.26116020847184,909.1346642838149,1180.6803610943957
exp_001,SA_n30_inst4_run2,base,44600,44601,1486.7,0.2704648340004496,64.26116020847184,909.1346642838149,1393.1569874615313
exp_001,SA_n30_inst4_run2,base,44800,44801,1493.37,0.2716677919961512,64.26116020847184,909.1346642838149,1245.6333995865682
exp_001,SA_n30_inst4_run2,base,45000,45001,1500.03,0.2729178339941427,64.26116020847184,909.1346642838149,1176.3304422335482
exp_001,SA_n30_inst4_run2,base,45200,45201,1506.7,0.27412920899223536,63.618548606387115,909.1346642838149,1331.5228341792626
exp_001,SA_n30_inst4_run2,base,45400,45401,1513.37,0.2753240839811042,63.618548606387115,909.1346642838149,1374.1773212063642
exp_001,SA_n30_inst4_run2,base,45600,45601,1520.03,0.276514875004068,63.618548606387115,909.1346642838149,1249.7130330718212
exp_001,SA_n30_inst4_run2,base,45800,45801,1526.7,0.27779395901598036,63.618548606387115,909.1346642838149,1199.5298484665414
exp_001,SA_n30_inst4_run2,base,46000,46001,1533.37,0.27910637500463054,63.618548606387115,909.1346642838149,1268.2982622405448
exp_001,SA_n30_inst4_run2,base,46200,46201,1540.03,0.2803310420131311,62.98236312032324,909.1346642838149,1398.659044720201
exp_001,SA_n30_inst4_run2,base,46400,46401,1546.7,0.28156829200452194,62.98236312032324,909.1346642838149,1223.7981042782928
exp_001,SA_n30_inst4_run2,base,46600,46601,1553.37,0.2828485000063665,62.98236312032324,909.1346642838149,1233.0477759673072
exp_001,SA_n30_inst4_run2,base,46800,46801,1560.03,0.28408395900623873,62.98236312032324,909.1346642838149,1365.0892812442796
exp_001,SA_n30_inst4_run2,base,47000,47001,1566.7,0.2852929590153508,62.98236312032324,909.1346642838149,1228.02653023628
exp_001,SA_n30_inst4_run2,base,47200,47201,1573.37,0.28650754201225936,62.35253948912001,909.1346642838149,1304.4230283763302
exp_001,SA_n30_inst4_run2,base,47400,47401,1580.03,0.28775508399121463,62.35253948912001,909.1346642838149,1410.6881114747055
exp_001,SA_n30_inst4_run2,base,47600,47601,1586.7,0.2890645840088837,62.35253948912001,909.1346642838149,1491.2122621377432
exp_001,SA_n30_inst4_run2,base,47800,47801,1593.37,0.2903272089897655,62.35253948912001,909.1346642838149,1393.8452198178222
exp_001,SA_n30_inst4_run2,base,48000,48001,1600.03,0.29153283400228247,62.35253948912001,909.1346642838149,1231.1541502795776
exp_001,SA_n30_inst4_run2,base,48200,48201,1606.7,0.29272849997505546,61.72901409422881,909.1346642838149,1373.1285271868026
exp_001,SA_n30_inst4_run2,base,48400,48401,1613.37,0.2939291250077076,61.72901409422881,909.1346642838149,1216.463669270621
exp_001,SA_n30_inst4_run2,base,48600,48601,1620.03,0.2951195419882424,61.72901409422881,909.1346642838149,1321.9199509802445
exp_001,SA_n30_inst4_run2,base,48800,48801,1626.7,0.29630341700976714,61.72901409422881,909.1346642838149,1191.8846220892285
exp_001,SA_n30_inst4_run2,base,49000,49001,1633.37,0.2975152090075426,61.72901409422881,909.1346642838149,1255.7308584151767
exp_001,SA_n30_inst4_run2,base,49200,49201,1640.03,0.2987672089948319,61.11172395328652,909.1346642838149,1438.28533434784
exp_001,SA_n30_inst4_run2,base,49400,49401,1646.7,0.30004249996272847,61.11172395328652,909.1346642838149,1476.9305940174484
exp_001,SA_n30_inst4_run2,base,49600,49601,1653.37,0.30127433396410197,61.11172395328652,909.1346642838149,1411.9828250606795
exp_001,SA_n30_inst4_run2,base,49800,49801,1660.03,0.30248745897552,61.11172395328652,909.1346642838149,1269.553025094358
exp_001,SA_n30_inst4_run2,base,50000,50001,1666.7,0.30369816697202623,61.11172395328652,909.1346642838149,1429.7086936321239
exp_001,SA_n30_inst4_run2,base,50000,50001,1666.7,0.3037891669664532,0.00099,909.1346642838149,1429.7086936321239
