experiment_id,run_id,param_tag,iter,evals_cost,normalized_evals,time_sec,temp,best_cost,current_cost
exp_001,SA_n30_inst0_run0,base,0,1,0.03,2.9170187190175056e-06,100.0,1576.8098155143348,1576.8098155143348
exp_001,SA_n30_inst0_run0,base,200,201,6.7,0.0018316669738851488,100.0,1187.092537852325,1515.7011736676163
exp_001,SA_n30_inst0_run0,base,400,401,13.37,0.0030990830273367465,100.0,1007.4054643991566,1596.8916723035272
exp_001,SA_n30_inst0_run0,base,600,601,20.03,0.004332082986366004,99.0,1007.4054643991566,1392.9876151969936
exp_001,SA_n30_inst0_run0,base,800,801,26.7,0.005554208008106798,99.0,1007.4054643991566,1458.583270857634
exp_001,SA_n30_inst0_run0,base,1000,1001,33.37,0.006764666992239654,99.0,1007.4054643991566,1607.8761022461624
exp_001,SA_n30_inst0_run0,base,1200,1201,40.03,0.007983374991454184,98.01,1007.4054643991566,1425.5066272371625
exp_001,SA_n30_inst0_run0,base,1400,1401,46.7,0.009179875021800399,98.01,1007.4054643991566,1483.088839807591
exp_001,SA_n30_inst0_run0,base,1600,1601,53.37,0.01036941702477634,97.0299,1007.4054643991566,1556.8682895935524
exp_001,SA_n30_inst0_run0,base,1800,1801,60.03,0.011579208017792553,97.0299,1007.4054643991566,1467.2497914783135
exp_001,SA_n30_inst0_run0,base,2000,2001,66.7,0.012784583028405905,97.0299,1007.4054643991566,1602.2673711526324
exp_001,SA_n30_inst0_run0,base,2200,2201,73.37,0.014015000022482127,96.059601,1007.4054643991566,1497.0641531761112
exp_001,SA_n30_inst0_run0,base,2400,2401,80.03,0.015225542010739446,96.059601,1007.4054643991566,1499.3191614436585
exp_001,SA_n30_inst0_run0,base,2600,2601,86.7,0.0164206670015119,95.09900499,1007.4054643991566,1396.8166879414366
exp_001,SA_n30_inst0_run0,base,2800,2801,93.37,0.01761275000171736,95.09900499,1007.4054643991566,1097.745419923825
exp_001,SA_n30_inst0_run0,base,3000,3001,100.03,0.01879704202292487,95.09900499,1007.4054643991566,1356.8165819597416
exp_001,SA_n30_inst0_run0,base,3200,3201,106.7,0.019986125000286847,94.1480149401,1007.4054643991566,1596.2740311212472
exp_001,SA_n30_inst0_run0,base,3400,3401,113.37,0.02118479198543355,94.1480149401,1007.4054643991566,1403.0523184274614
exp_001,SA_n30_inst0_run0,base,3600,3601,120.03,0.02237116702599451,93.206534790699,1007.4054643991566,1310.8183581389785
exp_001,SA_n30_inst0_run0,base,3800,3801,126.7,0.02356945798965171,93.206534790699,1007.4054643991566,1253.6894587795036
exp_001,SA_n30_inst0_run0,base,4000,4001,133.37,0.024759249994531274,93.206534790699,1007.4054643991566,1461.3790867172484
exp_001,SA_n30_inst0_run0,base,4200,4201,140.03,0.025944916997104883,92.27446944279201,1007.4054643991566,1413.333002741493
exp_001,SA_n30_inst0_run0,base,4400,4401,146.7,0.02714287501294166,92.27446944279201,1007.4054643991566,1494.9018871532437
exp_001,SA_n30_inst0_run0,base,4600,4601,153.37,0.028327792009804398,91.35172474836409,1007.4054643991566,1218.621281263487
exp_001,SA_n30_inst0_run0,base,4800,4801,160.03,0.029523457982577384,91.35172474836409,1007.4054643991566,1737.601750502588
exp_001,SA_n30_inst0_run0,base,5000,5001,166.7,0.030720458016730845,91.35172474836409,1007.4054643991566,1493.0411989528448
exp_001,SA_n30_inst0_run0,base,5200,5201,173.37,0.03191354201408103,90.43820750088045,1007.4054643991566,1567.7135510878188
exp_001,SA_n30_inst0_run0,base,5400,5401,180.03,0.03310208301991224,90.43820750088045,1007.4054643991566,1336.2449680365837
exp_001,SA_n30_inst0_run0,base,5600,5601,186.7,0.034289332979824394,89.53382542587164,1007.4054643991566,1440.3349291697168
exp_001,SA_n30_inst0_run0,base,5800,5801,193.37,0.03547083301236853,89.53382542587164,1007.4054643991566,1490.475720886668
exp_001,SA_n30_inst0_run0,base,6000,6001,200.03,0.03666774998418987,89.53382542587164,1007.4054643991566,1493.5843869390158
exp_001,SA_n30_inst0_run0,base,6200,6201,206.7,0.037853916990570724,88.63848717161292,1007.4054643991566,1420.900743467614
exp_001,SA_n30_inst0_run0,base,6400,6401,213.37,0.03906070801895112,88.63848717161292,1007.4054643991566,1486.5750369726748
exp_001,SA_n30_inst0_run0,base,6600,6601,220.03,0.040243958006612957,87.75210229989679,1007.4054643991566,1477.4543453354956
exp_001,SA_n30_inst0_run0,base,6800,6801,226.7,0.04148654197342694,87.75210229989679,1007.4054643991566,1254.109320368193
exp_001,SA_n30_inst0_run0,base,7000,7001,233.37,0.04269070801092312,87.75210229989679,1007.4054643991566,1656.5369899812067
exp_001,SA_n30_inst0_run0,base,7200,7201,240.03,0.043891082983464,86.87458127689783,1007.4054643991566,1363.2107208520054
exp_001,SA_n30_inst0_run0,base,7400,7401,246.7,0.045086583006195724,86.87458127689783,1007.4054643991566,1357.0635663181106
exp_001,SA_n30_inst0_run0,base,7600,7601,253.37,0.04627516702748835,86.00583546412885,1007.4054643991566,1375.2503401471395
exp_001,SA_n30_inst0_run0,base,7800,7801,260.03,0.047466417017858475,86.00583546412885,1007.4054643991566,1410.1245257058918
exp_001,SA_n30_inst0_run0,base,8000,8001,266.7,0.04864554200321436,86.00583546412885,1007.4054643991566,1369.8933184485084
exp_001,SA_n30_inst0_run0,base,8200,8201,273.37,0.04989104199921712,85.14577710948755,1007.4054643991566,1468.647415596844
exp_001,SA_n30_inst0_run0,base,8400,8401,280.03,0.051198291999753565,85.14577710948755,1007.4054643991566,1260.8441992375463
exp_001,SA_n30_inst0_run0,base,8600,8601,286.7,0.05243849998805672,84.29431933839268,1007.4054643991566,1626.3128028679625
exp_001,SA_n30_inst0_run0,base,8800,8801,293.37,0.05367091699736193,84.29431933839268,1007.4054643991566,1519.8211662277058
exp_001,SA_n30_inst0_run0,base,9000,9001,300.03,0.05488608300220221,84.29431933839268,1007.4054643991566,1530.2367450614659
exp_001,SA_n30_inst0_run0,base,9200,9201,306.7,0.056105875002685934,83.45137614500875,1007.4054643991566,1440.543957326292
exp_001,SA_n30_inst0_run0,base,9400,9401,313.37,0.057329292001668364,83.45137614500875,1007.4054643991566,1379.9047936687145
exp_001,SA_n30_inst0_run0,base,9600,9601,320.03,0.058559417026117444,82.61686238355867,1007.4054643991566,1534.0104789822487
exp_001,SA_n30_inst0_run0,base,9800,9801,326.7,0.059868125012144446,82.61686238355867,1007.4054643991566,1444.579941510799
exp_001,SA_n30_inst0_run0,base,10000,10001,333.37,0.0612168749794364,82.61686238355867,1007.4054643991566,1533.1894681174492
exp_001,SA_n30_inst0_run0,base,10200,10201,340.03,0.06244833301752806,81.79069375972308,1007.4054643991566,1450.9684389716633
exp_001,SA_n30_inst0_run0,base,10400,10401,346.7,0.0637261249939911,81.79069375972308,1007.4054643991566,1403.6128341820101
exp_001,SA_n30_inst0_run0,base,10600,10601,353.37,0.06515575002413243,80.97278682212585,1007.4054643991566,1427.959014807083
exp_001,SA_n30_inst0_run0,base,10800,10801,360.03,0.06650850002188236,80.97278682212585,1007.4054643991566,1539.6386524789727
exp_001,SA_n30_inst0_run0,base,11000,11001,366.7,0.06772170797921717,80.97278682212585,1007.4054643991566,1296.0949684395498
exp_001,SA_n30_inst0_run0,base,11200,11201,373.37,0.0689384579891339,80.1630589539046,1007.4054643991566,1517.6704730721854
exp_001,SA_n30_inst0_run0,base,11400,11401,380.03,0.07016150001436472,80.1630589539046,1007.4054643991566,1219.4052011454955
exp_001,SA_n30_inst0_run0,base,11600,11601,386.7,0.07137800002237782,79.36142836436555,1007.4054643991566,1215.421787904003
exp_001,SA_n30_inst0_run0,base,11800,11801,393.37,0.07258787500904873,79.36142836436555,1007.4054643991566,1483.7110701044376
exp_001,SA_n30_inst0_run0,base,12000,12001,400.03,0.07379900000523776,79.36142836436555,1007.4054643991566,1352.0111453871878
exp_001,SA_n30_inst0_run0,base,12200,12201,406.7,0.07498670800123364,78.56781408072189,1007.4054643991566,1462.9524050211176
exp_001,SA_n30_inst0_run0,base,12400,12401,413.37,0.07618483301484957,78.56781408072189,1007.4054643991566,1513.1351493004765
exp_001,SA_n30_inst0_run0,base,12600,12601,420.03,0.07738162501482293,77.78213593991467,1007.4054643991566,1391.2372786030908
exp_001,SA_n30_inst0_run0,base,12800,12801,426.7,0.07857591699576005,77.78213593991467,1007.4054643991566,1210.986952240748
exp_001,SA_n30_inst0_run0,base,13000,13001,433.37,0.07987249997677281,77.78213593991467,991.7426043665968,991.7426043665968
exp_001,SA_n30_inst0_run0,base,13200,13201,440.03,0.08128916699206457,77.00431458051553,991.7426043665968,1214.8558254461057
exp_001,SA_n30_inst0_run0,base,13400,13401,446.7,0.08275975001743063,77.00431458051553,991.7426043665968,1318.0343169978391
exp_001,SA_n30_inst0_run0,base,13600,13601,453.37,0.08408104197587818,76.23427143471037,991.7426043665968,1438.886709340502
exp_001,SA_n30_inst0_run0,base,13800,13801,460.03,0.08531008299905807,76.23427143471037,991.7426043665968,1522.717258978858
exp_001,SA_n30_inst0_run0,base,14000,14001,466.7,0.08652208303101361,76.23427143471037,991.7426043665968,1527.3683592761508
exp_001,SA_n30_inst0_run0,base,14200,14201,473.37,0.08774375001667067,75.47192872036327,991.7426043665968,1499.2269586981076
exp_001,SA_n30_inst0_run0,base,14400,14401,480.03,0.08894420799333602,75.47192872036327,991.7426043665968,1379.393854602912
exp_001,SA_n30_inst0_run0,base,14600,14601,486.7,0.0901276670047082,74.71720943315964,991.7426043665968,1411.1010522510571
exp_001,SA_n30_inst0_run0,base,14800,14801,493.37,0.09130337502574548,74.71720943315964,991.7426043665968,1433.6647464768077
exp_001,SA_n30_inst0_run0,base,15000,15001,500.03,0.09254445799160749,74.71720943315964,991.7426043665968,1281.5006629814175
exp_001,SA_n30_inst0_run0,base,15200,15201,506.7,0.09384279197547585,73.97003733882804,991.7426043665968,1115.9905527502137
exp_001,SA_n30_inst0_run0,base,15400,15401,513.37,0.09550008299993351,73.97003733882804,991.7426043665968,1369.265922662134
exp_001,SA_n30_inst0_run0,base,15600,15601,520.03,0.0969517080229707,73.23033696543976,991.7426043665968,1337.734733890181
exp_001,SA_n30_inst0_run0,base,15800,15801,526.7,0.09835066698724404,73.23033696543976,991.7426043665968,1548.6433991646195
exp_001,SA_n30_inst0_run0,base,16000,16001,533.37,0.0995957920094952,73.23033696543976,991.7426043665968,1280.0448832139953
exp_001,SA_n30_inst0_run0,base,16200,16201,540.03,0.10095483297482133,72.49803359578536,991.7426043665968,1283.7986536795954
exp_001,SA_n30_inst0_run0,base,16400,16401,546.7,0.10222570801852271,72.49803359578536,991.7426043665968,1403.8858521545135
exp_001,SA_n30_inst0_run0,base,16600,16601,553.37,0.1034426250262186,71.7730532598275,991.7426043665968,1184.928632532957
exp_001,SA_n30_inst0_run0,base,16800,16801,560.03,0.1046569169848226,71.7730532598275,991.7426043665968,1614.3721615383395
exp_001,SA_n30_inst0_run0,base,17000,17001,566.7,0.10587145801400766,71.7730532598275,991.7426043665968,1396.666089804871
exp_001,SA_n30_inst0_run0,base,17200,17201,573.37,0.10706604202277958,71.05532272722922,991.7426043665968,1382.7818993505375
exp_001,SA_n30_inst0_run0,base,17400,17401,580.03,0.1083958750241436,71.05532272722922,991.7426043665968,1335.2518800598855
exp_001,SA_n30_inst0_run0,base,17600,17601,586.7,0.10971441701985896,70.34476949995693,991.7426043665968,1374.7987075784717
exp_001,SA_n30_inst0_run0,base,17800,17801,593.37,0.11108920798869804,70.34476949995693,991.7426043665968,1308.7022232262113
exp_001,SA_n30_inst0_run0,base,18000,18001,600.03,0.11246604198822752,70.34476949995693,991.7426043665968,1629.6720686264684
exp_001,SA_n30_inst0_run0,base,18200,18201,606.7,0.11372558301081881,69.64132180495736,991.7426043665968,1402.5301657466882
exp_001,SA_n30_inst0_run0,base,18400,18401,613.37,0.11493312497623265,69.64132180495736,991.7426043665968,1362.246194355213
exp_001,SA_n30_inst0_run0,base,18600,18601,620.03,0.11615224997512996,68.94490858690779,991.7426043665968,1546.3190165583171
exp_001,SA_n30_inst0_run0,base,18800,18801,626.7,0.11754716699942946,68.94490858690779,991.7426043665968,1513.019461439013
exp_001,SA_n30_inst0_run0,base,19000,19001,633.37,0.11883791699074209,68.94490858690779,991.7426043665968,1406.343915778734
exp_001,SA_n30_inst0_run0,base,19200,19201,640.03,0.1200602920143865,68.25545950103871,991.7426043665968,1536.149773593276
exp_001,SA_n30_inst0_run0,base,19400,19401,646.7,0.12126941699534655,68.25545950103871,991.7426043665968,1411.8344966311565
exp_001,SA_n30_inst0_run0,base,19600,19601,653.37,0.12247904198011383,67.57290490602833,991.7426043665968,1538.774913648103
exp_001,SA_n30_inst0_run0,base,19800,19801,660.03,0.12371912499656901,67.57290490602833,991.7426043665968,1629.5530293406734
exp_001,SA_n30_inst0_run0,base,20000,20001,666.7,0.12495312502142042,67.57290490602833,991.7426043665968,1381.0867285310599
exp_001,SA_n30_inst0_run0,base,20200,20201,673.37,0.12613695801701397,66.89717585696805,991.7426043665968,1532.359559241377
exp_001,SA_n30_inst0_run0,base,20400,20401,680.03,0.12732791702728719,66.89717585696805,991.7426043665968,1571.8731729420424
exp_001,SA_n30_inst0_run0,base,20600,20601,686.7,0.12852495798142627,66.22820409839836,991.7426043665968,1382.9482793914879
exp_001,SA_n30_inst0_run0,base,20800,20801,693.37,0.12977066700113937,66.22820409839836,991.7426043665968,1394.1285562246544
exp_001,SA_n30_inst0_run0,base,21000,21001,700.03,0.13105025002732873,66.22820409839836,991.7426043665968,1552.065807184919
exp_001,SA_n30_inst0_run0,base,21200,21201,706.7,0.13227812497643754,65.56592205741438,991.7426043665968,1305.32698057351
exp_001,SA_n30_inst0_run0,base,21400,21401,713.37,0.13351845799479634,65.56592205741438,991.7426043665968,1337.239698876046
exp_001,SA_n30_inst0_run0,base,21600,21601,720.03,0.13476595800602809,64.91026283684023,991.7426043665968,1226.7645117692634
exp_001,SA_n30_inst0_run0,base,21800,21801,726.7,0.136023250001017,64.91026283684023,991.7426043665968,1290.2227369443808
exp_001,SA_n30_inst0_run0,base,22000,22001,733.37,0.13724083302076906,64.91026283684023,991.7426043665968,1207.979260763159
exp_001,SA_n30_inst0_run0,base,22200,22201,740.03,0.13844324997626245,64.26116020847184,991.7426043665968,1304.3251790093707
exp_001,SA_n30_inst0_run0,base,22400,22401,746.7,0.13966300000902265,64.26116020847184,991.7426043665968,1340.3049090446714
exp_001,SA_n30_inst0_run0,base,22600,22601,753.37,0.14085962501121685,63.618548606387115,991.7426043665968,1665.3716426377578
exp_001,SA_n30_inst0_run0,base,22800,22801,760.03,0.142211958009284,63.618548606387115,991.7426043665968,1444.8634121861262
exp_001,SA_n30_inst0_run0,base,23000,23001,766.7,0.14352145802695304,63.618548606387115,991.7426043665968,1569.8063032723246
exp_001,SA_n30_inst0_run0,base,23200,23201,773.37,0.14475491701159626,62.98236312032324,991.7426043665968,1292.4677553239376
exp_001,SA_n30_inst0_run0,base,23400,23401,780.03,0.14596362499287352,62.98236312032324,991.7426043665968,1432.9960937628518
exp_001,SA_n30_inst0_run0,base,23600,23601,786.7,0.14716679201228544,62.35253948912001,991.7426043665968,1562.5822887933753
exp_001,SA_n30_inst0_run0,base,23800,23801,793.37,0.14835879200836644,62.35253948912001,991.7426043665968,1509.9166527847538
exp_001,SA_n30_inst0_run0,base,24000,24001,800.03,0.14956533297663555,62.35253948912001,991.7426043665968,1317.0661355901007
exp_001,SA_n30_inst0_run0,base,24200,24201,806.7,0.15079554199473932,61.72901409422881,991.7426043665968,1186.3919423059988
exp_001,SA_n30_inst0_run0,base,24400,24401,813.37,0.15208504197653383,61.72901409422881,991.7426043665968,1507.4205982257054
exp_001,SA_n30_inst0_run0,base,24600,24601,820.03,0.15331370802596211,61.11172395328652,991.7426043665968,1305.7161437859986
exp_001,SA_n30_inst0_run0,base,24800,24801,826.7,0.15450095798587427,61.11172395328652,991.7426043665968,1257.0852799022923
exp_001,SA_n30_inst0_run0,base,25000,25001,833.37,0.1556868749903515,61.11172395328652,991.7426043665968,1266.9688607097075
exp_001,SA_n30_inst0_run0,base,25200,25201,840.03,0.1568837080267258,60.500606713753655,991.7426043665968,1352.747254018418
exp_001,SA_n30_inst0_run0,base,25400,25401,846.7,0.15836275002220646,60.500606713753655,991.7426043665968,1106.4991909283165
exp_001,SA_n30_inst0_run0,base,25600,25601,853.37,0.15976166701875627,59.89560064661612,991.7426043665968,1310.6250493462278
exp_001,SA_n30_inst0_run0,base,25800,25801,860.03,0.16101416700985283,59.89560064661612,991.7426043665968,1318.638737291683
exp_001,SA_n30_inst0_run0,base,26000,26001,866.7,0.16226570802973583,59.89560064661612,991.7426043665968,1442.536820841043
exp_001,SA_n30_inst0_run0,base,26200,26201,873.37,0.16346883302321658,59.29664464014996,991.7426043665968,1425.7791854941836
exp_001,SA_n30_inst0_run0,base,26400,26401,880.03,0.16470612498233095,59.29664464014996,991.7426043665968,1210.7297578417242
exp_001,SA_n30_inst0_run0,base,26600,26601,886.7,0.16589616698911414,58.70367819374846,991.7426043665968,1342.2789368669264
exp_001,SA_n30_inst0_run0,base,26800,26801,893.37,0.16711525002028793,58.70367819374846,991.7426043665968,1389.3430505446122
exp_001,SA_n30_inst0_run0,base,27000,27001,900.03,0.1683663330040872,58.70367819374846,991.7426043665968,1444.3998520876173
exp_001,SA_n30_inst0_run0,base,27200,27201,906.7,0.16955937497550622,58.116641411810974,991.7426043665968,1409.186258283605
exp_001,SA_n30_inst0_run0,base,27400,27401,913.37,0.17073533299844712,58.116641411810974,991.7426043665968,1262.07031067417
exp_001,SA_n30_inst0_run0,base,27600,27601,920.03,0.1719385830219835,57.535474997692866,991.7426043665968,1387.898803338634
exp_001,SA_n30_inst0_run0,base,27800,27801,926.7,0.17313483299221843,57.535474997692866,991.7426043665968,1272.2123188899925
exp_001,SA_n30_inst0_run0,base,28000,28001,933.37,0.17434595798840746,57.535474997692866,991.7426043665968,1537.0758318256826
exp_001,SA_n30_inst0_run0,base,28200,28201,940.03,0.17574733297806233,56.960120247715935,991.7426043665968,1316.3433372886811
exp_001,SA_n30_inst0_run0,base,28400,28401,946.7,0.17702412500511855,56.960120247715935,991.7426043665968,1279.500706816668
exp_001,SA_n30_inst0_run0,base,28600,28601,953.37,0.17826900002546608,56.390519045238776,991.7426043665968,1447.2777338981473
exp_001,SA_n30_inst0_run0,base,28800,28801,960.03,0.17948529199929908,56.390519045238776,991.7426043665968,1125.8153489621245
exp_001,SA_n30_inst0_run0,base,29000,29001,966.7,0.18065870797727257,56.390519045238776,991.7426043665968,1410.426752774049
exp_001,SA_n30_inst0_run0,base,29200,29201,973.37,0.18184279202250764,55.82661385478639,991.7426043665968,1430.266019701232
exp_001,SA_n30_inst0_run0,base,29400,29401,980.03,0.18302275001769885,55.82661385478639,991.7426043665968,1273.9589596946346
exp_001,SA_n30_inst0_run0,base,29600,29601,986.7,0.18425425002351403,55.26834771623852,991.7426043665968,1259.795466596984
exp_001,SA_n30_inst0_run0,base,29800,29801,993.37,0.18548529199324548,55.26834771623852,991.7426043665968,1406.67150245626
exp_001,SA_n30_inst0_run0,base,30000,30001,1000.03,0.18667262501548976,55.26834771623852,991.7426043665968,1426.1830871442373
exp_001,SA_n30_inst0_run0,base,30200,30201,1006.7,0.1879122499958612,54.71566423907614,991.7426043665968,1467.1755223153777
exp_001,SA_n30_inst0_run0,base,30400,30401,1013.37,0.1890839579864405,54.71566423907614,982.4256500374581,1012.5897066090395
exp_001,SA_n30_inst0_run0,base,30600,30601,1020.03,0.19024629198247567,54.16850759668538,975.9426068757174,1318.8752796542844
exp_001,SA_n30_inst0_run0,base,30800,30801,1026.7,0.19161904201610014,54.16850759668538,975.9426068757174,1476.8112929011202
exp_001,SA_n30_inst0_run0,base,31000,31001,1033.37,0.19297308300156146,54.16850759668538,975.9426068757174,1262.9784638974425
exp_001,SA_n30_inst0_run0,base,31200,31201,1040.03,0.19423550000647083,53.62682252071853,975.9426068757174,1328.2628387010193
exp_001,SA_n30_inst0_run0,base,31400,31401,1046.7,0.19548912497702986,53.62682252071853,975.9426068757174,1264.0814158826931
exp_001,SA_n30_inst0_run0,base,31600,31601,1053.37,0.19667941698571667,53.09055429551134,975.9426068757174,1198.2700913451627
exp_001,SA_n30_inst0_run0,base,31800,31801,1060.03,0.19785570801468566,53.09055429551134,975.9426068757174,1351.5422137910139
exp_001,SA_n30_inst0_run0,base,32000,32001,1066.7,0.19902825000463054,53.09055429551134,975.9426068757174,1230.1888350656354
exp_001,SA_n30_inst0_run0,base,32200,32201,1073.37,0.2002449170104228,52.55964875255623,975.9426068757174,1198.4278509790788
exp_001,SA_n30_inst0_run0,base,32400,32401,1080.03,0.20150066702626646,52.55964875255623,975.9426068757174,1405.6843507946555
exp_001,SA_n30_inst0_run0,base,32600,32601,1086.7,0.20270887500373647,52.03405226503067,975.9426068757174,1383.9503091153733
exp_001,SA_n30_inst0_run0,base,32800,32801,1093.37,0.20394600002327934,52.03405226503067,975.9426068757174,1380.2005568245638
exp_001,SA_n30_inst0_run0,base,33000,33001,1100.03,0.20528020802885294,52.03405226503067,975.9426068757174,1270.8371201673037
exp_001,SA_n30_inst0_run0,base,33200,33201,1106.7,0.2064943329896778,51.51371174238036,975.9426068757174,1386.2951390202288
exp_001,SA_n30_inst0_run0,base,33400,33401,1113.37,0.20769383298465982,51.51371174238036,975.9426068757174,1409.4135525339696
exp_001,SA_n30_inst0_run0,base,33600,33601,1120.03,0.20887149998452514,50.998574624956554,975.9426068757174,1205.3697696540894
exp_001,SA_n30_inst0_run0,base,33800,33801,1126.7,0.21006379200844094,50.998574624956554,975.9426068757174,1375.3484810961768
exp_001,SA_n30_inst0_run0,base,34000,34001,1133.37,0.21125300001585856,50.998574624956554,975.9426068757174,1025.1776354456624
exp_001,SA_n30_inst0_run0,base,34200,34201,1140.03,0.21245724998880178,50.488588878706985,975.9426068757174,1417.9095896759245
exp_001,SA_n30_inst0_run0,base,34400,34401,1146.7,0.2137409580172971,50.488588878706985,975.9426068757174,1226.812704219879
exp_001,SA_n30_inst0_run0,base,34600,34601,1153.37,0.21501408301992342,49.98370298991991,975.9426068757174,1403.1738504169143
exp_001,SA_n30_inst0_run0,base,34800,34801,1160.03,0.21626970800571144,49.98370298991991,975.9426068757174,1365.3220928621818
exp_001,SA_n30_inst0_run0,base,35000,35001,1166.7,0.2175597079913132,49.98370298991991,975.9426068757174,1475.6356590726284
exp_001,SA_n30_inst0_run0,base,35200,35201,1173.37,0.21878029202343896,49.483865960020715,975.9426068757174,1385.9285886532296
exp_001,SA_n30_inst0_run0,base,35400,35401,1180.03,0.22003137500723824,49.483865960020715,975.9426068757174,1302.200705380181
exp_001,SA_n30_inst0_run0,base,35600,35601,1186.7,0.22122012497857213,48.98902730042051,975.9426068757174,1388.559023264151
exp_001,SA_n30_inst0_run0,base,35800,35801,1193.37,0.22240995801985264,48.98902730042051,975.9426068757174,1459.6296737341022
exp_001,SA_n30_inst0_run0,base,36000,36001,1200.03,0.22360079200007021,48.98902730042051,975.9426068757174,1434.617140096009
exp_001,SA_n30_inst0_run0,base,36200,36201,1206.7,0.2248563750181347,48.4991370274163,975.9426068757174,1290.6082567451192
exp_001,SA_n30_inst0_run0,base,36400,36401,1213.37,0.2260792080196552,48.4991370274163,975.9426068757174,1369.667200119837
exp_001,SA_n30_inst0_run0,base,36600,36601,1220.03,0.22728458303026855,48.01414565714214,975.9426068757174,1287.1051340762353
exp_001,SA_n30_inst0_run0,base,36800,36801,1226.7,0.22849895799299702,48.01414565714214,975.9426068757174,1403.7884157972394
exp_001,SA_n30_inst0_run0,base,37000,37001,1233.37,0.22970045800320804,48.01414565714214,975.9426068757174,1557.8698289277143
exp_001,SA_n30_inst0_run0,base,37200,37201,1240.03,0.2308839579927735,47.53400420057071,975.9426068757174,1290.041817243798
exp_001,SA_n30_inst0_run0,base,37400,37401,1246.7,0.23206808301620185,47.53400420057071,975.9426068757174,1254.2357815900614
exp_001,SA_n30_inst0_run0,base,37600,37601,1253.37,0.2332656669896096,47.05866415856501,975.9426068757174,1098.5487437322438
exp_001,SA_n30_inst0_run0,base,37800,37801,1260.03,0.234476541983895,47.05866415856501,975.9426068757174,1446.8490604623323
exp_001,SA_n30_inst0_run0,base,38000,38001,1266.7,0.23573233297793195,47.05866415856501,975.9426068757174,1167.4578873121875
exp_001,SA_n30_inst0_run0,base,38200,38201,1273.37,0.23693795799044892,46.58807751697936,975.9426068757174,1432.066940099549
exp_001,SA_n30_inst0_run0,base,38400,38401,1280.03,0.2381342080188915,46.58807751697936,975.9426068757174,1590.9241254044416
exp_001,SA_n30_inst0_run0,base,38600,38601,1286.7,0.23933629202656448,46.12219674180957,975.9426068757174,1317.9271392186815
exp_001,SA_n30_inst0_run0,base,38800,38801,1293.37,0.2405255829798989,46.12219674180957,975.9426068757174,1193.0666822332662
exp_001,SA_n30_inst0_run0,base,39000,39001,1300.03,0.24189479200867936,46.12219674180957,975.9426068757174,1317.717887966917
exp_001,SA_n30_inst0_run0,base,39200,39201,1306.7,0.24319679202744737,45.66097477439147,975.9426068757174,1043.5150418623527
exp_001,SA_n30_inst0_run0,base,39400,39401,1313.37,0.2444835000205785,45.66097477439147,946.4696519343153,1236.0460804399613
exp_001,SA_n30_inst0_run0,base,39600,39601,1320.03,0.2457011669757776,45.20436502664755,946.4696519343153,1149.7108715243842
exp_001,SA_n30_inst0_run0,base,39800,39801,1326.7,0.2468915830249898,45.20436502664755,946.4696519343153,1225.44703133512
exp_001,SA_n30_inst0_run0,base,40000,40001,1333.37,0.24808037502225488,45.20436502664755,946.4696519343153,1384.8923295232487
exp_001,SA_n30_inst0_run0,base,40200,40201,1340.03,0.24926004197914153,44.752321376381076,946.4696519343153,1276.275522297661
exp_001,SA_n30_inst0_run0,base,40400,40401,1346.7,0.25046045798808336,44.752321376381076,946.4696519343153,1076.8414466214876
exp_001,SA_n30_inst0_run0,base,40600,40601,1353.37,0.2516705829766579,44.30479816261727,946.4696519343153,1289.6471073124903
exp_001,SA_n30_inst0_run0,base,40800,40801,1360.03,0.25309829198522493,44.30479816261727,946.4696519343153,1198.530799746077
exp_001,SA_n30_inst0_run0,base,41000,41001,1366.7,0.25433245801832527,44.30479816261727,946.4696519343153,1118.9720071668885
exp_001,SA_n30_inst0_run0,base,41200,41201,1373.37,0.255535583011806,43.861750180991095,946.4696519343153,1272.7371243614139
exp_001,SA_n30_inst0_run0,base,41400,41401,1380.03,0.25673116702819243,43.861750180991095,946.4696519343153,1255.4544105286675
exp_001,SA_n30_inst0_run0,base,41600,41601,1386.7,0.25791454198770225,43.42313267918119,946.4696519343153,1205.844684751656
exp_001,SA_n30_inst0_run0,base,41800,41801,1393.37,0.2591950829955749,43.42313267918119,946.4696519343153,1444.9717056910304
exp_001,SA_n30_inst0_run0,base,42000,42001,1400.03,0.26040845800889656,43.42313267918119,946.4696519343153,1366.132194517816
exp_001,SA_n30_inst0_run0,base,42200,42201,1406.7,0.26169066701550037,42.98890135238938,946.4696519343153,1456.4119060338865
exp_001,SA_n30_inst0_run0,base,42400,42401,1413.37,0.2631773329921998,42.98890135238938,946.4696519343153,1137.8277056926795
exp_001,SA_n30_inst0_run0,base,42600,42601,1420.03,0.26438470801804215,42.559012338865486,946.4696519343153,1518.8141963361743
exp_001,SA_n30_inst0_run0,base,42800,42801,1426.7,0.2655924580176361,42.559012338865486,946.4696519343153,1161.1906249099054
exp_001,SA_n30_inst0_run0,base,43000,43001,1433.37,0.26679166697431356,42.559012338865486,946.4696519343153,1156.4398174558103
exp_001,SA_n30_inst0_run0,base,43200,43201,1440.03,0.26803370798006654,42.133422215476834,889.485434087941,1303.3118903688762
exp_001,SA_n30_inst0_run0,base,43400,43401,1446.7,0.2692327920231037,42.133422215476834,889.485434087941,1129.021799944292
exp_001,SA_n30_inst0_run0,base,43600,43601,1453.37,0.2704064170247875,41.712087993322065,877.1572873526069,1236.6660017258841
exp_001,SA_n30_inst0_run0,base,43800,43801,1460.03,0.27158933301689103,41.712087993322065,877.1572873526069,1161.1400502103163
exp_001,SA_n30_inst0_run0,base,44000,44001,1466.7,0.27277304203016683,41.712087993322065,877.1572873526069,1167.1220171673165
exp_001,SA_n30_inst0_run0,base,44200,44201,1473.37,0.2739542499766685,41.29496711338884,877.1572873526069,1464.370933926472
exp_001,SA_n30_inst0_run0,base,44400,44401,1480.03,0.2752068330300972,41.29496711338884,877.1572873526069,1118.5125414288837
exp_001,SA_n30_inst0_run0,base,44600,44601,1486.7,0.2764084580121562,40.882017442254956,877.1572873526069,978.0938950101931
exp_001,SA_n30_inst0_run0,base,44800,44801,1493.37,0.2776173329912126,40.882017442254956,877.1572873526069,1236.8758937788132
exp_001,SA_n30_inst0_run0,base,45000,45001,1500.03,0.2788677919888869,40.882017442254956,877.1572873526069,1352.1916344153701
exp_001,SA_n30_inst0_run0,base,45200,45201,1506.7,0.28012145799584687,40.473197267832404,877.1572873526069,1239.1144670032966
exp_001,SA_n30_inst0_run0,base,45400,45401,1513.37,0.2813007499789819,40.473197267832404,877.1572873526069,1186.0402813586318
exp_001,SA_n30_inst0_run0,base,45600,45601,1520.03,0.28249016701010987,40.06846529515408,877.1572873526069,1368.167782900331
exp_001,SA_n30_inst0_run0,base,45800,45801,1526.7,0.28367683303076774,40.06846529515408,877.1572873526069,1357.6837308874954
exp_001,SA_n30_inst0_run0,base,46000,46001,1533.37,0.28491533297346905,40.06846529515408,877.1572873526069,1125.6024759660802
exp_001,SA_n30_inst0_run0,base,46200,46201,1540.03,0.2862550420104526,39.66778064220254,877.1572873526069,1417.1680252413885
exp_001,SA_n30_inst0_run0,base,46400,46401,1546.7,0.2874894579872489,39.66778064220254,877.1572873526069,1250.4906316221122
exp_001,SA_n30_inst0_run0,base,46600,46601,1553.37,0.28868054202757776,39.27110283578051,877.1572873526069,1299.9693903346122
exp_001,SA_n30_inst0_run0,base,46800,46801,1560.03,0.2898579169996083,39.27110283578051,877.1572873526069,1327.3681226145277
exp_001,SA_n30_inst0_run0,base,47000,47001,1566.7,0.29102941701421514,39.27110283578051,877.1572873526069,1159.359347506513
exp_001,SA_n30_inst0_run0,base,47200,47201,1573.37,0.2922924580052495,38.8783918074227,877.1572873526069,1327.1725074849244
exp_001,SA_n30_inst0_run0,base,47400,47401,1580.03,0.293517249985598,38.8783918074227,877.1572873526069,1369.1626928148848
exp_001,SA_n30_inst0_run0,base,47600,47601,1586.7,0.2947513330145739,38.48960788934848,877.1572873526069,1272.4877921679104
exp_001,SA_n30_inst0_run0,base,47800,47801,1593.37,0.2959911249927245,38.48960788934848,877.1572873526069,1227.097791307687
exp_001,SA_n30_inst0_run0,base,48000,48001,1600.03,0.29716858302708715,38.48960788934848,877.1572873526069,1312.6745412760413
exp_001,SA_n30_inst0_run0,base,48200,48201,1606.7,0.298352874990087,38.104711810454994,877.1572873526069,1125.4227845155763
exp_001,SA_n30_inst0_run0,base,48400,48401,1613.37,0.2995326669770293,38.104711810454994,877.1572873526069,1280.0619790244139
exp_001,SA_n30_inst0_run0,base,48600,48601,1620.03,0.3007511249743402,37.72366469235045,877.1572873526069,1316.9029607145255
exp_001,SA_n30_inst0_run0,base,48800,48801,1626.7,0.3020955829997547,37.72366469235045,877.1572873526069,1341.1242931995519
exp_001,SA_n30_inst0_run0,base,49000,49001,1633.37,0.3032889169990085,37.72366469235045,877.1572873526069,1182.0377649036566
exp_001,SA_n30_inst0_run0,base,49200,49201,1640.03,0.30445908301044255,37.34642804542694,877.1572873526069,1040.7129318127022
exp_001,SA_n30_inst0_run0,base,49400,49401,1646.7,0.3056311249965802,37.34642804542694,877.1572873526069,1288.817219934092
exp_001,SA_n30_inst0_run0,base,49600,49601,1653.37,0.30681929201819,36.97296376497267,877.1572873526069,1177.3357062736586
exp_001,SA_n30_inst0_run0,base,49800,49801,1660.03,0.30801712500397116,36.97296376497267,877.1572873526069,1234.6797396247607
exp_001,SA_n30_inst0_run0,base,50000,50001,1666.7,0.30934316699858755,36.97296376497267,877.1572873526069,1269.73367147128
exp_001,SA_n30_inst0_run0,base,50000,50001,1666.7,0.30948900000657886,0.00099,877.1572873526069,1269.73367147128
exp_001,SA_n30_inst0_run1,base,0,1,0.03,1.625041477382183e-06,100.0,1659.613146142258,1659.613146142258
exp_001,SA_n30_inst0_run1,base,200,201,6.7,0.0012817090027965605,100.0,1336.6740565451898,1380.4448835361231
exp_001,SA_n30_inst0_run1,base,400,401,13.37,0.002524250012356788,100.0,1184.441911170412,1286.728319441655
exp_001,SA_n30_inst0_run1,base,600,601,20.03,0.0037367920158430934,99.0,1184.441911170412,1466.7056959770769
exp_001,SA_n30_inst0_run1,base,800,801,26.7,0.004931667004711926,99.0,1184.441911170412,1551.3438332388266
exp_001,SA_n30_inst0_run1,base,1000,1001,33.37,0.006153625028673559,99.0,1184.441911170412,1590.486260123871
exp_001,SA_n30_inst0_run1,base,1200,1201,40.03,0.007401625043712556,98.01,1180.3679214577976,1414.8864431702627
exp_001,SA_n30_inst0_run1,base,1400,1401,46.7,0.00880566705018282,98.01,1180.3679214577976,1425.8921285773345
exp_001,SA_n30_inst0_run1,base,1600,1601,53.37,0.010080042004119605,97.0299,1180.3679214577976,1444.5056448851328
exp_001,SA_n30_inst0_run1,base,1800,1801,60.03,0.011293459043372422,97.0299,1180.3679214577976,1528.6378237168833
exp_001,SA_n30_inst0_run1,base,2000,2001,66.7,0.012524459045380354,97.0299,931.820335953333,1515.9236980683174
exp_001,SA_n30_inst0_run1,base,2200,2201,73.37,0.013744542025960982,96.059601,931.820335953333,1456.086307659274
exp_001,SA_n30_inst0_run1,base,2400,2401,80.03,0.01501212501898408,96.059601,931.820335953333,1399.7118270518836
exp_001,SA_n30_inst0_run1,base,2600,2601,86.7,0.016208167013246566,95.09900499,931.820335953333,1624.1640759965826
exp_001,SA_n30_inst0_run1,base,2800,2801,93.37,0.01739987503970042,95.09900499,931.820335953333,1555.1920289735547
exp_001,SA_n30_inst0_run1,base,3000,3001,100.03,0.01865816704230383,95.09900499,931.820335953333,1482.559992155258
exp_001,SA_n30_inst0_run1,base,3200,3201,106.7,0.019926167035009712,94.1480149401,931.820335953333,1631.407332750011
exp_001,SA_n30_inst0_run1,base,3400,3401,113.37,0.021154167014174163,94.1480149401,931.820335953333,1472.531454167163
exp_001,SA_n30_inst0_run1,base,3600,3601,120.03,0.022374375024810433,93.206534790699,931.820335953333,1423.1119482526726
exp_001,SA_n30_inst0_run1,base,3800,3801,126.7,0.023947500041686,93.206534790699,931.820335953333,1312.7285065243045
exp_001,SA_n30_inst0_run1,base,4000,4001,133.37,0.025233334046788514,93.206534790699,931.820335953333,1445.9935256014871
exp_001,SA_n30_inst0_run1,base,4200,4201,140.03,0.026452084013726562,92.27446944279201,931.820335953333,1504.5261314093277
exp_001,SA_n30_inst0_run1,base,4400,4401,146.7,0.027655125013552606,92.27446944279201,931.820335953333,1305.425670452211
exp_001,SA_n30_inst0_run1,base,4600,4601,153.37,0.028911625035107136,91.35172474836409,931.820335953333,1514.4556175058322
exp_001,SA_n30_inst0_run1,base,4800,4801,160.03,0.030211875040549785,91.35172474836409,931.820335953333,1356.0184240066374
exp_001,SA_n30_inst0_run1,base,5000,5001,166.7,0.031519959040451795,91.35172474836409,931.820335953333,1463.250783707548
exp_001,SA_n30_inst0_run1,base,5200,5201,173.37,0.03290874999947846,90.43820750088045,931.820335953333,1532.4844961208817
exp_001,SA_n30_inst0_run1,base,5400,5401,180.03,0.03433591703651473,90.43820750088045,931.820335953333,1581.575230432742
exp_001,SA_n30_inst0_run1,base,5600,5601,186.7,0.03587404201971367,89.53382542587164,931.820335953333,1392.0085160937306
exp_001,SA_n30_inst0_run1,base,5800,5801,193.37,0.037249542016070336,89.53382542587164,931.820335953333,1212.145488966357
exp_001,SA_n30_inst0_run1,base,6000,6001,200.03,0.038516708998940885,89.53382542587164,931.820335953333,1292.9070572557641
exp_001,SA_n30_inst0_run1,base,6200,6201,206.7,0.039878625015262514,88.63848717161292,931.820335953333,1811.7233625329688
exp_001,SA_n30_inst0_run1,base,6400,6401,213.37,0.0415001250221394,88.63848717161292,931.820335953333,1587.767065313287
exp_001,SA_n30_inst0_run1,base,6600,6601,220.03,0.04280141700292006,87.75210229989679,931.820335953333,1305.3366737129106
exp_001,SA_n30_inst0_run1,base,6800,6801,226.7,0.04404191701905802,87.75210229989679,931.820335953333,1545.3737946549702
exp_001,SA_n30_inst0_run1,base,7000,7001,233.37,0.04530741705093533,87.75210229989679,931.820335953333,1595.738540341563
exp_001,SA_n30_inst0_run1,base,7200,7201,240.03,0.04652466700645164,86.87458127689783,931.820335953333,1482.3684644459704
exp_001,SA_n30_inst0_run1,base,7400,7401,246.7,0.048143125022761524,86.87458127689783,931.820335953333,1219.116159119721
exp_001,SA_n30_inst0_run1,base,7600,7601,253.37,0.04972108401125297,86.00583546412885,931.820335953333,1387.0182152084724
exp_001,SA_n30_inst0_run1,base,7800,7801,260.03,0.051083541999105364,86.00583546412885,931.820335953333,1467.443066211974
exp_001,SA_n30_inst0_run1,base,8000,8001,266.7,0.052535500028170645,86.00583546412885,931.820335953333,1507.945280820458
exp_001,SA_n30_inst0_run1,base,8200,8201,273.37,0.05383037502178922,85.14577710948755,931.820335953333,1388.7993282981665
exp_001,SA_n30_inst0_run1,base,8400,8401,280.03,0.05506125005194917,85.14577710948755,931.820335953333,1660.1704217381784
exp_001,SA_n30_inst0_run1,base,8600,8601,286.7,0.05633041705004871,84.29431933839268,931.820335953333,1647.1529870909271
exp_001,SA_n30_inst0_run1,base,8800,8801,293.37,0.057606999995186925,84.29431933839268,931.820335953333,1414.2114990341079
exp_001,SA_n30_inst0_run1,base,9000,9001,300.03,0.05890300002647564,84.29431933839268,931.820335953333,1467.561841830533
exp_001,SA_n30_inst0_run1,base,9200,9201,306.7,0.06014150002738461,83.45137614500875,931.820335953333,1258.042206763047
exp_001,SA_n30_inst0_run1,base,9400,9401,313.37,0.061401834012940526,83.45137614500875,931.820335953333,1424.6288995093446
exp_001,SA_n30_inst0_run1,base,9600,9601,320.03,0.0625995839945972,82.61686238355867,931.820335953333,1245.7333107853158
exp_001,SA_n30_inst0_run1,base,9800,9801,326.7,0.06394650001311675,82.61686238355867,931.820335953333,1275.2661121842993
exp_001,SA_n30_inst0_run1,base,10000,10001,333.37,0.06526295904768631,82.61686238355867,931.820335953333,1470.9221326068837
exp_001,SA_n30_inst0_run1,base,10200,10201,340.03,0.06651862501166761,81.79069375972308,931.820335953333,1515.4288202182945
exp_001,SA_n30_inst0_run1,base,10400,10401,346.7,0.06776562501909211,81.79069375972308,931.820335953333,1566.305114613375
exp_001,SA_n30_inst0_run1,base,10600,10601,353.37,0.0689875420066528,80.97278682212585,931.820335953333,1560.1990525470333
exp_001,SA_n30_inst0_run1,base,10800,10801,360.03,0.07019200001377612,80.97278682212585,931.820335953333,1578.616773014673
exp_001,SA_n30_inst0_run1,base,11000,11001,366.7,0.0713837500079535,80.97278682212585,931.820335953333,1393.792293063074
exp_001,SA_n30_inst0_run1,base,11200,11201,373.37,0.0726062500034459,80.1630589539046,931.820335953333,1476.7482396193832
exp_001,SA_n30_inst0_run1,base,11400,11401,380.03,0.0738940840237774,80.1630589539046,931.820335953333,1383.049963485752
exp_001,SA_n30_inst0_run1,base,11600,11601,386.7,0.07517283404013142,79.36142836436555,931.820335953333,1513.6527131796308
exp_001,SA_n30_inst0_run1,base,11800,11801,393.37,0.07640966703183949,79.36142836436555,931.820335953333,1173.153377146479
exp_001,SA_n30_inst0_run1,base,12000,12001,400.03,0.07759912504116073,79.36142836436555,931.820335953333,1347.0181464798954
exp_001,SA_n30_inst0_run1,base,12200,12201,406.7,0.07879816700005904,78.56781408072189,931.820335953333,1471.4037886046806
exp_001,SA_n30_inst0_run1,base,12400,12401,413.37,0.08001120900735259,78.56781408072189,931.820335953333,1205.4681015479298
exp_001,SA_n30_inst0_run1,base,12600,12601,420.03,0.08119904203340411,77.78213593991467,931.820335953333,1408.782440597245
exp_001,SA_n30_inst0_run1,base,12800,12801,426.7,0.08238366700243205,77.78213593991467,931.820335953333,1478.3877962446668
exp_001,SA_n30_inst0_run1,base,13000,13001,433.37,0.08356508403085172,77.78213593991467,931.820335953333,1566.1582017294952
exp_001,SA_n30_inst0_run1,base,13200,13201,440.03,0.08474725001724437,77.00431458051553,931.820335953333,1559.7360486545847
exp_001,SA_n30_inst0_run1,base,13400,13401,446.7,0.08596700005000457,77.00431458051553,931.820335953333,1326.4261009146687
exp_001,SA_n30_inst0_run1,base,13600,13601,453.37,0.08716420904966071,76.23427143471037,931.820335953333,1421.5272899031681
exp_001,SA_n30_inst0_run1,base,13800,13801,460.03,0.08836641703965142,76.23427143471037,931.820335953333,1380.1353358426293
exp_001,SA_n30_inst0_run1,base,14000,14001,466.7,0.08963166701141745,76.23427143471037,931.820335953333,1577.354500201705
exp_001,SA_n30_inst0_run1,base,14200,14201,473.37,0.09091483399970457,75.47192872036327,931.820335953333,1543.344983767302
exp_001,SA_n30_inst0_run1,base,14400,14401,480.03,0.09214395901653916,75.47192872036327,931.820335953333,1614.2262893666207
exp_001,SA_n30_inst0_run1,base,14600,14601,486.7,0.093365500040818,74.71720943315964,931.820335953333,1575.9838862683248
exp_001,SA_n30_inst0_run1,base,14800,14801,493.37,0.09457062504952773,74.71720943315964,931.820335953333,1572.1404940377113
exp_001,SA_n30_inst0_run1,base,15000,15001,500.03,0.0957683750311844,74.71720943315964,931.820335953333,1478.5090740404253
exp_001,SA_n30_inst0_run1,base,15200,15201,506.7,0.09696516703115776,73.97003733882804,931.820335953333,1487.3894967629828
exp_001,SA_n30_inst0_run1,base,15400,15401,513.37,0.09816112503176555,73.97003733882804,931.820335953333,1475.076572469872
exp_001,SA_n30_inst0_run1,base,15600,15601,520.03,0.0993609590223059,73.23033696543976,931.820335953333,1504.1106470124703
exp_001,SA_n30_inst0_run1,base,15800,15801,526.7,0.10064433404477313,73.23033696543976,931.820335953333,1388.90484966252
exp_001,SA_n30_inst0_run1,base,16000,16001,533.37,0.1019024170236662,73.23033696543976,931.820335953333,1472.8696532384643
exp_001,SA_n30_inst0_run1,base,16200,16201,540.03,0.10311229201033711,72.49803359578536,931.820335953333,1422.4303106684274
exp_001,SA_n30_inst0_run1,base,16400,16401,546.7,0.10431374999461696,72.49803359578536,931.820335953333,1560.1500900315918
exp_001,SA_n30_inst0_run1,base,16600,16601,553.37,0.10551829199539497,71.7730532598275,931.820335953333,1499.8941684785896
exp_001,SA_n30_inst0_run1,base,16800,16801,560.03,0.10679629200603813,71.7730532598275,931.820335953333,1260.4490130402935
exp_001,SA_n30_inst0_run1,base,17000,17001,566.7,0.1080095000215806,71.7730532598275,931.820335953333,1420.7307751707142
exp_001,SA_n30_inst0_run1,base,17200,17201,573.37,0.10920983401592821,71.05532272722922,931.820335953333,1365.4297489703658
exp_001,SA_n30_inst0_run1,base,17400,17401,580.03,0.11040558404056355,71.05532272722922,931.820335953333,1341.2676082435178
exp_001,SA_n30_inst0_run1,base,17600,17601,586.7,0.11161491699749604,70.34476949995693,931.820335953333,1420.707081837648
exp_001,SA_n30_inst0_run1,base,17800,17801,593.37,0.11284025001805276,70.34476949995693,931.820335953333,1452.2234737516603
exp_001,SA_n30_inst0_run1,base,18000,18001,600.03,0.11402362503577024,70.34476949995693,931.820335953333,1237.4100905924122
exp_001,SA_n30_inst0_run1,base,18200,18201,606.7,0.11523312504868954,69.64132180495736,931.820335953333,1310.5761757918328
exp_001,SA_n30_inst0_run1,base,18400,18401,613.37,0.11642291699536145,69.64132180495736,931.820335953333,1491.6883619222476
exp_001,SA_n30_inst0_run1,base,18600,18601,620.03,0.1176060420111753,68.94490858690779,931.820335953333,1266.454650115626
exp_001,SA_n30_inst0_run1,base,18800,18801,626.7,0.11882225004956126,68.94490858690779,931.820335953333,1522.3713553015273
exp_001,SA_n30_inst0_run1,base,19000,19001,633.37,0.12003358401125297,68.94490858690779,931.820335953333,1402.0374832093707
exp_001,SA_n30_inst0_run1,base,19200,19201,640.03,0.12123370904009789,68.25545950103871,931.820335953333,1722.9938065092947
exp_001,SA_n30_inst0_run1,base,19400,19401,646.7,0.12244391703279689,68.25545950103871,931.820335953333,1437.0150697123606
exp_001,SA_n30_inst0_run1,base,19600,19601,653.37,0.12364275002619252,67.57290490602833,931.820335953333,1487.260652897224
exp_001,SA_n30_inst0_run1,base,19800,19801,660.03,0.12483733403496444,67.57290490602833,931.820335953333,1552.2927823171192
exp_001,SA_n30_inst0_run1,base,20000,20001,666.7,0.12601837504189461,67.57290490602833,931.820335953333,1415.7592451387354
exp_001,SA_n30_inst0_run1,base,20200,20201,673.37,0.12719733401900157,66.89717585696805,931.820335953333,1415.0614075316512
exp_001,SA_n30_inst0_run1,base,20400,20401,680.03,0.12838279199786484,66.89717585696805,931.820335953333,1333.0144565255719
exp_001,SA_n30_inst0_run1,base,20600,20601,686.7,0.12955512502230704,66.22820409839836,931.820335953333,1332.7584470585068
exp_001,SA_n30_inst0_run1,base,20800,20801,693.37,0.13073845900362357,66.22820409839836,931.820335953333,1296.3584994994103
exp_001,SA_n30_inst0_run1,base,21000,21001,700.03,0.13189958402654156,66.22820409839836,931.820335953333,1249.5905783683672
exp_001,SA_n30_inst0_run1,base,21200,21201,706.7,0.13308041699929163,65.56592205741438,931.820335953333,1416.3625783760278
exp_001,SA_n30_inst0_run1,base,21400,21401,713.37,0.13427495904034004,65.56592205741438,931.820335953333,1388.393456527503
exp_001,SA_n30_inst0_run1,base,21600,21601,720.03,0.13548783404985443,64.91026283684023,931.820335953333,1526.4589549276411
exp_001,SA_n30_inst0_run1,base,21800,21801,726.7,0.1367415840504691,64.91026283684023,931.820335953333,1259.2547294387857
exp_001,SA_n30_inst0_run1,base,22000,22001,733.37,0.13793875003466383,64.91026283684023,931.820335953333,1536.00309580734
exp_001,SA_n30_inst0_run1,base,22200,22201,740.03,0.13920541701372713,64.26116020847184,931.820335953333,1476.4160474976602
exp_001,SA_n30_inst0_run1,base,22400,22401,746.7,0.14045875001465902,64.26116020847184,931.820335953333,1410.78470852424
exp_001,SA_n30_inst0_run1,base,22600,22601,753.37,0.14167295902734622,63.618548606387115,931.820335953333,1183.9790329140772
exp_001,SA_n30_inst0_run1,base,22800,22801,760.03,0.1428650839952752,63.618548606387115,931.820335953333,1325.271443726374
exp_001,SA_n30_inst0_run1,base,23000,23001,766.7,0.14405520900618285,63.618548606387115,931.820335953333,1362.3036328584976
exp_001,SA_n30_inst0_run1,base,23200,23201,773.37,0.14523983403341845,62.98236312032324,931.820335953333,1311.0483940417864
exp_001,SA_n30_inst0_run1,base,23400,23401,780.03,0.14640925003914163,62.98236312032324,931.820335953333,1228.9971574627314
exp_001,SA_n30_inst0_run1,base,23600,23601,786.7,0.1475914590409957,62.35253948912001,931.820335953333,1394.103510777207
exp_001,SA_n30_inst0_run1,base,23800,23801,793.37,0.14877108403015882,62.35253948912001,931.820335953333,1227.5975865096455
exp_001,SA_n30_inst0_run1,base,24000,24001,800.03,0.14994516700971872,62.35253948912001,931.820335953333,1375.8986588254784
exp_001,SA_n30_inst0_run1,base,24200,24201,806.7,0.15113083401229233,61.72901409422881,931.820335953333,1398.6270677011782
exp_001,SA_n30_inst0_run1,base,24400,24401,813.37,0.1523313750512898,61.72901409422881,931.820335953333,1559.6430604550278
exp_001,SA_n30_inst0_run1,base,24600,24601,820.03,0.15353008400416002,61.11172395328652,931.820335953333,1292.294148408818
exp_001,SA_n30_inst0_run1,base,24800,24801,826.7,0.15470516704954207,61.11172395328652,931.820335953333,1564.7518777217015
exp_001,SA_n30_inst0_run1,base,25000,25001,833.37,0.15591062500607222,61.11172395328652,931.820335953333,1458.8969232103314
exp_001,SA_n30_inst0_run1,base,25200,25201,840.03,0.15711183403618634,60.500606713753655,931.820335953333,1298.9373645067035
exp_001,SA_n30_inst0_run1,base,25400,25401,846.7,0.15830470900982618,60.500606713753655,931.820335953333,1412.2693462012373
exp_001,SA_n30_inst0_run1,base,25600,25601,853.37,0.1595469590392895,59.89560064661612,931.820335953333,1361.0473066868483
exp_001,SA_n30_inst0_run1,base,25800,25801,860.03,0.16074516699882224,59.89560064661612,931.820335953333,1220.495355459367
exp_001,SA_n30_inst0_run1,base,26000,26001,866.7,0.16193904203828424,59.89560064661612,931.820335953333,1422.8248767534865
exp_001,SA_n30_inst0_run1,base,26200,26201,873.37,0.16312670899787918,59.29664464014996,931.820335953333,1447.3021955147422
exp_001,SA_n30_inst0_run1,base,26400,26401,880.03,0.16430295904865488,59.29664464014996,931.820335953333,1397.5566319648838
exp_001,SA_n30_inst0_run1,base,26600,26601,886.7,0.1654919590218924,58.70367819374846,931.820335953333,1415.5807604888507
exp_001,SA_n30_inst0_run1,base,26800,26801,893.37,0.16665854200255126,58.70367819374846,931.820335953333,1132.9194158284397
exp_001,SA_n30_inst0_run1,base,27000,27001,900.03,0.1678499590489082,58.70367819374846,931.820335953333,1399.145515847655
exp_001,SA_n30_inst0_run1,base,27200,27201,906.7,0.1690738340257667,58.116641411810974,931.820335953333,1403.656387918661
exp_001,SA_n30_inst0_run1,base,27400,27401,913.37,0.1703122920007445,58.116641411810974,931.820335953333,1229.3443864086846
exp_001,SA_n30_inst0_run1,base,27600,27601,920.03,0.1715042919968255,57.535474997692866,931.820335953333,1477.822300521009
exp_001,SA_n30_inst0_run1,base,27800,27801,926.7,0.17272412503371015,57.535474997692866,931.820335953333,1439.3875548751016
exp_001,SA_n30_inst0_run1,base,28000,28001,933.37,0.17395566700724885,57.535474997692866,931.820335953333,1296.5982280589833
exp_001,SA_n30_inst0_run1,base,28200,28201,940.03,0.17514708399539813,56.960120247715935,931.820335953333,1420.3538681301889
exp_001,SA_n30_inst0_run1,base,28400,28401,946.7,0.17633775004651397,56.960120247715935,931.820335953333,1228.7049828878944
exp_001,SA_n30_inst0_run1,base,28600,28601,953.37,0.1775174590293318,56.390519045238776,931.820335953333,1420.9195867197118
exp_001,SA_n30_inst0_run1,base,28800,28801,960.03,0.1787565000122413,56.390519045238776,872.411903464206,1305.0552919555078
exp_001,SA_n30_inst0_run1,base,29000,29001,966.7,0.17992054199567065,56.390519045238776,872.411903464206,1173.911598219395
exp_001,SA_n30_inst0_run1,base,29200,29201,973.37,0.18109120900044218,55.82661385478639,872.411903464206,1275.3229100964177
exp_001,SA_n30_inst0_run1,base,29400,29401,980.03,0.18226870900252834,55.82661385478639,872.411903464206,1448.7694171040657
exp_001,SA_n30_inst0_run1,base,29600,29601,986.7,0.18344579200493172,55.26834771623852,872.411903464206,1330.5149548898023
exp_001,SA_n30_inst0_run1,base,29800,29801,993.37,0.18462262500543147,55.26834771623852,872.411903464206,1487.7074387108084
exp_001,SA_n30_inst0_run1,base,30000,30001,1000.03,0.18579816701821983,55.26834771623852,872.411903464206,1287.0828762079907
exp_001,SA_n30_inst0_run1,base,30200,30201,1006.7,0.18696712504606694,54.71566423907614,872.411903464206,1427.5497966228954
exp_001,SA_n30_inst0_run1,base,30400,30401,1013.37,0.1881332090124488,54.71566423907614,872.411903464206,1189.555786374186
exp_001,SA_n30_inst0_run1,base,30600,30601,1020.03,0.1893227090477012,54.16850759668538,872.411903464206,1226.2267132125028
exp_001,SA_n30_inst0_run1,base,30800,30801,1026.7,0.19051395903807133,54.16850759668538,872.411903464206,1215.4762272334488
exp_001,SA_n30_inst0_run1,base,31000,31001,1033.37,0.1916917500202544,54.16850759668538,872.411903464206,1454.6235709255184
exp_001,SA_n30_inst0_run1,base,31200,31201,1040.03,0.19287316704867408,53.62682252071853,872.411903464206,1361.9705868441506
exp_001,SA_n30_inst0_run1,base,31400,31401,1046.7,0.1940445420332253,53.62682252071853,872.411903464206,1329.9416434047066
exp_001,SA_n30_inst0_run1,base,31600,31601,1053.37,0.1952257090015337,53.09055429551134,872.411903464206,1489.2864110418466
exp_001,SA_n30_inst0_run1,base,31800,31801,1060.03,0.1963850420434028,53.09055429551134,872.411903464206,1405.465441112897
exp_001,SA_n30_inst0_run1,base,32000,32001,1066.7,0.19757387501886114,53.09055429551134,872.411903464206,1438.9950418714689
exp_001,SA_n30_inst0_run1,base,32200,32201,1073.37,0.1987513750209473,52.55964875255623,872.411903464206,1293.1789276130414
exp_001,SA_n30_inst0_run1,base,32400,32401,1080.03,0.1999207500484772,52.55964875255623,872.411903464206,1324.5048065492178
exp_001,SA_n30_inst0_run1,base,32600,32601,1086.7,0.20109704200876877,52.03405226503067,872.411903464206,1532.148621906152
exp_001,SA_n30_inst0_run1,base,32800,32801,1093.37,0.20226712501607835,52.03405226503067,872.411903464206,1358.305267014589
exp_001,SA_n30_inst0_run1,base,33000,33001,1100.03,0.2034499590517953,52.03405226503067,872.411903464206,1640.608319035689
exp_001,SA_n30_inst0_run1,base,33200,33201,1106.7,0.20460729202022776,51.51371174238036,872.411903464206,1078.0809033977334
exp_001,SA_n30_inst0_run1,base,33400,33401,1113.37,0.2057977500371635,51.51371174238036,872.411903464206,1323.8264689648315
exp_001,SA_n30_inst0_run1,base,33600,33601,1120.03,0.2070123340236023,50.998574624956554,872.411903464206,1730.4455902075526
exp_001,SA_n30_inst0_run1,base,33800,33801,1126.7,0.20819354202831164,50.998574624956554,872.411903464206,1315.637948940938
exp_001,SA_n30_inst0_run1,base,34000,34001,1133.37,0.20936620904831216,50.998574624956554,872.411903464206,1300.3576003798707
exp_001,SA_n30_inst0_run1,base,34200,34201,1140.03,0.2105423750472255,50.488588878706985,872.411903464206,1483.5483839051853
exp_001,SA_n30_inst0_run1,base,34400,34401,1146.7,0.21171837503788993,50.488588878706985,872.411903464206,1259.874889014483
exp_001,SA_n30_inst0_run1,base,34600,34601,1153.37,0.21288179204566404,49.98370298991991,872.411903464206,1302.181524540416
exp_001,SA_n30_inst0_run1,base,34800,34801,1160.03,0.21406275004846975,49.98370298991991,872.411903464206,1459.8799164130116
exp_001,SA_n30_inst0_run1,base,35000,35001,1166.7,0.2152330840472132,49.98370298991991,872.411903464206,1444.0506944278336
exp_001,SA_n30_inst0_run1,base,35200,35201,1173.37,0.2164055000175722,49.483865960020715,872.411903464206,1277.622144217763
exp_001,SA_n30_inst0_run1,base,35400,35401,1180.03,0.21762079204199836,49.483865960020715,872.411903464206,1473.9198370142226
exp_001,SA_n30_inst0_run1,base,35600,35601,1186.7,0.21877141704317182,48.98902730042051,872.411903464206,1107.4476611102264
exp_001,SA_n30_inst0_run1,base,35800,35801,1193.37,0.2199926670291461,48.98902730042051,872.411903464206,1296.8064728104546
exp_001,SA_n30_inst0_run1,base,36000,36001,1200.03,0.2212144590448588,48.98902730042051,872.411903464206,1139.2048861398885
exp_001,SA_n30_inst0_run1,base,36200,36201,1206.7,0.22242558404104784,48.4991370274163,872.411903464206,1200.0528806898085
exp_001,SA_n30_inst0_run1,base,36400,36401,1213.37,0.22361170902149752,48.4991370274163,872.411903464206,1291.7639305093926
exp_001,SA_n30_inst0_run1,base,36600,36601,1220.03,0.2247913750470616,48.01414565714214,872.411903464206,1365.326267114128
exp_001,SA_n30_inst0_run1,base,36800,36801,1226.7,0.2259565420099534,48.01414565714214,872.411903464206,1160.0327552280582
exp_001,SA_n30_inst0_run1,base,37000,37001,1233.37,0.22713370900601149,48.01414565714214,872.411903464206,1405.5774290729473
exp_001,SA_n30_inst0_run1,base,37200,37201,1240.03,0.22829475003527477,47.53400420057071,872.411903464206,1071.4255481687874
exp_001,SA_n30_inst0_run1,base,37400,37401,1246.7,0.22946479200618342,47.53400420057071,872.411903464206,1249.7801863406269
exp_001,SA_n30_inst0_run1,base,37600,37601,1253.37,0.23076608404517174,47.05866415856501,872.411903464206,1197.054246306896
exp_001,SA_n30_inst0_run1,base,37800,37801,1260.03,0.23202162503730506,47.05866415856501,872.411903464206,1025.9120373576286
exp_001,SA_n30_inst0_run1,base,38000,38001,1266.7,0.233279834035784,47.05866415856501,872.411903464206,1182.2460891256887
exp_001,SA_n30_inst0_run1,base,38200,38201,1273.37,0.23464841704117134,46.58807751697936,872.411903464206,1298.2557591266198
exp_001,SA_n30_inst0_run1,base,38400,38401,1280.03,0.23587433400098234,46.58807751697936,872.411903464206,1142.8525267536374
exp_001,SA_n30_inst0_run1,base,38600,38601,1286.7,0.23706008400768042,46.12219674180957,872.411903464206,1325.5138652942264
exp_001,SA_n30_inst0_run1,base,38800,38801,1293.37,0.23822804202791303,46.12219674180957,872.411903464206,1246.6928986614025
exp_001,SA_n30_inst0_run1,base,39000,39001,1300.03,0.23946645902469754,46.12219674180957,872.411903464206,1173.3196892065798
exp_001,SA_n30_inst0_run1,base,39200,39201,1306.7,0.24082183401333168,45.66097477439147,872.411903464206,980.3155145410337
exp_001,SA_n30_inst0_run1,base,39400,39401,1313.37,0.2420807090238668,45.66097477439147,872.411903464206,1278.089791864053
exp_001,SA_n30_inst0_run1,base,39600,39601,1320.03,0.24332983401836827,45.20436502664755,872.411903464206,1185.9355436168657
exp_001,SA_n30_inst0_run1,base,39800,39801,1326.7,0.24454341700766236,45.20436502664755,872.411903464206,1061.7475748964146
exp_001,SA_n30_inst0_run1,base,40000,40001,1333.37,0.2457295420463197,45.20436502664755,872.411903464206,1356.6608393804213
exp_001,SA_n30_inst0_run1,base,40200,40201,1340.03,0.24696058401605114,44.752321376381076,872.411903464206,1497.127730767343
exp_001,SA_n30_inst0_run1,base,40400,40401,1346.7,0.24829420901369303,44.752321376381076,872.411903464206,1142.6453084628479
exp_001,SA_n30_inst0_run1,base,40600,40601,1353.37,0.24952229199698195,44.30479816261727,872.411903464206,1319.3368257498705
exp_001,SA_n30_inst0_run1,base,40800,40801,1360.03,0.2507436670130119,44.30479816261727,872.411903464206,1150.052565298563
exp_001,SA_n30_inst0_run1,base,41000,41001,1366.7,0.251979292021133,44.30479816261727,872.411903464206,1112.6894163331235
exp_001,SA_n30_inst0_run1,base,41200,41201,1373.37,0.2531571669969708,43.861750180991095,872.411903464206,1131.8125924186938
exp_001,SA_n30_inst0_run1,base,41400,41401,1380.03,0.2543416250264272,43.861750180991095,872.411903464206,1354.2800136628227
exp_001,SA_n30_inst0_run1,base,41600,41601,1386.7,0.25554404204012826,43.42313267918119,872.411903464206,1462.295066892472
exp_001,SA_n30_inst0_run1,base,41800,41801,1393.37,0.2568673340138048,43.42313267918119,856.1595574720861,1174.20565737506
exp_001,SA_n30_inst0_run1,base,42000,42001,1400.03,0.25828812504187226,43.42313267918119,856.1595574720861,1494.2304963471302
exp_001,SA_n30_inst0_run1,base,42200,42201,1406.7,0.2595463340403512,42.98890135238938,856.1595574720861,1223.4235525042513
exp_001,SA_n30_inst0_run1,base,42400,42401,1413.37,0.26072191703133285,42.98890135238938,856.1595574720861,1305.5069460483926
exp_001,SA_n30_inst0_run1,base,42600,42601,1420.03,0.26189962500939146,42.559012338865486,856.1595574720861,1057.6444972034526
exp_001,SA_n30_inst0_run1,base,42800,42801,1426.7,0.2630685420008376,42.559012338865486,856.1595574720861,1532.554937086116
exp_001,SA_n30_inst0_run1,base,43000,43001,1433.37,0.26432637503603473,42.559012338865486,856.1595574720861,1141.4675995879743
exp_001,SA_n30_inst0_run1,base,43200,43201,1440.03,0.2655835000332445,42.133422215476834,856.1595574720861,1249.9800802662728
exp_001,SA_n30_inst0_run1,base,43400,43401,1446.7,0.2668634169967845,42.133422215476834,856.1595574720861,1417.5698621034032
exp_001,SA_n30_inst0_run1,base,43600,43601,1453.37,0.268180042039603,41.712087993322065,856.1595574720861,1379.3658359764204
exp_001,SA_n30_inst0_run1,base,43800,43801,1460.03,0.26940074999583885,41.712087993322065,856.1595574720861,1292.2568960257054
exp_001,SA_n30_inst0_run1,base,44000,44001,1466.7,0.27058870904147625,41.712087993322065,856.1595574720861,1239.8752269971321
exp_001,SA_n30_inst0_run1,base,44200,44201,1473.37,0.2717732500168495,41.29496711338884,856.1595574720861,1213.4369545167071
exp_001,SA_n30_inst0_run1,base,44400,44401,1480.03,0.27296408399706706,41.29496711338884,856.1595574720861,1327.6023411774909
exp_001,SA_n30_inst0_run1,base,44600,44601,1486.7,0.27449037501355633,40.882017442254956,856.1595574720861,1184.421435815426
exp_001,SA_n30_inst0_run1,base,44800,44801,1493.37,0.27590691699879244,40.882017442254956,856.1595574720861,1088.4046182089294
exp_001,SA_n30_inst0_run1,base,45000,45001,1500.03,0.2771029170253314,40.882017442254956,856.1595574720861,1469.8357296542263
exp_001,SA_n30_inst0_run1,base,45200,45201,1506.7,0.2782782500144094,40.473197267832404,856.1595574720861,1320.6853989937306
exp_001,SA_n30_inst0_run1,base,45400,45401,1513.37,0.2794558340101503,40.473197267832404,856.1595574720861,1215.3230629439272
exp_001,SA_n30_inst0_run1,base,45600,45601,1520.03,0.28101629205048084,40.06846529515408,856.1595574720861,1159.39041163949
exp_001,SA_n30_inst0_run1,base,45800,45801,1526.7,0.28238104202318937,40.06846529515408,856.1595574720861,1294.6293737783108
exp_001,SA_n30_inst0_run1,base,46000,46001,1533.37,0.2836594590335153,40.06846529515408,856.1595574720861,1386.6322521926859
exp_001,SA_n30_inst0_run1,base,46200,46201,1540.03,0.28488370904233307,39.66778064220254,856.1595574720861,1203.5144459078106
exp_001,SA_n30_inst0_run1,base,46400,46401,1546.7,0.28616091702133417,39.66778064220254,856.1595574720861,1199.1103653425107
exp_001,SA_n30_inst0_run1,base,46600,46601,1553.37,0.28737545904004946,39.27110283578051,856.1595574720861,1230.9796725093936
exp_001,SA_n30_inst0_run1,base,46800,46801,1560.03,0.2885707090026699,39.27110283578051,856.1595574720861,1240.4132245927724
exp_001,SA_n30_inst0_run1,base,47000,47001,1566.7,0.2897741250344552,39.27110283578051,856.1595574720861,1302.4876388730431
exp_001,SA_n30_inst0_run1,base,47200,47201,1573.37,0.29113287501968443,38.8783918074227,856.1595574720861,1356.0434955284186
exp_001,SA_n30_inst0_run1,base,47400,47401,1580.03,0.29242625000188127,38.8783918074227,856.1595574720861,1226.1543563743894
exp_001,SA_n30_inst0_run1,base,47600,47601,1586.7,0.29362325003603473,38.48960788934848,856.1595574720861,1117.4601512312383
exp_001,SA_n30_inst0_run1,base,47800,47801,1593.37,0.29492462502093986,38.48960788934848,856.1595574720861,1189.2697387977767
exp_001,SA_n30_inst0_run1,base,48000,48001,1600.03,0.2961745000211522,38.48960788934848,856.1595574720861,1418.096103659681
exp_001,SA_n30_inst0_run1,base,48200,48201,1606.7,0.2975493340054527,38.104711810454994,856.1595574720861,1442.6521652043377
exp_001,SA_n30_inst0_run1,base,48400,48401,1613.37,0.29887625004630536,38.104711810454994,856.1595574720861,1211.5273468314847
exp_001,SA_n30_inst0_run1,base,48600,48601,1620.03,0.3001554590300657,37.72366469235045,856.1595574720861,1304.1937190793087
exp_001,SA_n30_inst0_run1,base,48800,48801,1626.7,0.30138620903017,37.72366469235045,856.1595574720861,1029.4949647798155
exp_001,SA_n30_inst0_run1,base,49000,49001,1633.37,0.3026098750415258,37.72366469235045,856.1595574720861,1012.5398505475035
exp_001,SA_n30_inst0_run1,base,49200,49201,1640.03,0.303828792006243,37.34642804542694,856.1595574720861,1117.1911845634338
exp_001,SA_n30_inst0_run1,base,49400,49401,1646.7,0.3050033340114169,37.34642804542694,856.1595574720861,1232.2799202402657
exp_001,SA_n30_inst0_run1,base,49600,49601,1653.37,0.3062220420106314,36.97296376497267,856.1595574720861,1470.995954150524
exp_001,SA_n30_inst0_run1,base,49800,49801,1660.03,0.3077712090453133,36.97296376497267,856.1595574720861,1232.4023420780657
exp_001,SA_n30_inst0_run1,base,50000,50001,1666.7,0.309141667035874,36.97296376497267,856.1595574720861,1241.1196488299718
exp_001,SA_n30_inst0_run1,base,50000,50001,1666.7,0.3092553750029765,0.00099,856.1595574720861,1241.1196488299718
exp_001,SA_n30_inst0_run2,base,0,1,0.03,1.292035449296236e-06,100.0,1677.485896950784,1677.485896950784
exp_001,SA_n30_inst0_run2,base,200,201,6.7,0.001231459027621895,100.0,1190.0939526870263,1360.2818727372041
exp_001,SA_n30_inst0_run2,base,400,401,13.37,0.0024465840542688966,100.0,1190.0939526870263,1272.2419486050414
exp_001,SA_n30_inst0_run2,base,600,601,20.03,0.003650750033557415,99.0,1176.6682938699325,1448.1350343382348
exp_001,SA_n30_inst0_run2,base,800,801,26.7,0.004882042005192488,99.0,1142.1741805417178,1456.1966906383502
exp_001,SA_n30_inst0_run2,base,1000,1001,33.37,0.006162834004499018,99.0,1142.1741805417178,1348.4272281439485
exp_001,SA_n30_inst0_run2,base,1200,1201,40.03,0.007428584038279951,98.01,1137.6977063247932,1417.0701388500938
exp_001,SA_n30_inst0_run2,base,1400,1401,46.7,0.00865629204781726,98.01,1137.6977063247932,1512.427883566929
exp_001,SA_n30_inst0_run2,base,1600,1601,53.37,0.009868375025689602,97.0299,1137.6977063247932,1398.9913087067894
exp_001,SA_n30_inst0_run2,base,1800,1801,60.03,0.011070042033679783,97.0299,1137.6977063247932,1413.3974501659732
exp_001,SA_n30_inst0_run2,base,2000,2001,66.7,0.012272874999325722,97.0299,1122.6814975433128,1408.2047345792957
exp_001,SA_n30_inst0_run2,base,2200,2201,73.37,0.01356708403909579,96.059601,1105.1033081589117,1367.9167243229854
exp_001,SA_n30_inst0_run2,base,2400,2401,80.03,0.014829749998170882,96.059601,1105.1033081589117,1517.946358758586
exp_001,SA_n30_inst0_run2,base,2600,2601,86.7,0.016047542041633278,95.09900499,1105.1033081589117,1558.7006156383702
exp_001,SA_n30_inst0_run2,base,2800,2801,93.37,0.01725425000768155,95.09900499,1105.1033081589117,1432.3702145136099
exp_001,SA_n30_inst0_run2,base,3000,3001,100.03,0.01846045901766047,95.09900499,1105.1033081589117,1629.8703880441462
exp_001,SA_n30_inst0_run2,base,3200,3201,106.7,0.019669125031214207,94.1480149401,1105.1033081589117,1372.3582036857733
exp_001,SA_n30_inst0_run2,base,3400,3401,113.37,0.02087554201716557,94.1480149401,1105.1033081589117,1578.4998996189947
exp_001,SA_n30_inst0_run2,base,3600,3601,120.03,0.022150334028992802,93.206534790699,1105.1033081589117,1522.5375700235995
exp_001,SA_n30_inst0_run2,base,3800,3801,126.7,0.02345895901089534,93.206534790699,1105.1033081589117,1521.9864715743417
exp_001,SA_n30_inst0_run2,base,4000,4001,133.37,0.024994625011458993,93.206534790699,1105.1033081589117,1634.5597009075473
exp_001,SA_n30_inst0_run2,base,4200,4201,140.03,0.026256375014781952,92.27446944279201,1105.1033081589117,1298.350865138802
exp_001,SA_n30_inst0_run2,base,4400,4401,146.7,0.02746825001668185,92.27446944279201,1105.1033081589117,1456.545826985903
exp_001,SA_n30_inst0_run2,base,4600,4601,153.37,0.028667292033787817,91.35172474836409,1105.1033081589117,1533.2302156422586
exp_001,SA_n30_inst0_run2,base,4800,4801,160.03,0.030346417042892426,91.35172474836409,1105.1033081589117,1547.166045246488
exp_001,SA_n30_inst0_run2,base,5000,5001,166.7,0.03249350003898144,91.35172474836409,1096.469587189162,1400.2780303206348
exp_001,SA_n30_inst0_run2,base,5200,5201,173.37,0.033783959050197154,90.43820750088045,1096.469587189162,1238.244628620641
exp_001,SA_n30_inst0_run2,base,5400,5401,180.03,0.03499187499983236,90.43820750088045,1096.469587189162,1503.1243938553966
exp_001,SA_n30_inst0_run2,base,5600,5601,186.7,0.03618312504841015,89.53382542587164,1096.469587189162,1464.335350076561
exp_001,SA_n30_inst0_run2,base,5800,5801,193.37,0.037466917012352496,89.53382542587164,1096.469587189162,1215.8765332143782
exp_001,SA_n30_inst0_run2,base,6000,6001,200.03,0.038752624997869134,89.53382542587164,1096.469587189162,1550.6952255992815
exp_001,SA_n30_inst0_run2,base,6200,6201,206.7,0.040027417009696364,88.63848717161292,1096.469587189162,1399.2802721198389
exp_001,SA_n30_inst0_run2,base,6400,6401,213.37,0.041267417022027075,88.63848717161292,1096.469587189162,1267.3339927470663
exp_001,SA_n30_inst0_run2,base,6600,6601,220.03,0.04247291700448841,87.75210229989679,1096.469587189162,1465.1048109292014
exp_001,SA_n30_inst0_run2,base,6800,6801,226.7,0.043675500026438385,87.75210229989679,1096.469587189162,1550.828703790307
exp_001,SA_n30_inst0_run2,base,7000,7001,233.37,0.044872667000163347,87.75210229989679,1096.469587189162,1480.740451868468
exp_001,SA_n30_inst0_run2,base,7200,7201,240.03,0.04610891704214737,86.87458127689783,1096.469587189162,1539.7606137007213
exp_001,SA_n30_inst0_run2,base,7400,7401,246.7,0.04739745904225856,86.87458127689783,1096.469587189162,1418.9994560417144
exp_001,SA_n30_inst0_run2,base,7600,7601,253.37,0.048618625034578145,86.00583546412885,1092.2791632948154,1410.5236542894468
exp_001,SA_n30_inst0_run2,base,7800,7801,260.03,0.0498167920159176,86.00583546412885,1092.2791632948154,1417.555211488542
exp_001,SA_n30_inst0_run2,base,8000,8001,266.7,0.05101916700368747,86.00583546412885,1092.2791632948154,1411.1555340922096
exp_001,SA_n30_inst0_run2,base,8200,8201,273.37,0.05222641699947417,85.14577710948755,1092.2791632948154,1597.6799082311054
exp_001,SA_n30_inst0_run2,base,8400,8401,280.03,0.05342187505448237,85.14577710948755,1092.2791632948154,1404.2990404051793
exp_001,SA_n30_inst0_run2,base,8600,8601,286.7,0.05461800005286932,84.29431933839268,1092.2791632948154,1583.2663146237526
exp_001,SA_n30_inst0_run2,base,8800,8801,293.37,0.05580604204442352,84.29431933839268,1092.2791632948154,1404.3598919188166
exp_001,SA_n30_inst0_run2,base,9000,9001,300.03,0.05699608405120671,84.29431933839268,1092.2791632948154,1529.8529207770382
exp_001,SA_n30_inst0_run2,base,9200,9201,306.7,0.05818016704870388,83.45137614500875,1030.5772233403402,1383.5126680136789
exp_001,SA_n30_inst0_run2,base,9400,9401,313.37,0.05940070905489847,83.45137614500875,1030.5772233403402,1671.7225519825308
exp_001,SA_n30_inst0_run2,base,9600,9601,320.03,0.06061012501595542,82.61686238355867,1030.5772233403402,1462.6481071094956
exp_001,SA_n30_inst0_run2,base,9800,9801,326.7,0.061801667034160346,82.61686238355867,1030.5772233403402,1292.3841360101424
exp_001,SA_n30_inst0_run2,base,10000,10001,333.37,0.0630120420246385,82.61686238355867,1030.5772233403402,1503.7164816254328
exp_001,SA_n30_inst0_run2,base,10200,10201,340.03,0.06421741703525186,81.79069375972308,1030.5772233403402,1450.8384708786637
exp_001,SA_n30_inst0_run2,base,10400,10401,346.7,0.06541220901999623,81.79069375972308,1030.5772233403402,1544.8932886414198
exp_001,SA_n30_inst0_run2,base,10600,10601,353.37,0.06660779204685241,80.97278682212585,1030.5772233403402,1346.3614183399154
exp_001,SA_n30_inst0_run2,base,10800,10801,360.03,0.06779991701478139,80.97278682212585,1030.5772233403402,1426.5647801822076
exp_001,SA_n30_inst0_run2,base,11000,11001,366.7,0.0690024170326069,80.97278682212585,1030.5772233403402,1303.8956269488303
exp_001,SA_n30_inst0_run2,base,11200,11201,373.37,0.07020845904480666,80.1630589539046,1030.5772233403402,1389.7742418561052
exp_001,SA_n30_inst0_run2,base,11400,11401,380.03,0.07141920900903642,80.1630589539046,1030.5772233403402,1486.2849124539398
exp_001,SA_n30_inst0_run2,base,11600,11601,386.7,0.07267154200235382,79.36142836436555,1030.5772233403402,1371.58219639435
exp_001,SA_n30_inst0_run2,base,11800,11801,393.37,0.07384920900221914,79.36142836436555,1030.5772233403402,1384.388892557807
exp_001,SA_n30_inst0_run2,base,12000,12001,400.03,0.0750349170411937,79.36142836436555,1030.5772233403402,1357.015048997043
exp_001,SA_n30_inst0_run2,base,12200,12201,406.7,0.07635075005237013,78.56781408072189,1030.5772233403402,1417.6178733015868
exp_001,SA_n30_inst0_run2,base,12400,12401,413.37,0.07763487502234057,78.56781408072189,1030.5772233403402,1469.248701693722
exp_001,SA_n30_inst0_run2,base,12600,12601,420.03,0.07886566704837605,77.78213593991467,1030.5772233403402,1542.8644924037114
exp_001,SA_n30_inst0_run2,base,12800,12801,426.7,0.08015658403746784,77.78213593991467,1030.5772233403402,1481.801496142086
exp_001,SA_n30_inst0_run2,base,13000,13001,433.37,0.08141412504483014,77.78213593991467,1030.5772233403402,1405.701407430727
exp_001,SA_n30_inst0_run2,base,13200,13201,440.03,0.08263191703008488,77.00431458051553,1030.5772233403402,1243.481548049716
exp_001,SA_n30_inst0_run2,base,13400,13401,446.7,0.08384308405220509,77.00431458051553,1030.5772233403402,1344.9813875180625
exp_001,SA_n30_inst0_run2,base,13600,13601,453.37,0.08503991703037173,76.23427143471037,1030.5772233403402,1483.959391564387
exp_001,SA_n30_inst0_run2,base,13800,13801,460.03,0.08623154205270112,76.23427143471037,1030.5772233403402,1395.8666203785813
exp_001,SA_n30_inst0_run2,base,14000,14001,466.7,0.08742283401079476,76.23427143471037,1030.5772233403402,1351.7930170083794
exp_001,SA_n30_inst0_run2,base,14200,14201,473.37,0.0886163340182975,75.47192872036327,1030.5772233403402,1396.9543351819439
exp_001,SA_n30_inst0_run2,base,14400,14401,480.03,0.0898119590128772,75.47192872036327,1030.5772233403402,1418.0852684037739
exp_001,SA_n30_inst0_run2,base,14600,14601,486.7,0.09100887505337596,74.71720943315964,1030.5772233403402,1499.119603936512
exp_001,SA_n30_inst0_run2,base,14800,14801,493.37,0.09220562502741814,74.71720943315964,1030.5772233403402,1485.3596682992174
exp_001,SA_n30_inst0_run2,base,15000,15001,500.03,0.09354783402523026,74.71720943315964,1030.5772233403402,1488.2952248246963
exp_001,SA_n30_inst0_run2,base,15200,15201,506.7,0.09486691700294614,73.97003733882804,1030.5772233403402,1502.5815992259318
exp_001,SA_n30_inst0_run2,base,15400,15401,513.37,0.09615100000519305,73.97003733882804,1030.5772233403402,1630.991531958831
exp_001,SA_n30_inst0_run2,base,15600,15601,520.03,0.09745358402142301,73.23033696543976,1030.5772233403402,1432.394330447925
exp_001,SA_n30_inst0_run2,base,15800,15801,526.7,0.09868758404627442,73.23033696543976,1030.5772233403402,1571.5969904289543
exp_001,SA_n30_inst0_run2,base,16000,16001,533.37,0.10007591702742502,73.23033696543976,1030.5772233403402,1282.1866826584755
exp_001,SA_n30_inst0_run2,base,16200,16201,540.03,0.10161612502997741,72.49803359578536,1030.5772233403402,1479.0909692643597
exp_001,SA_n30_inst0_run2,base,16400,16401,546.7,0.10287070902995765,72.49803359578536,1030.5772233403402,1195.934206202602
exp_001,SA_n30_inst0_run2,base,16600,16601,553.37,0.10407583403866738,71.7730532598275,1030.5772233403402,1502.4506357351602
exp_001,SA_n30_inst0_run2,base,16800,16801,560.03,0.10527166700921953,71.7730532598275,1030.5772233403402,1317.0217921786298
exp_001,SA_n30_inst0_run2,base,17000,17001,566.7,0.10646541701862589,71.7730532598275,1030.5772233403402,1433.2733374985376
exp_001,SA_n30_inst0_run2,base,17200,17201,573.37,0.1076592500321567,71.05532272722922,1030.5772233403402,1384.8444489551925
exp_001,SA_n30_inst0_run2,base,17400,17401,580.03,0.1089070420130156,71.05532272722922,1030.5772233403402,1289.5420620145183
exp_001,SA_n30_inst0_run2,base,17600,17601,586.7,0.11018162500113249,70.34476949995693,1030.5772233403402,1340.8067712365394
exp_001,SA_n30_inst0_run2,base,17800,17801,593.37,0.1114193340181373,70.34476949995693,1030.5772233403402,1634.3287051140092
exp_001,SA_n30_inst0_run2,base,18000,18001,600.03,0.11315383401233703,70.34476949995693,1030.5772233403402,1228.9285941105495
exp_001,SA_n30_inst0_run2,base,18200,18201,606.7,0.1146715420181863,69.64132180495736,1030.5772233403402,1208.5113883283911
exp_001,SA_n30_inst0_run2,base,18400,18401,613.37,0.11594075005268678,69.64132180495736,1030.5772233403402,1304.6241637905007
exp_001,SA_n30_inst0_run2,base,18600,18601,620.03,0.11716262501431629,68.94490858690779,1030.5772233403402,1382.7531068268102
exp_001,SA_n30_inst0_run2,base,18800,18801,626.7,0.11837345903040841,68.94490858690779,1030.5772233403402,1411.8992522877745
exp_001,SA_n30_inst0_run2,base,19000,19001,633.37,0.1195863340399228,68.94490858690779,1030.5772233403402,1410.2063709525648
exp_001,SA_n30_inst0_run2,base,19200,19201,640.03,0.12079304200597107,68.25545950103871,1030.5772233403402,1292.1838816760571
exp_001,SA_n30_inst0_run2,base,19400,19401,646.7,0.12198054202599451,68.25545950103871,1030.5772233403402,1416.6369623536336
exp_001,SA_n30_inst0_run2,base,19600,19601,653.37,0.12317245901795104,67.57290490602833,1030.5772233403402,1436.578291833761
exp_001,SA_n30_inst0_run2,base,19800,19801,660.03,0.12437258404679596,67.57290490602833,1030.5772233403402,1362.9286598311385
exp_001,SA_n30_inst0_run2,base,20000,20001,666.7,0.12555366702144966,67.57290490602833,1030.5772233403402,1238.4372486470065
exp_001,SA_n30_inst0_run2,base,20200,20201,673.37,0.12681970902485773,66.89717585696805,1030.5772233403402,1313.3554896558912
exp_001,SA_n30_inst0_run2,base,20400,20401,680.03,0.12814833404263481,66.89717585696805,1030.5772233403402,1465.887533260651
exp_001,SA_n30_inst0_run2,base,20600,20601,686.7,0.1298003750271164,66.22820409839836,1030.5772233403402,1266.415531996143
exp_001,SA_n30_inst0_run2,base,20800,20801,693.37,0.13135275000240654,66.22820409839836,1030.5772233403402,1358.3125137629027
exp_001,SA_n30_inst0_run2,base,21000,21001,700.03,0.13263658405048773,66.22820409839836,1030.5772233403402,1493.999588387701
exp_001,SA_n30_inst0_run2,base,21200,21201,706.7,0.13384979200782254,65.56592205741438,1030.5772233403402,1561.802524910765
exp_001,SA_n30_inst0_run2,base,21400,21401,713.37,0.13504791702143848,65.56592205741438,1030.5772233403402,1516.1691200039725
exp_001,SA_n30_inst0_run2,base,21600,21601,720.03,0.13623941701371223,64.91026283684023,1030.5772233403402,1163.7880404450564
exp_001,SA_n30_inst0_run2,base,21800,21801,726.7,0.13743662502383813,64.91026283684023,1030.5772233403402,1421.5260297231664
exp_001,SA_n30_inst0_run2,base,22000,22001,733.37,0.1386270840303041,64.91026283684023,1030.5772233403402,1498.2244203369955
exp_001,SA_n30_inst0_run2,base,22200,22201,740.03,0.1398187919985503,64.26116020847184,1030.5772233403402,1543.5499354214444
exp_001,SA_n30_inst0_run2,base,22400,22401,746.7,0.1410154170007445,64.26116020847184,1030.5772233403402,1531.936166915972
exp_001,SA_n30_inst0_run2,base,22600,22601,753.37,0.1422075840528123,63.618548606387115,1030.5772233403402,1492.3349610284376
exp_001,SA_n30_inst0_run2,base,22800,22801,760.03,0.1435727920033969,63.618548606387115,1030.5772233403402,1363.6401630702564
exp_001,SA_n30_inst0_run2,base,23000,23001,766.7,0.14486545900581405,63.618548606387115,1030.5772233403402,1319.4240707360032
exp_001,SA_n30_inst0_run2,base,23200,23201,773.37,0.14650279202032834,62.98236312032324,1030.5772233403402,1509.6336336696995
exp_001,SA_n30_inst0_run2,base,23400,23401,780.03,0.14786862500477582,62.98236312032324,1030.5772233403402,1501.3367360125048
exp_001,SA_n30_inst0_run2,base,23600,23601,786.7,0.1490928340354003,62.35253948912001,1030.5772233403402,1320.423618457123
exp_001,SA_n30_inst0_run2,base,23800,23801,793.37,0.15029412502190098,62.35253948912001,1030.5772233403402,1354.532286475593
exp_001,SA_n30_inst0_run2,base,24000,24001,800.03,0.15150425001047552,62.35253948912001,1030.5772233403402,1458.9679515181126
exp_001,SA_n30_inst0_run2,base,24200,24201,806.7,0.15269954199902713,61.72901409422881,1030.5772233403402,1407.5161663514834
exp_001,SA_n30_inst0_run2,base,24400,24401,813.37,0.15390370902605355,61.72901409422881,1030.5772233403402,1270.7881784588126
exp_001,SA_n30_inst0_run2,base,24600,24601,820.03,0.15513812500284985,61.11172395328652,1030.5772233403402,1326.5991977071803
exp_001,SA_n30_inst0_run2,base,24800,24801,826.7,0.15632295905379578,61.11172395328652,1017.9426112513236,1347.4067209346517
exp_001,SA_n30_inst0_run2,base,25000,25001,833.37,0.15750908403424546,61.11172395328652,1017.9426112513236,1428.6325048999388
exp_001,SA_n30_inst0_run2,base,25200,25201,840.03,0.15868983400287107,60.500606713753655,1017.9426112513236,1355.555032605338
exp_001,SA_n30_inst0_run2,base,25400,25401,846.7,0.15988575003575534,60.500606713753655,1017.9426112513236,1159.971835352613
exp_001,SA_n30_inst0_run2,base,25600,25601,853.37,0.1611362500116229,59.89560064661612,1017.9426112513236,1349.2642014188036
exp_001,SA_n30_inst0_run2,base,25800,25801,860.03,0.16232158400816843,59.89560064661612,1017.9426112513236,1367.959101576679
exp_001,SA_n30_inst0_run2,base,26000,26001,866.7,0.16351179202320054,59.89560064661612,1017.9426112513236,1547.2649133745954
exp_001,SA_n30_inst0_run2,base,26200,26201,873.37,0.16470166703220457,59.29664464014996,1017.9426112513236,1515.1931688141096
exp_001,SA_n30_inst0_run2,base,26400,26401,880.03,0.1658843340119347,59.29664464014996,1017.9426112513236,1395.235418283946
exp_001,SA_n30_inst0_run2,base,26600,26601,886.7,0.16707504203077406,58.70367819374846,1017.9426112513236,1162.9925760554179
exp_001,SA_n30_inst0_run2,base,26800,26801,893.37,0.16829300002427772,58.70367819374846,1017.9426112513236,1563.0963690548538
exp_001,SA_n30_inst0_run2,base,27000,27001,900.03,0.16951508400961757,58.70367819374846,1017.9426112513236,1330.4755541856696
exp_001,SA_n30_inst0_run2,base,27200,27201,906.7,0.17072533402824774,58.116641411810974,1017.9426112513236,1564.223049780809
exp_001,SA_n30_inst0_run2,base,27400,27401,913.37,0.17191408399958163,58.116641411810974,1017.9426112513236,1450.7126536312048
exp_001,SA_n30_inst0_run2,base,27600,27601,920.03,0.17309395904885605,57.535474997692866,1017.9426112513236,1518.960779994332
exp_001,SA_n30_inst0_run2,base,27800,27801,926.7,0.17428654205286875,57.535474997692866,1017.9426112513236,1315.0183167831078
exp_001,SA_n30_inst0_run2,base,28000,28001,933.37,0.17552975000580773,57.535474997692866,1017.9426112513236,1446.7787803514502
exp_001,SA_n30_inst0_run2,base,28200,28201,940.03,0.17677962500602007,56.960120247715935,1017.9426112513236,1351.616338760764
exp_001,SA_n30_inst0_run2,base,28400,28401,946.7,0.1780023750034161,56.960120247715935,1017.9426112513236,1421.6634095256643
exp_001,SA_n30_inst0_run2,base,28600,28601,953.37,0.17923150002025068,56.390519045238776,1017.9426112513236,1286.955181011788
exp_001,SA_n30_inst0_run2,base,28800,28801,960.03,0.18043887504609302,56.390519045238776,1017.9426112513236,1471.8094898372647
exp_001,SA_n30_inst0_run2,base,29000,29001,966.7,0.18163216701941565,56.390519045238776,1017.9426112513236,1454.6047436230513
exp_001,SA_n30_inst0_run2,base,29200,29201,973.37,0.18282137502683327,55.82661385478639,1017.9426112513236,1130.7914481639298
exp_001,SA_n30_inst0_run2,base,29400,29401,980.03,0.18399287504144013,55.82661385478639,1017.9426112513236,1385.4448933763083
exp_001,SA_n30_inst0_run2,base,29600,29601,986.7,0.18519941699923947,55.26834771623852,1017.9426112513236,1162.4918228917547
exp_001,SA_n30_inst0_run2,base,29800,29801,993.37,0.18639829201856628,55.26834771623852,1017.9426112513236,1286.5022858944633
exp_001,SA_n30_inst0_run2,base,30000,30001,1000.03,0.18759266700362787,55.26834771623852,1017.9426112513236,1518.5323794008093
exp_001,SA_n30_inst0_run2,base,30200,30201,1006.7,0.18877270905068144,54.71566423907614,1017.9426112513236,1486.7995254524578
exp_001,SA_n30_inst0_run2,base,30400,30401,1013.37,0.18994508404284716,54.71566423907614,1017.9426112513236,1302.40766503489
exp_001,SA_n30_inst0_run2,base,30600,30601,1020.03,0.19111820904072374,54.16850759668538,1017.9426112513236,1367.1645048978298
exp_001,SA_n30_inst0_run2,base,30800,30801,1026.7,0.19230266701197252,54.16850759668538,1017.9426112513236,1320.7416925789214
exp_001,SA_n30_inst0_run2,base,31000,31001,1033.37,0.19355679204454646,54.16850759668538,1017.9426112513236,1310.8772613851556
exp_001,SA_n30_inst0_run2,base,31200,31201,1040.03,0.194743667030707,53.62682252071853,1017.9426112513236,1169.1067000846733
exp_001,SA_n30_inst0_run2,base,31400,31401,1046.7,0.19594958401285112,53.62682252071853,1017.9426112513236,1272.4672153363629
exp_001,SA_n30_inst0_run2,base,31600,31601,1053.37,0.19714695902075619,53.09055429551134,1017.9426112513236,1397.2271333668486
exp_001,SA_n30_inst0_run2,base,31800,31801,1060.03,0.19832662504632026,53.09055429551134,1017.9426112513236,1203.8758553216962
exp_001,SA_n30_inst0_run2,base,32000,32001,1066.7,0.19951245904667303,53.09055429551134,1017.9426112513236,1092.414081504261
exp_001,SA_n30_inst0_run2,base,32200,32201,1073.37,0.20069345901720226,52.55964875255623,979.3648869833198,1078.2625494667484
exp_001,SA_n30_inst0_run2,base,32400,32401,1080.03,0.20188670902280137,52.55964875255623,979.3648869833198,1165.3829549196175
exp_001,SA_n30_inst0_run2,base,32600,32601,1086.7,0.20310704200528562,52.03405226503067,979.3648869833198,1401.3585325100946
exp_001,SA_n30_inst0_run2,base,32800,32801,1093.37,0.2042823750525713,52.03405226503067,979.3648869833198,1290.607033187038
exp_001,SA_n30_inst0_run2,base,33000,33001,1100.03,0.20545029203640297,52.03405226503067,979.3648869833198,1232.6718668780636
exp_001,SA_n30_inst0_run2,base,33200,33201,1106.7,0.2066167090088129,51.51371174238036,979.3648869833198,1582.3162777256023
exp_001,SA_n30_inst0_run2,base,33400,33401,1113.37,0.20779541705269367,51.51371174238036,979.3648869833198,1533.628336837233
exp_001,SA_n30_inst0_run2,base,33600,33601,1120.03,0.20897666702512652,50.998574624956554,979.3648869833198,1432.443877483912
exp_001,SA_n30_inst0_run2,base,33800,33801,1126.7,0.21018104202812538,50.998574624956554,979.3648869833198,1366.5513017976589
exp_001,SA_n30_inst0_run2,base,34000,34001,1133.37,0.21138062502723187,50.998574624956554,979.3648869833198,1410.9836693669329
exp_001,SA_n30_inst0_run2,base,34200,34201,1140.03,0.2125625840271823,50.488588878706985,979.3648869833198,1373.300438844852
exp_001,SA_n30_inst0_run2,base,34400,34401,1146.7,0.21379183401586488,50.488588878706985,979.3648869833198,1292.0078221272172
exp_001,SA_n30_inst0_run2,base,34600,34601,1153.37,0.21504262503003702,49.98370298991991,979.3648869833198,1365.6412395769114
exp_001,SA_n30_inst0_run2,base,34800,34801,1160.03,0.21625941700767726,49.98370298991991,979.3648869833198,1378.9107858489238
exp_001,SA_n30_inst0_run2,base,35000,35001,1166.7,0.2174650000524707,49.98370298991991,979.3648869833198,1512.6578276838409
exp_001,SA_n30_inst0_run2,base,35200,35201,1173.37,0.21867279201978818,49.483865960020715,979.3648869833198,1373.2364768739171
exp_001,SA_n30_inst0_run2,base,35400,35401,1180.03,0.21987175004323944,49.483865960020715,979.3648869833198,1432.1995494851622
exp_001,SA_n30_inst0_run2,base,35600,35601,1186.7,0.22105516702868044,48.98902730042051,979.3648869833198,1400.617289874091
exp_001,SA_n30_inst0_run2,base,35800,35801,1193.37,0.2222306250478141,48.98902730042051,979.3648869833198,1476.6630341118785
exp_001,SA_n30_inst0_run2,base,36000,36001,1200.03,0.2234027920057997,48.98902730042051,979.3648869833198,1585.3835528140041
exp_001,SA_n30_inst0_run2,base,36200,36201,1206.7,0.2245679590268992,48.4991370274163,952.9117331972429,1281.7215819402388
exp_001,SA_n30_inst0_run2,base,36400,36401,1213.37,0.22571491700364277,48.4991370274163,952.9117331972429,1010.6414486240452
exp_001,SA_n30_inst0_run2,base,36600,36601,1220.03,0.2269160840078257,48.01414565714214,952.9117331972429,1339.8525257941208
exp_001,SA_n30_inst0_run2,base,36800,36801,1226.7,0.2281209170469083,48.01414565714214,952.9117331972429,1571.3797317961087
exp_001,SA_n30_inst0_run2,base,37000,37001,1233.37,0.2293092500185594,48.01414565714214,952.9117331972429,1295.3811762507114
exp_001,SA_n30_inst0_run2,base,37200,37201,1240.03,0.23103441705461591,47.53400420057071,952.9117331972429,1582.3299076840124
exp_001,SA_n30_inst0_run2,base,37400,37401,1246.7,0.2324003340327181,47.53400420057071,952.9117331972429,1135.2571597296626
exp_001,SA_n30_inst0_run2,base,37600,37601,1253.37,0.2336300000315532,47.05866415856501,952.9117331972429,1318.8695176134943
exp_001,SA_n30_inst0_run2,base,37800,37801,1260.03,0.23481300001731142,47.05866415856501,952.9117331972429,1256.5511290474856
exp_001,SA_n30_inst0_run2,base,38000,38001,1266.7,0.23599524999735877,47.05866415856501,952.9117331972429,1200.5570727444092
exp_001,SA_n30_inst0_run2,base,38200,38201,1273.37,0.2371845419984311,46.58807751697936,952.9117331972429,1400.2445883732908
exp_001,SA_n30_inst0_run2,base,38400,38401,1280.03,0.23834679200081155,46.58807751697936,952.9117331972429,1239.5698400601318
exp_001,SA_n30_inst0_run2,base,38600,38601,1286.7,0.23950441705528647,46.12219674180957,952.9117331972429,1248.5980364824782
exp_001,SA_n30_inst0_run2,base,38800,38801,1293.37,0.2406731250230223,46.12219674180957,952.9117331972429,1530.2243638061025
exp_001,SA_n30_inst0_run2,base,39000,39001,1300.03,0.2418451250414364,46.12219674180957,952.9117331972429,1318.5573898963773
exp_001,SA_n30_inst0_run2,base,39200,39201,1306.7,0.24306820903439075,45.66097477439147,952.9117331972429,1388.9513352486192
exp_001,SA_n30_inst0_run2,base,39400,39401,1313.37,0.24429737502941862,45.66097477439147,952.9117331972429,1023.9326377414799
exp_001,SA_n30_inst0_run2,base,39600,39601,1320.03,0.24551354203140363,45.20436502664755,952.9117331972429,1362.4116779163853
exp_001,SA_n30_inst0_run2,base,39800,39801,1326.7,0.24674616701668128,45.20436502664755,952.9117331972429,1335.2096355136152
exp_001,SA_n30_inst0_run2,base,40000,40001,1333.37,0.24798758403630927,45.20436502664755,952.9117331972429,1420.200017609569
exp_001,SA_n30_inst0_run2,base,40200,40201,1340.03,0.24918854201678187,44.752321376381076,952.9117331972429,1343.199422157948
exp_001,SA_n30_inst0_run2,base,40400,40401,1346.7,0.25050666701281443,44.752321376381076,952.9117331972429,1089.677485536147
exp_001,SA_n30_inst0_run2,base,40600,40601,1353.37,0.25174400000832975,44.30479816261727,952.9117331972429,1471.6041998491742
exp_001,SA_n30_inst0_run2,base,40800,40801,1360.03,0.2529529590392485,44.30479816261727,952.9117331972429,1389.2762107503993
exp_001,SA_n30_inst0_run2,base,41000,41001,1366.7,0.2541188340401277,44.30479816261727,913.4440709865045,1073.011223010871
exp_001,SA_n30_inst0_run2,base,41200,41201,1373.37,0.25529525004094467,43.861750180991095,913.4440709865045,1198.2796690260852
exp_001,SA_n30_inst0_run2,base,41400,41401,1380.03,0.25646708405110985,43.861750180991095,913.4440709865045,1320.6278996805777
exp_001,SA_n30_inst0_run2,base,41600,41601,1386.7,0.25764141703257337,43.42313267918119,913.4440709865045,1285.8443759480604
exp_001,SA_n30_inst0_run2,base,41800,41801,1393.37,0.25884645903715864,43.42313267918119,913.4440709865045,1141.1495792650244
exp_001,SA_n30_inst0_run2,base,42000,42001,1400.03,0.26012300001457334,43.42313267918119,913.4440709865045,1335.3855531611875
exp_001,SA_n30_inst0_run2,base,42200,42201,1406.7,0.261345875042025,42.98890135238938,913.4440709865045,1189.8204884740999
exp_001,SA_n30_inst0_run2,base,42400,42401,1413.37,0.26255425001727417,42.98890135238938,913.4440709865045,1234.3576727837572
exp_001,SA_n30_inst0_run2,base,42600,42601,1420.03,0.26376687502488494,42.559012338865486,913.4440709865045,1319.1542309905594
exp_001,SA_n30_inst0_run2,base,42800,42801,1426.7,0.26497408404247835,42.559012338865486,913.4440709865045,1177.4149469723034
exp_001,SA_n30_inst0_run2,base,43000,43001,1433.37,0.2661502500413917,42.559012338865486,913.4440709865045,1315.7608223253637
exp_001,SA_n30_inst0_run2,base,43200,43201,1440.03,0.26733483403222635,42.133422215476834,913.4440709865045,1305.036884535361
exp_001,SA_n30_inst0_run2,base,43400,43401,1446.7,0.26852208405034617,42.133422215476834,913.4440709865045,1483.742780084631
exp_001,SA_n30_inst0_run2,base,43600,43601,1453.37,0.271498917019926,41.712087993322065,913.4440709865045,1303.997886777525
exp_001,SA_n30_inst0_run2,base,43800,43801,1460.03,0.27557216701097786,41.712087993322065,913.4440709865045,1324.956488793292
exp_001,SA_n30_inst0_run2,base,44000,44001,1466.7,0.27685004204977304,41.712087993322065,913.4440709865045,1326.311191432278
exp_001,SA_n30_inst0_run2,base,44200,44201,1473.37,0.2780752500402741,41.29496711338884,913.4440709865045,1092.1114126979307
exp_001,SA_n30_inst0_run2,base,44400,44401,1480.03,0.2792922090156935,41.29496711338884,913.4440709865045,1406.3295419917433
exp_001,SA_n30_inst0_run2,base,44600,44601,1486.7,0.28050037502544,40.882017442254956,913.4440709865045,1237.1363807224363
exp_001,SA_n30_inst0_run2,base,44800,44801,1493.37,0.28169433400034904,40.882017442254956,883.9050965254671,1035.9540630992224
exp_001,SA_n30_inst0_run2,base,45000,45001,1500.03,0.2828528750105761,40.882017442254956,883.9050965254671,1016.1531988499439
exp_001,SA_n30_inst0_run2,base,45200,45201,1506.7,0.2840097500011325,40.473197267832404,883.9050965254671,1162.8696809631267
exp_001,SA_n30_inst0_run2,base,45400,45401,1513.37,0.28517795901279896,40.473197267832404,883.9050965254671,1110.1302018927279
exp_001,SA_n30_inst0_run2,base,45600,45601,1520.03,0.28635095903882757,40.06846529515408,883.9050965254671,1365.89653675981
exp_001,SA_n30_inst0_run2,base,45800,45801,1526.7,0.2875411250279285,40.06846529515408,883.9050965254671,1119.4270962276196
exp_001,SA_n30_inst0_run2,base,46000,46001,1533.37,0.28876854199916124,40.06846529515408,883.9050965254671,1292.945903454607
exp_001,SA_n30_inst0_run2,base,46200,46201,1540.03,0.28999270900385454,39.66778064220254,883.9050965254671,1433.4371399381484
exp_001,SA_n30_inst0_run2,base,46400,46401,1546.7,0.291158500011079,39.66778064220254,883.9050965254671,1231.7930715105065
exp_001,SA_n30_inst0_run2,base,46600,46601,1553.37,0.29231287504080683,39.27110283578051,883.9050965254671,1276.9040032558812
exp_001,SA_n30_inst0_run2,base,46800,46801,1560.03,0.2934952090145089,39.27110283578051,883.9050965254671,1273.1740587497845
exp_001,SA_n30_inst0_run2,base,47000,47001,1566.7,0.29471500002546236,39.27110283578051,883.9050965254671,1428.594692731295
exp_001,SA_n30_inst0_run2,base,47200,47201,1573.37,0.29594612499931827,38.8783918074227,883.9050965254671,1266.9804871419922
exp_001,SA_n30_inst0_run2,base,47400,47401,1580.03,0.29713154199998826,38.8783918074227,883.9050965254671,1139.549311270774
exp_001,SA_n30_inst0_run2,base,47600,47601,1586.7,0.2983459170209244,38.48960788934848,883.9050965254671,1397.8414327209177
exp_001,SA_n30_inst0_run2,base,47800,47801,1593.37,0.2995441250386648,38.48960788934848,883.9050965254671,1277.9511955834232
exp_001,SA_n30_inst0_run2,base,48000,48001,1600.03,0.30071562505327165,38.48960788934848,883.9050965254671,1218.996213522877
exp_001,SA_n30_inst0_run2,base,48200,48201,1606.7,0.3018849170184694,38.104711810454994,883.9050965254671,1248.952143876679
exp_001,SA_n30_inst0_run2,base,48400,48401,1613.37,0.30305266700452194,38.104711810454994,883.9050965254671,973.8167053636155
exp_001,SA_n30_inst0_run2,base,48600,48601,1620.03,0.30421862500952557,37.72366469235045,883.9050965254671,1304.9089595336745
exp_001,SA_n30_inst0_run2,base,48800,48801,1626.7,0.30539483402390033,37.72366469235045,883.9050965254671,1146.2942998838892
exp_001,SA_n30_inst0_run2,base,49000,49001,1633.37,0.30665262503316626,37.72366469235045,883.9050965254671,1321.364895639491
exp_001,SA_n30_inst0_run2,base,49200,49201,1640.03,0.3078707500244491,37.34642804542694,883.9050965254671,1128.3167654159417
exp_001,SA_n30_inst0_run2,base,49400,49401,1646.7,0.3091323749977164,37.34642804542694,883.9050965254671,1211.188815147028
exp_001,SA_n30_inst0_run2,base,49600,49601,1653.37,0.3103345000417903,36.97296376497267,883.9050965254671,1055.1447364246815
exp_001,SA_n30_inst0_run2,base,49800,49801,1660.03,0.31149187503615394,36.97296376497267,883.9050965254671,1274.920118217533
exp_001,SA_n30_inst0_run2,base,50000,50001,1666.7,0.31279525003628805,36.97296376497267,883.9050965254671,1122.2214523022535
exp_001,SA_n30_inst0_run2,base,50000,50001,1666.7,0.3129480840289034,0.00099,883.9050965254671,1122.2214523022535
exp_001,SA_n30_inst1_run0,base,0,1,0.03,1.333013642579317e-06,100.0,1451.5993252828607,1451.5993252828607
exp_001,SA_n30_inst1_run0,base,200,201,6.7,0.0012338330270722508,100.0,956.0313541976963,1478.2327184399
exp_001,SA_n30_inst1_run0,base,400,401,13.37,0.0024462080327793956,100.0,956.0313541976963,1413.0617909020991
exp_001,SA_n30_inst1_run0,base,600,601,20.03,0.0036475000088103116,99.0,956.0313541976963,1410.0897534988612
exp_001,SA_n30_inst1_run0,base,800,801,26.7,0.004847542033530772,99.0,956.0313541976963,1425.291727094932
exp_001,SA_n30_inst1_run0,base,1000,1001,33.37,0.0060537499957717955,99.0,956.0313541976963,1255.4990780357637
exp_001,SA_n30_inst1_run0,base,1200,1201,40.03,0.007310667017009109,98.01,956.0313541976963,1408.2412434938535
exp_001,SA_n30_inst1_run0,base,1400,1401,46.7,0.008554083004128188,98.01,956.0313541976963,1509.4359718232154
exp_001,SA_n30_inst1_run0,base,1600,1601,53.37,0.009785792033653706,97.0299,956.0313541976963,1405.216644740523
exp_001,SA_n30_inst1_run0,base,1800,1801,60.03,0.011090416985098273,97.0299,956.0313541976963,1463.9594984371552
exp_001,SA_n30_inst1_run0,base,2000,2001,66.7,0.012411792005877942,97.0299,956.0313541976963,1525.3462716673064
exp_001,SA_n30_inst1_run0,base,2200,2201,73.37,0.01362516701919958,96.059601,956.0313541976963,1510.0917869754176
exp_001,SA_n30_inst1_run0,base,2400,2401,80.03,0.014820416981820017,96.059601,956.0313541976963,1523.6426183273934
exp_001,SA_n30_inst1_run0,base,2600,2601,86.7,0.016115583013743162,95.09900499,956.0313541976963,1493.366182656014
exp_001,SA_n30_inst1_run0,base,2800,2801,93.37,0.017367416992783546,95.09900499,956.0313541976963,1379.8674854747733
exp_001,SA_n30_inst1_run0,base,3000,3001,100.03,0.01858041703235358,95.09900499,956.0313541976963,1480.0998504152258
exp_001,SA_n30_inst1_run0,base,3200,3201,106.7,0.019784957985393703,94.1480149401,956.0313541976963,1409.158808586999
exp_001,SA_n30_inst1_run0,base,3400,3401,113.37,0.020988250034861267,94.1480149401,956.0313541976963,1474.04409680407
exp_001,SA_n30_inst1_run0,base,3600,3601,120.03,0.02219683298608288,93.206534790699,956.0313541976963,1365.8180347358586
exp_001,SA_n30_inst1_run0,base,3800,3801,126.7,0.02340366702992469,93.206534790699,956.0313541976963,1356.4462362735615
exp_001,SA_n30_inst1_run0,base,4000,4001,133.37,0.02461554203182459,93.206534790699,956.0313541976963,1490.541364967218
exp_001,SA_n30_inst1_run0,base,4200,4201,140.03,0.025827208010014147,92.27446944279201,956.0313541976963,1442.8322706384208
exp_001,SA_n30_inst1_run0,base,4400,4401,146.7,0.027068166993558407,92.27446944279201,956.0313541976963,1290.8073224841407
exp_001,SA_n30_inst1_run0,base,4600,4601,153.37,0.028417250025086105,91.35172474836409,956.0313541976963,1332.8559612701752
exp_001,SA_n30_inst1_run0,base,4800,4801,160.03,0.02969616698101163,91.35172474836409,956.0313541976963,1416.179457970898
exp_001,SA_n30_inst1_run0,base,5000,5001,166.7,0.03091708302963525,91.35172474836409,956.0313541976963,1202.3883408252852
exp_001,SA_n30_inst1_run0,base,5200,5201,173.37,0.03221829200629145,90.43820750088045,956.0313541976963,1598.147478341371
exp_001,SA_n30_inst1_run0,base,5400,5401,180.03,0.033477500022854656,90.43820750088045,956.0313541976963,1581.9569745680099
exp_001,SA_n30_inst1_run0,base,5600,5601,186.7,0.0347231249907054,89.53382542587164,956.0313541976963,1637.1448574649605
exp_001,SA_n30_inst1_run0,base,5800,5801,193.37,0.03601733298273757,89.53382542587164,956.0313541976963,1399.91804882872
exp_001,SA_n30_inst1_run0,base,6000,6001,200.03,0.03723954199813306,89.53382542587164,956.0313541976963,1441.8426025540466
exp_001,SA_n30_inst1_run0,base,6200,6201,206.7,0.038447832979727536,88.63848717161292,956.0313541976963,1464.129604082903
exp_001,SA_n30_inst1_run0,base,6400,6401,213.37,0.039648542006034404,88.63848717161292,956.0313541976963,1198.3800660833017
exp_001,SA_n30_inst1_run0,base,6600,6601,220.03,0.04089570802170783,87.75210229989679,956.0313541976963,1246.9245340055886
exp_001,SA_n30_inst1_run0,base,6800,6801,226.7,0.04221112502273172,87.75210229989679,956.0313541976963,1434.8303636180196
exp_001,SA_n30_inst1_run0,base,7000,7001,233.37,0.04352183302398771,87.75210229989679,956.0313541976963,1284.3625739239935
exp_001,SA_n30_inst1_run0,base,7200,7201,240.03,0.04493612499209121,86.87458127689783,956.0313541976963,1438.0326098095077
exp_001,SA_n30_inst1_run0,base,7400,7401,246.7,0.046249000006355345,86.87458127689783,956.0313541976963,1154.3664612716072
exp_001,SA_n30_inst1_run0,base,7600,7601,253.37,0.04750858299667016,86.00583546412885,956.0313541976963,1264.8344826481086
exp_001,SA_n30_inst1_run0,base,7800,7801,260.03,0.048866250028368086,86.00583546412885,956.0313541976963,1257.2797687323214
exp_001,SA_n30_inst1_run0,base,8000,8001,266.7,0.050116583006456494,86.00583546412885,956.0313541976963,1502.3568010941317
exp_001,SA_n30_inst1_run0,base,8200,8201,273.37,0.05135441699530929,85.14577710948755,956.0313541976963,1510.3546195132953
exp_001,SA_n30_inst1_run0,base,8400,8401,280.03,0.05259991699131206,85.14577710948755,956.0313541976963,1360.4725993149407
exp_001,SA_n30_inst1_run0,base,8600,8601,286.7,0.0538224580232054,84.29431933839268,956.0313541976963,1359.6612580768763
exp_001,SA_n30_inst1_run0,base,8800,8801,293.37,0.055029749986715615,84.29431933839268,956.0313541976963,1420.8377001236597
exp_001,SA_n30_inst1_run0,base,9000,9001,300.03,0.056306458020117134,84.29431933839268,956.0313541976963,1482.5163695207368
exp_001,SA_n30_inst1_run0,base,9200,9201,306.7,0.05752720800228417,83.45137614500875,956.0313541976963,1294.1282562501028
exp_001,SA_n30_inst1_run0,base,9400,9401,313.37,0.058739166997838765,83.45137614500875,956.0313541976963,1372.5141102084933
exp_001,SA_n30_inst1_run0,base,9600,9601,320.03,0.059950083028525114,82.61686238355867,956.0313541976963,1210.2309942965223
exp_001,SA_n30_inst1_run0,base,9800,9801,326.7,0.061188917024992406,82.61686238355867,956.0313541976963,1239.3400985591388
exp_001,SA_n30_inst1_run0,base,10000,10001,333.37,0.062470833014231175,82.61686238355867,956.0313541976963,1161.47677338584
exp_001,SA_n30_inst1_run0,base,10200,10201,340.03,0.06367862498154864,81.79069375972308,956.0313541976963,1473.706322249961
exp_001,SA_n30_inst1_run0,base,10400,10401,346.7,0.06488295801682398,81.79069375972308,956.0313541976963,1524.6400328947582
exp_001,SA_n30_inst1_run0,base,10600,10601,353.37,0.0661213329876773,80.97278682212585,956.0313541976963,1360.5857908960504
exp_001,SA_n30_inst1_run0,base,10800,10801,360.03,0.06733820802764967,80.97278682212585,956.0313541976963,1488.0973279363338
exp_001,SA_n30_inst1_run0,base,11000,11001,366.7,0.06854766700416803,80.97278682212585,956.0313541976963,1460.676101686562
exp_001,SA_n30_inst1_run0,base,11200,11201,373.37,0.06974975002231076,80.1630589539046,956.0313541976963,1193.1434369731307
exp_001,SA_n30_inst1_run0,base,11400,11401,380.03,0.07110741699580103,80.1630589539046,956.0313541976963,1372.7361392411171
exp_001,SA_n30_inst1_run0,base,11600,11601,386.7,0.07240499998442829,79.36142836436555,956.0313541976963,1532.2984380416617
exp_001,SA_n30_inst1_run0,base,11800,11801,393.37,0.07363620802061632,79.36142836436555,956.0313541976963,1317.9051497907717
exp_001,SA_n30_inst1_run0,base,12000,12001,400.03,0.07486062502721325,79.36142836436555,956.0313541976963,1545.2407561675564
exp_001,SA_n30_inst1_run0,base,12200,12201,406.7,0.07607137499144301,78.56781408072189,956.0313541976963,1379.5684862612723
exp_001,SA_n30_inst1_run0,base,12400,12401,413.37,0.07728995801880956,78.56781408072189,956.0313541976963,1344.4553265924121
exp_001,SA_n30_inst1_run0,base,12600,12601,420.03,0.07856262498535216,77.78213593991467,956.0313541976963,1498.7625078760552
exp_001,SA_n30_inst1_run0,base,12800,12801,426.7,0.07985341700259596,77.78213593991467,956.0313541976963,1388.3101669222788
exp_001,SA_n30_inst1_run0,base,13000,13001,433.37,0.0811135420226492,77.78213593991467,956.0313541976963,1202.0214694825893
exp_001,SA_n30_inst1_run0,base,13200,13201,440.03,0.08235350000904873,77.00431458051553,956.0313541976963,1222.5500181639304
exp_001,SA_n30_inst1_run0,base,13400,13401,446.7,0.08363775000907481,77.00431458051553,956.0313541976963,1436.3494432824164
exp_001,SA_n30_inst1_run0,base,13600,13601,453.37,0.08497541700489819,76.23427143471037,956.0313541976963,1431.311511570721
exp_001,SA_n30_inst1_run0,base,13800,13801,460.03,0.08620741701452062,76.23427143471037,956.0313541976963,1526.4983219108299
exp_001,SA_n30_inst1_run0,base,14000,14001,466.7,0.08747845800826326,76.23427143471037,956.0313541976963,1255.3871738405574
exp_001,SA_n30_inst1_run0,base,14200,14201,473.37,0.08877833298174664,75.47192872036327,956.0313541976963,1467.481375283441
exp_001,SA_n30_inst1_run0,base,14400,14401,480.03,0.08999820798635483,75.47192872036327,956.0313541976963,1181.8946724542507
exp_001,SA_n30_inst1_run0,base,14600,14601,486.7,0.09120841702679172,74.71720943315964,956.0313541976963,1178.6009659267177
exp_001,SA_n30_inst1_run0,base,14800,14801,493.37,0.09242345800157636,74.71720943315964,956.0313541976963,1371.8269903764374
exp_001,SA_n30_inst1_run0,base,15000,15001,500.03,0.09366079198662192,74.71720943315964,956.0313541976963,1398.7774956207454
exp_001,SA_n30_inst1_run0,base,15200,15201,506.7,0.09498062502825633,73.97003733882804,956.0313541976963,1444.9139621729105
exp_001,SA_n30_inst1_run0,base,15400,15401,513.37,0.09629095799755305,73.97003733882804,956.0313541976963,1253.4564270934727
exp_001,SA_n30_inst1_run0,base,15600,15601,520.03,0.09751987498020753,73.23033696543976,956.0313541976963,1392.1186356184094
exp_001,SA_n30_inst1_run0,base,15800,15801,526.7,0.09873224998591468,73.23033696543976,956.0313541976963,1387.8904372617715
exp_001,SA_n30_inst1_run0,base,16000,16001,533.37,0.0999357079854235,73.23033696543976,956.0313541976963,1560.5013210575012
exp_001,SA_n30_inst1_run0,base,16200,16201,540.03,0.10125529201468453,72.49803359578536,956.0313541976963,1162.885526816501
exp_001,SA_n30_inst1_run0,base,16400,16401,546.7,0.10265491699101403,72.49803359578536,956.0313541976963,1353.1912783951964
exp_001,SA_n30_inst1_run0,base,16600,16601,553.37,0.10389245802070946,71.7730532598275,956.0313541976963,1379.4837064599037
exp_001,SA_n30_inst1_run0,base,16800,16801,560.03,0.1051046249922365,71.7730532598275,956.0313541976963,1339.332398043995
exp_001,SA_n30_inst1_run0,base,17000,17001,566.7,0.10630291700363159,71.7730532598275,956.0313541976963,1139.075443138435
exp_001,SA_n30_inst1_run0,base,17200,17201,573.37,0.1075787500012666,71.05532272722922,956.0313541976963,1173.8180842856837
exp_001,SA_n30_inst1_run0,base,17400,17401,580.03,0.10883462498895824,71.05532272722922,956.0313541976963,1574.8334407920652
exp_001,SA_n30_inst1_run0,base,17600,17601,586.7,0.11021420801989734,70.34476949995693,956.0313541976963,1364.9416468329762
exp_001,SA_n30_inst1_run0,base,17800,17801,593.37,0.11158062500180677,70.34476949995693,956.0313541976963,1343.9354508474153
exp_001,SA_n30_inst1_run0,base,18000,18001,600.03,0.11377591697964817,70.34476949995693,956.0313541976963,1263.1858093388626
exp_001,SA_n30_inst1_run0,base,18200,18201,606.7,0.11506708298111334,69.64132180495736,956.0313541976963,1426.1496092443092
exp_001,SA_n30_inst1_run0,base,18400,18401,613.37,0.11701966699911281,69.64132180495736,956.0313541976963,1538.7876727318596
exp_001,SA_n30_inst1_run0,base,18600,18601,620.03,0.1186020000022836,68.94490858690779,956.0313541976963,1186.7509079598933
exp_001,SA_n30_inst1_run0,base,18800,18801,626.7,0.11993774998700246,68.94490858690779,956.0313541976963,1317.0971964604016
exp_001,SA_n30_inst1_run0,base,19000,19001,633.37,0.12117658299393952,68.94490858690779,956.0313541976963,1418.5613613585892
exp_001,SA_n30_inst1_run0,base,19200,19201,640.03,0.12240083300275728,68.25545950103871,956.0313541976963,1302.2192281833213
exp_001,SA_n30_inst1_run0,base,19400,19401,646.7,0.12361308303661644,68.25545950103871,956.0313541976963,1456.361739219654
exp_001,SA_n30_inst1_run0,base,19600,19601,653.37,0.12490170798264444,67.57290490602833,956.0313541976963,1400.6500469717648
exp_001,SA_n30_inst1_run0,base,19800,19801,660.03,0.1261278330348432,67.57290490602833,956.0313541976963,1136.497013312685
exp_001,SA_n30_inst1_run0,base,20000,20001,666.7,0.12740075000328943,67.57290490602833,956.0313541976963,1082.6148686151182
exp_001,SA_n30_inst1_run0,base,20200,20201,673.37,0.12874816701514646,66.89717585696805,956.0313541976963,1450.3919373748936
exp_001,SA_n30_inst1_run0,base,20400,20401,680.03,0.1300501250079833,66.89717585696805,956.0313541976963,1340.8628511192644
exp_001,SA_n30_inst1_run0,base,20600,20601,686.7,0.1312802080065012,66.22820409839836,956.0313541976963,1220.7177478281192
exp_001,SA_n30_inst1_run0,base,20800,20801,693.37,0.13249195803655311,66.22820409839836,956.0313541976963,1299.6421674003057
exp_001,SA_n30_inst1_run0,base,21000,21001,700.03,0.13375062501290813,66.22820409839836,956.0313541976963,1446.994411965281
exp_001,SA_n30_inst1_run0,base,21200,21201,706.7,0.1350502499844879,65.56592205741438,956.0313541976963,1383.7707564882403
exp_001,SA_n30_inst1_run0,base,21400,21401,713.37,0.1363837500102818,65.56592205741438,956.0313541976963,1460.352569528806
exp_001,SA_n30_inst1_run0,base,21600,21601,720.03,0.137608207995072,64.91026283684023,956.0313541976963,1233.1202358515814
exp_001,SA_n30_inst1_run0,base,21800,21801,726.7,0.1387905420269817,64.91026283684023,956.0313541976963,1292.1072811118797
exp_001,SA_n30_inst1_run0,base,22000,22001,733.37,0.13997995801037177,64.91026283684023,956.0313541976963,1057.738416316856
exp_001,SA_n30_inst1_run0,base,22200,22201,740.03,0.14123900001868606,64.26116020847184,956.0313541976963,1567.3781680154775
exp_001,SA_n30_inst1_run0,base,22400,22401,746.7,0.1425091249984689,64.26116020847184,956.0313541976963,1317.896928139727
exp_001,SA_n30_inst1_run0,base,22600,22601,753.37,0.14376683300361037,63.618548606387115,956.0313541976963,1212.3794121573308
exp_001,SA_n30_inst1_run0,base,22800,22801,760.03,0.1450691670179367,63.618548606387115,956.0313541976963,1375.5406224747487
exp_001,SA_n30_inst1_run0,base,23000,23001,766.7,0.14631233300315216,63.618548606387115,956.0313541976963,1416.961627268358
exp_001,SA_n30_inst1_run0,base,23200,23201,773.37,0.14750666701002046,62.98236312032324,907.0848989544264,1308.4857289790473
exp_001,SA_n30_inst1_run0,base,23400,23401,780.03,0.1487177080125548,62.98236312032324,907.0848989544264,1349.542595800307
exp_001,SA_n30_inst1_run0,base,23600,23601,786.7,0.15006666700355709,62.35253948912001,907.0848989544264,1291.8117582769355
exp_001,SA_n30_inst1_run0,base,23800,23801,793.37,0.151375041983556,62.35253948912001,907.0848989544264,1284.4501941295564
exp_001,SA_n30_inst1_run0,base,24000,24001,800.03,0.15333491703495383,62.35253948912001,907.0848989544264,1315.1138437116097
exp_001,SA_n30_inst1_run0,base,24200,24201,806.7,0.15481049998197705,61.72901409422881,907.0848989544264,1257.0132853860473
exp_001,SA_n30_inst1_run0,base,24400,24401,813.37,0.15607741702115163,61.72901409422881,907.0848989544264,1446.3050854920325
exp_001,SA_n30_inst1_run0,base,24600,24601,820.03,0.15735900000436231,61.11172395328652,907.0848989544264,1329.6901653461246
exp_001,SA_n30_inst1_run0,base,24800,24801,826.7,0.15864341700216755,61.11172395328652,907.0848989544264,1090.8192243478443
exp_001,SA_n30_inst1_run0,base,25000,25001,833.37,0.15986991702811792,61.11172395328652,907.0848989544264,1327.8297551508856
exp_001,SA_n30_inst1_run0,base,25200,25201,840.03,0.16134166700066999,60.500606713753655,907.0848989544264,1522.4039665358366
exp_001,SA_n30_inst1_run0,base,25400,25401,846.7,0.16284283302957192,60.500606713753655,907.0848989544264,1215.5339592708583
exp_001,SA_n30_inst1_run0,base,25600,25601,853.37,0.1641122080036439,59.89560064661612,907.0848989544264,1092.2216257626476
exp_001,SA_n30_inst1_run0,base,25800,25801,860.03,0.16533983300905675,59.89560064661612,907.0848989544264,1268.162719312941
exp_001,SA_n30_inst1_run0,base,26000,26001,866.7,0.1666776670026593,59.89560064661612,907.0848989544264,1375.6864670924263
exp_001,SA_n30_inst1_run0,base,26200,26201,873.37,0.1679442499880679,59.29664464014996,907.0848989544264,1454.3996054423608
exp_001,SA_n30_inst1_run0,base,26400,26401,880.03,0.16915366699686274,59.29664464014996,907.0848989544264,1356.7198098286044
exp_001,SA_n30_inst1_run0,base,26600,26601,886.7,0.17034579202299938,58.70367819374846,907.0848989544264,1339.9980146709581
exp_001,SA_n30_inst1_run0,base,26800,26801,893.37,0.1715293750166893,58.70367819374846,907.0848989544264,1233.4882382951114
exp_001,SA_n30_inst1_run0,base,27000,27001,900.03,0.17271916702156886,58.70367819374846,907.0848989544264,1152.747909537111
exp_001,SA_n30_inst1_run0,base,27200,27201,906.7,0.1739641249878332,58.116641411810974,907.0848989544264,1342.2665490782124
exp_001,SA_n30_inst1_run0,base,27400,27401,913.37,0.17522329202620313,58.116641411810974,907.0848989544264,1393.3818866003494
exp_001,SA_n30_inst1_run0,base,27600,27601,920.03,0.1764130829833448,57.535474997692866,907.0848989544264,1074.767189227309
exp_001,SA_n30_inst1_run0,base,27800,27801,926.7,0.1776447920128703,57.535474997692866,907.0848989544264,1334.1936136589215
exp_001,SA_n30_inst1_run0,base,28000,28001,933.37,0.17885616701096296,57.535474997692866,907.0848989544264,1398.0847971407495
exp_001,SA_n30_inst1_run0,base,28200,28201,940.03,0.18004499998642132,56.960120247715935,907.0848989544264,1520.277994070192
exp_001,SA_n30_inst1_run0,base,28400,28401,946.7,0.18123087502317503,56.960120247715935,907.0848989544264,1347.3124265765623
exp_001,SA_n30_inst1_run0,base,28600,28601,953.37,0.18242220801766962,56.390519045238776,907.0848989544264,1183.5825911164318
exp_001,SA_n30_inst1_run0,base,28800,28801,960.03,0.1836788750370033,56.390519045238776,907.0848989544264,1307.825165076169
exp_001,SA_n30_inst1_run0,base,29000,29001,966.7,0.18497883301461115,56.390519045238776,907.0848989544264,1262.9946247773512
exp_001,SA_n30_inst1_run0,base,29200,29201,973.37,0.18620345799718052,55.82661385478639,907.0848989544264,1285.6321392779632
exp_001,SA_n30_inst1_run0,base,29400,29401,980.03,0.1874207920045592,55.82661385478639,907.0848989544264,1421.5559290384945
exp_001,SA_n30_inst1_run0,base,29600,29601,986.7,0.1886130829807371,55.26834771623852,907.0848989544264,1329.6508159295943
exp_001,SA_n30_inst1_run0,base,29800,29801,993.37,0.18982949998462573,55.26834771623852,907.0848989544264,1313.9077460655242
exp_001,SA_n30_inst1_run0,base,30000,30001,1000.03,0.19101258303271607,55.26834771623852,907.0848989544264,1515.1990188660086
exp_001,SA_n30_inst1_run0,base,30200,30201,1006.7,0.19225937500596046,54.71566423907614,907.0848989544264,1145.3581076952298
exp_001,SA_n30_inst1_run0,base,30400,30401,1013.37,0.1935039579984732,54.71566423907614,907.0848989544264,1375.4044921572279
exp_001,SA_n30_inst1_run0,base,30600,30601,1020.03,0.19470741698751226,54.16850759668538,907.0848989544264,1492.9960936437794
exp_001,SA_n30_inst1_run0,base,30800,30801,1026.7,0.19587704201694578,54.16850759668538,907.0848989544264,1500.136722008716
exp_001,SA_n30_inst1_run0,base,31000,31001,1033.37,0.19704216701211408,54.16850759668538,907.0848989544264,1153.206117677786
exp_001,SA_n30_inst1_run0,base,31200,31201,1040.03,0.19820158299989998,53.62682252071853,899.2222514421665,1117.9015905864057
exp_001,SA_n30_inst1_run0,base,31400,31401,1046.7,0.19941137498244643,53.62682252071853,899.2222514421665,1372.3511295705875
exp_001,SA_n30_inst1_run0,base,31600,31601,1053.37,0.2006667500245385,53.09055429551134,899.2222514421665,1180.6344494993782
exp_001,SA_n30_inst1_run0,base,31800,31801,1060.03,0.20186508301412687,53.09055429551134,899.2222514421665,1191.2163799188775
exp_001,SA_n30_inst1_run0,base,32000,32001,1066.7,0.20308570802444592,53.09055429551134,899.2222514421665,1343.5763358726545
exp_001,SA_n30_inst1_run0,base,32200,32201,1073.37,0.20427658298285678,52.55964875255623,899.2222514421665,1044.3309385532923
exp_001,SA_n30_inst1_run0,base,32400,32401,1080.03,0.205463458027225,52.55964875255623,899.2222514421665,1204.4629064771111
exp_001,SA_n30_inst1_run0,base,32600,32601,1086.7,0.20665100001497194,52.03405226503067,899.2222514421665,1314.3925384519641
exp_001,SA_n30_inst1_run0,base,32800,32801,1093.37,0.2078218330279924,52.03405226503067,899.2222514421665,1222.4092123934504
exp_001,SA_n30_inst1_run0,base,33000,33001,1100.03,0.20899650000501424,52.03405226503067,899.2222514421665,1310.913918605011
exp_001,SA_n30_inst1_run0,base,33200,33201,1106.7,0.2102184999966994,51.51371174238036,899.2222514421665,1211.0639651012943
exp_001,SA_n30_inst1_run0,base,33400,33401,1113.37,0.21146662498358637,51.51371174238036,892.124925358532,1150.9096920018872
exp_001,SA_n30_inst1_run0,base,33600,33601,1120.03,0.21267145802266896,50.998574624956554,892.124925358532,1227.2469555579257
exp_001,SA_n30_inst1_run0,base,33800,33801,1126.7,0.21385095798177645,50.998574624956554,892.124925358532,1317.5016917391233
exp_001,SA_n30_inst1_run0,base,34000,34001,1133.37,0.21503929200116545,50.998574624956554,892.124925358532,1279.4076768085376
exp_001,SA_n30_inst1_run0,base,34200,34201,1140.03,0.216250957979355,50.488588878706985,830.8301460574526,1065.2666054488366
exp_001,SA_n30_inst1_run0,base,34400,34401,1146.7,0.21744883299106732,50.488588878706985,830.8301460574526,1159.5395320761513
exp_001,SA_n30_inst1_run0,base,34600,34601,1153.37,0.21861520799575374,49.98370298991991,830.8301460574526,1280.2136556882003
exp_001,SA_n30_inst1_run0,base,34800,34801,1160.03,0.21979029203066602,49.98370298991991,830.8301460574526,1101.1903952815226
exp_001,SA_n30_inst1_run0,base,35000,35001,1166.7,0.2209747500019148,49.98370298991991,830.8301460574526,1508.233432481097
exp_001,SA_n30_inst1_run0,base,35200,35201,1173.37,0.22215987503295764,49.483865960020715,830.8301460574526,1429.194762927194
exp_001,SA_n30_inst1_run0,base,35400,35401,1180.03,0.2233238749904558,49.483865960020715,830.8301460574526,1044.629713793549
exp_001,SA_n30_inst1_run0,base,35600,35601,1186.7,0.22449683299055323,48.98902730042051,830.8301460574526,1171.6159994643801
exp_001,SA_n30_inst1_run0,base,35800,35801,1193.37,0.22566375002497807,48.98902730042051,830.8301460574526,1668.0861931365314
exp_001,SA_n30_inst1_run0,base,36000,36001,1200.03,0.22683966701151803,48.98902730042051,830.8301460574526,1350.5129815972377
exp_001,SA_n30_inst1_run0,base,36200,36201,1206.7,0.22799774998566136,48.4991370274163,830.8301460574526,1244.7995239963188
exp_001,SA_n30_inst1_run0,base,36400,36401,1213.37,0.2292103330255486,48.4991370274163,830.8301460574526,1245.0276006008253
exp_001,SA_n30_inst1_run0,base,36600,36601,1220.03,0.23045783303678036,48.01414565714214,830.8301460574526,1300.0425541290745
exp_001,SA_n30_inst1_run0,base,36800,36801,1226.7,0.23163166700396687,48.01414565714214,830.8301460574526,1394.9526855973395
exp_001,SA_n30_inst1_run0,base,37000,37001,1233.37,0.23287070798687637,48.01414565714214,830.8301460574526,1196.0376221030965
exp_001,SA_n30_inst1_run0,base,37200,37201,1240.03,0.23410066700307652,47.53400420057071,830.8301460574526,1164.8945284669014
exp_001,SA_n30_inst1_run0,base,37400,37401,1246.7,0.23527850001119077,47.53400420057071,830.8301460574526,1074.752763726802
exp_001,SA_n30_inst1_run0,base,37600,37601,1253.37,0.23647449997952208,47.05866415856501,830.8301460574526,1210.1967064837181
exp_001,SA_n30_inst1_run0,base,37800,37801,1260.03,0.23763804201735184,47.05866415856501,830.8301460574526,1117.3097067344845
exp_001,SA_n30_inst1_run0,base,38000,38001,1266.7,0.23881883302237839,47.05866415856501,830.8301460574526,1325.4078866458838
exp_001,SA_n30_inst1_run0,base,38200,38201,1273.37,0.2400012500002049,46.58807751697936,830.8301460574526,1165.1442711613142
exp_001,SA_n30_inst1_run0,base,38400,38401,1280.03,0.24117950000800192,46.58807751697936,830.8301460574526,1201.6165964286843
exp_001,SA_n30_inst1_run0,base,38600,38601,1286.7,0.24234791699564084,46.12219674180957,830.8301460574526,1332.5765552306427
exp_001,SA_n30_inst1_run0,base,38800,38801,1293.37,0.24350637500174344,46.12219674180957,830.8301460574526,1246.0794414813288
exp_001,SA_n30_inst1_run0,base,39000,39001,1300.03,0.2446562920231372,46.12219674180957,830.8301460574526,1251.051745471458
exp_001,SA_n30_inst1_run0,base,39200,39201,1306.7,0.24585516698425636,45.66097477439147,830.8301460574526,1381.1879349795515
exp_001,SA_n30_inst1_run0,base,39400,39401,1313.37,0.24705004203133285,45.66097477439147,830.8301460574526,1193.3054596003235
exp_001,SA_n30_inst1_run0,base,39600,39601,1320.03,0.24825891701038927,45.20436502664755,830.8301460574526,1141.0026246280736
exp_001,SA_n30_inst1_run0,base,39800,39801,1326.7,0.2495012499857694,45.20436502664755,830.8301460574526,1327.7760008206928
exp_001,SA_n30_inst1_run0,base,40000,40001,1333.37,0.25071329198544845,45.20436502664755,830.8301460574526,1151.4506974227572
exp_001,SA_n30_inst1_run0,base,40200,40201,1340.03,0.2518865420133807,44.752321376381076,830.8301460574526,1180.8230996193756
exp_001,SA_n30_inst1_run0,base,40400,40401,1346.7,0.2530568329966627,44.752321376381076,830.8301460574526,1097.2012540391518
exp_001,SA_n30_inst1_run0,base,40600,40601,1353.37,0.25421408301917836,44.30479816261727,830.8301460574526,1474.9232863155407
exp_001,SA_n30_inst1_run0,base,40800,40801,1360.03,0.25539987499359995,44.30479816261727,830.8301460574526,1213.8132960056648
exp_001,SA_n30_inst1_run0,base,41000,41001,1366.7,0.25656058301683515,44.30479816261727,830.8301460574526,1181.598121180754
exp_001,SA_n30_inst1_run0,base,41200,41201,1373.37,0.2577200420200825,43.861750180991095,830.8301460574526,1264.980061883255
exp_001,SA_n30_inst1_run0,base,41400,41401,1380.03,0.2588880420080386,43.861750180991095,830.8301460574526,1238.2248029726816
exp_001,SA_n30_inst1_run0,base,41600,41601,1386.7,0.2600646670325659,43.42313267918119,830.8301460574526,1192.522326462731
exp_001,SA_n30_inst1_run0,base,41800,41801,1393.37,0.2612204169854522,43.42313267918119,830.8301460574526,1115.9587869855836
exp_001,SA_n30_inst1_run0,base,42000,42001,1400.03,0.26239454199094325,43.42313267918119,830.8301460574526,1052.0981422389602
exp_001,SA_n30_inst1_run0,base,42200,42201,1406.7,0.2636121250106953,42.98890135238938,830.8301460574526,1121.7936374260034
exp_001,SA_n30_inst1_run0,base,42400,42401,1413.37,0.2648141669924371,42.98890135238938,830.8301460574526,1222.3314095334167
exp_001,SA_n30_inst1_run0,base,42600,42601,1420.03,0.2660455000004731,42.559012338865486,830.8301460574526,1336.281777225918
exp_001,SA_n30_inst1_run0,base,42800,42801,1426.7,0.2672531250282191,42.559012338865486,830.8301460574526,1274.1756182429874
exp_001,SA_n30_inst1_run0,base,43000,43001,1433.37,0.26843100000405684,42.559012338865486,830.8301460574526,1166.4808480777372
exp_001,SA_n30_inst1_run0,base,43200,43201,1440.03,0.26963612501276657,42.133422215476834,830.8301460574526,1314.3534508230803
exp_001,SA_n30_inst1_run0,base,43400,43401,1446.7,0.2708139169844799,42.133422215476834,830.8301460574526,1097.8434341337618
exp_001,SA_n30_inst1_run0,base,43600,43601,1453.37,0.2719722500187345,41.712087993322065,830.8301460574526,1202.0108838451513
exp_001,SA_n30_inst1_run0,base,43800,43801,1460.03,0.2731449580169283,41.712087993322065,830.8301460574526,1272.6756605390267
exp_001,SA_n30_inst1_run0,base,44000,44001,1466.7,0.2743220420088619,41.712087993322065,830.8301460574526,1225.308814697264
exp_001,SA_n30_inst1_run0,base,44200,44201,1473.37,0.27548837498761714,41.29496711338884,830.8301460574526,1304.683420137065
exp_001,SA_n30_inst1_run0,base,44400,44401,1480.03,0.27665841701673344,41.29496711338884,830.8301460574526,1219.3268145428476
exp_001,SA_n30_inst1_run0,base,44600,44601,1486.7,0.2778276670142077,40.882017442254956,830.8301460574526,1144.6344853936798
exp_001,SA_n30_inst1_run0,base,44800,44801,1493.37,0.27900970802875236,40.882017442254956,830.8301460574526,1489.0632291310135
exp_001,SA_n30_inst1_run0,base,45000,45001,1500.03,0.28019675001269206,40.882017442254956,830.8301460574526,1268.4816839708026
exp_001,SA_n30_inst1_run0,base,45200,45201,1506.7,0.28135291702346876,40.473197267832404,830.8301460574526,1007.1982069009241
exp_001,SA_n30_inst1_run0,base,45400,45401,1513.37,0.2825195000041276,40.473197267832404,830.8301460574526,1324.5710363464536
exp_001,SA_n30_inst1_run0,base,45600,45601,1520.03,0.2836841249954887,40.06846529515408,830.8301460574526,1244.3068475070806
exp_001,SA_n30_inst1_run0,base,45800,45801,1526.7,0.2848365420359187,40.06846529515408,830.8301460574526,1190.9603863863688
exp_001,SA_n30_inst1_run0,base,46000,46001,1533.37,0.2860079170204699,40.06846529515408,830.8301460574526,1316.5763845962904
exp_001,SA_n30_inst1_run0,base,46200,46201,1540.03,0.28718541702255607,39.66778064220254,830.8301460574526,1251.9136074817534
exp_001,SA_n30_inst1_run0,base,46400,46401,1546.7,0.28836424998007715,39.66778064220254,830.8301460574526,1141.2216109274677
exp_001,SA_n30_inst1_run0,base,46600,46601,1553.37,0.2895238749915734,39.27110283578051,830.8301460574526,1349.828909746873
exp_001,SA_n30_inst1_run0,base,46800,46801,1560.03,0.29068304202519357,39.27110283578051,830.8301460574526,1088.7997833608517
exp_001,SA_n30_inst1_run0,base,47000,47001,1566.7,0.29184025002177805,39.27110283578051,830.8301460574526,1115.3229495964101
exp_001,SA_n30_inst1_run0,base,47200,47201,1573.37,0.2930078330100514,38.8783918074227,830.8301460574526,1176.3705755976496
exp_001,SA_n30_inst1_run0,base,47400,47401,1580.03,0.2941649580025114,38.8783918074227,830.8301460574526,1276.3275067153131
exp_001,SA_n30_inst1_run0,base,47600,47601,1586.7,0.2953674580203369,38.48960788934848,830.8301460574526,1130.121271551647
exp_001,SA_n30_inst1_run0,base,47800,47801,1593.37,0.2966107079992071,38.48960788934848,830.8301460574526,1242.3747948439955
exp_001,SA_n30_inst1_run0,base,48000,48001,1600.03,0.2978315420332365,38.48960788934848,830.8301460574526,1215.9390726326822
exp_001,SA_n30_inst1_run0,base,48200,48201,1606.7,0.29904545802855864,38.104711810454994,830.8301460574526,959.0070225859911
exp_001,SA_n30_inst1_run0,base,48400,48401,1613.37,0.3002475000103004,38.104711810454994,830.8301460574526,1033.289374077185
exp_001,SA_n30_inst1_run0,base,48600,48601,1620.03,0.30141654203180224,37.72366469235045,830.8301460574526,1273.6408755832535
exp_001,SA_n30_inst1_run0,base,48800,48801,1626.7,0.30258220800897107,37.72366469235045,830.8301460574526,998.3246818731114
exp_001,SA_n30_inst1_run0,base,49000,49001,1633.37,0.3037677080137655,37.72366469235045,830.8301460574526,1224.8352690862562
exp_001,SA_n30_inst1_run0,base,49200,49201,1640.03,0.3049485420342535,37.34642804542694,830.8301460574526,1455.1576816150628
exp_001,SA_n30_inst1_run0,base,49400,49401,1646.7,0.30612712498987094,37.34642804542694,830.8301460574526,1297.9722937306135
exp_001,SA_n30_inst1_run0,base,49600,49601,1653.37,0.30728950002230704,36.97296376497267,830.8301460574526,1016.2589876721092
exp_001,SA_n30_inst1_run0,base,49800,49801,1660.03,0.3084426249843091,36.97296376497267,830.8301460574526,996.9492708559286
exp_001,SA_n30_inst1_run0,base,50000,50001,1666.7,0.3095909580006264,36.97296376497267,830.8301460574526,1169.149965866433
exp_001,SA_n30_inst1_run0,base,50000,50001,1666.7,0.3096620829892345,0.00099,830.8301460574526,1169.149965866433
exp_001,SA_n30_inst1_run1,base,0,1,0.03,1.334003172814846e-06,100.0,1558.0339841960226,1558.0339841960226
exp_001,SA_n30_inst1_run1,base,200,201,6.7,0.001219834026414901,100.0,1241.5463453341458,1496.8326761036642
exp_001,SA_n30_inst1_run1,base,400,401,13.37,0.002415834052953869,100.0,1241.5463453341458,1372.124318363883
exp_001,SA_n30_inst1_run1,base,600,601,20.03,0.003616292029619217,99.0,1165.477619602782,1228.0468626686124
exp_001,SA_n30_inst1_run1,base,800,801,26.7,0.0048238750314339995,99.0,1161.6469594941032,1457.9959323727167
exp_001,SA_n30_inst1_run1,base,1000,1001,33.37,0.0061457090196199715,99.0,1161.6469594941032,1530.4057140867696
exp_001,SA_n30_inst1_run1,base,1200,1201,40.03,0.007419625006150454,98.01,1161.6469594941032,1664.7169702893138
exp_001,SA_n30_inst1_run1,base,1400,1401,46.7,0.008632875047624111,98.01,1117.8719282880018,1125.9876236710543
exp_001,SA_n30_inst1_run1,base,1600,1601,53.37,0.00985612504882738,97.0299,1103.3863404197962,1498.0898039902406
exp_001,SA_n30_inst1_run1,base,1800,1801,60.03,0.01106737501686439,97.0299,1103.3863404197962,1319.0203998582624
exp_001,SA_n30_inst1_run1,base,2000,2001,66.7,0.012252500047907233,97.0299,1103.3863404197962,1205.0406805532257
exp_001,SA_n30_inst1_run1,base,2200,2201,73.37,0.01344558404525742,96.059601,1103.3863404197962,1621.2947363717772
exp_001,SA_n30_inst1_run1,base,2400,2401,80.03,0.0146379170473665,96.059601,1092.5737531292903,1236.0497233792903
exp_001,SA_n30_inst1_run1,base,2600,2601,86.7,0.015829917043447495,95.09900499,1092.5737531292903,1302.1494301621628
exp_001,SA_n30_inst1_run1,base,2800,2801,93.37,0.017024667002260685,95.09900499,1092.5737531292903,1231.9886577577008
exp_001,SA_n30_inst1_run1,base,3000,3001,100.03,0.018219417019281536,95.09900499,1092.5737531292903,1185.8704476852838
exp_001,SA_n30_inst1_run1,base,3200,3201,106.7,0.01945054205134511,94.1480149401,1092.5737531292903,1345.476255857441
exp_001,SA_n30_inst1_run1,base,3400,3401,113.37,0.020717334002256393,94.1480149401,1092.5737531292903,1521.4426978345082
exp_001,SA_n30_inst1_run1,base,3600,3601,120.03,0.02194987505208701,93.206534790699,1092.5737531292903,1236.8565076207165
exp_001,SA_n30_inst1_run1,base,3800,3801,126.7,0.02325504203327,93.206534790699,1092.5737531292903,1460.8475898875931
exp_001,SA_n30_inst1_run1,base,4000,4001,133.37,0.0244987920159474,93.206534790699,1090.411899931484,1129.388112787104
exp_001,SA_n30_inst1_run1,base,4200,4201,140.03,0.02571516705211252,92.27446944279201,1090.411899931484,1464.6754155074318
exp_001,SA_n30_inst1_run1,base,4400,4401,146.7,0.02693912503309548,92.27446944279201,1090.411899931484,1353.2099219591435
exp_001,SA_n30_inst1_run1,base,4600,4601,153.37,0.028148792043793947,91.35172474836409,1090.411899931484,1308.7603127035195
exp_001,SA_n30_inst1_run1,base,4800,4801,160.03,0.029355125036090612,91.35172474836409,1090.411899931484,1599.0285241120694
exp_001,SA_n30_inst1_run1,base,5000,5001,166.7,0.030549209041055292,91.35172474836409,1090.411899931484,1491.3755040542017
exp_001,SA_n30_inst1_run1,base,5200,5201,173.37,0.03173841704847291,90.43820750088045,1090.411899931484,1579.5451132769354
exp_001,SA_n30_inst1_run1,base,5400,5401,180.03,0.03291933401487768,90.43820750088045,1090.411899931484,1219.4978412011396
exp_001,SA_n30_inst1_run1,base,5600,5601,186.7,0.03410645900294185,89.53382542587164,1066.3429016156492,1195.0485067175814
exp_001,SA_n30_inst1_run1,base,5800,5801,193.37,0.03531245904741809,89.53382542587164,1021.8943102891648,1470.4062775702905
exp_001,SA_n30_inst1_run1,base,6000,6001,200.03,0.03679212502902374,89.53382542587164,1021.8943102891648,1444.3921124798885
exp_001,SA_n30_inst1_run1,base,6200,6201,206.7,0.03825025004334748,88.63848717161292,1021.8943102891648,1193.3119224290656
exp_001,SA_n30_inst1_run1,base,6400,6401,213.37,0.03967679204652086,88.63848717161292,1021.8943102891648,1333.8490962712872
exp_001,SA_n30_inst1_run1,base,6600,6601,220.03,0.041008584026712924,87.75210229989679,1021.8943102891648,1242.1466813423237
exp_001,SA_n30_inst1_run1,base,6800,6801,226.7,0.04226783401099965,87.75210229989679,1021.8943102891648,1575.267770756616
exp_001,SA_n30_inst1_run1,base,7000,7001,233.37,0.04349404200911522,87.75210229989679,1021.8943102891648,1343.3430214484486
exp_001,SA_n30_inst1_run1,base,7200,7201,240.03,0.04470933403354138,86.87458127689783,1021.8943102891648,1403.2651514687495
exp_001,SA_n30_inst1_run1,base,7400,7401,246.7,0.04593016701983288,86.87458127689783,1021.8943102891648,1592.1232551214166
exp_001,SA_n30_inst1_run1,base,7600,7601,253.37,0.04712433402892202,86.00583546412885,1021.8943102891648,1336.2260882165087
exp_001,SA_n30_inst1_run1,base,7800,7801,260.03,0.04832179204095155,86.00583546412885,1021.8943102891648,1442.2004159230542
exp_001,SA_n30_inst1_run1,base,8000,8001,266.7,0.04953095904784277,86.00583546412885,1021.8943102891648,1444.8632788908337
exp_001,SA_n30_inst1_run1,base,8200,8201,273.37,0.05073245899984613,85.14577710948755,1021.8943102891648,1325.561342980695
exp_001,SA_n30_inst1_run1,base,8400,8401,280.03,0.05197020905325189,85.14577710948755,1021.8943102891648,1421.0690181594682
exp_001,SA_n30_inst1_run1,base,8600,8601,286.7,0.053332417039200664,84.29431933839268,1021.8943102891648,1342.4040155967375
exp_001,SA_n30_inst1_run1,base,8800,8801,293.37,0.054617084038909525,84.29431933839268,1021.8943102891648,1248.4627227735486
exp_001,SA_n30_inst1_run1,base,9000,9001,300.03,0.05588004202581942,84.29431933839268,1021.8943102891648,1403.024363239595
exp_001,SA_n30_inst1_run1,base,9200,9201,306.7,0.0571629170444794,83.45137614500875,1021.8943102891648,1508.5265780101342
exp_001,SA_n30_inst1_run1,base,9400,9401,313.37,0.05838558403775096,83.45137614500875,1021.8943102891648,1298.089318698538
exp_001,SA_n30_inst1_run1,base,9600,9601,320.03,0.05958458402892575,82.61686238355867,1021.8943102891648,1336.5988786415467
exp_001,SA_n30_inst1_run1,base,9800,9801,326.7,0.06078604201320559,82.61686238355867,1021.8943102891648,1339.3640176300846
exp_001,SA_n30_inst1_run1,base,10000,10001,333.37,0.06197883404092863,82.61686238355867,1021.8943102891648,1467.4769309972305
exp_001,SA_n30_inst1_run1,base,10200,10201,340.03,0.06318195903440937,81.79069375972308,1021.8943102891648,1376.989983639224
exp_001,SA_n30_inst1_run1,base,10400,10401,346.7,0.06437554204603657,81.79069375972308,1021.8943102891648,1192.6106777619818
exp_001,SA_n30_inst1_run1,base,10600,10601,353.37,0.065582417009864,80.97278682212585,1021.8943102891648,1317.1122500987303
exp_001,SA_n30_inst1_run1,base,10800,10801,360.03,0.06677225005114451,80.97278682212585,1021.8943102891648,1561.1185889292337
exp_001,SA_n30_inst1_run1,base,11000,11001,366.7,0.06795845902524889,80.97278682212585,1021.8943102891648,1283.9007255861873
exp_001,SA_n30_inst1_run1,base,11200,11201,373.37,0.06917866703588516,80.1630589539046,1021.8943102891648,1330.9374480328456
exp_001,SA_n30_inst1_run1,base,11400,11401,380.03,0.07050808402709663,80.1630589539046,1021.8943102891648,1413.7329007751591
exp_001,SA_n30_inst1_run1,base,11600,11601,386.7,0.07171741704223678,79.36142836436555,1021.8943102891648,1169.7492623945225
exp_001,SA_n30_inst1_run1,base,11800,11801,393.37,0.07296095904894173,79.36142836436555,1021.8943102891648,1401.510652097698
exp_001,SA_n30_inst1_run1,base,12000,12001,400.03,0.07421833404805511,79.36142836436555,1021.8943102891648,1469.453402316094
exp_001,SA_n30_inst1_run1,base,12200,12201,406.7,0.07546750002074987,78.56781408072189,1021.8943102891648,1576.197898396803
exp_001,SA_n30_inst1_run1,base,12400,12401,413.37,0.0766666250419803,78.56781408072189,1021.8943102891648,1323.1841634342416
exp_001,SA_n30_inst1_run1,base,12600,12601,420.03,0.07785733405034989,77.78213593991467,1021.8943102891648,1303.7559562097626
exp_001,SA_n30_inst1_run1,base,12800,12801,426.7,0.07906100002583116,77.78213593991467,1021.8943102891648,1395.9750467194567
exp_001,SA_n30_inst1_run1,base,13000,13001,433.37,0.08026958402479067,77.78213593991467,986.8771284167257,1447.4429445494118
exp_001,SA_n30_inst1_run1,base,13200,13201,440.03,0.08146416704403237,77.00431458051553,986.8771284167257,1410.3114524121752
exp_001,SA_n30_inst1_run1,base,13400,13401,446.7,0.0826550840283744,77.00431458051553,986.8771284167257,1417.9899235583039
exp_001,SA_n30_inst1_run1,base,13600,13601,453.37,0.08384020900120959,76.23427143471037,986.8771284167257,1434.2088226470132
exp_001,SA_n30_inst1_run1,base,13800,13801,460.03,0.08507866703439504,76.23427143471037,986.8771284167257,1297.950967951194
exp_001,SA_n30_inst1_run1,base,14000,14001,466.7,0.08647525002015755,76.23427143471037,986.8771284167257,1408.310317443154
exp_001,SA_n30_inst1_run1,base,14200,14201,473.37,0.08773308404488489,75.47192872036327,986.8771284167257,1261.4941841956118
exp_001,SA_n30_inst1_run1,base,14400,14401,480.03,0.08895195904187858,75.47192872036327,986.8771284167257,1178.0007826025371
exp_001,SA_n30_inst1_run1,base,14600,14601,486.7,0.09017862501787022,74.71720943315964,986.8771284167257,1531.2499186613372
exp_001,SA_n30_inst1_run1,base,14800,14801,493.37,0.09137075004400685,74.71720943315964,986.8771284167257,1457.9462467185112
exp_001,SA_n30_inst1_run1,base,15000,15001,500.03,0.09255683404626325,74.71720943315964,986.8771284167257,1023.00831300641
exp_001,SA_n30_inst1_run1,base,15200,15201,506.7,0.09374366700649261,73.97003733882804,986.8771284167257,1372.4218662015016
exp_001,SA_n30_inst1_run1,base,15400,15401,513.37,0.0949330420116894,73.97003733882804,986.8771284167257,1314.5395176610568
exp_001,SA_n30_inst1_run1,base,15600,15601,520.03,0.09613341704243794,73.23033696543976,986.8771284167257,1223.8576842253792
exp_001,SA_n30_inst1_run1,base,15800,15801,526.7,0.09732954204082489,73.23033696543976,986.8771284167257,1471.9083531132308
exp_001,SA_n30_inst1_run1,base,16000,16001,533.37,0.09852141700685024,73.23033696543976,986.8771284167257,1324.2788738030688
exp_001,SA_n30_inst1_run1,base,16200,16201,540.03,0.09972062503220513,72.49803359578536,986.8771284167257,1368.6986994955994
exp_001,SA_n30_inst1_run1,base,16400,16401,546.7,0.10092033405089751,72.49803359578536,986.8771284167257,1400.9316395310327
exp_001,SA_n30_inst1_run1,base,16600,16601,553.37,0.10210133402142674,71.7730532598275,986.8771284167257,1349.661325317412
exp_001,SA_n30_inst1_run1,base,16800,16801,560.03,0.10334158403566107,71.7730532598275,986.8771284167257,1243.8032899293391
exp_001,SA_n30_inst1_run1,base,17000,17001,566.7,0.10460937500465661,71.7730532598275,986.8771284167257,1528.4851139554914
exp_001,SA_n30_inst1_run1,base,17200,17201,573.37,0.10602370899869129,71.05532272722922,986.8771284167257,1382.4860353678
exp_001,SA_n30_inst1_run1,base,17400,17401,580.03,0.10726525000063702,71.05532272722922,986.8771284167257,1304.85913828016
exp_001,SA_n30_inst1_run1,base,17600,17601,586.7,0.10846666700672358,70.34476949995693,986.8771284167257,1248.5959203989464
exp_001,SA_n30_inst1_run1,base,17800,17801,593.37,0.10966329200891778,70.34476949995693,986.8771284167257,1431.6801104382341
exp_001,SA_n30_inst1_run1,base,18000,18001,600.03,0.11084933404345065,70.34476949995693,986.8771284167257,1400.8609382485743
exp_001,SA_n30_inst1_run1,base,18200,18201,606.7,0.11204712500330061,69.64132180495736,986.8771284167257,1540.8567246555585
exp_001,SA_n30_inst1_run1,base,18400,18401,613.37,0.11323008401086554,69.64132180495736,986.8771284167257,1436.6316709118073
exp_001,SA_n30_inst1_run1,base,18600,18601,620.03,0.11442108399933204,68.94490858690779,986.8771284167257,1271.5446583733283
exp_001,SA_n30_inst1_run1,base,18800,18801,626.7,0.11561287502991036,68.94490858690779,986.8771284167257,1276.651235669344
exp_001,SA_n30_inst1_run1,base,19000,19001,633.37,0.1167902090237476,68.94490858690779,986.8771284167257,1544.2184949594155
exp_001,SA_n30_inst1_run1,base,19200,19201,640.03,0.11798929201904684,68.25545950103871,986.8771284167257,1181.3415700120445
exp_001,SA_n30_inst1_run1,base,19400,19401,646.7,0.11924958403687924,68.25545950103871,923.031668869327,1295.4419635735703
exp_001,SA_n30_inst1_run1,base,19600,19601,653.37,0.12057212501531467,67.57290490602833,923.031668869327,1409.2628963854625
exp_001,SA_n30_inst1_run1,base,19800,19801,660.03,0.12184708402492106,67.57290490602833,923.031668869327,1173.3768232394164
exp_001,SA_n30_inst1_run1,base,20000,20001,666.7,0.12305875000311062,67.57290490602833,923.031668869327,1484.5577227114768
exp_001,SA_n30_inst1_run1,base,20200,20201,673.37,0.12425495905335993,66.89717585696805,923.031668869327,1308.0662631717653
exp_001,SA_n30_inst1_run1,base,20400,20401,680.03,0.12544883403461426,66.89717585696805,923.031668869327,1339.4511034478942
exp_001,SA_n30_inst1_run1,base,20600,20601,686.7,0.12665645900415257,66.22820409839836,923.031668869327,1488.7323403197788
exp_001,SA_n30_inst1_run1,base,20800,20801,693.37,0.12784166703931987,66.22820409839836,923.031668869327,1329.1018055103482
exp_001,SA_n30_inst1_run1,base,21000,21001,700.03,0.1290415420080535,66.22820409839836,923.031668869327,1220.883152053789
exp_001,SA_n30_inst1_run1,base,21200,21201,706.7,0.13025362504413351,65.56592205741438,923.031668869327,1076.3743270306577
exp_001,SA_n30_inst1_run1,base,21400,21401,713.37,0.13142854202305898,65.56592205741438,923.031668869327,1239.7358905990627
exp_001,SA_n30_inst1_run1,base,21600,21601,720.03,0.13260637503117323,64.91026283684023,923.031668869327,1461.5252683267724
exp_001,SA_n30_inst1_run1,base,21800,21801,726.7,0.13379208400147036,64.91026283684023,923.031668869327,1315.594472447829
exp_001,SA_n30_inst1_run1,base,22000,22001,733.37,0.13497891701990739,64.91026283684023,923.031668869327,1340.3967814528046
exp_001,SA_n30_inst1_run1,base,22200,22201,740.03,0.136174209008459,64.26116020847184,923.031668869327,1353.4459923716902
exp_001,SA_n30_inst1_run1,base,22400,22401,746.7,0.1373585420078598,64.26116020847184,923.031668869327,1146.9731507297201
exp_001,SA_n30_inst1_run1,base,22600,22601,753.37,0.1385417920537293,63.618548606387115,923.031668869327,1477.8967886816135
exp_001,SA_n30_inst1_run1,base,22800,22801,760.03,0.13971775001846254,63.618548606387115,923.031668869327,1345.0798156785859
exp_001,SA_n30_inst1_run1,base,23000,23001,766.7,0.14090158400358632,63.618548606387115,923.031668869327,1455.347552522308
exp_001,SA_n30_inst1_run1,base,23200,23201,773.37,0.14208775002043694,62.98236312032324,923.031668869327,1319.3629588108727
exp_001,SA_n30_inst1_run1,base,23400,23401,780.03,0.1432698750286363,62.98236312032324,923.031668869327,1299.4802883045152
exp_001,SA_n30_inst1_run1,base,23600,23601,786.7,0.14444950001779944,62.35253948912001,923.031668869327,1624.1171029916106
exp_001,SA_n30_inst1_run1,base,23800,23801,793.37,0.14562987501267344,62.35253948912001,923.031668869327,1200.1253768977817
exp_001,SA_n30_inst1_run1,base,24000,24001,800.03,0.14681191701674834,62.35253948912001,923.031668869327,1299.1468476878633
exp_001,SA_n30_inst1_run1,base,24200,24201,806.7,0.1479960840079002,61.72901409422881,923.031668869327,1222.3070205812892
exp_001,SA_n30_inst1_run1,base,24400,24401,813.37,0.14916562504367903,61.72901409422881,923.031668869327,1492.1612712010688
exp_001,SA_n30_inst1_run1,base,24600,24601,820.03,0.15034183399984613,61.11172395328652,923.031668869327,1301.9600867140032
exp_001,SA_n30_inst1_run1,base,24800,24801,826.7,0.15150658402126282,61.11172395328652,923.031668869327,1336.9767190984028
exp_001,SA_n30_inst1_run1,base,25000,25001,833.37,0.15268641704460606,61.11172395328652,923.031668869327,1321.1677555095357
exp_001,SA_n30_inst1_run1,base,25200,25201,840.03,0.1538633340387605,60.500606713753655,923.031668869327,1186.604424464313
exp_001,SA_n30_inst1_run1,base,25400,25401,846.7,0.15504545904695988,60.500606713753655,923.031668869327,1578.9548163838879
exp_001,SA_n30_inst1_run1,base,25600,25601,853.37,0.1562861250131391,59.89560064661612,923.031668869327,1293.9828365919068
exp_001,SA_n30_inst1_run1,base,25800,25801,860.03,0.1575587090337649,59.89560064661612,923.031668869327,1127.3139061315271
exp_001,SA_n30_inst1_run1,base,26000,26001,866.7,0.15880612505134195,59.89560064661612,923.031668869327,1300.8342921012716
exp_001,SA_n30_inst1_run1,base,26200,26201,873.37,0.16003625001758337,59.29664464014996,923.031668869327,1309.4725495931266
exp_001,SA_n30_inst1_run1,base,26400,26401,880.03,0.16122187505243346,59.29664464014996,923.031668869327,1240.5742440109382
exp_001,SA_n30_inst1_run1,base,26600,26601,886.7,0.16241329204058275,58.70367819374846,923.031668869327,1309.9663262668996
exp_001,SA_n30_inst1_run1,base,26800,26801,893.37,0.16360316704958677,58.70367819374846,923.031668869327,1475.2377630252229
exp_001,SA_n30_inst1_run1,base,27000,27001,900.03,0.16478550003375858,58.70367819374846,918.8932844355496,1238.732576076256
exp_001,SA_n30_inst1_run1,base,27200,27201,906.7,0.16598054202040657,58.116641411810974,918.8932844355496,1462.1005621788913
exp_001,SA_n30_inst1_run1,base,27400,27401,913.37,0.16716066701337695,58.116641411810974,918.8932844355496,1256.6451740190573
exp_001,SA_n30_inst1_run1,base,27600,27601,920.03,0.16834691702388227,57.535474997692866,918.8932844355496,1252.0780079992362
exp_001,SA_n30_inst1_run1,base,27800,27801,926.7,0.16954291705042124,57.535474997692866,918.8932844355496,1334.1858320430151
exp_001,SA_n30_inst1_run1,base,28000,28001,933.37,0.17080970900133252,57.535474997692866,918.8932844355496,1261.5547774082002
exp_001,SA_n30_inst1_run1,base,28200,28201,940.03,0.1720663340529427,56.960120247715935,918.8932844355496,1490.4602158629348
exp_001,SA_n30_inst1_run1,base,28400,28401,946.7,0.17330825002864003,56.960120247715935,918.8932844355496,1392.0219248911535
exp_001,SA_n30_inst1_run1,base,28600,28601,953.37,0.17458437505410984,56.390519045238776,918.8932844355496,1403.1174558352625
exp_001,SA_n30_inst1_run1,base,28800,28801,960.03,0.17578858404885978,56.390519045238776,918.8932844355496,1308.287794219375
exp_001,SA_n30_inst1_run1,base,29000,29001,966.7,0.17699095903662965,56.390519045238776,918.8932844355496,1362.693789288538
exp_001,SA_n30_inst1_run1,base,29200,29201,973.37,0.1781747920322232,55.82661385478639,918.8932844355496,1273.6518075053175
exp_001,SA_n30_inst1_run1,base,29400,29401,980.03,0.1793866250081919,55.82661385478639,918.8932844355496,1203.4550970273356
exp_001,SA_n30_inst1_run1,base,29600,29601,986.7,0.18060425005387515,55.26834771623852,918.8932844355496,1172.3591746875713
exp_001,SA_n30_inst1_run1,base,29800,29801,993.37,0.1817713340278715,55.26834771623852,918.8932844355496,1372.4123072272344
exp_001,SA_n30_inst1_run1,base,30000,30001,1000.03,0.182942625018768,55.26834771623852,918.8932844355496,961.1690901209894
exp_001,SA_n30_inst1_run1,base,30200,30201,1006.7,0.18411916703917086,54.71566423907614,905.7681284302469,1360.5066602961895
exp_001,SA_n30_inst1_run1,base,30400,30401,1013.37,0.1853422920103185,54.71566423907614,905.7681284302469,1283.87910550089
exp_001,SA_n30_inst1_run1,base,30600,30601,1020.03,0.18669820902869105,54.16850759668538,905.7681284302469,1171.0475709942707
exp_001,SA_n30_inst1_run1,base,30800,30801,1026.7,0.18791225005406886,54.16850759668538,905.7681284302469,1252.4670421810686
exp_001,SA_n30_inst1_run1,base,31000,31001,1033.37,0.18914579204283655,54.16850759668538,905.7681284302469,1216.4762449980599
exp_001,SA_n30_inst1_run1,base,31200,31201,1040.03,0.19034516700776294,53.62682252071853,905.7681284302469,1268.441566545074
exp_001,SA_n30_inst1_run1,base,31400,31401,1046.7,0.19152516702888533,53.62682252071853,905.7681284302469,1132.8122666018626
exp_001,SA_n30_inst1_run1,base,31600,31601,1053.37,0.19269050000002608,53.09055429551134,905.7681284302469,1240.6653202036798
exp_001,SA_n30_inst1_run1,base,31800,31801,1060.03,0.19386637501884252,53.09055429551134,905.7681284302469,1394.5675053916202
exp_001,SA_n30_inst1_run1,base,32000,32001,1066.7,0.19505787501111627,53.09055429551134,905.7681284302469,1370.101271817017
exp_001,SA_n30_inst1_run1,base,32200,32201,1073.37,0.19631745904916897,52.55964875255623,905.7681284302469,1388.2713743525908
exp_001,SA_n30_inst1_run1,base,32400,32401,1080.03,0.19749829202191904,52.55964875255623,905.7681284302469,1396.8962332766034
exp_001,SA_n30_inst1_run1,base,32600,32601,1086.7,0.198664459050633,52.03405226503067,905.7681284302469,1373.2986172369226
exp_001,SA_n30_inst1_run1,base,32800,32801,1093.37,0.19983179203700274,52.03405226503067,905.7681284302469,1209.2486051427509
exp_001,SA_n30_inst1_run1,base,33000,33001,1100.03,0.2010022920439951,52.03405226503067,905.7681284302469,1284.4502604976362
exp_001,SA_n30_inst1_run1,base,33200,33201,1106.7,0.2021641250466928,51.51371174238036,905.7681284302469,1241.6659188268036
exp_001,SA_n30_inst1_run1,base,33400,33401,1113.37,0.20344554202165455,51.51371174238036,905.7681284302469,1279.3361229665181
exp_001,SA_n30_inst1_run1,base,33600,33601,1120.03,0.20475512504344806,50.998574624956554,905.7681284302469,1113.8362315289523
exp_001,SA_n30_inst1_run1,base,33800,33801,1126.7,0.20604270900366828,50.998574624956554,905.7681284302469,1491.7305554762254
exp_001,SA_n30_inst1_run1,base,34000,34001,1133.37,0.20726120902691036,50.998574624956554,905.7681284302469,1472.420946734985
exp_001,SA_n30_inst1_run1,base,34200,34201,1140.03,0.2084722090512514,50.488588878706985,905.7681284302469,1303.5981610390427
exp_001,SA_n30_inst1_run1,base,34400,34401,1146.7,0.20967141701839864,50.488588878706985,905.7681284302469,1285.5815693909403
exp_001,SA_n30_inst1_run1,base,34600,34601,1153.37,0.21084883401636034,49.98370298991991,905.7681284302469,1135.5513081945328
exp_001,SA_n30_inst1_run1,base,34800,34801,1160.03,0.2120289170416072,49.98370298991991,905.7681284302469,1296.024185192439
exp_001,SA_n30_inst1_run1,base,35000,35001,1166.7,0.21323325001867488,49.98370298991991,905.7681284302469,1127.377415027394
exp_001,SA_n30_inst1_run1,base,35200,35201,1173.37,0.21439712500432506,49.483865960020715,905.7681284302469,1230.703380166887
exp_001,SA_n30_inst1_run1,base,35400,35401,1180.03,0.21557512501021847,49.483865960020715,905.7681284302469,1385.3739485946585
exp_001,SA_n30_inst1_run1,base,35600,35601,1186.7,0.21674416703172028,48.98902730042051,905.7681284302469,1422.0921858784995
exp_001,SA_n30_inst1_run1,base,35800,35801,1193.37,0.21792250004364178,48.98902730042051,905.7681284302469,1487.6580699270608
exp_001,SA_n30_inst1_run1,base,36000,36001,1200.03,0.21914016699884087,48.98902730042051,905.7681284302469,1265.4140386882325
exp_001,SA_n30_inst1_run1,base,36200,36201,1206.7,0.2204911250155419,48.4991370274163,905.7681284302469,1322.3296991469504
exp_001,SA_n30_inst1_run1,base,36400,36401,1213.37,0.22168933402281255,48.4991370274163,905.7681284302469,1255.5965095106403
exp_001,SA_n30_inst1_run1,base,36600,36601,1220.03,0.22297283401712775,48.01414565714214,905.7681284302469,1338.6570178633935
exp_001,SA_n30_inst1_run1,base,36800,36801,1226.7,0.22421370900701731,48.01414565714214,905.7681284302469,1167.3488549205067
exp_001,SA_n30_inst1_run1,base,37000,37001,1233.37,0.22541712503880262,48.01414565714214,905.7681284302469,1339.995054909692
exp_001,SA_n30_inst1_run1,base,37200,37201,1240.03,0.2266093340003863,47.53400420057071,905.7681284302469,1511.861836427263
exp_001,SA_n30_inst1_run1,base,37400,37401,1246.7,0.22781220905017108,47.53400420057071,905.7681284302469,1260.0480865980792
exp_001,SA_n30_inst1_run1,base,37600,37601,1253.37,0.22899691702332348,47.05866415856501,905.7681284302469,1204.6095550761097
exp_001,SA_n30_inst1_run1,base,37800,37801,1260.03,0.23015737504465505,47.05866415856501,905.7681284302469,1285.8672755355828
exp_001,SA_n30_inst1_run1,base,38000,38001,1266.7,0.23133016703650355,47.05866415856501,905.7681284302469,1411.4654800482904
exp_001,SA_n30_inst1_run1,base,38200,38201,1273.37,0.2324897920479998,46.58807751697936,905.7681284302469,1122.4697316494648
exp_001,SA_n30_inst1_run1,base,38400,38401,1280.03,0.2336695840349421,46.58807751697936,905.7681284302469,1250.8231581217165
exp_001,SA_n30_inst1_run1,base,38600,38601,1286.7,0.2348317090072669,46.12219674180957,905.7681284302469,1107.8203177119535
exp_001,SA_n30_inst1_run1,base,38800,38801,1293.37,0.23608362500090152,46.12219674180957,901.5547811956321,1351.767185145604
exp_001,SA_n30_inst1_run1,base,39000,39001,1300.03,0.2374082500464283,46.12219674180957,901.5547811956321,1461.073002348821
exp_001,SA_n30_inst1_run1,base,39200,39201,1306.7,0.23864458402385935,45.66097477439147,901.5547811956321,1234.8822028307345
exp_001,SA_n30_inst1_run1,base,39400,39401,1313.37,0.23990975000197068,45.66097477439147,901.5547811956321,1447.8272972156306
exp_001,SA_n30_inst1_run1,base,39600,39601,1320.03,0.24115450005047023,45.20436502664755,901.5547811956321,1160.8839176459849
exp_001,SA_n30_inst1_run1,base,39800,39801,1326.7,0.24235083401435986,45.20436502664755,901.5547811956321,1250.3691778408438
exp_001,SA_n30_inst1_run1,base,40000,40001,1333.37,0.24354458402376622,45.20436502664755,901.5547811956321,1183.5369600950173
exp_001,SA_n30_inst1_run1,base,40200,40201,1340.03,0.24472900002729148,44.752321376381076,901.5547811956321,1313.909903513958
exp_001,SA_n30_inst1_run1,base,40400,40401,1346.7,0.2459013340412639,44.752321376381076,901.5547811956321,1306.2123827525593
exp_001,SA_n30_inst1_run1,base,40600,40601,1353.37,0.24718558404128999,44.30479816261727,901.5547811956321,1322.1949769080081
exp_001,SA_n30_inst1_run1,base,40800,40801,1360.03,0.24838100001215935,44.30479816261727,901.5547811956321,1153.710242905954
exp_001,SA_n30_inst1_run1,base,41000,41001,1366.7,0.24969500000588596,44.30479816261727,844.0263094062212,1256.3556194148978
exp_001,SA_n30_inst1_run1,base,41200,41201,1373.37,0.2510692090145312,43.861750180991095,844.0263094062212,1167.4864249012128
exp_001,SA_n30_inst1_run1,base,41400,41401,1380.03,0.252454542031046,43.861750180991095,844.0263094062212,1381.0480386186198
exp_001,SA_n30_inst1_run1,base,41600,41601,1386.7,0.25383116700686514,43.42313267918119,844.0263094062212,1394.4631845457857
exp_001,SA_n30_inst1_run1,base,41800,41801,1393.37,0.25521537504391745,43.42313267918119,844.0263094062212,1139.2943203909774
exp_001,SA_n30_inst1_run1,base,42000,42001,1400.03,0.25649070902727544,43.42313267918119,844.0263094062212,986.0632982797904
exp_001,SA_n30_inst1_run1,base,42200,42201,1406.7,0.25776458403561264,42.98890135238938,844.0263094062212,1207.439417089057
exp_001,SA_n30_inst1_run1,base,42400,42401,1413.37,0.2589832920348272,42.98890135238938,844.0263094062212,1259.6140706807744
exp_001,SA_n30_inst1_run1,base,42600,42601,1420.03,0.26017470902297646,42.559012338865486,844.0263094062212,1419.0078293625388
exp_001,SA_n30_inst1_run1,base,42800,42801,1426.7,0.2613538750447333,42.559012338865486,844.0263094062212,1263.5305603939728
exp_001,SA_n30_inst1_run1,base,43000,43001,1433.37,0.2625297090271488,42.559012338865486,844.0263094062212,1211.7269005595883
exp_001,SA_n30_inst1_run1,base,43200,43201,1440.03,0.2636991670005955,42.133422215476834,844.0263094062212,1274.9907162620066
exp_001,SA_n30_inst1_run1,base,43400,43401,1446.7,0.2648701670113951,42.133422215476834,844.0263094062212,1328.962643191157
exp_001,SA_n30_inst1_run1,base,43600,43601,1453.37,0.26603004202479497,41.712087993322065,844.0263094062212,1165.3336355195165
exp_001,SA_n30_inst1_run1,base,43800,43801,1460.03,0.2671954170218669,41.712087993322065,844.0263094062212,1415.3056261706317
exp_001,SA_n30_inst1_run1,base,44000,44001,1466.7,0.2683585000340827,41.712087993322065,844.0263094062212,1209.638359136344
exp_001,SA_n30_inst1_run1,base,44200,44201,1473.37,0.2695750420098193,41.29496711338884,844.0263094062212,1189.5561250215596
exp_001,SA_n30_inst1_run1,base,44400,44401,1480.03,0.2708601250196807,41.29496711338884,844.0263094062212,1209.2696566411644
exp_001,SA_n30_inst1_run1,base,44600,44601,1486.7,0.2720932500087656,40.882017442254956,844.0263094062212,1003.4778046081797
exp_001,SA_n30_inst1_run1,base,44800,44801,1493.37,0.27335604204563424,40.882017442254956,844.0263094062212,1318.4231464113507
exp_001,SA_n30_inst1_run1,base,45000,45001,1500.03,0.2745577919995412,40.882017442254956,844.0263094062212,1238.503777241744
exp_001,SA_n30_inst1_run1,base,45200,45201,1506.7,0.27571779204299673,40.473197267832404,844.0263094062212,1151.4702942817496
exp_001,SA_n30_inst1_run1,base,45400,45401,1513.37,0.2768595420056954,40.473197267832404,844.0263094062212,951.5770741327708
exp_001,SA_n30_inst1_run1,base,45600,45601,1520.03,0.27800462499726564,40.06846529515408,844.0263094062212,1159.2344285761449
exp_001,SA_n30_inst1_run1,base,45800,45801,1526.7,0.27916495903627947,40.06846529515408,844.0263094062212,976.3018914608558
exp_001,SA_n30_inst1_run1,base,46000,46001,1533.37,0.2803230420104228,40.06846529515408,844.0263094062212,1273.5994235835344
exp_001,SA_n30_inst1_run1,base,46200,46201,1540.03,0.2814916670322418,39.66778064220254,844.0263094062212,1259.2180963434625
exp_001,SA_n30_inst1_run1,base,46400,46401,1546.7,0.28267033403972164,39.66778064220254,844.0263094062212,1499.8035464535235
exp_001,SA_n30_inst1_run1,base,46600,46601,1553.37,0.2838383340276778,39.27110283578051,844.0263094062212,1296.5918090912119
exp_001,SA_n30_inst1_run1,base,46800,46801,1560.03,0.284992125001736,39.27110283578051,844.0263094062212,1077.5510848508573
exp_001,SA_n30_inst1_run1,base,47000,47001,1566.7,0.28618925000773743,39.27110283578051,844.0263094062212,1417.6463601311573
exp_001,SA_n30_inst1_run1,base,47200,47201,1573.37,0.2874565420206636,38.8783918074227,844.0263094062212,1122.4627578271056
exp_001,SA_n30_inst1_run1,base,47400,47401,1580.03,0.2886535000288859,38.8783918074227,844.0263094062212,1164.629558471746
exp_001,SA_n30_inst1_run1,base,47600,47601,1586.7,0.28986933402484283,38.48960788934848,844.0263094062212,1228.9505606229018
exp_001,SA_n30_inst1_run1,base,47800,47801,1593.37,0.29106916702585295,38.48960788934848,844.0263094062212,924.778462338024
exp_001,SA_n30_inst1_run1,base,48000,48001,1600.03,0.2922590000089258,38.48960788934848,844.0263094062212,1255.9105277628817
exp_001,SA_n30_inst1_run1,base,48200,48201,1606.7,0.29343395901378244,38.104711810454994,844.0263094062212,1262.9300996653656
exp_001,SA_n30_inst1_run1,base,48400,48401,1613.37,0.2946130000054836,38.104711810454994,844.0263094062212,1119.8186742506616
exp_001,SA_n30_inst1_run1,base,48600,48601,1620.03,0.29579191701486707,37.72366469235045,844.0263094062212,1168.1567756729237
exp_001,SA_n30_inst1_run1,base,48800,48801,1626.7,0.2969567090040073,37.72366469235045,844.0263094062212,1043.4064564508656
exp_001,SA_n30_inst1_run1,base,49000,49001,1633.37,0.29811687499750406,37.72366469235045,844.0263094062212,1280.7830560145755
exp_001,SA_n30_inst1_run1,base,49200,49201,1640.03,0.29927112499717623,37.34642804542694,844.0263094062212,950.793942584
exp_001,SA_n30_inst1_run1,base,49400,49401,1646.7,0.30041395901935175,37.34642804542694,822.1728147667462,1131.501768632912
exp_001,SA_n30_inst1_run1,base,49600,49601,1653.37,0.30161183403106406,36.97296376497267,822.1728147667462,1100.073814505062
exp_001,SA_n30_inst1_run1,base,49800,49801,1660.03,0.3029035000363365,36.97296376497267,822.1728147667462,1202.1073503158182
exp_001,SA_n30_inst1_run1,base,50000,50001,1666.7,0.3041990000056103,36.97296376497267,822.1728147667462,1151.1061741014357
exp_001,SA_n30_inst1_run1,base,50000,50001,1666.7,0.30431795900221914,0.00099,822.1728147667462,1151.1061741014357
exp_001,SA_n30_inst1_run2,base,0,1,0.03,1.374981366097927e-06,100.0,1703.1840176278913,1703.1840176278913
exp_001,SA_n30_inst1_run2,base,200,201,6.7,0.0014215420233085752,100.0,1056.484294629393,1381.1929542606417
exp_001,SA_n30_inst1_run2,base,400,401,13.37,0.0026758749736472964,100.0,1056.484294629393,1250.3405345804915
exp_001,SA_n30_inst1_run2,base,600,601,20.03,0.003905957972165197,99.0,1056.484294629393,1417.516368187734
exp_001,SA_n30_inst1_run2,base,800,801,26.7,0.005119792011100799,99.0,1056.484294629393,1476.8273901551308
exp_001,SA_n30_inst1_run2,base,1000,1001,33.37,0.006348832976073027,99.0,1056.484294629393,1530.9083716545942
exp_001,SA_n30_inst1_run2,base,1200,1201,40.03,0.007559916994068772,98.01,1056.484294629393,1560.2180717833426
exp_001,SA_n30_inst1_run2,base,1400,1401,46.7,0.008758292009588331,98.01,1056.484294629393,1407.5983737495578
exp_001,SA_n30_inst1_run2,base,1600,1601,53.37,0.009967582998797297,97.0299,1056.484294629393,1594.5694914802993
exp_001,SA_n30_inst1_run2,base,1800,1801,60.03,0.011162250011693686,97.0299,1056.484294629393,1285.6938619221835
exp_001,SA_n30_inst1_run2,base,2000,2001,66.7,0.012396582984365523,97.0299,1056.484294629393,1497.7662257799818
exp_001,SA_n30_inst1_run2,base,2200,2201,73.37,0.01359933300409466,96.059601,1056.484294629393,1368.8967012251235
exp_001,SA_n30_inst1_run2,base,2400,2401,80.03,0.014963458001147956,96.059601,1056.484294629393,1442.8151868933837
exp_001,SA_n30_inst1_run2,base,2600,2601,86.7,0.016246500017587095,95.09900499,1056.484294629393,1394.9637061858239
exp_001,SA_n30_inst1_run2,base,2800,2801,93.37,0.017505125026218593,95.09900499,1056.484294629393,1341.832026734645
exp_001,SA_n30_inst1_run2,base,3000,3001,100.03,0.018811916990671307,95.09900499,1056.484294629393,1541.0562815114924
exp_001,SA_n30_inst1_run2,base,3200,3201,106.7,0.020053874992299825,94.1480149401,1056.484294629393,1532.4587172035372
exp_001,SA_n30_inst1_run2,base,3400,3401,113.37,0.021269000018946826,94.1480149401,1056.484294629393,1430.1828987355507
exp_001,SA_n30_inst1_run2,base,3600,3601,120.03,0.022489542025141418,93.206534790699,1056.484294629393,1226.0264843627685
exp_001,SA_n30_inst1_run2,base,3800,3801,126.7,0.023707124986685812,93.206534790699,1056.484294629393,1310.8939337427846
exp_001,SA_n30_inst1_run2,base,4000,4001,133.37,0.024937457987107337,93.206534790699,1056.484294629393,1176.9610713362335
exp_001,SA_n30_inst1_run2,base,4200,4201,140.03,0.026143292023334652,92.27446944279201,1056.484294629393,1532.007181539894
exp_001,SA_n30_inst1_run2,base,4400,4401,146.7,0.027344374975655228,92.27446944279201,1056.484294629393,1700.4957937538763
exp_001,SA_n30_inst1_run2,base,4600,4601,153.37,0.028541416977532208,91.35172474836409,1056.484294629393,1559.4886685168058
exp_001,SA_n30_inst1_run2,base,4800,4801,160.03,0.029741792008280754,91.35172474836409,1049.2280411650106,1208.1919964558288
exp_001,SA_n30_inst1_run2,base,5000,5001,166.7,0.03100770799210295,91.35172474836409,1049.2280411650106,1389.3293547039684
exp_001,SA_n30_inst1_run2,base,5200,5201,173.37,0.03225124999880791,90.43820750088045,1049.2280411650106,1755.9594070095347
exp_001,SA_n30_inst1_run2,base,5400,5401,180.03,0.033453833020757884,90.43820750088045,1049.2280411650106,1426.581473201149
exp_001,SA_n30_inst1_run2,base,5600,5601,186.7,0.03474550001556054,89.53382542587164,1049.2280411650106,1563.4069064369528
exp_001,SA_n30_inst1_run2,base,5800,5801,193.37,0.035988208022899926,89.53382542587164,1049.2280411650106,1611.0368928140178
exp_001,SA_n30_inst1_run2,base,6000,6001,200.03,0.03720587497809902,89.53382542587164,1049.2280411650106,1383.5616143418192
exp_001,SA_n30_inst1_run2,base,6200,6201,206.7,0.03840908297570422,88.63848717161292,1049.2280411650106,1245.7365631885891
exp_001,SA_n30_inst1_run2,base,6400,6401,213.37,0.039604708028491586,88.63848717161292,1049.2280411650106,1304.0954745931786
exp_001,SA_n30_inst1_run2,base,6600,6601,220.03,0.04081849998328835,87.75210229989679,1049.2280411650106,1522.8270858091428
exp_001,SA_n30_inst1_run2,base,6800,6801,226.7,0.04200529202353209,87.75210229989679,992.3582916822991,1424.6312835352771
exp_001,SA_n30_inst1_run2,base,7000,7001,233.37,0.043192667013499886,87.75210229989679,992.3582916822991,1467.7345609644954
exp_001,SA_n30_inst1_run2,base,7200,7201,240.03,0.04438870801823214,86.87458127689783,992.3582916822991,1481.982348539423
exp_001,SA_n30_inst1_run2,base,7400,7401,246.7,0.0455725829815492,86.87458127689783,992.3582916822991,1503.5195074412193
exp_001,SA_n30_inst1_run2,base,7600,7601,253.37,0.04676308302441612,86.00583546412885,992.3582916822991,1485.1294787634783
exp_001,SA_n30_inst1_run2,base,7800,7801,260.03,0.04795158299384639,86.00583546412885,992.3582916822991,1265.6626090081988
exp_001,SA_n30_inst1_run2,base,8000,8001,266.7,0.04916158301057294,86.00583546412885,992.3582916822991,1445.5823575841314
exp_001,SA_n30_inst1_run2,base,8200,8201,273.37,0.05042495799716562,85.14577710948755,992.3582916822991,1331.515285772023
exp_001,SA_n30_inst1_run2,base,8400,8401,280.03,0.051671541994437575,85.14577710948755,992.3582916822991,1404.5622951356738
exp_001,SA_n30_inst1_run2,base,8600,8601,286.7,0.05288433301029727,84.29431933839268,992.3582916822991,1562.3221058160834
exp_001,SA_n30_inst1_run2,base,8800,8801,293.37,0.05407683301018551,84.29431933839268,992.3582916822991,1501.6861942573169
exp_001,SA_n30_inst1_run2,base,9000,9001,300.03,0.05527512502158061,84.29431933839268,992.3582916822991,1395.6430888620175
exp_001,SA_n30_inst1_run2,base,9200,9201,306.7,0.05646933300886303,83.45137614500875,992.3582916822991,1512.8842913622661
exp_001,SA_n30_inst1_run2,base,9400,9401,313.37,0.05767250002827495,83.45137614500875,992.3582916822991,1318.636520295344
exp_001,SA_n30_inst1_run2,base,9600,9601,320.03,0.058861207973677665,82.61686238355867,992.3582916822991,1367.437764093077
exp_001,SA_n30_inst1_run2,base,9800,9801,326.7,0.06005216698395088,82.61686238355867,992.3582916822991,1275.2312640274554
exp_001,SA_n30_inst1_run2,base,10000,10001,333.37,0.06126895797206089,82.61686238355867,992.3582916822991,1464.4128557695335
exp_001,SA_n30_inst1_run2,base,10200,10201,340.03,0.06245408300310373,81.79069375972308,992.3582916822991,1680.2535613683885
exp_001,SA_n30_inst1_run2,base,10400,10401,346.7,0.06370391702512279,81.79069375972308,992.3582916822991,1541.6056290951367
exp_001,SA_n30_inst1_run2,base,10600,10601,353.37,0.06493054202292114,80.97278682212585,992.3582916822991,1335.2902068426072
exp_001,SA_n30_inst1_run2,base,10800,10801,360.03,0.06617904198355973,80.97278682212585,992.3582916822991,1260.424853740278
exp_001,SA_n30_inst1_run2,base,11000,11001,366.7,0.06755983299808577,80.97278682212585,992.3582916822991,1283.5896455136674
exp_001,SA_n30_inst1_run2,base,11200,11201,373.37,0.0688409170252271,80.1630589539046,992.3582916822991,1121.48012109907
exp_001,SA_n30_inst1_run2,base,11400,11401,380.03,0.07007041701581329,80.1630589539046,975.7097689733357,1382.0610661857297
exp_001,SA_n30_inst1_run2,base,11600,11601,386.7,0.07128824997926131,79.36142836436555,975.7097689733357,1414.85099031007
exp_001,SA_n30_inst1_run2,base,11800,11801,393.37,0.07247787498636171,79.36142836436555,975.7097689733357,1282.2914773802981
exp_001,SA_n30_inst1_run2,base,12000,12001,400.03,0.07367358298506588,79.36142836436555,975.7097689733357,1260.1482423790972
exp_001,SA_n30_inst1_run2,base,12200,12201,406.7,0.07486054202308878,78.56781408072189,975.7097689733357,1382.5098118661472
exp_001,SA_n30_inst1_run2,base,12400,12401,413.37,0.07604779198300093,78.56781408072189,975.7097689733357,1408.3936781208893
exp_001,SA_n30_inst1_run2,base,12600,12601,420.03,0.07724549999693409,77.78213593991467,975.7097689733357,1617.9256851388766
exp_001,SA_n30_inst1_run2,base,12800,12801,426.7,0.07843179197516292,77.78213593991467,975.7097689733357,1070.2587275619658
exp_001,SA_n30_inst1_run2,base,13000,13001,433.37,0.07963529200060293,77.78213593991467,975.7097689733357,1521.9553563788759
exp_001,SA_n30_inst1_run2,base,13200,13201,440.03,0.08085820800624788,77.00431458051553,975.7097689733357,1567.8184873495518
exp_001,SA_n30_inst1_run2,base,13400,13401,446.7,0.08204820798709989,77.00431458051553,975.7097689733357,1367.8978042946999
exp_001,SA_n30_inst1_run2,base,13600,13601,453.37,0.08323558297706768,76.23427143471037,912.6918181152085,1442.8639933257236
exp_001,SA_n30_inst1_run2,base,13800,13801,460.03,0.08447104197693989,76.23427143471037,912.6918181152085,1579.1937815156814
exp_001,SA_n30_inst1_run2,base,14000,14001,466.7,0.08575758297229186,76.23427143471037,912.6918181152085,1302.349573445497
exp_001,SA_n30_inst1_run2,base,14200,14201,473.37,0.08699483302189037,75.47192872036327,912.6918181152085,1485.8836840563006
exp_001,SA_n30_inst1_run2,base,14400,14401,480.03,0.0881913750199601,75.47192872036327,912.6918181152085,1117.529508529044
exp_001,SA_n30_inst1_run2,base,14600,14601,486.7,0.08939595799893141,74.71720943315964,912.6918181152085,1363.0102846317918
exp_001,SA_n30_inst1_run2,base,14800,14801,493.37,0.09059616702143103,74.71720943315964,912.6918181152085,1223.1406780255174
exp_001,SA_n30_inst1_run2,base,15000,15001,500.03,0.09179929201491177,74.71720943315964,912.6918181152085,1184.6603258816529
exp_001,SA_n30_inst1_run2,base,15200,15201,506.7,0.09300041699316353,73.97003733882804,912.6918181152085,1108.9090818212414
exp_001,SA_n30_inst1_run2,base,15400,15401,513.37,0.09420195798156783,73.97003733882804,912.6918181152085,1515.2235408835209
exp_001,SA_n30_inst1_run2,base,15600,15601,520.03,0.09539199998835102,73.23033696543976,912.6918181152085,1262.7778940851924
exp_001,SA_n30_inst1_run2,base,15800,15801,526.7,0.09657891700044274,73.23033696543976,912.6918181152085,1486.2869114034563
exp_001,SA_n30_inst1_run2,base,16000,16001,533.37,0.09782145801000297,73.23033696543976,912.6918181152085,1234.1080201590855
exp_001,SA_n30_inst1_run2,base,16200,16201,540.03,0.09917091700481251,72.49803359578536,912.6918181152085,1248.9001213949518
exp_001,SA_n30_inst1_run2,base,16400,16401,546.7,0.1003854579757899,72.49803359578536,912.6918181152085,1452.0247662047702
exp_001,SA_n30_inst1_run2,base,16600,16601,553.37,0.1016245000064373,71.7730532598275,912.6918181152085,1470.2223360354112
exp_001,SA_n30_inst1_run2,base,16800,16801,560.03,0.10292974999174476,71.7730532598275,912.6918181152085,1429.6279103931593
exp_001,SA_n30_inst1_run2,base,17000,17001,566.7,0.1041447080206126,71.7730532598275,912.6918181152085,1404.1384449460838
exp_001,SA_n30_inst1_run2,base,17200,17201,573.37,0.10533987497910857,71.05532272722922,912.6918181152085,1293.9081616393662
exp_001,SA_n30_inst1_run2,base,17400,17401,580.03,0.10652891697827727,71.05532272722922,912.6918181152085,1463.5940553406351
exp_001,SA_n30_inst1_run2,base,17600,17601,586.7,0.10772045800695196,70.34476949995693,912.6918181152085,1358.4321729900248
exp_001,SA_n30_inst1_run2,base,17800,17801,593.37,0.10891866701422259,70.34476949995693,912.6918181152085,1323.868916675075
exp_001,SA_n30_inst1_run2,base,18000,18001,600.03,0.11021162499673665,70.34476949995693,912.6918181152085,1536.097490623728
exp_001,SA_n30_inst1_run2,base,18200,18201,606.7,0.11140900000464171,69.64132180495736,912.6918181152085,1253.9138996279391
exp_001,SA_n30_inst1_run2,base,18400,18401,613.37,0.11261341697536409,69.64132180495736,912.6918181152085,1312.956383899746
exp_001,SA_n30_inst1_run2,base,18600,18601,620.03,0.11384483298752457,68.94490858690779,912.6918181152085,1304.1716156427624
exp_001,SA_n30_inst1_run2,base,18800,18801,626.7,0.11523245798889548,68.94490858690779,912.6918181152085,1459.5633036234885
exp_001,SA_n30_inst1_run2,base,19000,19001,633.37,0.11650358297629282,68.94490858690779,912.6918181152085,1284.3615314382168
exp_001,SA_n30_inst1_run2,base,19200,19201,640.03,0.11773216701112688,68.25545950103871,912.6918181152085,1325.6389389884455
exp_001,SA_n30_inst1_run2,base,19400,19401,646.7,0.11894079198827967,68.25545950103871,912.6918181152085,1388.5891147282439
exp_001,SA_n30_inst1_run2,base,19600,19601,653.37,0.12013329198816791,67.57290490602833,912.6918181152085,1364.9879476088374
exp_001,SA_n30_inst1_run2,base,19800,19801,660.03,0.12132445798488334,67.57290490602833,912.6918181152085,1252.1029505366307
exp_001,SA_n30_inst1_run2,base,20000,20001,666.7,0.1225128750083968,67.57290490602833,912.6918181152085,1576.4437592820905
exp_001,SA_n30_inst1_run2,base,20200,20201,673.37,0.1237038749968633,66.89717585696805,912.6918181152085,1514.5553330419582
exp_001,SA_n30_inst1_run2,base,20400,20401,680.03,0.12490037502720952,66.89717585696805,912.6918181152085,1452.2053885877672
exp_001,SA_n30_inst1_run2,base,20600,20601,686.7,0.12609195802360773,66.22820409839836,912.6918181152085,1304.5657248136433
exp_001,SA_n30_inst1_run2,base,20800,20801,693.37,0.12729295797180384,66.22820409839836,912.6918181152085,1439.7005606783216
exp_001,SA_n30_inst1_run2,base,21000,21001,700.03,0.12847712502116337,66.22820409839836,912.6918181152085,1116.705086737227
exp_001,SA_n30_inst1_run2,base,21200,21201,706.7,0.12965862499549985,65.56592205741438,912.6918181152085,1275.6040555869913
exp_001,SA_n30_inst1_run2,base,21400,21401,713.37,0.13083491701399907,65.56592205741438,912.6918181152085,1135.7647727162605
exp_001,SA_n30_inst1_run2,base,21600,21601,720.03,0.1320373750058934,64.91026283684023,912.6918181152085,1351.325741667763
exp_001,SA_n30_inst1_run2,base,21800,21801,726.7,0.13321691699093208,64.91026283684023,912.6918181152085,1194.555309407791
exp_001,SA_n30_inst1_run2,base,22000,22001,733.37,0.13441025000065565,64.91026283684023,912.6918181152085,1533.1960629715102
exp_001,SA_n30_inst1_run2,base,22200,22201,740.03,0.13560595799935982,64.26116020847184,912.6918181152085,1190.921892448025
exp_001,SA_n30_inst1_run2,base,22400,22401,746.7,0.13679008302278817,64.26116020847184,912.6918181152085,1340.3389096948558
exp_001,SA_n30_inst1_run2,base,22600,22601,753.37,0.13796283298870549,63.618548606387115,912.6918181152085,1372.085653667319
exp_001,SA_n30_inst1_run2,base,22800,22801,760.03,0.13916020799661055,63.618548606387115,912.6918181152085,1321.584652107773
exp_001,SA_n30_inst1_run2,base,23000,23001,766.7,0.14033604197902605,63.618548606387115,912.6918181152085,1360.2871821242243
exp_001,SA_n30_inst1_run2,base,23200,23201,773.37,0.14152399997692555,62.98236312032324,912.6918181152085,1327.0431208054204
exp_001,SA_n30_inst1_run2,base,23400,23401,780.03,0.1427011250052601,62.98236312032324,912.6918181152085,1343.266747617272
exp_001,SA_n30_inst1_run2,base,23600,23601,786.7,0.14389200002187863,62.35253948912001,912.6918181152085,1490.9754860685566
exp_001,SA_n30_inst1_run2,base,23800,23801,793.37,0.14508941699750721,62.35253948912001,912.6918181152085,1335.9377365200357
exp_001,SA_n30_inst1_run2,base,24000,24001,800.03,0.14628029201412573,62.35253948912001,912.6918181152085,1432.795618769022
exp_001,SA_n30_inst1_run2,base,24200,24201,806.7,0.1475231249933131,61.72901409422881,912.6918181152085,1432.340659636891
exp_001,SA_n30_inst1_run2,base,24400,24401,813.37,0.1488069170154631,61.72901409422881,912.6918181152085,1272.7245345322594
exp_001,SA_n30_inst1_run2,base,24600,24601,820.03,0.15003887499915436,61.11172395328652,912.6918181152085,1390.0784098368017
exp_001,SA_n30_inst1_run2,base,24800,24801,826.7,0.15123516699532047,61.11172395328652,912.6918181152085,1431.9285346765316
exp_001,SA_n30_inst1_run2,base,25000,25001,833.37,0.15242654201574624,61.11172395328652,912.6918181152085,1307.8684831637781
exp_001,SA_n30_inst1_run2,base,25200,25201,840.03,0.1536325829802081,60.500606713753655,912.6918181152085,1302.456695651832
exp_001,SA_n30_inst1_run2,base,25400,25401,846.7,0.15483399998629466,60.500606713753655,912.6918181152085,1521.6672177722137
exp_001,SA_n30_inst1_run2,base,25600,25601,853.37,0.15602095797657967,59.89560064661612,912.6918181152085,1254.8973039759583
exp_001,SA_n30_inst1_run2,base,25800,25801,860.03,0.1572123750229366,59.89560064661612,912.6918181152085,1347.7461910921465
exp_001,SA_n30_inst1_run2,base,26000,26001,866.7,0.15840787498746067,59.89560064661612,912.6918181152085,1226.65047849975
exp_001,SA_n30_inst1_run2,base,26200,26201,873.37,0.15960916702169925,59.29664464014996,912.6918181152085,1309.0936909518496
exp_001,SA_n30_inst1_run2,base,26400,26401,880.03,0.1608185829827562,59.29664464014996,912.6918181152085,1476.390371213437
exp_001,SA_n30_inst1_run2,base,26600,26601,886.7,0.162000291980803,58.70367819374846,912.6918181152085,1461.9834891098558
exp_001,SA_n30_inst1_run2,base,26800,26801,893.37,0.16318212501937523,58.70367819374846,912.6918181152085,1448.973896151976
exp_001,SA_n30_inst1_run2,base,27000,27001,900.03,0.16436900000553578,58.70367819374846,912.6918181152085,1197.5092871761758
exp_001,SA_n30_inst1_run2,base,27200,27201,906.7,0.16556016699178144,58.116641411810974,912.6918181152085,1162.978139151005
exp_001,SA_n30_inst1_run2,base,27400,27401,913.37,0.16675575001863763,58.116641411810974,912.6918181152085,1156.3918174732114
exp_001,SA_n30_inst1_run2,base,27600,27601,920.03,0.16796183300903067,57.535474997692866,912.6918181152085,1291.1527616804221
exp_001,SA_n30_inst1_run2,base,27800,27801,926.7,0.16915054200217128,57.535474997692866,912.6918181152085,1490.8066128795647
exp_001,SA_n30_inst1_run2,base,28000,28001,933.37,0.17033033299958333,57.535474997692866,912.6918181152085,1147.4103005460568
exp_001,SA_n30_inst1_run2,base,28200,28201,940.03,0.17151562502840534,56.960120247715935,912.6918181152085,1238.9304700526548
exp_001,SA_n30_inst1_run2,base,28400,28401,946.7,0.17269095801748335,56.960120247715935,912.6918181152085,1386.1933658694923
exp_001,SA_n30_inst1_run2,base,28600,28601,953.37,0.1738650419865735,56.390519045238776,912.6918181152085,1314.6458027113708
exp_001,SA_n30_inst1_run2,base,28800,28801,960.03,0.175043250026647,56.390519045238776,912.6918181152085,1389.1019952300073
exp_001,SA_n30_inst1_run2,base,29000,29001,966.7,0.17621258302824572,56.390519045238776,912.6918181152085,1242.975052897895
exp_001,SA_n30_inst1_run2,base,29200,29201,973.37,0.17738474998623133,55.82661385478639,912.6918181152085,1226.9354693247399
exp_001,SA_n30_inst1_run2,base,29400,29401,980.03,0.17856920801568776,55.82661385478639,912.6918181152085,1395.0922219042384
exp_001,SA_n30_inst1_run2,base,29600,29601,986.7,0.17974279198097065,55.26834771623852,912.6918181152085,1072.094894843354
exp_001,SA_n30_inst1_run2,base,29800,29801,993.37,0.18091245798859745,55.26834771623852,912.6918181152085,1234.8555205081448
exp_001,SA_n30_inst1_run2,base,30000,30001,1000.03,0.18208216701168567,55.26834771623852,912.6918181152085,1211.051839787466
exp_001,SA_n30_inst1_run2,base,30200,30201,1006.7,0.18326525000156835,54.71566423907614,912.6918181152085,1090.09734981169
exp_001,SA_n30_inst1_run2,base,30400,30401,1013.37,0.1844242499792017,54.71566423907614,912.6918181152085,1152.3659683352623
exp_001,SA_n30_inst1_run2,base,30600,30601,1020.03,0.18558420799672604,54.16850759668538,912.6918181152085,1359.3020615064822
exp_001,SA_n30_inst1_run2,base,30800,30801,1026.7,0.1867580420221202,54.16850759668538,912.6918181152085,1566.8072411890607
exp_001,SA_n30_inst1_run2,base,31000,31001,1033.37,0.1879443330108188,54.16850759668538,912.6918181152085,1167.492008676483
exp_001,SA_n30_inst1_run2,base,31200,31201,1040.03,0.1891078749904409,53.62682252071853,912.6918181152085,1253.4622426507144
exp_001,SA_n30_inst1_run2,base,31400,31401,1046.7,0.1902858330286108,53.62682252071853,912.6918181152085,1056.6013985764016
exp_001,SA_n30_inst1_run2,base,31600,31601,1053.37,0.191450625017751,53.09055429551134,912.6918181152085,1446.2989201972648
exp_001,SA_n30_inst1_run2,base,31800,31801,1060.03,0.19260299997404218,53.09055429551134,912.6918181152085,1102.7717338928987
exp_001,SA_n30_inst1_run2,base,32000,32001,1066.7,0.19377245800569654,53.09055429551134,912.6918181152085,1274.4826164297217
exp_001,SA_n30_inst1_run2,base,32200,32201,1073.37,0.19494370801839978,52.55964875255623,912.6918181152085,1215.3745526736002
exp_001,SA_n30_inst1_run2,base,32400,32401,1080.03,0.1961117080063559,52.55964875255623,912.6918181152085,1306.7066183207812
exp_001,SA_n30_inst1_run2,base,32600,32601,1086.7,0.19728704198496416,52.03405226503067,912.6918181152085,1063.3956891152989
exp_001,SA_n30_inst1_run2,base,32800,32801,1093.37,0.1984592920052819,52.03405226503067,887.6525703585556,1358.9902113799242
exp_001,SA_n30_inst1_run2,base,33000,33001,1100.03,0.19962099997792393,52.03405226503067,887.6525703585556,1259.527602028968
exp_001,SA_n30_inst1_run2,base,33200,33201,1106.7,0.2008405000087805,51.51371174238036,887.6525703585556,1313.5129812911005
exp_001,SA_n30_inst1_run2,base,33400,33401,1113.37,0.20210408297134563,51.51371174238036,887.6525703585556,1143.8147257751978
exp_001,SA_n30_inst1_run2,base,33600,33601,1120.03,0.20330891699995846,50.998574624956554,887.6525703585556,1148.1448846136689
exp_001,SA_n30_inst1_run2,base,33800,33801,1126.7,0.20450350001920015,50.998574624956554,887.6525703585556,1355.1482255784724
exp_001,SA_n30_inst1_run2,base,34000,34001,1133.37,0.2057095830095932,50.998574624956554,887.6525703585556,1180.1376746708193
exp_001,SA_n30_inst1_run2,base,34200,34201,1140.03,0.20691312500275671,50.488588878706985,887.6525703585556,1457.1886239262958
exp_001,SA_n30_inst1_run2,base,34400,34401,1146.7,0.20808708301046863,50.488588878706985,887.6525703585556,1384.3730136750087
exp_001,SA_n30_inst1_run2,base,34600,34601,1153.37,0.20927237498108298,49.98370298991991,887.6525703585556,1322.196945692264
exp_001,SA_n30_inst1_run2,base,34800,34801,1160.03,0.21042983297957107,49.98370298991991,887.6525703585556,1117.675688163013
exp_001,SA_n30_inst1_run2,base,35000,35001,1166.7,0.2116111249779351,49.98370298991991,887.6525703585556,1529.7456819911895
exp_001,SA_n30_inst1_run2,base,35200,35201,1173.37,0.21278241701656953,49.483865960020715,887.6525703585556,1272.1134602042418
exp_001,SA_n30_inst1_run2,base,35400,35401,1180.03,0.2139442500192672,49.483865960020715,887.6525703585556,1471.8429490781762
exp_001,SA_n30_inst1_run2,base,35600,35601,1186.7,0.21518354199361056,48.98902730042051,887.6525703585556,1205.8544855906944
exp_001,SA_n30_inst1_run2,base,35800,35801,1193.37,0.21646941697690636,48.98902730042051,887.6525703585556,1396.4013905279567
exp_001,SA_n30_inst1_run2,base,36000,36001,1200.03,0.2176934169838205,48.98902730042051,887.6525703585556,1173.3163276688942
exp_001,SA_n30_inst1_run2,base,36200,36201,1206.7,0.21888745797332376,48.4991370274163,887.6525703585556,1313.027801063921
exp_001,SA_n30_inst1_run2,base,36400,36401,1213.37,0.22007545799715444,48.4991370274163,887.6525703585556,1315.8387487497073
exp_001,SA_n30_inst1_run2,base,36600,36601,1220.03,0.22126041701994836,48.01414565714214,887.6525703585556,1391.6787167278665
exp_001,SA_n30_inst1_run2,base,36800,36801,1226.7,0.2224400420091115,48.01414565714214,887.6525703585556,1357.1975827945655
exp_001,SA_n30_inst1_run2,base,37000,37001,1233.37,0.22362191701540723,48.01414565714214,887.6525703585556,1158.7490774542316
exp_001,SA_n30_inst1_run2,base,37200,37201,1240.03,0.22480849997373298,47.53400420057071,887.6525703585556,1081.3201432776302
exp_001,SA_n30_inst1_run2,base,37400,37401,1246.7,0.22598458302672952,47.53400420057071,887.6525703585556,1225.368013451203
exp_001,SA_n30_inst1_run2,base,37600,37601,1253.37,0.22715629200683907,47.05866415856501,887.6525703585556,1356.3189722964994
exp_001,SA_n30_inst1_run2,base,37800,37801,1260.03,0.22834391699871048,47.05866415856501,887.6525703585556,1345.836012788842
exp_001,SA_n30_inst1_run2,base,38000,38001,1266.7,0.22955529199680313,47.05866415856501,887.6525703585556,1473.9526360640539
exp_001,SA_n30_inst1_run2,base,38200,38201,1273.37,0.23081179201835766,46.58807751697936,887.6525703585556,1228.2524737896072
exp_001,SA_n30_inst1_run2,base,38400,38401,1280.03,0.23215549997985363,46.58807751697936,887.6525703585556,1413.4898378614505
exp_001,SA_n30_inst1_run2,base,38600,38601,1286.7,0.2334026669850573,46.12219674180957,887.6525703585556,1445.441798588004
exp_001,SA_n30_inst1_run2,base,38800,38801,1293.37,0.2346233749995008,46.12219674180957,887.6525703585556,1363.0469642483579
exp_001,SA_n30_inst1_run2,base,39000,39001,1300.03,0.2358063330175355,46.12219674180957,887.6525703585556,1168.2886139565474
exp_001,SA_n30_inst1_run2,base,39200,39201,1306.7,0.23699683300219476,45.66097477439147,832.1068974398391,925.1309515242199
exp_001,SA_n30_inst1_run2,base,39400,39401,1313.37,0.23816695797722787,45.66097477439147,832.1068974398391,1078.4632601159697
exp_001,SA_n30_inst1_run2,base,39600,39601,1320.03,0.2393488750094548,45.20436502664755,832.1068974398391,1149.5071633988998
exp_001,SA_n30_inst1_run2,base,39800,39801,1326.7,0.24050491699017584,45.20436502664755,832.1068974398391,1099.549859500847
exp_001,SA_n30_inst1_run2,base,40000,40001,1333.37,0.2417002500151284,45.20436502664755,832.1068974398391,1111.8930388191561
exp_001,SA_n30_inst1_run2,base,40200,40201,1340.03,0.24286512500839308,44.752321376381076,832.1068974398391,1234.1730938678468
exp_001,SA_n30_inst1_run2,base,40400,40401,1346.7,0.24403000000165775,44.752321376381076,832.1068974398391,1084.3299616494614
exp_001,SA_n30_inst1_run2,base,40600,40601,1353.37,0.24519670801237226,44.30479816261727,832.1068974398391,1254.8424362020842
exp_001,SA_n30_inst1_run2,base,40800,40801,1360.03,0.2463653750019148,44.30479816261727,832.1068974398391,1016.5595583135529
exp_001,SA_n30_inst1_run2,base,41000,41001,1366.7,0.24762350000673905,44.30479816261727,832.1068974398391,1231.6432205280523
exp_001,SA_n30_inst1_run2,base,41200,41201,1373.37,0.24884420802118257,43.861750180991095,832.1068974398391,1224.8265481570907
exp_001,SA_n30_inst1_run2,base,41400,41401,1380.03,0.2500420829746872,43.861750180991095,832.1068974398391,1344.0254697807538
exp_001,SA_n30_inst1_run2,base,41600,41601,1386.7,0.25124291697284207,43.42313267918119,832.1068974398391,1180.8790009381194
exp_001,SA_n30_inst1_run2,base,41800,41801,1393.37,0.2524038329720497,43.42313267918119,832.1068974398391,1263.5818242273851
exp_001,SA_n30_inst1_run2,base,42000,42001,1400.03,0.2535647919867188,43.42313267918119,832.1068974398391,1361.1551777977204
exp_001,SA_n30_inst1_run2,base,42200,42201,1406.7,0.2547309580259025,42.98890135238938,832.1068974398391,1112.042073924623
exp_001,SA_n30_inst1_run2,base,42400,42401,1413.37,0.2559065420064144,42.98890135238938,832.1068974398391,1098.593899978384
exp_001,SA_n30_inst1_run2,base,42600,42601,1420.03,0.25710654200520366,42.559012338865486,832.1068974398391,1243.567966720466
exp_001,SA_n30_inst1_run2,base,42800,42801,1426.7,0.2582811249885708,42.559012338865486,832.1068974398391,1273.2998233613132
exp_001,SA_n30_inst1_run2,base,43000,43001,1433.37,0.25944870797684416,42.559012338865486,832.1068974398391,1253.5255677069
exp_001,SA_n30_inst1_run2,base,43200,43201,1440.03,0.2606199579895474,42.133422215476834,832.1068974398391,1118.4805393579647
exp_001,SA_n30_inst1_run2,base,43400,43401,1446.7,0.26176941697485745,42.133422215476834,832.1068974398391,1113.0676530111116
exp_001,SA_n30_inst1_run2,base,43600,43601,1453.37,0.26292875001672655,41.712087993322065,832.1068974398391,1249.8725474062003
exp_001,SA_n30_inst1_run2,base,43800,43801,1460.03,0.26412779197562486,41.712087993322065,832.1068974398391,1375.9315295727527
exp_001,SA_n30_inst1_run2,base,44000,44001,1466.7,0.26537974999519065,41.712087993322065,832.1068974398391,1213.229736419656
exp_001,SA_n30_inst1_run2,base,44200,44201,1473.37,0.266580083000008,41.29496711338884,832.1068974398391,1285.4825059394086
exp_001,SA_n30_inst1_run2,base,44400,44401,1480.03,0.2677708750125021,41.29496711338884,832.1068974398391,1319.4510954746365
exp_001,SA_n30_inst1_run2,base,44600,44601,1486.7,0.26894558302592486,40.882017442254956,832.1068974398391,1109.8588705417421
exp_001,SA_n30_inst1_run2,base,44800,44801,1493.37,0.2701030829921365,40.882017442254956,832.1068974398391,1449.359391439384
exp_001,SA_n30_inst1_run2,base,45000,45001,1500.03,0.2712784999748692,40.882017442254956,832.1068974398391,1021.2564095548915
exp_001,SA_n30_inst1_run2,base,45200,45201,1506.7,0.272447417024523,40.473197267832404,832.1068974398391,1401.4549264754671
exp_001,SA_n30_inst1_run2,base,45400,45401,1513.37,0.2736208750284277,40.473197267832404,832.1068974398391,1127.1232596715083
exp_001,SA_n30_inst1_run2,base,45600,45601,1520.03,0.27477558300597593,40.06846529515408,832.1068974398391,1169.2598283452
exp_001,SA_n30_inst1_run2,base,45800,45801,1526.7,0.27593674999661744,40.06846529515408,832.1068974398391,1350.1496080466877
exp_001,SA_n30_inst1_run2,base,46000,46001,1533.37,0.27708945801714435,40.06846529515408,832.1068974398391,1167.1609480981483
exp_001,SA_n30_inst1_run2,base,46200,46201,1540.03,0.2782561249914579,39.66778064220254,832.1068974398391,1145.260853850995
exp_001,SA_n30_inst1_run2,base,46400,46401,1546.7,0.2794203329831362,39.66778064220254,832.1068974398391,1233.4871573021908
exp_001,SA_n30_inst1_run2,base,46600,46601,1553.37,0.2805658750003204,39.27110283578051,832.1068974398391,1098.194689619989
exp_001,SA_n30_inst1_run2,base,46800,46801,1560.03,0.2817135829827748,39.27110283578051,832.1068974398391,1082.6991274239656
exp_001,SA_n30_inst1_run2,base,47000,47001,1566.7,0.28287724999245256,39.27110283578051,832.1068974398391,1229.9049281074122
exp_001,SA_n30_inst1_run2,base,47200,47201,1573.37,0.284034917014651,38.8783918074227,832.1068974398391,1229.6392397212073
exp_001,SA_n30_inst1_run2,base,47400,47401,1580.03,0.2851820830255747,38.8783918074227,832.1068974398391,1123.963471347159
exp_001,SA_n30_inst1_run2,base,47600,47601,1586.7,0.28634233301272616,38.48960788934848,832.1068974398391,1319.971515262826
exp_001,SA_n30_inst1_run2,base,47800,47801,1593.37,0.2875062500243075,38.48960788934848,832.1068974398391,1257.2185873883084
exp_001,SA_n30_inst1_run2,base,48000,48001,1600.03,0.28869291697628796,38.48960788934848,832.1068974398391,1320.0150663413633
exp_001,SA_n30_inst1_run2,base,48200,48201,1606.7,0.28986029198858887,38.104711810454994,832.1068974398391,1120.1513889745167
exp_001,SA_n30_inst1_run2,base,48400,48401,1613.37,0.2910094169783406,38.104711810454994,832.1068974398391,1331.1160542449693
exp_001,SA_n30_inst1_run2,base,48600,48601,1620.03,0.29216654202900827,37.72366469235045,832.1068974398391,1257.1023327232028
exp_001,SA_n30_inst1_run2,base,48800,48801,1626.7,0.2933131249737926,37.72366469235045,832.1068974398391,1210.8800936482185
exp_001,SA_n30_inst1_run2,base,49000,49001,1633.37,0.2944631249993108,37.72366469235045,832.1068974398391,989.0837852921065
exp_001,SA_n30_inst1_run2,base,49200,49201,1640.03,0.29561054200166836,37.34642804542694,832.1068974398391,1086.7054623635652
exp_001,SA_n30_inst1_run2,base,49400,49401,1646.7,0.2967567499727011,37.34642804542694,832.1068974398391,1130.3687883976224
exp_001,SA_n30_inst1_run2,base,49600,49601,1653.37,0.2978852079831995,36.97296376497267,832.1068974398391,1000.8313092055986
exp_001,SA_n30_inst1_run2,base,49800,49801,1660.03,0.2990525829955004,36.97296376497267,832.1068974398391,1167.0001227334644
exp_001,SA_n30_inst1_run2,base,50000,50001,1666.7,0.3002250000135973,36.97296376497267,832.1068974398391,1096.23124515906
exp_001,SA_n30_inst1_run2,base,50000,50001,1666.7,0.300291332998313,0.00099,832.1068974398391,1096.23124515906
exp_001,SA_n30_inst2_run0,base,0,1,0.03,1.2500095181167126e-06,100.0,1511.749455825047,1511.749455825047
exp_001,SA_n30_inst2_run0,base,200,201,6.7,0.0012109579984098673,100.0,1086.4991734608204,1252.2549750527037
exp_001,SA_n30_inst2_run0,base,400,401,13.37,0.0024115419946610928,100.0,1086.4991734608204,1480.8250607081513
exp_001,SA_n30_inst2_run0,base,600,601,20.03,0.00360829196870327,99.0,1086.4991734608204,1323.1126231000699
exp_001,SA_n30_inst2_run0,base,800,801,26.7,0.0048107499605976045,99.0,1086.4991734608204,1399.3316215253053
exp_001,SA_n30_inst2_run0,base,1000,1001,33.37,0.006029707961715758,99.0,1086.4991734608204,1206.6951484980702
exp_001,SA_n30_inst2_run0,base,1200,1201,40.03,0.007235208002384752,98.01,1022.4686270296799,1371.4322133078088
exp_001,SA_n30_inst2_run0,base,1400,1401,46.7,0.008423666993621737,98.01,1022.4686270296799,1555.8151483533115
exp_001,SA_n30_inst2_run0,base,1600,1601,53.37,0.009614125010557473,97.0299,1022.4686270296799,1331.2190271218549
exp_001,SA_n30_inst2_run0,base,1800,1801,60.03,0.010817917005624622,97.0299,1022.4686270296799,1354.2085876143728
exp_001,SA_n30_inst2_run0,base,2000,2001,66.7,0.012004249962046742,97.0299,930.1380719251322,1339.6392671416438
exp_001,SA_n30_inst2_run0,base,2200,2201,73.37,0.013190792000386864,96.059601,930.1380719251322,1238.9549345425214
exp_001,SA_n30_inst2_run0,base,2400,2401,80.03,0.014383582980372012,96.059601,930.1380719251322,1160.0070649562842
exp_001,SA_n30_inst2_run0,base,2600,2601,86.7,0.015580957988277078,95.09900499,930.1380719251322,1401.0456441792453
exp_001,SA_n30_inst2_run0,base,2800,2801,93.37,0.016767416964285076,95.09900499,930.1380719251322,1402.5399044213057
exp_001,SA_n30_inst2_run0,base,3000,3001,100.03,0.017962499987334013,95.09900499,930.1380719251322,1694.408507183109
exp_001,SA_n30_inst2_run0,base,3200,3201,106.7,0.01916166697628796,94.1480149401,930.1380719251322,1286.757050554656
exp_001,SA_n30_inst2_run0,base,3400,3401,113.37,0.02036370796849951,94.1480149401,930.1380719251322,1202.9716219366262
exp_001,SA_n30_inst2_run0,base,3600,3601,120.03,0.02156691695563495,93.206534790699,930.1380719251322,1427.2648260627818
exp_001,SA_n30_inst2_run0,base,3800,3801,126.7,0.022762332984711975,93.206534790699,930.1380719251322,1454.6194976658117
exp_001,SA_n30_inst2_run0,base,4000,4001,133.37,0.023966124979779124,93.206534790699,930.1380719251322,1394.4185693952384
exp_001,SA_n30_inst2_run0,base,4200,4201,140.03,0.02516216697404161,92.27446944279201,930.1380719251322,1346.1832158195757
exp_001,SA_n30_inst2_run0,base,4400,4401,146.7,0.026349374966230243,92.27446944279201,930.1380719251322,1397.1265876716661
exp_001,SA_n30_inst2_run0,base,4600,4601,153.37,0.027532082982361317,91.35172474836409,930.1380719251322,1248.2947950150512
exp_001,SA_n30_inst2_run0,base,4800,4801,160.03,0.028719082998577505,91.35172474836409,930.1380719251322,1303.7020027424135
exp_001,SA_n30_inst2_run0,base,5000,5001,166.7,0.029909499979112297,91.35172474836409,930.1380719251322,1457.2339061178263
exp_001,SA_n30_inst2_run0,base,5200,5201,173.37,0.03109658299945295,90.43820750088045,930.1380719251322,1295.4009666321688
exp_001,SA_n30_inst2_run0,base,5400,5401,180.03,0.03227575001074001,90.43820750088045,930.1380719251322,1105.0516508208884
exp_001,SA_n30_inst2_run0,base,5600,5601,186.7,0.033471208007540554,89.53382542587164,930.1380719251322,1371.0230859442004
exp_001,SA_n30_inst2_run0,base,5800,5801,193.37,0.03464974998496473,89.53382542587164,930.1380719251322,1117.200912961842
exp_001,SA_n30_inst2_run0,base,6000,6001,200.03,0.03583295800490305,89.53382542587164,930.1380719251322,1277.9865635125375
exp_001,SA_n30_inst2_run0,base,6200,6201,206.7,0.037034832988865674,88.63848717161292,930.1380719251322,1525.129703821059
exp_001,SA_n30_inst2_run0,base,6400,6401,213.37,0.03823437500977889,88.63848717161292,930.1380719251322,1203.603434197744
exp_001,SA_n30_inst2_run0,base,6600,6601,220.03,0.039456832979340106,87.75210229989679,930.1380719251322,1301.148982973334
exp_001,SA_n30_inst2_run0,base,6800,6801,226.7,0.040664416970685124,87.75210229989679,930.1380719251322,1273.0349526216419
exp_001,SA_n30_inst2_run0,base,7000,7001,233.37,0.04185624996898696,87.75210229989679,930.1380719251322,1233.660560019713
exp_001,SA_n30_inst2_run0,base,7200,7201,240.03,0.043049291998613626,86.87458127689783,930.1380719251322,1334.2100001225847
exp_001,SA_n30_inst2_run0,base,7400,7401,246.7,0.044232666958123446,86.87458127689783,930.1380719251322,1120.5320654923942
exp_001,SA_n30_inst2_run0,base,7600,7601,253.37,0.04545004200190306,86.00583546412885,930.1380719251322,1504.5195907170614
exp_001,SA_n30_inst2_run0,base,7800,7801,260.03,0.04665220796596259,86.00583546412885,930.1380719251322,1442.87568957463
exp_001,SA_n30_inst2_run0,base,8000,8001,266.7,0.047872374998405576,86.00583546412885,930.1380719251322,1299.3315910255533
exp_001,SA_n30_inst2_run0,base,8200,8201,273.37,0.04907049995381385,85.14577710948755,930.1380719251322,1336.7953221406426
exp_001,SA_n30_inst2_run0,base,8400,8401,280.03,0.05025479197502136,85.14577710948755,930.1380719251322,1386.809069983931
exp_001,SA_n30_inst2_run0,base,8600,8601,286.7,0.051436791953165084,84.29431933839268,930.1380719251322,1118.7170346865994
exp_001,SA_n30_inst2_run0,base,8800,8801,293.37,0.05261979199713096,84.29431933839268,930.1380719251322,1276.4820626325657
exp_001,SA_n30_inst2_run0,base,9000,9001,300.03,0.053829874959774315,84.29431933839268,930.1380719251322,1365.153465807238
exp_001,SA_n30_inst2_run0,base,9200,9201,306.7,0.0550105829606764,83.45137614500875,930.1380719251322,1344.9229346085747
exp_001,SA_n30_inst2_run0,base,9400,9401,313.37,0.05621116695692763,83.45137614500875,930.1380719251322,1398.7863365176156
exp_001,SA_n30_inst2_run0,base,9600,9601,320.03,0.0574014579760842,82.61686238355867,930.1380719251322,1340.1794042345255
exp_001,SA_n30_inst2_run0,base,9800,9801,326.7,0.05857712496072054,82.61686238355867,930.1380719251322,1346.3858834822806
exp_001,SA_n30_inst2_run0,base,10000,10001,333.37,0.05976149998605251,82.61686238355867,930.1380719251322,1326.1609240764114
exp_001,SA_n30_inst2_run0,base,10200,10201,340.03,0.06093912495998666,81.79069375972308,930.1380719251322,1293.3487193235544
exp_001,SA_n30_inst2_run0,base,10400,10401,346.7,0.06212533300276846,81.79069375972308,930.1380719251322,1231.9054127375532
exp_001,SA_n30_inst2_run0,base,10600,10601,353.37,0.06330345798050985,80.97278682212585,930.1380719251322,1257.6744311010168
exp_001,SA_n30_inst2_run0,base,10800,10801,360.03,0.0644926669774577,80.97278682212585,930.1380719251322,1331.1320309692633
exp_001,SA_n30_inst2_run0,base,11000,11001,366.7,0.06569329201010987,80.97278682212585,930.1380719251322,1279.8735108445453
exp_001,SA_n30_inst2_run0,base,11200,11201,373.37,0.0668968329555355,80.1630589539046,930.1380719251322,1265.453495852698
exp_001,SA_n30_inst2_run0,base,11400,11401,380.03,0.06808908295352012,80.1630589539046,930.1380719251322,1325.7784511734508
exp_001,SA_n30_inst2_run0,base,11600,11601,386.7,0.06927837495459244,79.36142836436555,930.1380719251322,1230.852622211557
exp_001,SA_n30_inst2_run0,base,11800,11801,393.37,0.07045937498332933,79.36142836436555,930.1380719251322,1081.203129857435
exp_001,SA_n30_inst2_run0,base,12000,12001,400.03,0.07165949995396659,79.36142836436555,930.1380719251322,1242.1751656885983
exp_001,SA_n30_inst2_run0,base,12200,12201,406.7,0.0728507079766132,78.56781408072189,930.1380719251322,1268.8007637548724
exp_001,SA_n30_inst2_run0,base,12400,12401,413.37,0.07404808298451826,78.56781408072189,930.1380719251322,1126.2911558184462
exp_001,SA_n30_inst2_run0,base,12600,12601,420.03,0.07523266697535291,77.78213593991467,904.508803199073,1213.2578194624423
exp_001,SA_n30_inst2_run0,base,12800,12801,426.7,0.0764071669545956,77.78213593991467,904.508803199073,1279.0529688861138
exp_001,SA_n30_inst2_run0,base,13000,13001,433.37,0.07758787495549768,77.78213593991467,904.508803199073,1226.7205031809735
exp_001,SA_n30_inst2_run0,base,13200,13201,440.03,0.07875912496820092,77.00431458051553,904.508803199073,1145.2504790737185
exp_001,SA_n30_inst2_run0,base,13400,13401,446.7,0.07993270800216123,77.00431458051553,904.508803199073,1239.3897705234301
exp_001,SA_n30_inst2_run0,base,13600,13601,453.37,0.0811300830100663,76.23427143471037,904.508803199073,1290.7706897679361
exp_001,SA_n30_inst2_run0,base,13800,13801,460.03,0.082312207960058,76.23427143471037,904.508803199073,1343.4431455305487
exp_001,SA_n30_inst2_run0,base,14000,14001,466.7,0.08350424998207018,76.23427143471037,904.508803199073,1354.218774486054
exp_001,SA_n30_inst2_run0,base,14200,14201,473.37,0.0846920830081217,75.47192872036327,904.508803199073,1051.905676721908
exp_001,SA_n30_inst2_run0,base,14400,14401,480.03,0.08588024997152388,75.47192872036327,904.508803199073,1346.4192939442987
exp_001,SA_n30_inst2_run0,base,14600,14601,486.7,0.08706129196798429,74.71720943315964,904.508803199073,1238.0710848954411
exp_001,SA_n30_inst2_run0,base,14800,14801,493.37,0.08825504197739065,74.71720943315964,904.508803199073,1313.544797503834
exp_001,SA_n30_inst2_run0,base,15000,15001,500.03,0.08945966698229313,74.71720943315964,904.508803199073,1380.1304577161663
exp_001,SA_n30_inst2_run0,base,15200,15201,506.7,0.09064983297139406,73.97003733882804,904.508803199073,1272.5767261271078
exp_001,SA_n30_inst2_run0,base,15400,15401,513.37,0.09183316701091826,73.97003733882804,904.508803199073,1257.8552492897809
exp_001,SA_n30_inst2_run0,base,15600,15601,520.03,0.09301066695479676,73.23033696543976,904.508803199073,1323.452677113359
exp_001,SA_n30_inst2_run0,base,15800,15801,526.7,0.09419999999227002,73.23033696543976,904.508803199073,1215.2383019696815
exp_001,SA_n30_inst2_run0,base,16000,16001,533.37,0.09538349998183548,73.23033696543976,904.508803199073,1196.6714746153232
exp_001,SA_n30_inst2_run0,base,16200,16201,540.03,0.09657374996459112,72.49803359578536,904.508803199073,1329.3607007201188
exp_001,SA_n30_inst2_run0,base,16400,16401,546.7,0.09775129199260846,72.49803359578536,904.508803199073,1089.0402857741026
exp_001,SA_n30_inst2_run0,base,16600,16601,553.37,0.09894262498710304,71.7730532598275,904.508803199073,1442.8133571764743
exp_001,SA_n30_inst2_run0,base,16800,16801,560.03,0.10012120800092816,71.7730532598275,904.508803199073,1410.3185694423294
exp_001,SA_n30_inst2_run0,base,17000,17001,566.7,0.1013124999590218,71.7730532598275,904.508803199073,1231.3507720209066
exp_001,SA_n30_inst2_run0,base,17200,17201,573.37,0.10249041696079075,71.05532272722922,904.508803199073,1354.016395236468
exp_001,SA_n30_inst2_run0,base,17400,17401,580.03,0.10368083301000297,71.05532272722922,904.508803199073,1212.4596427699644
exp_001,SA_n30_inst2_run0,base,17600,17601,586.7,0.10489550000056624,70.34476949995693,904.508803199073,1241.3620275955195
exp_001,SA_n30_inst2_run0,base,17800,17801,593.37,0.10609512496739626,70.34476949995693,904.508803199073,1213.4745461351354
exp_001,SA_n30_inst2_run0,base,18000,18001,600.03,0.10726545797660947,70.34476949995693,904.508803199073,1406.612560586513
exp_001,SA_n30_inst2_run0,base,18200,18201,606.7,0.10844741697655991,69.64132180495736,904.508803199073,1167.4211208330232
exp_001,SA_n30_inst2_run0,base,18400,18401,613.37,0.10962166695389897,69.64132180495736,896.24364484328,1220.082802224306
exp_001,SA_n30_inst2_run0,base,18600,18601,620.03,0.11080154200317338,68.94490858690779,896.24364484328,1169.8113484942373
exp_001,SA_n30_inst2_run0,base,18800,18801,626.7,0.11197299999184906,68.94490858690779,896.24364484328,1107.6671633130031
exp_001,SA_n30_inst2_run0,base,19000,19001,633.37,0.11322441697120667,68.94490858690779,896.24364484328,1323.8259827470117
exp_001,SA_n30_inst2_run0,base,19200,19201,640.03,0.1144951669848524,68.25545950103871,896.24364484328,1305.855707344543
exp_001,SA_n30_inst2_run0,base,19400,19401,646.7,0.11573795799631625,68.25545950103871,896.24364484328,1333.9403746618523
exp_001,SA_n30_inst2_run0,base,19600,19601,653.37,0.11696137499529868,67.57290490602833,896.24364484328,1386.5007577441434
exp_001,SA_n30_inst2_run0,base,19800,19801,660.03,0.11816295800963417,67.57290490602833,896.24364484328,1455.952962523651
exp_001,SA_n30_inst2_run0,base,20000,20001,666.7,0.11937458300963044,67.57290490602833,896.24364484328,1305.339524100254
exp_001,SA_n30_inst2_run0,base,20200,20201,673.37,0.12057487497804686,66.89717585696805,896.24364484328,1455.271667127072
exp_001,SA_n30_inst2_run0,base,20400,20401,680.03,0.1217764169559814,66.89717585696805,896.24364484328,1056.5789892751125
exp_001,SA_n30_inst2_run0,base,20600,20601,686.7,0.12296741700265557,66.22820409839836,896.24364484328,1365.5115783352385
exp_001,SA_n30_inst2_run0,base,20800,20801,693.37,0.12416487495647743,66.22820409839836,896.24364484328,1313.0585342535658
exp_001,SA_n30_inst2_run0,base,21000,21001,700.03,0.12535745796049014,66.22820409839836,896.24364484328,1303.5615511644603
exp_001,SA_n30_inst2_run0,base,21200,21201,706.7,0.12655074999202043,65.56592205741438,896.24364484328,1250.9653502747528
exp_001,SA_n30_inst2_run0,base,21400,21401,713.37,0.12774641695432365,65.56592205741438,896.24364484328,1265.1177952287806
exp_001,SA_n30_inst2_run0,base,21600,21601,720.03,0.12893429200630635,64.91026283684023,896.24364484328,1368.0491603420446
exp_001,SA_n30_inst2_run0,base,21800,21801,726.7,0.13010733301052824,64.91026283684023,896.24364484328,1256.7242329323374
exp_001,SA_n30_inst2_run0,base,22000,22001,733.37,0.1313440419617109,64.91026283684023,896.24364484328,1399.8594491315514
exp_001,SA_n30_inst2_run0,base,22200,22201,740.03,0.13254816696280614,64.26116020847184,896.24364484328,1421.8995654271714
exp_001,SA_n30_inst2_run0,base,22400,22401,746.7,0.13372424995759502,64.26116020847184,896.24364484328,1323.1228226989074
exp_001,SA_n30_inst2_run0,base,22600,22601,753.37,0.13490041700424626,63.618548606387115,896.24364484328,1217.4263576910141
exp_001,SA_n30_inst2_run0,base,22800,22801,760.03,0.1360916249686852,63.618548606387115,896.24364484328,1318.8908593978385
exp_001,SA_n30_inst2_run0,base,23000,23001,766.7,0.13729012495605275,63.618548606387115,896.24364484328,1175.4689933122393
exp_001,SA_n30_inst2_run0,base,23200,23201,773.37,0.13849791698157787,62.98236312032324,896.24364484328,1293.3798798639095
exp_001,SA_n30_inst2_run0,base,23400,23401,780.03,0.13968787499470636,62.98236312032324,896.24364484328,1367.5739566141938
exp_001,SA_n30_inst2_run0,base,23600,23601,786.7,0.14090079197194427,62.35253948912001,896.24364484328,1123.1647579296512
exp_001,SA_n30_inst2_run0,base,23800,23801,793.37,0.14208887499989942,62.35253948912001,896.24364484328,1265.979976275275
exp_001,SA_n30_inst2_run0,base,24000,24001,800.03,0.14326479198643938,62.35253948912001,896.24364484328,1101.1672878622521
exp_001,SA_n30_inst2_run0,base,24200,24201,806.7,0.14444229198852554,61.72901409422881,896.24364484328,1024.578158388413
exp_001,SA_n30_inst2_run0,base,24400,24401,813.37,0.1456220829859376,61.72901409422881,896.24364484328,1365.1668805136658
exp_001,SA_n30_inst2_run0,base,24600,24601,820.03,0.1468349999631755,61.11172395328652,896.24364484328,1331.068616276245
exp_001,SA_n30_inst2_run0,base,24800,24801,826.7,0.14804900001036003,61.11172395328652,861.5308314600255,1133.0013293011623
exp_001,SA_n30_inst2_run0,base,25000,25001,833.37,0.14926108298823237,61.11172395328652,861.5308314600255,1410.5683552491828
exp_001,SA_n30_inst2_run0,base,25200,25201,840.03,0.15044229198247194,60.500606713753655,861.5308314600255,1271.261836075889
exp_001,SA_n30_inst2_run0,base,25400,25401,846.7,0.1516307079582475,60.500606713753655,861.5308314600255,1427.8950180655954
exp_001,SA_n30_inst2_run0,base,25600,25601,853.37,0.1528226250084117,59.89560064661612,861.5308314600255,1167.9817908559462
exp_001,SA_n30_inst2_run0,base,25800,25801,860.03,0.15400587499607354,59.89560064661612,861.5308314600255,1406.5190622188643
exp_001,SA_n30_inst2_run0,base,26000,26001,866.7,0.15518604195676744,59.89560064661612,861.5308314600255,1171.229428767782
exp_001,SA_n30_inst2_run0,base,26200,26201,873.37,0.15636291698319837,59.29664464014996,861.5308314600255,999.311485496497
exp_001,SA_n30_inst2_run0,base,26400,26401,880.03,0.15756512497318909,59.29664464014996,861.5308314600255,1182.0589479327068
exp_001,SA_n30_inst2_run0,base,26600,26601,886.7,0.1587493330007419,58.70367819374846,861.5308314600255,1088.63921793536
exp_001,SA_n30_inst2_run0,base,26800,26801,893.37,0.15991508297156543,58.70367819374846,861.5308314600255,1061.628997109002
exp_001,SA_n30_inst2_run0,base,27000,27001,900.03,0.1610809579724446,58.70367819374846,861.5308314600255,1292.6121176181682
exp_001,SA_n30_inst2_run0,base,27200,27201,906.7,0.16226529196137562,58.116641411810974,861.5308314600255,1352.5496571404572
exp_001,SA_n30_inst2_run0,base,27400,27401,913.37,0.1634754579863511,58.116641411810974,861.5308314600255,1155.6733094989545
exp_001,SA_n30_inst2_run0,base,27600,27601,920.03,0.16472058300860226,57.535474997692866,861.5308314600255,1351.3087514094693
exp_001,SA_n30_inst2_run0,base,27800,27801,926.7,0.16592499997932464,57.535474997692866,861.5308314600255,1312.3040199181123
exp_001,SA_n30_inst2_run0,base,28000,28001,933.37,0.16712537501007318,57.535474997692866,861.5308314600255,1314.544979425843
exp_001,SA_n30_inst2_run0,base,28200,28201,940.03,0.16831462498521432,56.960120247715935,861.5308314600255,1386.2758668014067
exp_001,SA_n30_inst2_run0,base,28400,28401,946.7,0.16950212500523776,56.960120247715935,861.5308314600255,1186.6855159200898
exp_001,SA_n30_inst2_run0,base,28600,28601,953.37,0.1707086669630371,56.390519045238776,861.5308314600255,1436.1981608444921
exp_001,SA_n30_inst2_run0,base,28800,28801,960.03,0.17189716699067503,56.390519045238776,861.5308314600255,1258.5363707830506
exp_001,SA_n30_inst2_run0,base,29000,29001,966.7,0.17307087499648333,56.390519045238776,861.5308314600255,1170.1687401569602
exp_001,SA_n30_inst2_run0,base,29200,29201,973.37,0.17425658297725022,55.82661385478639,861.5308314600255,1257.8884077596506
exp_001,SA_n30_inst2_run0,base,29400,29401,980.03,0.1754439999931492,55.82661385478639,861.5308314600255,1351.7394315535785
exp_001,SA_n30_inst2_run0,base,29600,29601,986.7,0.17661991697968915,55.26834771623852,861.5308314600255,1311.6603171159688
exp_001,SA_n30_inst2_run0,base,29800,29801,993.37,0.17780050000874326,55.26834771623852,861.5308314600255,1170.6762154367357
exp_001,SA_n30_inst2_run0,base,30000,30001,1000.03,0.17899820796446875,55.26834771623852,861.5308314600255,1254.5250950094933
exp_001,SA_n30_inst2_run0,base,30200,30201,1006.7,0.1801711249863729,54.71566423907614,861.5308314600255,1242.9677195112226
exp_001,SA_n30_inst2_run0,base,30400,30401,1013.37,0.1813452079659328,54.71566423907614,861.5308314600255,1201.5133223603111
exp_001,SA_n30_inst2_run0,base,30600,30601,1020.03,0.18252204195596278,54.16850759668538,861.5308314600255,1213.5578643832223
exp_001,SA_n30_inst2_run0,base,30800,30801,1026.7,0.1837016249774024,54.16850759668538,861.5308314600255,1480.9371404429855
exp_001,SA_n30_inst2_run0,base,31000,31001,1033.37,0.18487674999050796,54.16850759668538,861.5308314600255,1270.0251369909395
exp_001,SA_n30_inst2_run0,base,31200,31201,1040.03,0.1860520420013927,53.62682252071853,861.5308314600255,1225.6968322986604
exp_001,SA_n30_inst2_run0,base,31400,31401,1046.7,0.18722466699546203,53.62682252071853,861.5308314600255,1268.704135445691
exp_001,SA_n30_inst2_run0,base,31600,31601,1053.37,0.18841050000628456,53.09055429551134,861.5308314600255,1374.1167790432567
exp_001,SA_n30_inst2_run0,base,31800,31801,1060.03,0.1895818329649046,53.09055429551134,861.5308314600255,1083.403999319258
exp_001,SA_n30_inst2_run0,base,32000,32001,1066.7,0.19075012498069555,53.09055429551134,861.5308314600255,1157.3421242540958
exp_001,SA_n30_inst2_run0,base,32200,32201,1073.37,0.19193308299873024,52.55964875255623,861.5308314600255,1200.3906362946288
exp_001,SA_n30_inst2_run0,base,32400,32401,1080.03,0.19310670800041407,52.55964875255623,861.5308314600255,1406.465927058349
exp_001,SA_n30_inst2_run0,base,32600,32601,1086.7,0.1942813330097124,52.03405226503067,861.5308314600255,1230.5707710579038
exp_001,SA_n30_inst2_run0,base,32800,32801,1093.37,0.19544695800868794,52.03405226503067,861.5308314600255,1245.5471819269032
exp_001,SA_n30_inst2_run0,base,33000,33001,1100.03,0.19661833299323916,52.03405226503067,861.5308314600255,1252.802981135024
exp_001,SA_n30_inst2_run0,base,33200,33201,1106.7,0.19778612500522286,51.51371174238036,861.5308314600255,1202.1071022936837
exp_001,SA_n30_inst2_run0,base,33400,33401,1113.37,0.19894941698294133,51.51371174238036,861.5308314600255,1161.6312899817167
exp_001,SA_n30_inst2_run0,base,33600,33601,1120.03,0.20010983297834173,50.998574624956554,861.5308314600255,1333.4962247103836
exp_001,SA_n30_inst2_run0,base,33800,33801,1126.7,0.2012902499991469,50.998574624956554,861.5308314600255,1216.6865599738578
exp_001,SA_n30_inst2_run0,base,34000,34001,1133.37,0.20248704199912027,50.998574624956554,861.5308314600255,1252.521092688913
exp_001,SA_n30_inst2_run0,base,34200,34201,1140.03,0.20366787497187033,50.488588878706985,861.5308314600255,1396.7864519515808
exp_001,SA_n30_inst2_run0,base,34400,34401,1146.7,0.2048470419831574,50.488588878706985,861.5308314600255,1150.5055648343564
exp_001,SA_n30_inst2_run0,base,34600,34601,1153.37,0.20602616696851328,49.98370298991991,861.5308314600255,1360.0896100951954
exp_001,SA_n30_inst2_run0,base,34800,34801,1160.03,0.20720508298836648,49.98370298991991,861.5308314600255,1048.0124137690557
exp_001,SA_n30_inst2_run0,base,35000,35001,1166.7,0.20838187501067296,49.98370298991991,861.5308314600255,1307.1019582276203
exp_001,SA_n30_inst2_run0,base,35200,35201,1173.37,0.20956124999793246,49.483865960020715,861.5308314600255,1155.4067234111267
exp_001,SA_n30_inst2_run0,base,35400,35401,1180.03,0.2107253329595551,49.483865960020715,861.5308314600255,1113.7506697730364
exp_001,SA_n30_inst2_run0,base,35600,35601,1186.7,0.2118980420054868,48.98902730042051,861.5308314600255,1302.652623236955
exp_001,SA_n30_inst2_run0,base,35800,35801,1193.37,0.21307591698132455,48.98902730042051,861.5308314600255,1202.8312328054674
exp_001,SA_n30_inst2_run0,base,36000,36001,1200.03,0.2142600420047529,48.98902730042051,861.5308314600255,1333.677116884062
exp_001,SA_n30_inst2_run0,base,36200,36201,1206.7,0.21543999999994412,48.4991370274163,861.5308314600255,1415.4687011882122
exp_001,SA_n30_inst2_run0,base,36400,36401,1213.37,0.21662349998950958,48.4991370274163,861.5308314600255,1192.0026629018907
exp_001,SA_n30_inst2_run0,base,36600,36601,1220.03,0.2177896669600159,48.01414565714214,861.5308314600255,1097.1226223536805
exp_001,SA_n30_inst2_run0,base,36800,36801,1226.7,0.2189483749680221,48.01414565714214,861.5308314600255,1115.2714651744336
exp_001,SA_n30_inst2_run0,base,37000,37001,1233.37,0.22011320799356326,48.01414565714214,861.5308314600255,1123.3360916740671
exp_001,SA_n30_inst2_run0,base,37200,37201,1240.03,0.22127416700823233,47.53400420057071,861.5308314600255,1103.6627951386217
exp_001,SA_n30_inst2_run0,base,37400,37401,1246.7,0.2224313750048168,47.53400420057071,861.5308314600255,1250.0772029986958
exp_001,SA_n30_inst2_run0,base,37600,37601,1253.37,0.2236127919750288,47.05866415856501,861.5308314600255,1394.3379840894952
exp_001,SA_n30_inst2_run0,base,37800,37801,1260.03,0.22477774997241795,47.05866415856501,861.5308314600255,1292.098994908769
exp_001,SA_n30_inst2_run0,base,38000,38001,1266.7,0.2259379579918459,47.05866415856501,861.5308314600255,956.4440662997299
exp_001,SA_n30_inst2_run0,base,38200,38201,1273.37,0.22709370800293982,46.58807751697936,861.5308314600255,1147.5030089868606
exp_001,SA_n30_inst2_run0,base,38400,38401,1280.03,0.2282573749544099,46.58807751697936,861.5308314600255,1246.0436905088209
exp_001,SA_n30_inst2_run0,base,38600,38601,1286.7,0.22941587498644367,46.12219674180957,861.5308314600255,1317.1814538866354
exp_001,SA_n30_inst2_run0,base,38800,38801,1293.37,0.23057595797581598,46.12219674180957,861.5308314600255,1269.6843716816916
exp_001,SA_n30_inst2_run0,base,39000,39001,1300.03,0.23179591697407886,46.12219674180957,861.5308314600255,1128.831115817165
exp_001,SA_n30_inst2_run0,base,39200,39201,1306.7,0.23304408299736679,45.66097477439147,861.5308314600255,1300.248812660744
exp_001,SA_n30_inst2_run0,base,39400,39401,1313.37,0.23424287495436147,45.66097477439147,861.5308314600255,1260.6537206324658
exp_001,SA_n30_inst2_run0,base,39600,39601,1320.03,0.23542429198278114,45.20436502664755,861.5308314600255,1188.1674219831016
exp_001,SA_n30_inst2_run0,base,39800,39801,1326.7,0.23662645800504833,45.20436502664755,861.5308314600255,1401.4484083068676
exp_001,SA_n30_inst2_run0,base,40000,40001,1333.37,0.23784412496024743,45.20436502664755,861.5308314600255,1125.515600400478
exp_001,SA_n30_inst2_run0,base,40200,40201,1340.03,0.23901883297367021,44.752321376381076,861.5308314600255,1258.6692944077092
exp_001,SA_n30_inst2_run0,base,40400,40401,1346.7,0.2402006249758415,44.752321376381076,861.5308314600255,1147.6718795778386
exp_001,SA_n30_inst2_run0,base,40600,40601,1353.37,0.2413848330033943,44.30479816261727,861.5308314600255,1254.5528897491931
exp_001,SA_n30_inst2_run0,base,40800,40801,1360.03,0.24256083299405873,44.30479816261727,861.5308314600255,1353.4811228784151
exp_001,SA_n30_inst2_run0,base,41000,41001,1366.7,0.24374562496086583,44.30479816261727,861.5308314600255,1068.2622803168365
exp_001,SA_n30_inst2_run0,base,41200,41201,1373.37,0.2449167079757899,43.861750180991095,861.5308314600255,1072.0818823808188
exp_001,SA_n30_inst2_run0,base,41400,41401,1380.03,0.2461206250009127,43.861750180991095,861.5308314600255,1218.5371205068832
exp_001,SA_n30_inst2_run0,base,41600,41601,1386.7,0.24729420797666535,43.42313267918119,861.5308314600255,1063.1585887981307
exp_001,SA_n30_inst2_run0,base,41800,41801,1393.37,0.24846179195446894,43.42313267918119,861.5308314600255,1304.3805888120144
exp_001,SA_n30_inst2_run0,base,42000,42001,1400.03,0.24967124999966472,43.42313267918119,861.5308314600255,1322.8174929136103
exp_001,SA_n30_inst2_run0,base,42200,42201,1406.7,0.2508814579923637,42.98890135238938,861.5308314600255,1325.125649510081
exp_001,SA_n30_inst2_run0,base,42400,42401,1413.37,0.25206849997630343,42.98890135238938,861.5308314600255,1161.8352005722913
exp_001,SA_n30_inst2_run0,base,42600,42601,1420.03,0.25325179198989645,42.559012338865486,861.5308314600255,1264.1123975272967
exp_001,SA_n30_inst2_run0,base,42800,42801,1426.7,0.2544396669836715,42.559012338865486,861.5308314600255,1343.9801889421647
exp_001,SA_n30_inst2_run0,base,43000,43001,1433.37,0.2556435419828631,42.559012338865486,861.5308314600255,966.743129900643
exp_001,SA_n30_inst2_run0,base,43200,43201,1440.03,0.25681508297566324,42.133422215476834,861.5308314600255,1170.6008765537613
exp_001,SA_n30_inst2_run0,base,43400,43401,1446.7,0.2579985419870354,42.133422215476834,861.5308314600255,1250.451930865243
exp_001,SA_n30_inst2_run0,base,43600,43601,1453.37,0.2591882919659838,41.712087993322065,861.5308314600255,1173.452172065434
exp_001,SA_n30_inst2_run0,base,43800,43801,1460.03,0.2605244579608552,41.712087993322065,861.5308314600255,1254.1290136583584
exp_001,SA_n30_inst2_run0,base,44000,44001,1466.7,0.2617105419631116,41.712087993322065,861.5308314600255,1186.7084276302164
exp_001,SA_n30_inst2_run0,base,44200,44201,1473.37,0.26290358300320804,41.29496711338884,861.5308314600255,1236.732173110616
exp_001,SA_n30_inst2_run0,base,44400,44401,1480.03,0.26410391699755564,41.29496711338884,861.5308314600255,1120.7918265721435
exp_001,SA_n30_inst2_run0,base,44600,44601,1486.7,0.26528683298965916,40.882017442254956,861.5308314600255,868.1276491597213
exp_001,SA_n30_inst2_run0,base,44800,44801,1493.37,0.26644741697236896,40.882017442254956,861.5308314600255,892.8982859950235
exp_001,SA_n30_inst2_run0,base,45000,45001,1500.03,0.26760945800924674,40.882017442254956,861.5308314600255,1079.364467889611
exp_001,SA_n30_inst2_run0,base,45200,45201,1506.7,0.2687648329883814,40.473197267832404,861.5308314600255,1103.6976849228902
exp_001,SA_n30_inst2_run0,base,45400,45401,1513.37,0.26994729199213907,40.473197267832404,861.5308314600255,1211.4009120665628
exp_001,SA_n30_inst2_run0,base,45600,45601,1520.03,0.2711100419983268,40.06846529515408,837.3648929721065,995.3461239296797
exp_001,SA_n30_inst2_run0,base,45800,45801,1526.7,0.2722882920061238,40.06846529515408,837.3648929721065,1014.0568452983052
exp_001,SA_n30_inst2_run0,base,46000,46001,1533.37,0.273458749987185,40.06846529515408,837.3648929721065,1023.0446459703014
exp_001,SA_n30_inst2_run0,base,46200,46201,1540.03,0.27462158299749717,39.66778064220254,837.3648929721065,998.4376087136272
exp_001,SA_n30_inst2_run0,base,46400,46401,1546.7,0.2757862919825129,39.66778064220254,837.3648929721065,1169.9722562667798
exp_001,SA_n30_inst2_run0,base,46600,46601,1553.37,0.2769695830065757,39.27110283578051,837.3648929721065,1349.2444942271156
exp_001,SA_n30_inst2_run0,base,46800,46801,1560.03,0.27812237496254966,39.27110283578051,837.3648929721065,1092.3935650179076
exp_001,SA_n30_inst2_run0,base,47000,47001,1566.7,0.2792806669604033,39.27110283578051,837.3648929721065,1122.4637448188528
exp_001,SA_n30_inst2_run0,base,47200,47201,1573.37,0.28047949995379895,38.8783918074227,837.3648929721065,872.2309755490254
exp_001,SA_n30_inst2_run0,base,47400,47401,1580.03,0.2816630419692956,38.8783918074227,817.4419829731243,1017.7327790556652
exp_001,SA_n30_inst2_run0,base,47600,47601,1586.7,0.28284629195695743,38.48960788934848,817.4419829731243,958.4694773913225
exp_001,SA_n30_inst2_run0,base,47800,47801,1593.37,0.28404279198730364,38.48960788934848,817.4419829731243,1223.6150068651784
exp_001,SA_n30_inst2_run0,base,48000,48001,1600.03,0.2852097919676453,38.48960788934848,817.4419829731243,1364.524053147009
exp_001,SA_n30_inst2_run0,base,48200,48201,1606.7,0.2863734579877928,38.104711810454994,817.4419829731243,1218.8789725098036
exp_001,SA_n30_inst2_run0,base,48400,48401,1613.37,0.28755299997283146,38.104711810454994,817.4419829731243,1009.3622001124103
exp_001,SA_n30_inst2_run0,base,48600,48601,1620.03,0.28872304200194776,37.72366469235045,817.4419829731243,1068.5439301559795
exp_001,SA_n30_inst2_run0,base,48800,48801,1626.7,0.2899089999846183,37.72366469235045,817.4419829731243,1318.2539003657855
exp_001,SA_n30_inst2_run0,base,49000,49001,1633.37,0.29106883297208697,37.72366469235045,817.4419829731243,1111.0985769916579
exp_001,SA_n30_inst2_run0,base,49200,49201,1640.03,0.2922194999991916,37.34642804542694,817.4419829731243,1124.7426137262494
exp_001,SA_n30_inst2_run0,base,49400,49401,1646.7,0.293378375004977,37.34642804542694,817.4419829731243,985.6690767128217
exp_001,SA_n30_inst2_run0,base,49600,49601,1653.37,0.2945245419978164,36.97296376497267,817.4419829731243,1063.4054559582737
exp_001,SA_n30_inst2_run0,base,49800,49801,1660.03,0.2957092919969,36.97296376497267,817.4419829731243,1363.0516624356756
exp_001,SA_n30_inst2_run0,base,50000,50001,1666.7,0.2968783749965951,36.97296376497267,817.4419829731243,976.9854367535548
exp_001,SA_n30_inst2_run0,base,50000,50001,1666.7,0.2969456249848008,0.00099,817.4419829731243,976.9854367535548
exp_001,SA_n30_inst2_run1,base,0,1,0.03,1.2919772416353226e-06,100.0,1541.214159096117,1541.214159096117
exp_001,SA_n30_inst2_run1,base,200,201,6.7,0.0012204170343466103,100.0,1166.1051938872915,1403.5982946321208
exp_001,SA_n30_inst2_run1,base,400,401,13.37,0.0024137499858625233,100.0,1036.6476064096212,1230.3075940198466
exp_001,SA_n30_inst2_run1,base,600,601,20.03,0.003597250033635646,99.0,1030.9071195130884,1223.1254739240833
exp_001,SA_n30_inst2_run1,base,800,801,26.7,0.00479095900664106,99.0,1030.9071195130884,1298.7739226238127
exp_001,SA_n30_inst2_run1,base,1000,1001,33.37,0.006006625015288591,99.0,1030.9071195130884,1424.6589865023827
exp_001,SA_n30_inst2_run1,base,1200,1201,40.03,0.007224917004350573,98.01,1030.9071195130884,1453.255518671749
exp_001,SA_n30_inst2_run1,base,1400,1401,46.7,0.008411708986386657,98.01,1030.9071195130884,1292.8226560918538
exp_001,SA_n30_inst2_run1,base,1600,1601,53.37,0.009610541979782283,97.0299,1030.9071195130884,1515.0302634545963
exp_001,SA_n30_inst2_run1,base,1800,1801,60.03,0.010818667011335492,97.0299,1030.9071195130884,1395.759418331379
exp_001,SA_n30_inst2_run1,base,2000,2001,66.7,0.012006084027234465,97.0299,1030.9071195130884,1407.2767787491443
exp_001,SA_n30_inst2_run1,base,2200,2201,73.37,0.013197000022046268,96.059601,1030.9071195130884,1262.4976396764525
exp_001,SA_n30_inst2_run1,base,2400,2401,80.03,0.014390917029231787,96.059601,1030.9071195130884,1473.8871450355948
exp_001,SA_n30_inst2_run1,base,2600,2601,86.7,0.015580167004372925,95.09900499,1030.9071195130884,1106.848612066724
exp_001,SA_n30_inst2_run1,base,2800,2801,93.37,0.01678583398461342,95.09900499,1021.9247316922131,1344.0407232973369
exp_001,SA_n30_inst2_run1,base,3000,3001,100.03,0.01798358402447775,95.09900499,1021.9247316922131,1494.747254354014
exp_001,SA_n30_inst2_run1,base,3200,3201,106.7,0.019177875015884638,94.1480149401,1021.6675137531852,1426.6409908750427
exp_001,SA_n30_inst2_run1,base,3400,3401,113.37,0.02036750002298504,94.1480149401,1021.6675137531852,1256.7765567183756
exp_001,SA_n30_inst2_run1,base,3600,3601,120.03,0.021558084001298994,93.206534790699,1021.6675137531852,1313.6589250185432
exp_001,SA_n30_inst2_run1,base,3800,3801,126.7,0.022756999998819083,93.206534790699,1021.6675137531852,1364.8842805312688
exp_001,SA_n30_inst2_run1,base,4000,4001,133.37,0.02393958403263241,93.206534790699,1021.6675137531852,1432.9077020006785
exp_001,SA_n30_inst2_run1,base,4200,4201,140.03,0.025158709031529725,92.27446944279201,1021.6675137531852,1578.8333236017304
exp_001,SA_n30_inst2_run1,base,4400,4401,146.7,0.02635295898653567,92.27446944279201,1021.6675137531852,1230.0118581397342
exp_001,SA_n30_inst2_run1,base,4600,4601,153.37,0.02755229198373854,91.35172474836409,1021.6675137531852,1381.9450500666499
exp_001,SA_n30_inst2_run1,base,4800,4801,160.03,0.028738750028423965,91.35172474836409,992.8688937391341,1228.9433965381259
exp_001,SA_n30_inst2_run1,base,5000,5001,166.7,0.029930584016256034,91.35172474836409,992.8688937391341,1341.9278695817743
exp_001,SA_n30_inst2_run1,base,5200,5201,173.37,0.031116917030885816,90.43820750088045,992.8688937391341,1383.2505440198895
exp_001,SA_n30_inst2_run1,base,5400,5401,180.03,0.03230862499913201,90.43820750088045,992.8688937391341,1234.280040676599
exp_001,SA_n30_inst2_run1,base,5600,5601,186.7,0.033535375026986,89.53382542587164,992.8688937391341,1507.3287587635384
exp_001,SA_n30_inst2_run1,base,5800,5801,193.37,0.03480995900463313,89.53382542587164,952.9701265805421,1435.3232218943278
exp_001,SA_n30_inst2_run1,base,6000,6001,200.03,0.03604329202789813,89.53382542587164,952.9701265805421,1409.2733324094481
exp_001,SA_n30_inst2_run1,base,6200,6201,206.7,0.03725275001488626,88.63848717161292,952.9701265805421,1334.638493479183
exp_001,SA_n30_inst2_run1,base,6400,6401,213.37,0.038481166993733495,88.63848717161292,952.9701265805421,1417.3240587435025
exp_001,SA_n30_inst2_run1,base,6600,6601,220.03,0.03969291702378541,87.75210229989679,952.9701265805421,1304.3076267839606
exp_001,SA_n30_inst2_run1,base,6800,6801,226.7,0.04090654198080301,87.75210229989679,952.9701265805421,1476.955915308681
exp_001,SA_n30_inst2_run1,base,7000,7001,233.37,0.042117959004826844,87.75210229989679,952.9701265805421,1400.4252656497572
exp_001,SA_n30_inst2_run1,base,7200,7201,240.03,0.04331220901804045,86.87458127689783,952.9701265805421,1327.5600940746706
exp_001,SA_n30_inst2_run1,base,7400,7401,246.7,0.04450395901221782,86.87458127689783,952.9701265805421,1424.371277802607
exp_001,SA_n30_inst2_run1,base,7600,7601,253.37,0.04569112497847527,86.00583546412885,952.9701265805421,1395.325702769234
exp_001,SA_n30_inst2_run1,base,7800,7801,260.03,0.04686962498817593,86.00583546412885,952.9701265805421,1218.3754524523156
exp_001,SA_n30_inst2_run1,base,8000,8001,266.7,0.04806537501281127,86.00583546412885,952.9701265805421,1233.070809725189
exp_001,SA_n30_inst2_run1,base,8200,8201,273.37,0.049280666979029775,85.14577710948755,952.9701265805421,1449.2980351682963
exp_001,SA_n30_inst2_run1,base,8400,8401,280.03,0.05049674998736009,85.14577710948755,952.9701265805421,1363.4739860077336
exp_001,SA_n30_inst2_run1,base,8600,8601,286.7,0.051691874978132546,84.29431933839268,952.9701265805421,1122.1671975200966
exp_001,SA_n30_inst2_run1,base,8800,8801,293.37,0.05288154201116413,84.29431933839268,952.9701265805421,1284.078217040806
exp_001,SA_n30_inst2_run1,base,9000,9001,300.03,0.054066166980192065,84.29431933839268,952.9701265805421,1470.2154620615624
exp_001,SA_n30_inst2_run1,base,9200,9201,306.7,0.05525516701163724,83.45137614500875,952.9701265805421,1131.5376654060271
exp_001,SA_n30_inst2_run1,base,9400,9401,313.37,0.05645116697996855,83.45137614500875,952.9701265805421,1308.0276641723806
exp_001,SA_n30_inst2_run1,base,9600,9601,320.03,0.0576382500003092,82.61686238355867,952.9701265805421,1230.075267615691
exp_001,SA_n30_inst2_run1,base,9800,9801,326.7,0.05883816699497402,82.61686238355867,952.9701265805421,1535.538667740056
exp_001,SA_n30_inst2_run1,base,10000,10001,333.37,0.060057374997995794,82.61686238355867,952.9701265805421,1322.9153196846125
exp_001,SA_n30_inst2_run1,base,10200,10201,340.03,0.06124474998796359,81.79069375972308,952.9701265805421,1402.078689327701
exp_001,SA_n30_inst2_run1,base,10400,10401,346.7,0.06244662503013387,81.79069375972308,952.9701265805421,1233.470608485961
exp_001,SA_n30_inst2_run1,base,10600,10601,353.37,0.06363845901796594,80.97278682212585,952.9701265805421,1371.9021397517583
exp_001,SA_n30_inst2_run1,base,10800,10801,360.03,0.06481316703138873,80.97278682212585,934.3379275823872,1322.1382039647197
exp_001,SA_n30_inst2_run1,base,11000,11001,366.7,0.0659972500288859,80.97278682212585,934.3379275823872,1302.79022860201
exp_001,SA_n30_inst2_run1,base,11200,11201,373.37,0.0672019170015119,80.1630589539046,934.3379275823872,1291.2408839474454
exp_001,SA_n30_inst2_run1,base,11400,11401,380.03,0.06839670898625627,80.1630589539046,934.3379275823872,1286.0711523230302
exp_001,SA_n30_inst2_run1,base,11600,11601,386.7,0.06959204201120883,79.36142836436555,934.3379275823872,1459.0368206315438
exp_001,SA_n30_inst2_run1,base,11800,11801,393.37,0.07076916698133573,79.36142836436555,934.3379275823872,1300.1022208572615
exp_001,SA_n30_inst2_run1,base,12000,12001,400.03,0.07195995899382979,79.36142836436555,934.3379275823872,1294.684010684835
exp_001,SA_n30_inst2_run1,base,12200,12201,406.7,0.07313783402787521,78.56781408072189,934.3379275823872,1337.697965684367
exp_001,SA_n30_inst2_run1,base,12400,12401,413.37,0.07431741699110717,78.56781408072189,934.3379275823872,1274.6291379803974
exp_001,SA_n30_inst2_run1,base,12600,12601,420.03,0.07549983402714133,77.78213593991467,934.3379275823872,1004.1910383918698
exp_001,SA_n30_inst2_run1,base,12800,12801,426.7,0.07668308401480317,77.78213593991467,934.3379275823872,1241.0888335826726
exp_001,SA_n30_inst2_run1,base,13000,13001,433.37,0.0778809170005843,77.78213593991467,934.3379275823872,1499.0472722222155
exp_001,SA_n30_inst2_run1,base,13200,13201,440.03,0.07907350000459701,77.00431458051553,934.3379275823872,1226.5177330883243
exp_001,SA_n30_inst2_run1,base,13400,13401,446.7,0.08026920899283141,77.00431458051553,934.3379275823872,1410.5269859738573
exp_001,SA_n30_inst2_run1,base,13600,13601,453.37,0.08145379199413583,76.23427143471037,934.3379275823872,1399.9914510925846
exp_001,SA_n30_inst2_run1,base,13800,13801,460.03,0.08263495902065188,76.23427143471037,934.3379275823872,1271.5122026212503
exp_001,SA_n30_inst2_run1,base,14000,14001,466.7,0.08383133402094245,76.23427143471037,934.3379275823872,1262.0784492639661
exp_001,SA_n30_inst2_run1,base,14200,14201,473.37,0.08503979200031608,75.47192872036327,934.3379275823872,1303.9756105729189
exp_001,SA_n30_inst2_run1,base,14400,14401,480.03,0.08623070898465812,75.47192872036327,934.3379275823872,1238.1768541132878
exp_001,SA_n30_inst2_run1,base,14600,14601,486.7,0.08741845900658518,74.71720943315964,934.3379275823872,1302.8411676636108
exp_001,SA_n30_inst2_run1,base,14800,14801,493.37,0.0886000000173226,74.71720943315964,934.3379275823872,1310.2241232771173
exp_001,SA_n30_inst2_run1,base,15000,15001,500.03,0.08978312503313646,74.71720943315964,934.3379275823872,1247.5910417492726
exp_001,SA_n30_inst2_run1,base,15200,15201,506.7,0.09098325000377372,73.97003733882804,934.3379275823872,1331.9231526876831
exp_001,SA_n30_inst2_run1,base,15400,15401,513.37,0.09217474999604747,73.97003733882804,934.3379275823872,1102.8415212596228
exp_001,SA_n30_inst2_run1,base,15600,15601,520.03,0.09337045898428187,73.23033696543976,934.3379275823872,1454.9099987863624
exp_001,SA_n30_inst2_run1,base,15800,15801,526.7,0.09455566701944917,73.23033696543976,934.3379275823872,1396.4040343433692
exp_001,SA_n30_inst2_run1,base,16000,16001,533.37,0.09574112499831244,73.23033696543976,934.3379275823872,1200.3535795588496
exp_001,SA_n30_inst2_run1,base,16200,16201,540.03,0.09692504198756069,72.49803359578536,934.3379275823872,1264.6076421369273
exp_001,SA_n30_inst2_run1,base,16400,16401,546.7,0.09811004198854789,72.49803359578536,934.3379275823872,1208.2600033821445
exp_001,SA_n30_inst2_run1,base,16600,16601,553.37,0.09928762499475852,71.7730532598275,934.3379275823872,1126.781664170608
exp_001,SA_n30_inst2_run1,base,16800,16801,560.03,0.10047091700835153,71.7730532598275,934.3379275823872,1266.9472882646483
exp_001,SA_n30_inst2_run1,base,17000,17001,566.7,0.10166250000474975,71.7730532598275,934.3379275823872,1399.7003242089127
exp_001,SA_n30_inst2_run1,base,17200,17201,573.37,0.10285279201343656,71.05532272722922,934.3379275823872,1410.903333646498
exp_001,SA_n30_inst2_run1,base,17400,17401,580.03,0.10403216700069606,71.05532272722922,934.3379275823872,1157.3774660274594
exp_001,SA_n30_inst2_run1,base,17600,17601,586.7,0.10521220898954198,70.34476949995693,934.3379275823872,1062.7809402772507
exp_001,SA_n30_inst2_run1,base,17800,17801,593.37,0.10639333399012685,70.34476949995693,934.3379275823872,1458.941821993636
exp_001,SA_n30_inst2_run1,base,18000,18001,600.03,0.10757629200816154,70.34476949995693,934.3379275823872,1207.755845044402
exp_001,SA_n30_inst2_run1,base,18200,18201,606.7,0.10875679203309119,69.64132180495736,934.3379275823872,1223.2955684136343
exp_001,SA_n30_inst2_run1,base,18400,18401,613.37,0.10995820898097008,69.64132180495736,934.3379275823872,1301.2432140755593
exp_001,SA_n30_inst2_run1,base,18600,18601,620.03,0.11115654202876613,68.94490858690779,934.3379275823872,1293.2752610456398
exp_001,SA_n30_inst2_run1,base,18800,18801,626.7,0.11233687499770895,68.94490858690779,934.3379275823872,1276.192511432372
exp_001,SA_n30_inst2_run1,base,19000,19001,633.37,0.11351641698274761,68.94490858690779,934.3379275823872,1060.003732385004
exp_001,SA_n30_inst2_run1,base,19200,19201,640.03,0.11470224999357015,68.25545950103871,934.3379275823872,1177.9024859811418
exp_001,SA_n30_inst2_run1,base,19400,19401,646.7,0.11588879203191027,68.25545950103871,934.3379275823872,1405.7376106753081
exp_001,SA_n30_inst2_run1,base,19600,19601,653.37,0.11707845900673419,67.57290490602833,934.3379275823872,1423.290802981402
exp_001,SA_n30_inst2_run1,base,19800,19801,660.03,0.1182694589952007,67.57290490602833,934.3379275823872,1241.2262224806761
exp_001,SA_n30_inst2_run1,base,20000,20001,666.7,0.11946800001896918,67.57290490602833,934.3379275823872,1526.4278076935655
exp_001,SA_n30_inst2_run1,base,20200,20201,673.37,0.12065233400790021,66.89717585696805,934.3379275823872,1185.8298819791403
exp_001,SA_n30_inst2_run1,base,20400,20401,680.03,0.12184166698716581,66.89717585696805,934.3379275823872,1454.0021347896322
exp_001,SA_n30_inst2_run1,base,20600,20601,686.7,0.12300637498265132,66.22820409839836,934.3379275823872,1204.5814536176194
exp_001,SA_n30_inst2_run1,base,20800,20801,693.37,0.12418212502961978,66.22820409839836,934.3379275823872,1041.1983829583626
exp_001,SA_n30_inst2_run1,base,21000,21001,700.03,0.1253725839778781,66.22820409839836,934.3379275823872,1259.857535528456
exp_001,SA_n30_inst2_run1,base,21200,21201,706.7,0.12655508401803672,65.56592205741438,934.3379275823872,1328.3385048230516
exp_001,SA_n30_inst2_run1,base,21400,21401,713.37,0.12773670902242884,65.56592205741438,934.3379275823872,1139.3949156014532
exp_001,SA_n30_inst2_run1,base,21600,21601,720.03,0.12892254203325137,64.91026283684023,934.3379275823872,1225.432666865196
exp_001,SA_n30_inst2_run1,base,21800,21801,726.7,0.13011299999197945,64.91026283684023,934.3379275823872,1365.3810746575398
exp_001,SA_n30_inst2_run1,base,22000,22001,733.37,0.1312922090291977,64.91026283684023,934.3379275823872,1247.5968203897344
exp_001,SA_n30_inst2_run1,base,22200,22201,740.03,0.13247100001899526,64.26116020847184,934.3379275823872,1356.8090734456998
exp_001,SA_n30_inst2_run1,base,22400,22401,746.7,0.13366741698700935,64.26116020847184,934.3379275823872,1507.8657520212707
exp_001,SA_n30_inst2_run1,base,22600,22601,753.37,0.1349394170101732,63.618548606387115,934.3379275823872,1123.07160080531
exp_001,SA_n30_inst2_run1,base,22800,22801,760.03,0.1361263750004582,63.618548606387115,934.3379275823872,1189.4669900587658
exp_001,SA_n30_inst2_run1,base,23000,23001,766.7,0.13732320902636275,63.618548606387115,898.6773463045474,1154.9135056921957
exp_001,SA_n30_inst2_run1,base,23200,23201,773.37,0.13850012503098696,62.98236312032324,898.6773463045474,1259.6650452516174
exp_001,SA_n30_inst2_run1,base,23400,23401,780.03,0.13969954202184454,62.98236312032324,898.6773463045474,1375.0309406320273
exp_001,SA_n30_inst2_run1,base,23600,23601,786.7,0.14087499998277053,62.35253948912001,898.6773463045474,1083.5901483161722
exp_001,SA_n30_inst2_run1,base,23800,23801,793.37,0.14207375003024936,62.35253948912001,898.6773463045474,1365.375605570729
exp_001,SA_n30_inst2_run1,base,24000,24001,800.03,0.14325525000458583,62.35253948912001,898.6773463045474,1122.3301918481882
exp_001,SA_n30_inst2_run1,base,24200,24201,806.7,0.1444486670079641,61.72901409422881,898.6773463045474,1187.650843969828
exp_001,SA_n30_inst2_run1,base,24400,24401,813.37,0.1456340000149794,61.72901409422881,898.6773463045474,1327.0988474251928
exp_001,SA_n30_inst2_run1,base,24600,24601,820.03,0.1468090420239605,61.11172395328652,898.6773463045474,1132.2826920422692
exp_001,SA_n30_inst2_run1,base,24800,24801,826.7,0.1479855839861557,61.11172395328652,898.6773463045474,1314.07443998072
exp_001,SA_n30_inst2_run1,base,25000,25001,833.37,0.14916970900958404,61.11172395328652,898.6773463045474,1156.1943765635813
exp_001,SA_n30_inst2_run1,base,25200,25201,840.03,0.15034354198724031,60.500606713753655,898.6773463045474,1350.1374683969404
exp_001,SA_n30_inst2_run1,base,25400,25401,846.7,0.15153166698291898,60.500606713753655,898.6773463045474,1213.2257015467576
exp_001,SA_n30_inst2_run1,base,25600,25601,853.37,0.15270862501347438,59.89560064661612,898.6773463045474,1181.2360186132275
exp_001,SA_n30_inst2_run1,base,25800,25801,860.03,0.15388645901111886,59.89560064661612,898.6773463045474,1045.6260352802703
exp_001,SA_n30_inst2_run1,base,26000,26001,866.7,0.1550706250127405,59.89560064661612,898.6773463045474,1260.1796387873835
exp_001,SA_n30_inst2_run1,base,26200,26201,873.37,0.15626383398193866,59.29664464014996,898.6773463045474,1128.300574134422
exp_001,SA_n30_inst2_run1,base,26400,26401,880.03,0.15745220897952095,59.29664464014996,898.6773463045474,1065.5067468329205
exp_001,SA_n30_inst2_run1,base,26600,26601,886.7,0.15864845900796354,58.70367819374846,898.6773463045474,1258.871468976221
exp_001,SA_n30_inst2_run1,base,26800,26801,893.37,0.1598415420157835,58.70367819374846,898.6773463045474,1405.67948574576
exp_001,SA_n30_inst2_run1,base,27000,27001,900.03,0.1610331250121817,58.70367819374846,898.6773463045474,1173.0057975364314
exp_001,SA_n30_inst2_run1,base,27200,27201,906.7,0.16221199999563396,58.116641411810974,898.6773463045474,1339.8357787542823
exp_001,SA_n30_inst2_run1,base,27400,27401,913.37,0.1633925000205636,58.116641411810974,898.6773463045474,1249.0174391779865
exp_001,SA_n30_inst2_run1,base,27600,27601,920.03,0.16457804199308157,57.535474997692866,898.6773463045474,1083.4144768869312
exp_001,SA_n30_inst2_run1,base,27800,27801,926.7,0.16574179200688377,57.535474997692866,898.6773463045474,997.5254540655719
exp_001,SA_n30_inst2_run1,base,28000,28001,933.37,0.1669133750256151,57.535474997692866,898.6773463045474,1047.4520272055368
exp_001,SA_n30_inst2_run1,base,28200,28201,940.03,0.16808104200754315,56.960120247715935,898.6773463045474,1066.2012409951767
exp_001,SA_n30_inst2_run1,base,28400,28401,946.7,0.16925637499662116,56.960120247715935,898.6773463045474,1291.9937892238454
exp_001,SA_n30_inst2_run1,base,28600,28601,953.37,0.17042650002986193,56.390519045238776,898.6773463045474,1173.8706779805925
exp_001,SA_n30_inst2_run1,base,28800,28801,960.03,0.17161379201570526,56.390519045238776,898.6773463045474,1375.6391473452336
exp_001,SA_n30_inst2_run1,base,29000,29001,966.7,0.17278949997853488,56.390519045238776,898.6773463045474,1196.9469165998555
exp_001,SA_n30_inst2_run1,base,29200,29201,973.37,0.1740062499884516,55.82661385478639,898.6773463045474,1339.710474543167
exp_001,SA_n30_inst2_run1,base,29400,29401,980.03,0.17520854203030467,55.82661385478639,898.6773463045474,1320.3796342236783
exp_001,SA_n30_inst2_run1,base,29600,29601,986.7,0.17639754200354218,55.26834771623852,898.6773463045474,1346.6341899687502
exp_001,SA_n30_inst2_run1,base,29800,29801,993.37,0.17757787503069267,55.26834771623852,898.6773463045474,1375.7125802019814
exp_001,SA_n30_inst2_run1,base,30000,30001,1000.03,0.17876391700701788,55.26834771623852,898.6773463045474,1460.6243212394525
exp_001,SA_n30_inst2_run1,base,30200,30201,1006.7,0.1799356249975972,54.71566423907614,898.6773463045474,1362.1159832172575
exp_001,SA_n30_inst2_run1,base,30400,30401,1013.37,0.18111208401387557,54.71566423907614,898.6773463045474,1127.8633778236967
exp_001,SA_n30_inst2_run1,base,30600,30601,1020.03,0.1822870839969255,54.16850759668538,898.6773463045474,1326.4867412306535
exp_001,SA_n30_inst2_run1,base,30800,30801,1026.7,0.18346650002058595,54.16850759668538,898.6773463045474,1367.6060550531777
exp_001,SA_n30_inst2_run1,base,31000,31001,1033.37,0.18464041699189693,54.16850759668538,898.6773463045474,1002.0467846238926
exp_001,SA_n30_inst2_run1,base,31200,31201,1040.03,0.18581629201071337,53.62682252071853,898.6773463045474,1173.091237508781
exp_001,SA_n30_inst2_run1,base,31400,31401,1046.7,0.18698954198043793,53.62682252071853,898.6773463045474,1287.381917788155
exp_001,SA_n30_inst2_run1,base,31600,31601,1053.37,0.1881543750059791,53.09055429551134,816.1752950195008,1067.7657150036318
exp_001,SA_n30_inst2_run1,base,31800,31801,1060.03,0.18932779203169048,53.09055429551134,816.1752950195008,1273.1503647607415
exp_001,SA_n30_inst2_run1,base,32000,32001,1066.7,0.19053558399900794,53.09055429551134,816.1752950195008,1305.8664627433625
exp_001,SA_n30_inst2_run1,base,32200,32201,1073.37,0.19171475002076477,52.55964875255623,816.1752950195008,1113.8289151863455
exp_001,SA_n30_inst2_run1,base,32400,32401,1080.03,0.19289495900738984,52.55964875255623,816.1752950195008,1224.4854458881643
exp_001,SA_n30_inst2_run1,base,32600,32601,1086.7,0.1940813750261441,52.03405226503067,816.1752950195008,1312.594813227518
exp_001,SA_n30_inst2_run1,base,32800,32801,1093.37,0.19525108399102464,52.03405226503067,816.1752950195008,1316.101637939202
exp_001,SA_n30_inst2_run1,base,33000,33001,1100.03,0.1964199590147473,52.03405226503067,816.1752950195008,1241.4689472164803
exp_001,SA_n30_inst2_run1,base,33200,33201,1106.7,0.19759475003229454,51.51371174238036,816.1752950195008,1338.6431386802426
exp_001,SA_n30_inst2_run1,base,33400,33401,1113.37,0.19876629201462492,51.51371174238036,816.1752950195008,1231.789891430271
exp_001,SA_n30_inst2_run1,base,33600,33601,1120.03,0.1999394170125015,50.998574624956554,816.1752950195008,1276.3067583716258
exp_001,SA_n30_inst2_run1,base,33800,33801,1126.7,0.20111483399523422,50.998574624956554,816.1752950195008,1195.4815530312815
exp_001,SA_n30_inst2_run1,base,34000,34001,1133.37,0.2022991250269115,50.998574624956554,816.1752950195008,1091.2814249448493
exp_001,SA_n30_inst2_run1,base,34200,34201,1140.03,0.20347733399830759,50.488588878706985,816.1752950195008,1097.8863676713972
exp_001,SA_n30_inst2_run1,base,34400,34401,1146.7,0.20466816698899493,50.488588878706985,816.1752950195008,1270.1575081663736
exp_001,SA_n30_inst2_run1,base,34600,34601,1153.37,0.20583583402913064,49.98370298991991,816.1752950195008,1225.0662570466575
exp_001,SA_n30_inst2_run1,base,34800,34801,1160.03,0.20701379200909287,49.98370298991991,816.1752950195008,1209.2647809337286
exp_001,SA_n30_inst2_run1,base,35000,35001,1166.7,0.20820854202611372,49.98370298991991,816.1752950195008,1300.3943431690475
exp_001,SA_n30_inst2_run1,base,35200,35201,1173.37,0.20939254201948643,49.483865960020715,816.1752950195008,1169.2052363831212
exp_001,SA_n30_inst2_run1,base,35400,35401,1180.03,0.2105812500230968,49.483865960020715,816.1752950195008,1210.435273756528
exp_001,SA_n30_inst2_run1,base,35600,35601,1186.7,0.21174991701263934,48.98902730042051,816.1752950195008,1479.9274343368268
exp_001,SA_n30_inst2_run1,base,35800,35801,1193.37,0.21290620899526402,48.98902730042051,816.1752950195008,1124.0131209359354
exp_001,SA_n30_inst2_run1,base,36000,36001,1200.03,0.21406916697742417,48.98902730042051,816.1752950195008,1140.969937299157
exp_001,SA_n30_inst2_run1,base,36200,36201,1206.7,0.2152421249775216,48.4991370274163,816.1752950195008,1346.6573035708086
exp_001,SA_n30_inst2_run1,base,36400,36401,1213.37,0.21640562498942018,48.4991370274163,816.1752950195008,1221.2402249627817
exp_001,SA_n30_inst2_run1,base,36600,36601,1220.03,0.21756741701392457,48.01414565714214,816.1752950195008,1243.631011247908
exp_001,SA_n30_inst2_run1,base,36800,36801,1226.7,0.21874250000109896,48.01414565714214,816.1752950195008,1317.4199057099358
exp_001,SA_n30_inst2_run1,base,37000,37001,1233.37,0.21991633402649313,48.01414565714214,816.1752950195008,1236.427129770681
exp_001,SA_n30_inst2_run1,base,37200,37201,1240.03,0.22107970900833607,47.53400420057071,816.1752950195008,1094.869761077507
exp_001,SA_n30_inst2_run1,base,37400,37401,1246.7,0.22225737501867115,47.53400420057071,816.1752950195008,1105.593141922723
exp_001,SA_n30_inst2_run1,base,37600,37601,1253.37,0.2234223749837838,47.05866415856501,816.1752950195008,1176.5222205693292
exp_001,SA_n30_inst2_run1,base,37800,37801,1260.03,0.22459087503375486,47.05866415856501,816.1752950195008,1137.4641087362006
exp_001,SA_n30_inst2_run1,base,38000,38001,1266.7,0.2257675839937292,47.05866415856501,816.1752950195008,1293.9540403449132
exp_001,SA_n30_inst2_run1,base,38200,38201,1273.37,0.22692854201886803,46.58807751697936,816.1752950195008,1321.535845748281
exp_001,SA_n30_inst2_run1,base,38400,38401,1280.03,0.228104459005408,46.58807751697936,816.1752950195008,1207.8926904621037
exp_001,SA_n30_inst2_run1,base,38600,38601,1286.7,0.22926608403213322,46.12219674180957,816.1752950195008,1396.1296320665458
exp_001,SA_n30_inst2_run1,base,38800,38801,1293.37,0.23042958398582414,46.12219674180957,816.1752950195008,1138.4082953523114
exp_001,SA_n30_inst2_run1,base,39000,39001,1300.03,0.2316002920269966,46.12219674180957,816.1752950195008,1276.4403925329286
exp_001,SA_n30_inst2_run1,base,39200,39201,1306.7,0.2327661250019446,45.66097477439147,816.1752950195008,1220.919316065983
exp_001,SA_n30_inst2_run1,base,39400,39401,1313.37,0.23393804201623425,45.66097477439147,816.1752950195008,1073.3345256971847
exp_001,SA_n30_inst2_run1,base,39600,39601,1320.03,0.23509920900687575,45.20436502664755,816.1752950195008,1029.4862413311434
exp_001,SA_n30_inst2_run1,base,39800,39801,1326.7,0.236283625010401,45.20436502664755,816.1752950195008,1259.0377849091901
exp_001,SA_n30_inst2_run1,base,40000,40001,1333.37,0.23745216702809557,45.20436502664755,816.1752950195008,1179.324217931854
exp_001,SA_n30_inst2_run1,base,40200,40201,1340.03,0.2386149590020068,44.752321376381076,816.1752950195008,1023.9693470312192
exp_001,SA_n30_inst2_run1,base,40400,40401,1346.7,0.23978950001765043,44.752321376381076,816.1752950195008,1023.0503803732187
exp_001,SA_n30_inst2_run1,base,40600,40601,1353.37,0.24096516700228676,44.30479816261727,816.1752950195008,1276.095517053368
exp_001,SA_n30_inst2_run1,base,40800,40801,1360.03,0.24213454202981666,44.30479816261727,816.1752950195008,1276.8111440323023
exp_001,SA_n30_inst2_run1,base,41000,41001,1366.7,0.2433147500269115,44.30479816261727,816.1752950195008,1015.0396832767805
exp_001,SA_n30_inst2_run1,base,41200,41201,1373.37,0.2444772919989191,43.861750180991095,816.1752950195008,969.2799505690411
exp_001,SA_n30_inst2_run1,base,41400,41401,1380.03,0.24563920899527147,43.861750180991095,816.1752950195008,1126.8881576577649
exp_001,SA_n30_inst2_run1,base,41600,41601,1386.7,0.24681162502383813,43.42313267918119,816.1752950195008,1262.741780571576
exp_001,SA_n30_inst2_run1,base,41800,41801,1393.37,0.24798483401536942,43.42313267918119,816.1752950195008,1359.1117557792754
exp_001,SA_n30_inst2_run1,base,42000,42001,1400.03,0.249153041979298,43.42313267918119,816.1752950195008,1209.945715997859
exp_001,SA_n30_inst2_run1,base,42200,42201,1406.7,0.25033087498741224,42.98890135238938,816.1752950195008,1311.0635462532632
exp_001,SA_n30_inst2_run1,base,42400,42401,1413.37,0.2515043750172481,42.98890135238938,816.1752950195008,1189.5228123968493
exp_001,SA_n30_inst2_run1,base,42600,42601,1420.03,0.25267262500710785,42.559012338865486,816.1752950195008,1040.2214140271608
exp_001,SA_n30_inst2_run1,base,42800,42801,1426.7,0.2538379170000553,42.559012338865486,816.1752950195008,1068.382544782728
exp_001,SA_n30_inst2_run1,base,43000,43001,1433.37,0.2550043750088662,42.559012338865486,816.1752950195008,1190.5605230944598
exp_001,SA_n30_inst2_run1,base,43200,43201,1440.03,0.2561687499983236,42.133422215476834,816.1752950195008,972.8886120530924
exp_001,SA_n30_inst2_run1,base,43400,43401,1446.7,0.2573331670137122,42.133422215476834,816.1752950195008,1224.274310011108
exp_001,SA_n30_inst2_run1,base,43600,43601,1453.37,0.25849866698263213,41.712087993322065,816.1752950195008,973.0991430567005
exp_001,SA_n30_inst2_run1,base,43800,43801,1460.03,0.2596780000021681,41.712087993322065,816.1752950195008,1007.9163501024888
exp_001,SA_n30_inst2_run1,base,44000,44001,1466.7,0.26084666699171066,41.712087993322065,816.1752950195008,1503.3444655949352
exp_001,SA_n30_inst2_run1,base,44200,44201,1473.37,0.2619940000004135,41.29496711338884,816.1752950195008,1114.6176110618449
exp_001,SA_n30_inst2_run1,base,44400,44401,1480.03,0.2631508340127766,41.29496711338884,816.1752950195008,1114.043786002175
exp_001,SA_n30_inst2_run1,base,44600,44601,1486.7,0.26430937502300367,40.882017442254956,816.1752950195008,1090.0892981250433
exp_001,SA_n30_inst2_run1,base,44800,44801,1493.37,0.26546170900110155,40.882017442254956,816.1752950195008,1252.3845221842932
exp_001,SA_n30_inst2_run1,base,45000,45001,1500.03,0.26662741700420156,40.882017442254956,816.1752950195008,1268.5479984717274
exp_001,SA_n30_inst2_run1,base,45200,45201,1506.7,0.2677930420031771,40.473197267832404,816.1752950195008,1190.3333691902635
exp_001,SA_n30_inst2_run1,base,45400,45401,1513.37,0.2689648339874111,40.473197267832404,816.1752950195008,1323.0229888307986
exp_001,SA_n30_inst2_run1,base,45600,45601,1520.03,0.270128250005655,40.06846529515408,816.1752950195008,1139.828058404707
exp_001,SA_n30_inst2_run1,base,45800,45801,1526.7,0.27128425001865253,40.06846529515408,816.1752950195008,1221.5158330698173
exp_001,SA_n30_inst2_run1,base,46000,46001,1533.37,0.27244737499859184,40.06846529515408,816.1752950195008,1324.54396241978
exp_001,SA_n30_inst2_run1,base,46200,46201,1540.03,0.2736222090316005,39.66778064220254,816.1752950195008,1271.9043340721041
exp_001,SA_n30_inst2_run1,base,46400,46401,1546.7,0.27478716702898964,39.66778064220254,816.1752950195008,1210.7259937087258
exp_001,SA_n30_inst2_run1,base,46600,46601,1553.37,0.2759813339798711,39.27110283578051,816.1752950195008,1079.460797036878
exp_001,SA_n30_inst2_run1,base,46800,46801,1560.03,0.2771534590283409,39.27110283578051,816.1752950195008,1033.5475227081317
exp_001,SA_n30_inst2_run1,base,47000,47001,1566.7,0.2783105419948697,39.27110283578051,816.1752950195008,993.9125757098142
exp_001,SA_n30_inst2_run1,base,47200,47201,1573.37,0.279467083979398,38.8783918074227,816.1752950195008,1136.885303375782
exp_001,SA_n30_inst2_run1,base,47400,47401,1580.03,0.2806188340182416,38.8783918074227,816.1752950195008,1192.6625654158092
exp_001,SA_n30_inst2_run1,base,47600,47601,1586.7,0.2817724589840509,38.48960788934848,816.1752950195008,1065.3797248626684
exp_001,SA_n30_inst2_run1,base,47800,47801,1593.37,0.2829285840271041,38.48960788934848,816.1752950195008,1000.7980775897493
exp_001,SA_n30_inst2_run1,base,48000,48001,1600.03,0.284084459010046,38.48960788934848,816.1752950195008,1246.017379023063
exp_001,SA_n30_inst2_run1,base,48200,48201,1606.7,0.28525633399840444,38.104711810454994,816.1752950195008,1289.0506690965713
exp_001,SA_n30_inst2_run1,base,48400,48401,1613.37,0.28642233402933925,38.104711810454994,816.1752950195008,1179.5831447238827
exp_001,SA_n30_inst2_run1,base,48600,48601,1620.03,0.2875882500084117,37.72366469235045,816.1752950195008,1209.827429014843
exp_001,SA_n30_inst2_run1,base,48800,48801,1626.7,0.28874995902879164,37.72366469235045,816.1752950195008,1145.810733924208
exp_001,SA_n30_inst2_run1,base,49000,49001,1633.37,0.2899138749926351,37.72366469235045,816.1752950195008,1155.300850038444
exp_001,SA_n30_inst2_run1,base,49200,49201,1640.03,0.2910796669893898,37.34642804542694,816.1752950195008,1054.572435305518
exp_001,SA_n30_inst2_run1,base,49400,49401,1646.7,0.29225270898314193,37.34642804542694,816.1752950195008,1383.8045926380087
exp_001,SA_n30_inst2_run1,base,49600,49601,1653.37,0.29342191701289266,36.97296376497267,816.1752950195008,1318.104359163613
exp_001,SA_n30_inst2_run1,base,49800,49801,1660.03,0.2945716250105761,36.97296376497267,816.1752950195008,1095.2486044670534
exp_001,SA_n30_inst2_run1,base,50000,50001,1666.7,0.29572170902974904,36.97296376497267,816.1752950195008,1169.7933763150954
exp_001,SA_n30_inst2_run1,base,50000,50001,1666.7,0.29578608402516693,0.00099,816.1752950195008,1169.7933763150954
exp_001,SA_n30_inst2_run2,base,0,1,0.03,1.207983586937189e-06,100.0,1412.4814021822174,1412.4814021822174
exp_001,SA_n30_inst2_run2,base,200,201,6.7,0.001213582989294082,100.0,1069.2470572336833,1418.5718864579108
exp_001,SA_n30_inst2_run2,base,400,401,13.37,0.0024110000231303275,100.0,1069.2470572336833,1420.407211392352
exp_001,SA_n30_inst2_run2,base,600,601,20.03,0.003599375020712614,99.0,1065.4635614604308,1277.8077027821414
exp_001,SA_n30_inst2_run2,base,800,801,26.7,0.0048014170024544,99.0,1065.4635614604308,1423.4318491017848
exp_001,SA_n30_inst2_run2,base,1000,1001,33.37,0.006004583032336086,99.0,1065.4635614604308,1314.485645335404
exp_001,SA_n30_inst2_run2,base,1200,1201,40.03,0.007185333000961691,98.01,942.1370253209788,1376.2446084969263
exp_001,SA_n30_inst2_run2,base,1400,1401,46.7,0.00837920798221603,98.01,942.1370253209788,1382.5001426872268
exp_001,SA_n30_inst2_run2,base,1600,1601,53.37,0.009582333033904433,97.0299,932.0577466034797,1412.731651955461
exp_001,SA_n30_inst2_run2,base,1800,1801,60.03,0.010769499989692122,97.0299,932.0577466034797,1325.7734652610975
exp_001,SA_n30_inst2_run2,base,2000,2001,66.7,0.011963333003222942,97.0299,932.0577466034797,1347.2312340283654
exp_001,SA_n30_inst2_run2,base,2200,2201,73.37,0.01316479203524068,96.059601,932.0577466034797,1136.6931785152296
exp_001,SA_n30_inst2_run2,base,2400,2401,80.03,0.01437679200898856,96.059601,932.0577466034797,1376.3156598138294
exp_001,SA_n30_inst2_run2,base,2600,2601,86.7,0.015559500025119632,95.09900499,932.0577466034797,1277.6445112401584
exp_001,SA_n30_inst2_run2,base,2800,2801,93.37,0.016746749985031784,95.09900499,932.0577466034797,1209.0468738117188
exp_001,SA_n30_inst2_run2,base,3000,3001,100.03,0.017925332998856902,95.09900499,932.0577466034797,1418.7997677639735
exp_001,SA_n30_inst2_run2,base,3200,3201,106.7,0.01911166700301692,94.1480149401,932.0577466034797,1341.059413094441
exp_001,SA_n30_inst2_run2,base,3400,3401,113.37,0.020307250029873103,94.1480149401,932.0577466034797,1298.0317378716213
exp_001,SA_n30_inst2_run2,base,3600,3601,120.03,0.021500750037375838,93.206534790699,932.0577466034797,1248.4168531707462
exp_001,SA_n30_inst2_run2,base,3800,3801,126.7,0.022695082996506244,93.206534790699,932.0577466034797,1388.8788206774211
exp_001,SA_n30_inst2_run2,base,4000,4001,133.37,0.023881707980763167,93.206534790699,932.0577466034797,1522.5132786870454
exp_001,SA_n30_inst2_run2,base,4200,4201,140.03,0.0250586670008488,92.27446944279201,932.0577466034797,1371.63549309358
exp_001,SA_n30_inst2_run2,base,4400,4401,146.7,0.02624770801048726,92.27446944279201,932.0577466034797,1234.7632043192737
exp_001,SA_n30_inst2_run2,base,4600,4601,153.37,0.027443500002846122,91.35172474836409,932.0577466034797,1339.9798382967342
exp_001,SA_n30_inst2_run2,base,4800,4801,160.03,0.028654167021159083,91.35172474836409,932.0577466034797,1404.9481201123403
exp_001,SA_n30_inst2_run2,base,5000,5001,166.7,0.02985295798862353,91.35172474836409,932.0577466034797,1219.0588792974402
exp_001,SA_n30_inst2_run2,base,5200,5201,173.37,0.031050125020556152,90.43820750088045,932.0577466034797,1352.8923941331668
exp_001,SA_n30_inst2_run2,base,5400,5401,180.03,0.03223637503106147,90.43820750088045,932.0577466034797,1425.5871687482165
exp_001,SA_n30_inst2_run2,base,5600,5601,186.7,0.03343312500510365,89.53382542587164,932.0577466034797,1265.890396923249
exp_001,SA_n30_inst2_run2,base,5800,5801,193.37,0.03461079200496897,89.53382542587164,932.0577466034797,1392.9033820226987
exp_001,SA_n30_inst2_run2,base,6000,6001,200.03,0.035802583035547286,89.53382542587164,932.0577466034797,1405.7720412282683
exp_001,SA_n30_inst2_run2,base,6200,6201,206.7,0.036983917001634836,88.63848717161292,932.0577466034797,1174.2761756130499
exp_001,SA_n30_inst2_run2,base,6400,6401,213.37,0.03817062499001622,88.63848717161292,932.0577466034797,1429.138673967686
exp_001,SA_n30_inst2_run2,base,6600,6601,220.03,0.039365500037092716,87.75210229989679,932.0577466034797,1425.365209044824
exp_001,SA_n30_inst2_run2,base,6800,6801,226.7,0.04055670800153166,87.75210229989679,932.0577466034797,1310.6673060940216
exp_001,SA_n30_inst2_run2,base,7000,7001,233.37,0.04174308298388496,87.75210229989679,932.0577466034797,1264.4096889463535
exp_001,SA_n30_inst2_run2,base,7200,7201,240.03,0.04297087498707697,86.87458127689783,932.0577466034797,1343.0226491614721
exp_001,SA_n30_inst2_run2,base,7400,7401,246.7,0.044162833015434444,86.87458127689783,932.0577466034797,1355.313949347059
exp_001,SA_n30_inst2_run2,base,7600,7601,253.37,0.04535412503173575,86.00583546412885,932.0577466034797,1296.8461087365547
exp_001,SA_n30_inst2_run2,base,7800,7801,260.03,0.04653266700915992,86.00583546412885,932.0577466034797,1353.113482606974
exp_001,SA_n30_inst2_run2,base,8000,8001,266.7,0.04773845802992582,86.00583546412885,918.4725847970863,1025.8934492772094
exp_001,SA_n30_inst2_run2,base,8200,8201,273.37,0.04892012500204146,85.14577710948755,918.4725847970863,1154.9854717944052
exp_001,SA_n30_inst2_run2,base,8400,8401,280.03,0.05011066701263189,85.14577710948755,918.4725847970863,1340.72029791463
exp_001,SA_n30_inst2_run2,base,8600,8601,286.7,0.051299332990311086,84.29431933839268,918.4725847970863,1354.071793230974
exp_001,SA_n30_inst2_run2,base,8800,8801,293.37,0.05246962502133101,84.29431933839268,918.4725847970863,1355.553582483487
exp_001,SA_n30_inst2_run2,base,9000,9001,300.03,0.05368050001561642,84.29431933839268,918.4725847970863,1159.8314467922037
exp_001,SA_n30_inst2_run2,base,9200,9201,306.7,0.05486124998424202,83.45137614500875,918.4725847970863,1430.7637061545609
exp_001,SA_n30_inst2_run2,base,9400,9401,313.37,0.056055416993331164,83.45137614500875,918.4725847970863,1358.2792567818246
exp_001,SA_n30_inst2_run2,base,9600,9601,320.03,0.05724016699241474,82.61686238355867,918.4725847970863,1424.6401007678194
exp_001,SA_n30_inst2_run2,base,9800,9801,326.7,0.058434125036001205,82.61686238355867,918.4725847970863,1361.0480564685863
exp_001,SA_n30_inst2_run2,base,10000,10001,333.37,0.05962604202795774,82.61686238355867,918.4725847970863,1410.4365545736948
exp_001,SA_n30_inst2_run2,base,10200,10201,340.03,0.06082287500612438,81.79069375972308,918.4725847970863,1234.75942106003
exp_001,SA_n30_inst2_run2,base,10400,10401,346.7,0.06201550003606826,81.79069375972308,918.4725847970863,1189.6532754971477
exp_001,SA_n30_inst2_run2,base,10600,10601,353.37,0.06321525003295392,80.97278682212585,918.4725847970863,1271.9639370094217
exp_001,SA_n30_inst2_run2,base,10800,10801,360.03,0.06439195800339803,80.97278682212585,918.4725847970863,1360.3358937076832
exp_001,SA_n30_inst2_run2,base,11000,11001,366.7,0.06557812500977889,80.97278682212585,918.4725847970863,1500.026585381585
exp_001,SA_n30_inst2_run2,base,11200,11201,373.37,0.06676512502599508,80.1630589539046,918.4725847970863,1196.3810326697944
exp_001,SA_n30_inst2_run2,base,11400,11401,380.03,0.0679649580270052,80.1630589539046,918.4725847970863,1130.9187256559885
exp_001,SA_n30_inst2_run2,base,11600,11601,386.7,0.06913779198657721,79.36142836436555,918.4725847970863,1150.5577390279543
exp_001,SA_n30_inst2_run2,base,11800,11801,393.37,0.07034670800203457,79.36142836436555,918.4725847970863,1318.2685145236517
exp_001,SA_n30_inst2_run2,base,12000,12001,400.03,0.07157941698096693,79.36142836436555,918.4725847970863,1176.7691087551564
exp_001,SA_n30_inst2_run2,base,12200,12201,406.7,0.0727743330062367,78.56781408072189,918.4725847970863,1203.3294131678851
exp_001,SA_n30_inst2_run2,base,12400,12401,413.37,0.07396383298328146,78.56781408072189,918.4725847970863,1306.657342621373
exp_001,SA_n30_inst2_run2,base,12600,12601,420.03,0.07515833299839869,77.78213593991467,918.4725847970863,1339.5300693995132
exp_001,SA_n30_inst2_run2,base,12800,12801,426.7,0.07635375001700595,77.78213593991467,918.4725847970863,1178.8417839036526
exp_001,SA_n30_inst2_run2,base,13000,13001,433.37,0.07756454200716689,77.78213593991467,918.4725847970863,1486.2308116457782
exp_001,SA_n30_inst2_run2,base,13200,13201,440.03,0.078764499980025,77.00431458051553,918.4725847970863,1372.2653057730743
exp_001,SA_n30_inst2_run2,base,13400,13401,446.7,0.07994933298323303,77.00431458051553,918.4725847970863,1064.4107143573056
exp_001,SA_n30_inst2_run2,base,13600,13601,453.37,0.08115074998931959,76.23427143471037,918.4725847970863,1319.0711148253179
exp_001,SA_n30_inst2_run2,base,13800,13801,460.03,0.08234108303440735,76.23427143471037,918.4725847970863,1402.2665048739607
exp_001,SA_n30_inst2_run2,base,14000,14001,466.7,0.08353270799852908,76.23427143471037,918.4725847970863,1255.209860018552
exp_001,SA_n30_inst2_run2,base,14200,14201,473.37,0.08472195803187788,75.47192872036327,918.4725847970863,1266.8422174971347
exp_001,SA_n30_inst2_run2,base,14400,14401,480.03,0.08593179198214784,75.47192872036327,918.4725847970863,1205.2926811608377
exp_001,SA_n30_inst2_run2,base,14600,14601,486.7,0.08713270799489692,74.71720943315964,918.4725847970863,1191.3094818843904
exp_001,SA_n30_inst2_run2,base,14800,14801,493.37,0.08832133299438283,74.71720943315964,918.4725847970863,1192.9859372748829
exp_001,SA_n30_inst2_run2,base,15000,15001,500.03,0.08951670798705891,74.71720943315964,918.4725847970863,1280.6754326191226
exp_001,SA_n30_inst2_run2,base,15200,15201,506.7,0.09071533300448209,73.97003733882804,918.4725847970863,1470.8664965177554
exp_001,SA_n30_inst2_run2,base,15400,15401,513.37,0.09190812503220513,73.97003733882804,918.4725847970863,1283.2947513626848
exp_001,SA_n30_inst2_run2,base,15600,15601,520.03,0.09310945798642933,73.23033696543976,918.4725847970863,1271.5545676706422
exp_001,SA_n30_inst2_run2,base,15800,15801,526.7,0.0942988750175573,73.23033696543976,918.4725847970863,1326.0614603180918
exp_001,SA_n30_inst2_run2,base,16000,16001,533.37,0.0954921250231564,73.23033696543976,918.4725847970863,1300.4638999065323
exp_001,SA_n30_inst2_run2,base,16200,16201,540.03,0.09669083298649639,72.49803359578536,918.4725847970863,1279.4640389312435
exp_001,SA_n30_inst2_run2,base,16400,16401,546.7,0.09787787502864376,72.49803359578536,918.4725847970863,1515.3530966070034
exp_001,SA_n30_inst2_run2,base,16600,16601,553.37,0.09905779198743403,71.7730532598275,918.4725847970863,1555.2100999819838
exp_001,SA_n30_inst2_run2,base,16800,16801,560.03,0.10024383303243667,71.7730532598275,918.4725847970863,1383.9641534686148
exp_001,SA_n30_inst2_run2,base,17000,17001,566.7,0.10142925003310665,71.7730532598275,918.4725847970863,1080.8377383604377
exp_001,SA_n30_inst2_run2,base,17200,17201,573.37,0.10265720798633993,71.05532272722922,918.4725847970863,1191.3316854329819
exp_001,SA_n30_inst2_run2,base,17400,17401,580.03,0.1038957079872489,71.05532272722922,918.4725847970863,1054.2377904189864
exp_001,SA_n30_inst2_run2,base,17600,17601,586.7,0.10510091698961332,70.34476949995693,918.4725847970863,1524.5307058794774
exp_001,SA_n30_inst2_run2,base,17800,17801,593.37,0.1063014580286108,70.34476949995693,918.4725847970863,1209.1064499675879
exp_001,SA_n30_inst2_run2,base,18000,18001,600.03,0.10749987501185387,70.34476949995693,918.4725847970863,1223.7073192266246
exp_001,SA_n30_inst2_run2,base,18200,18201,606.7,0.10870520799653605,69.64132180495736,918.4725847970863,1226.1884326511986
exp_001,SA_n30_inst2_run2,base,18400,18401,613.37,0.1098999580135569,69.64132180495736,918.4725847970863,1258.9333458850992
exp_001,SA_n30_inst2_run2,base,18600,18601,620.03,0.11109870800282806,68.94490858690779,918.4725847970863,1305.8614918722335
exp_001,SA_n30_inst2_run2,base,18800,18801,626.7,0.11228970799129456,68.94490858690779,918.4725847970863,1242.4695006472773
exp_001,SA_n30_inst2_run2,base,19000,19001,633.37,0.11348908301442862,68.94490858690779,918.4725847970863,1335.9047360329214
exp_001,SA_n30_inst2_run2,base,19200,19201,640.03,0.11466600000858307,68.25545950103871,918.4725847970863,1450.7143500754835
exp_001,SA_n30_inst2_run2,base,19400,19401,646.7,0.1158574580331333,68.25545950103871,918.4725847970863,1343.1768466736642
exp_001,SA_n30_inst2_run2,base,19600,19601,653.37,0.11704279202967882,67.57290490602833,918.4725847970863,1076.8375936405484
exp_001,SA_n30_inst2_run2,base,19800,19801,660.03,0.11822070798370987,67.57290490602833,918.4725847970863,1195.4039690764996
exp_001,SA_n30_inst2_run2,base,20000,20001,666.7,0.11939983302727342,67.57290490602833,918.4725847970863,1318.787532006829
exp_001,SA_n30_inst2_run2,base,20200,20201,673.37,0.1205687079927884,66.89717585696805,918.4725847970863,1400.2808401559073
exp_001,SA_n30_inst2_run2,base,20400,20401,680.03,0.12174145801691338,66.89717585696805,918.4725847970863,1226.8117568155888
exp_001,SA_n30_inst2_run2,base,20600,20601,686.7,0.12292091699782759,66.22820409839836,918.4725847970863,1239.6298737590962
exp_001,SA_n30_inst2_run2,base,20800,20801,693.37,0.12409533298341557,66.22820409839836,918.4725847970863,1285.394805794133
exp_001,SA_n30_inst2_run2,base,21000,21001,700.03,0.12526416702894494,66.22820409839836,918.4725847970863,1375.8462883701786
exp_001,SA_n30_inst2_run2,base,21200,21201,706.7,0.12645745801273733,65.56592205741438,918.4725847970863,1250.6017280179449
exp_001,SA_n30_inst2_run2,base,21400,21401,713.37,0.1276432080194354,65.56592205741438,918.4725847970863,1262.841442514569
exp_001,SA_n30_inst2_run2,base,21600,21601,720.03,0.128849083033856,64.91026283684023,918.4725847970863,1194.9865335129352
exp_001,SA_n30_inst2_run2,base,21800,21801,726.7,0.13002633303403854,64.91026283684023,918.4725847970863,1141.4264675087904
exp_001,SA_n30_inst2_run2,base,22000,22001,733.37,0.13119291700422764,64.91026283684023,918.4725847970863,1209.936058527247
exp_001,SA_n30_inst2_run2,base,22200,22201,740.03,0.132362375035882,64.26116020847184,918.4725847970863,1112.5572625943676
exp_001,SA_n30_inst2_run2,base,22400,22401,746.7,0.13353237498085946,64.26116020847184,918.4725847970863,1268.2041264589839
exp_001,SA_n30_inst2_run2,base,22600,22601,753.37,0.1347139169811271,63.618548606387115,918.4725847970863,1298.9237244702601
exp_001,SA_n30_inst2_run2,base,22800,22801,760.03,0.13588454201817513,63.618548606387115,918.4725847970863,1213.6360119217436
exp_001,SA_n30_inst2_run2,base,23000,23001,766.7,0.13707212498411536,63.618548606387115,918.4725847970863,1289.766218385353
exp_001,SA_n30_inst2_run2,base,23200,23201,773.37,0.13823791698087007,62.98236312032324,918.4725847970863,1052.8413388427575
exp_001,SA_n30_inst2_run2,base,23400,23401,780.03,0.1394207919947803,62.98236312032324,918.4725847970863,1061.4170546896903
exp_001,SA_n30_inst2_run2,base,23600,23601,786.7,0.14060187502764165,62.35253948912001,918.4725847970863,1239.4611187441594
exp_001,SA_n30_inst2_run2,base,23800,23801,793.37,0.14178400003584102,62.35253948912001,918.4725847970863,1352.0192196980042
exp_001,SA_n30_inst2_run2,base,24000,24001,800.03,0.14297420799266547,62.35253948912001,918.4725847970863,1442.4575063463062
exp_001,SA_n30_inst2_run2,base,24200,24201,806.7,0.14416479202918708,61.72901409422881,918.4725847970863,1422.0562169839673
exp_001,SA_n30_inst2_run2,base,24400,24401,813.37,0.14534537500003353,61.72901409422881,918.4725847970863,1153.6413165542747
exp_001,SA_n30_inst2_run2,base,24600,24601,820.03,0.14652775001013651,61.11172395328652,918.4725847970863,1263.016703687349
exp_001,SA_n30_inst2_run2,base,24800,24801,826.7,0.14774770801886916,61.11172395328652,909.8002979655806,1153.0752632324181
exp_001,SA_n30_inst2_run2,base,25000,25001,833.37,0.14892387500731274,61.11172395328652,909.8002979655806,1246.446910824661
exp_001,SA_n30_inst2_run2,base,25200,25201,840.03,0.15009883302263916,60.500606713753655,909.8002979655806,1090.8315826717455
exp_001,SA_n30_inst2_run2,base,25400,25401,846.7,0.15126858302392066,60.500606713753655,909.8002979655806,1361.8771390651486
exp_001,SA_n30_inst2_run2,base,25600,25601,853.37,0.15245029202196747,59.89560064661612,909.8002979655806,1282.4985855428188
exp_001,SA_n30_inst2_run2,base,25800,25801,860.03,0.15360825002426282,59.89560064661612,909.8002979655806,1045.7725989192381
exp_001,SA_n30_inst2_run2,base,26000,26001,866.7,0.15478220803197473,59.89560064661612,909.8002979655806,1378.1611681462946
exp_001,SA_n30_inst2_run2,base,26200,26201,873.37,0.15596779203042388,59.29664464014996,909.8002979655806,1336.840963494689
exp_001,SA_n30_inst2_run2,base,26400,26401,880.03,0.15714500000467524,59.29664464014996,909.8002979655806,1216.8486786859637
exp_001,SA_n30_inst2_run2,base,26600,26601,886.7,0.15833595802541822,58.70367819374846,909.8002979655806,1479.660047362009
exp_001,SA_n30_inst2_run2,base,26800,26801,893.37,0.15952104202006012,58.70367819374846,909.8002979655806,1156.9667211708727
exp_001,SA_n30_inst2_run2,base,27000,27001,900.03,0.1606961250072345,58.70367819374846,909.8002979655806,1336.6496904312855
exp_001,SA_n30_inst2_run2,base,27200,27201,906.7,0.16187662503216416,58.116641411810974,909.8002979655806,1531.178652941259
exp_001,SA_n30_inst2_run2,base,27400,27401,913.37,0.16307279199827462,58.116641411810974,909.8002979655806,1268.3727364227775
exp_001,SA_n30_inst2_run2,base,27600,27601,920.03,0.1642634579911828,57.535474997692866,909.8002979655806,1183.9365117908408
exp_001,SA_n30_inst2_run2,base,27800,27801,926.7,0.16543245798675343,57.535474997692866,909.8002979655806,1057.6910804789952
exp_001,SA_n30_inst2_run2,base,28000,28001,933.37,0.1666135829873383,57.535474997692866,909.8002979655806,1230.9024138352854
exp_001,SA_n30_inst2_run2,base,28200,28201,940.03,0.1677915829932317,56.960120247715935,909.8002979655806,1346.4491448961937
exp_001,SA_n30_inst2_run2,base,28400,28401,946.7,0.1689715830143541,56.960120247715935,909.8002979655806,1424.3089216949415
exp_001,SA_n30_inst2_run2,base,28600,28601,953.37,0.1701437080046162,56.390519045238776,909.8002979655806,1217.219149219172
exp_001,SA_n30_inst2_run2,base,28800,28801,960.03,0.17133054201258346,56.390519045238776,909.8002979655806,1352.8613291446436
exp_001,SA_n30_inst2_run2,base,29000,29001,966.7,0.17253112501930445,56.390519045238776,909.8002979655806,1496.9461503680673
exp_001,SA_n30_inst2_run2,base,29200,29201,973.37,0.17370308301178738,55.82661385478639,909.8002979655806,1275.6673807472641
exp_001,SA_n30_inst2_run2,base,29400,29401,980.03,0.17490879201795906,55.82661385478639,909.8002979655806,1225.4486832361554
exp_001,SA_n30_inst2_run2,base,29600,29601,986.7,0.1761274579912424,55.26834771623852,909.8002979655806,1358.6661369159453
exp_001,SA_n30_inst2_run2,base,29800,29801,993.37,0.17731929203728214,55.26834771623852,909.8002979655806,1195.878548476666
exp_001,SA_n30_inst2_run2,base,30000,30001,1000.03,0.17850174999330193,55.26834771623852,909.8002979655806,1198.1520792342385
exp_001,SA_n30_inst2_run2,base,30200,30201,1006.7,0.17969866702333093,54.71566423907614,909.8002979655806,1277.510687184837
exp_001,SA_n30_inst2_run2,base,30400,30401,1013.37,0.18087537499377504,54.71566423907614,909.8002979655806,1147.7409646504286
exp_001,SA_n30_inst2_run2,base,30600,30601,1020.03,0.1820518330205232,54.16850759668538,909.8002979655806,1283.22822780572
exp_001,SA_n30_inst2_run2,base,30800,30801,1026.7,0.1832173329894431,54.16850759668538,909.8002979655806,1086.071688870514
exp_001,SA_n30_inst2_run2,base,31000,31001,1033.37,0.18439316703006625,54.16850759668538,909.8002979655806,1286.7632326672683
exp_001,SA_n30_inst2_run2,base,31200,31201,1040.03,0.1855537500232458,53.62682252071853,909.8002979655806,1327.566476506955
exp_001,SA_n30_inst2_run2,base,31400,31401,1046.7,0.18672933301422745,53.62682252071853,909.8002979655806,1151.2482694336331
exp_001,SA_n30_inst2_run2,base,31600,31601,1053.37,0.1879032920114696,53.09055429551134,909.8002979655806,1170.332172263225
exp_001,SA_n30_inst2_run2,base,31800,31801,1060.03,0.18907150003360584,53.09055429551134,909.8002979655806,1249.0718711535114
exp_001,SA_n30_inst2_run2,base,32000,32001,1066.7,0.19024929200531915,53.09055429551134,909.8002979655806,1407.0641525290907
exp_001,SA_n30_inst2_run2,base,32200,32201,1073.37,0.1914241670165211,52.55964875255623,909.8002979655806,1240.556091575131
exp_001,SA_n30_inst2_run2,base,32400,32401,1080.03,0.19261904200538993,52.55964875255623,909.8002979655806,1228.8321049276412
exp_001,SA_n30_inst2_run2,base,32600,32601,1086.7,0.1938053750200197,52.03405226503067,909.8002979655806,1448.6294268792515
exp_001,SA_n30_inst2_run2,base,32800,32801,1093.37,0.194988708011806,52.03405226503067,909.8002979655806,1188.5453478201102
exp_001,SA_n30_inst2_run2,base,33000,33001,1100.03,0.1961545420344919,52.03405226503067,906.916300563554,979.6261301302163
exp_001,SA_n30_inst2_run2,base,33200,33201,1106.7,0.19733770802849904,51.51371174238036,906.916300563554,1402.261414540136
exp_001,SA_n30_inst2_run2,base,33400,33401,1113.37,0.19852049998007715,51.51371174238036,906.916300563554,1345.6395691690695
exp_001,SA_n30_inst2_run2,base,33600,33601,1120.03,0.19968483300181106,50.998574624956554,906.916300563554,1046.0243275830005
exp_001,SA_n30_inst2_run2,base,33800,33801,1126.7,0.2008505419944413,50.998574624956554,906.916300563554,1118.3973639289825
exp_001,SA_n30_inst2_run2,base,34000,34001,1133.37,0.20201762503711507,50.998574624956554,906.916300563554,1038.9695232159418
exp_001,SA_n30_inst2_run2,base,34200,34201,1140.03,0.2031789580360055,50.488588878706985,906.916300563554,1344.2800694917603
exp_001,SA_n30_inst2_run2,base,34400,34401,1146.7,0.20440770802088082,50.488588878706985,906.916300563554,1281.4936581861277
exp_001,SA_n30_inst2_run2,base,34600,34601,1153.37,0.20566637499723583,49.98370298991991,906.916300563554,1200.7566516584689
exp_001,SA_n30_inst2_run2,base,34800,34801,1160.03,0.20688312500715256,49.98370298991991,906.916300563554,1158.8576455658588
exp_001,SA_n30_inst2_run2,base,35000,35001,1166.7,0.2080746249994263,49.98370298991991,906.916300563554,1081.2683134036197
exp_001,SA_n30_inst2_run2,base,35200,35201,1173.37,0.20926645799772814,49.483865960020715,906.916300563554,1209.003376759307
exp_001,SA_n30_inst2_run2,base,35400,35401,1180.03,0.21047533303499222,49.483865960020715,906.916300563554,1263.9546333028168
exp_001,SA_n30_inst2_run2,base,35600,35601,1186.7,0.21167062502354383,48.98902730042051,906.916300563554,1159.506772860456
exp_001,SA_n30_inst2_run2,base,35800,35801,1193.37,0.2128614999819547,48.98902730042051,906.916300563554,1229.8676309679095
exp_001,SA_n30_inst2_run2,base,36000,36001,1200.03,0.21406374999787658,48.98902730042051,906.916300563554,1200.6708689527109
exp_001,SA_n30_inst2_run2,base,36200,36201,1206.7,0.21524079202208668,48.4991370274163,906.916300563554,1117.3918860353583
exp_001,SA_n30_inst2_run2,base,36400,36401,1213.37,0.21640670800115913,48.4991370274163,906.916300563554,1373.5736074308145
exp_001,SA_n30_inst2_run2,base,36600,36601,1220.03,0.21757833298761398,48.01414565714214,906.916300563554,1264.226026602985
exp_001,SA_n30_inst2_run2,base,36800,36801,1226.7,0.21875387500040233,48.01414565714214,906.916300563554,1185.1147962282723
exp_001,SA_n30_inst2_run2,base,37000,37001,1233.37,0.21996337501332164,48.01414565714214,906.916300563554,1096.0545328834892
exp_001,SA_n30_inst2_run2,base,37200,37201,1240.03,0.2211419169907458,47.53400420057071,906.916300563554,973.5535397975543
exp_001,SA_n30_inst2_run2,base,37400,37401,1246.7,0.2223266669898294,47.53400420057071,906.916300563554,1187.914859096206
exp_001,SA_n30_inst2_run2,base,37600,37601,1253.37,0.22350983298383653,47.05866415856501,906.916300563554,1185.2152478722041
exp_001,SA_n30_inst2_run2,base,37800,37801,1260.03,0.22467958298511803,47.05866415856501,906.916300563554,1204.1575652848885
exp_001,SA_n30_inst2_run2,base,38000,38001,1266.7,0.22585762501694262,47.05866415856501,906.916300563554,1397.707863505027
exp_001,SA_n30_inst2_run2,base,38200,38201,1273.37,0.22703291702782735,46.58807751697936,892.6363627524188,958.3298535583365
exp_001,SA_n30_inst2_run2,base,38400,38401,1280.03,0.22820533299818635,46.58807751697936,892.6363627524188,1277.4189379970207
exp_001,SA_n30_inst2_run2,base,38600,38601,1286.7,0.2293911250308156,46.12219674180957,892.6363627524188,1135.6690159695202
exp_001,SA_n30_inst2_run2,base,38800,38801,1293.37,0.23056008300045505,46.12219674180957,892.6363627524188,1070.3192983776573
exp_001,SA_n30_inst2_run2,base,39000,39001,1300.03,0.2317269580089487,46.12219674180957,892.6363627524188,1042.7292147723301
exp_001,SA_n30_inst2_run2,base,39200,39201,1306.7,0.23288662498816848,45.66097477439147,892.6363627524188,1032.8334647827967
exp_001,SA_n30_inst2_run2,base,39400,39401,1313.37,0.2340384169947356,45.66097477439147,892.6363627524188,1047.596366723031
exp_001,SA_n30_inst2_run2,base,39600,39601,1320.03,0.23519595799734816,45.20436502664755,892.6363627524188,1109.3252871965365
exp_001,SA_n30_inst2_run2,base,39800,39801,1326.7,0.23637004202464595,45.20436502664755,892.6363627524188,1202.2032823747431
exp_001,SA_n30_inst2_run2,base,40000,40001,1333.37,0.23753683298127726,45.20436502664755,892.6363627524188,1069.1136732204654
exp_001,SA_n30_inst2_run2,base,40200,40201,1340.03,0.23874020803486928,44.752321376381076,888.1297805604815,1243.2290190711897
exp_001,SA_n30_inst2_run2,base,40400,40401,1346.7,0.23992041702149436,44.752321376381076,888.1297805604815,1050.923160684303
exp_001,SA_n30_inst2_run2,base,40600,40601,1353.37,0.24110250000376254,44.30479816261727,888.1297805604815,1377.2713860703457
exp_001,SA_n30_inst2_run2,base,40800,40801,1360.03,0.24226891703438014,44.30479816261727,888.1297805604815,1162.05034818179
exp_001,SA_n30_inst2_run2,base,41000,41001,1366.7,0.2434364579967223,44.30479816261727,700.034082674045,795.1477111562496
exp_001,SA_n30_inst2_run2,base,41200,41201,1373.37,0.24461016699206084,43.861750180991095,700.034082674045,1275.2276932723469
exp_001,SA_n30_inst2_run2,base,41400,41401,1380.03,0.2457976249861531,43.861750180991095,700.034082674045,1011.4640734290736
exp_001,SA_n30_inst2_run2,base,41600,41601,1386.7,0.24696933303494006,43.42313267918119,700.034082674045,854.4920719021028
exp_001,SA_n30_inst2_run2,base,41800,41801,1393.37,0.24813850002828985,43.42313267918119,700.034082674045,1261.8809422180761
exp_001,SA_n30_inst2_run2,base,42000,42001,1400.03,0.24931400001514703,43.42313267918119,700.034082674045,1374.2361991795303
exp_001,SA_n30_inst2_run2,base,42200,42201,1406.7,0.25052308302838355,42.98890135238938,700.034082674045,1212.4478569894006
exp_001,SA_n30_inst2_run2,base,42400,42401,1413.37,0.2517438330105506,42.98890135238938,700.034082674045,1249.1235835721388
exp_001,SA_n30_inst2_run2,base,42600,42601,1420.03,0.25291962502524257,42.559012338865486,700.034082674045,856.6265707883363
exp_001,SA_n30_inst2_run2,base,42800,42801,1426.7,0.25410700001521036,42.559012338865486,700.034082674045,1229.7370834945402
exp_001,SA_n30_inst2_run2,base,43000,43001,1433.37,0.2552736669895239,42.559012338865486,700.034082674045,1090.3828404802653
exp_001,SA_n30_inst2_run2,base,43200,43201,1440.03,0.256439707998652,42.133422215476834,700.034082674045,1221.9786278996885
exp_001,SA_n30_inst2_run2,base,43400,43401,1446.7,0.25761133298510686,42.133422215476834,700.034082674045,1272.5694948838154
exp_001,SA_n30_inst2_run2,base,43600,43601,1453.37,0.2587740420131013,41.712087993322065,700.034082674045,1139.2525462637443
exp_001,SA_n30_inst2_run2,base,43800,43801,1460.03,0.25993487500818446,41.712087993322065,700.034082674045,1161.7968875698934
exp_001,SA_n30_inst2_run2,base,44000,44001,1466.7,0.26109737501246855,41.712087993322065,700.034082674045,1171.8861939665676
exp_001,SA_n30_inst2_run2,base,44200,44201,1473.37,0.26227008301066235,41.29496711338884,700.034082674045,1220.1507987435332
exp_001,SA_n30_inst2_run2,base,44400,44401,1480.03,0.26343691698275506,41.29496711338884,700.034082674045,1318.2328712320573
exp_001,SA_n30_inst2_run2,base,44600,44601,1486.7,0.2645962919923477,40.882017442254956,700.034082674045,908.0050571881588
exp_001,SA_n30_inst2_run2,base,44800,44801,1493.37,0.26573991699842736,40.882017442254956,700.034082674045,1048.839949269002
exp_001,SA_n30_inst2_run2,base,45000,45001,1500.03,0.2668929169885814,40.882017442254956,700.034082674045,1278.3205646182614
exp_001,SA_n30_inst2_run2,base,45200,45201,1506.7,0.2680543329915963,40.473197267832404,700.034082674045,1215.7467524808808
exp_001,SA_n30_inst2_run2,base,45400,45401,1513.37,0.2692330830032006,40.473197267832404,700.034082674045,1054.5969905771415
exp_001,SA_n30_inst2_run2,base,45600,45601,1520.03,0.2704392920131795,40.06846529515408,700.034082674045,1099.9198357560274
exp_001,SA_n30_inst2_run2,base,45800,45801,1526.7,0.2716316669830121,40.06846529515408,700.034082674045,1078.3703659209298
exp_001,SA_n30_inst2_run2,base,46000,46001,1533.37,0.272818208031822,40.06846529515408,700.034082674045,1053.3817857630447
exp_001,SA_n30_inst2_run2,base,46200,46201,1540.03,0.2739963330095634,39.66778064220254,700.034082674045,1151.812988560484
exp_001,SA_n30_inst2_run2,base,46400,46401,1546.7,0.2751894170069136,39.66778064220254,700.034082674045,1118.0759495101709
exp_001,SA_n30_inst2_run2,base,46600,46601,1553.37,0.27639012498548254,39.27110283578051,700.034082674045,1062.4640091023884
exp_001,SA_n30_inst2_run2,base,46800,46801,1560.03,0.27755945798708126,39.27110283578051,700.034082674045,960.0626514076803
exp_001,SA_n30_inst2_run2,base,47000,47001,1566.7,0.2787372500170022,39.27110283578051,700.034082674045,972.0210700913809
exp_001,SA_n30_inst2_run2,base,47200,47201,1573.37,0.2799067500163801,38.8783918074227,700.034082674045,1052.320364617635
exp_001,SA_n30_inst2_run2,base,47400,47401,1580.03,0.2810573329916224,38.8783918074227,700.034082674045,1164.9009101370416
exp_001,SA_n30_inst2_run2,base,47600,47601,1586.7,0.28220983303617686,38.48960788934848,700.034082674045,1162.693523122714
exp_001,SA_n30_inst2_run2,base,47800,47801,1593.37,0.2833588750218041,38.48960788934848,700.034082674045,970.1060561509258
exp_001,SA_n30_inst2_run2,base,48000,48001,1600.03,0.28452120802830905,38.48960788934848,700.034082674045,1057.4407427475142
exp_001,SA_n30_inst2_run2,base,48200,48201,1606.7,0.28567175002535805,38.104711810454994,700.034082674045,1092.1864428474887
exp_001,SA_n30_inst2_run2,base,48400,48401,1613.37,0.2868320000125095,38.104711810454994,700.034082674045,1138.5024809074623
exp_001,SA_n30_inst2_run2,base,48600,48601,1620.03,0.2880005000042729,37.72366469235045,700.034082674045,994.24919659192
exp_001,SA_n30_inst2_run2,base,48800,48801,1626.7,0.2891510420013219,37.72366469235045,700.034082674045,1078.5431110033715
exp_001,SA_n30_inst2_run2,base,49000,49001,1633.37,0.290346416993998,37.72366469235045,700.034082674045,1102.0299589928136
exp_001,SA_n30_inst2_run2,base,49200,49201,1640.03,0.291534333024174,37.34642804542694,700.034082674045,1149.5691892098282
exp_001,SA_n30_inst2_run2,base,49400,49401,1646.7,0.29269595799269155,37.34642804542694,700.034082674045,910.9321697945732
exp_001,SA_n30_inst2_run2,base,49600,49601,1653.37,0.29388754203682765,36.97296376497267,700.034082674045,1175.3344980911022
exp_001,SA_n30_inst2_run2,base,49800,49801,1660.03,0.295057250012178,36.97296376497267,700.034082674045,1125.0350614593092
exp_001,SA_n30_inst2_run2,base,50000,50001,1666.7,0.29620854201493785,36.97296376497267,700.034082674045,919.4327282338395
exp_001,SA_n30_inst2_run2,base,50000,50001,1666.7,0.29628454201156273,0.00099,700.034082674045,919.4327282338395
exp_001,SA_n30_inst3_run0,base,0,1,0.03,1.207983586937189e-06,100.0,1468.2532388566033,1468.2532388566033
exp_001,SA_n30_inst3_run0,base,200,201,6.7,0.0012141250190325081,100.0,1121.335878131883,1342.2092525563362
exp_001,SA_n30_inst3_run0,base,400,401,13.37,0.0024092079838737845,100.0,1121.335878131883,1254.1293517467134
exp_001,SA_n30_inst3_run0,base,600,601,20.03,0.0035985420108772814,99.0,1121.335878131883,1341.5853605679235
exp_001,SA_n30_inst3_run0,base,800,801,26.7,0.004800374968908727,99.0,1121.335878131883,1337.956231973002
exp_001,SA_n30_inst3_run0,base,1000,1001,33.37,0.0060070420149713755,99.0,1121.335878131883,1583.4134253939642
exp_001,SA_n30_inst3_run0,base,1200,1201,40.03,0.007202541979495436,98.01,1121.335878131883,1409.042454341859
exp_001,SA_n30_inst3_run0,base,1400,1401,46.7,0.008397708006668836,98.01,1121.335878131883,1376.5271140161708
exp_001,SA_n30_inst3_run0,base,1600,1601,53.37,0.009595833020284772,97.0299,1121.335878131883,1390.105210845527
exp_001,SA_n30_inst3_run0,base,1800,1801,60.03,0.010787457984406501,97.0299,1121.335878131883,1349.527034234313
exp_001,SA_n30_inst3_run0,base,2000,2001,66.7,0.011979833012446761,97.0299,1088.2068062445135,1292.6833481246372
exp_001,SA_n30_inst3_run0,base,2200,2201,73.37,0.013200375018641353,96.059601,1088.2068062445135,1441.4908165994625
exp_001,SA_n30_inst3_run0,base,2400,2401,80.03,0.014412082964554429,96.059601,1088.2068062445135,1365.3436428885743
exp_001,SA_n30_inst3_run0,base,2600,2601,86.7,0.015610667003784329,95.09900499,1088.2068062445135,1281.986088802986
exp_001,SA_n30_inst3_run0,base,2800,2801,93.37,0.01682141696801409,95.09900499,1042.644763693888,1275.0004072930908
exp_001,SA_n30_inst3_run0,base,3000,3001,100.03,0.018009957973845303,95.09900499,1042.644763693888,1459.5174466913854
exp_001,SA_n30_inst3_run0,base,3200,3201,106.7,0.019188374979421496,94.1480149401,1042.644763693888,1428.6495819807074
exp_001,SA_n30_inst3_run0,base,3400,3401,113.37,0.020376625005155802,94.1480149401,1042.644763693888,1270.3999433320448
exp_001,SA_n30_inst3_run0,base,3600,3601,120.03,0.02155916701303795,93.206534790699,1042.644763693888,1522.8666227989306
exp_001,SA_n30_inst3_run0,base,3800,3801,126.7,0.022789791983086616,93.206534790699,1042.644763693888,1400.8952118684324
exp_001,SA_n30_inst3_run0,base,4000,4001,133.37,0.024005957995541394,93.206534790699,1042.644763693888,1332.2127709086158
exp_001,SA_n30_inst3_run0,base,4200,4201,140.03,0.025210916996002197,92.27446944279201,1042.644763693888,1290.396503260964
exp_001,SA_n30_inst3_run0,base,4400,4401,146.7,0.02640416700160131,92.27446944279201,1042.644763693888,1338.7521107371667
exp_001,SA_n30_inst3_run0,base,4600,4601,153.37,0.02769929199712351,91.35172474836409,1042.644763693888,1313.1024112061345
exp_001,SA_n30_inst3_run0,base,4800,4801,160.03,0.028961292002350092,91.35172474836409,1042.644763693888,1291.1233886490518
exp_001,SA_n30_inst3_run0,base,5000,5001,166.7,0.030179541965480894,91.35172474836409,1042.644763693888,1353.314511128816
exp_001,SA_n30_inst3_run0,base,5200,5201,173.37,0.031387791968882084,90.43820750088045,1042.644763693888,1444.4761431373413
exp_001,SA_n30_inst3_run0,base,5400,5401,180.03,0.03258904197718948,90.43820750088045,1042.644763693888,1457.9382993434754
exp_001,SA_n30_inst3_run0,base,5600,5601,186.7,0.033787042018957436,89.53382542587164,1042.644763693888,1348.8105732136619
exp_001,SA_n30_inst3_run0,base,5800,5801,193.37,0.034987624967470765,89.53382542587164,1006.5490112752301,1185.8914277068202
exp_001,SA_n30_inst3_run0,base,6000,6001,200.03,0.03617270797258243,89.53382542587164,1006.5490112752301,1270.5593481928377
exp_001,SA_n30_inst3_run0,base,6200,6201,206.7,0.037371042009908706,88.63848717161292,1006.5490112752301,1530.041921670038
exp_001,SA_n30_inst3_run0,base,6400,6401,213.37,0.038563249981962144,88.63848717161292,1006.5490112752301,1309.3456794976332
exp_001,SA_n30_inst3_run0,base,6600,6601,220.03,0.039774791977833956,87.75210229989679,1006.5490112752301,1299.8935654271932
exp_001,SA_n30_inst3_run0,base,6800,6801,226.7,0.04098395799519494,87.75210229989679,1006.5490112752301,1443.7014942261426
exp_001,SA_n30_inst3_run0,base,7000,7001,233.37,0.04219224996631965,87.75210229989679,1006.5490112752301,1369.7859268563873
exp_001,SA_n30_inst3_run0,base,7200,7201,240.03,0.0433895830065012,86.87458127689783,1006.5490112752301,1288.1699171136886
exp_001,SA_n30_inst3_run0,base,7400,7401,246.7,0.044578832981642336,86.87458127689783,1006.5490112752301,1321.696603799462
exp_001,SA_n30_inst3_run0,base,7600,7601,253.37,0.04579791700234637,86.00583546412885,1006.5490112752301,1618.859856181613
exp_001,SA_n30_inst3_run0,base,7800,7801,260.03,0.04700949997641146,86.00583546412885,1006.5490112752301,1497.0907446633353
exp_001,SA_n30_inst3_run0,base,8000,8001,266.7,0.04822087497450411,86.00583546412885,1006.5490112752301,1525.3732877269463
exp_001,SA_n30_inst3_run0,base,8200,8201,273.37,0.04943983297562227,85.14577710948755,1006.5490112752301,1429.9272063102524
exp_001,SA_n30_inst3_run0,base,8400,8401,280.03,0.05064708297140896,85.14577710948755,1006.5490112752301,1336.0445542788486
exp_001,SA_n30_inst3_run0,base,8600,8601,286.7,0.05184337496757507,84.29431933839268,1006.5490112752301,1464.1366225444592
exp_001,SA_n30_inst3_run0,base,8800,8801,293.37,0.05302774999290705,84.29431933839268,1006.5490112752301,1270.1397189782667
exp_001,SA_n30_inst3_run0,base,9000,9001,300.03,0.05420516699086875,84.29431933839268,1006.5490112752301,1306.1948173987719
exp_001,SA_n30_inst3_run0,base,9200,9201,306.7,0.05539466696791351,83.45137614500875,1006.5490112752301,1269.5792285197574
exp_001,SA_n30_inst3_run0,base,9400,9401,313.37,0.05658729199785739,83.45137614500875,1006.5490112752301,1526.040313250203
exp_001,SA_n30_inst3_run0,base,9600,9601,320.03,0.05778874998213723,82.61686238355867,1006.5490112752301,1301.2030503826506
exp_001,SA_n30_inst3_run0,base,9800,9801,326.7,0.05899645801400766,82.61686238355867,1006.5490112752301,1192.9633622068418
exp_001,SA_n30_inst3_run0,base,10000,10001,333.37,0.06022733298595995,82.61686238355867,1006.5490112752301,1577.1730087034823
exp_001,SA_n30_inst3_run0,base,10200,10201,340.03,0.06141504197148606,81.79069375972308,1006.5490112752301,1484.865362952236
exp_001,SA_n30_inst3_run0,base,10400,10401,346.7,0.06260454200673848,81.79069375972308,1006.5490112752301,1221.6311575669165
exp_001,SA_n30_inst3_run0,base,10600,10601,353.37,0.06378804199630395,80.97278682212585,1006.5490112752301,1275.8350525713447
exp_001,SA_n30_inst3_run0,base,10800,10801,360.03,0.06498716701753438,80.97278682212585,1006.5490112752301,1375.4566713686143
exp_001,SA_n30_inst3_run0,base,11000,11001,366.7,0.06618991697905585,80.97278682212585,1006.5490112752301,1274.3917624865803
exp_001,SA_n30_inst3_run0,base,11200,11201,373.37,0.06741079199127853,80.1630589539046,1006.5490112752301,1452.735765950608
exp_001,SA_n30_inst3_run0,base,11400,11401,380.03,0.06859808298759162,80.1630589539046,1006.5490112752301,1281.3593731602252
exp_001,SA_n30_inst3_run0,base,11600,11601,386.7,0.0697838329942897,79.36142836436555,1006.5490112752301,1268.779304205282
exp_001,SA_n30_inst3_run0,base,11800,11801,393.37,0.07096995797473937,79.36142836436555,1006.5490112752301,1288.638365176688
exp_001,SA_n30_inst3_run0,base,12000,12001,400.03,0.07214083301369101,79.36142836436555,989.633756020026,1412.9152135105362
exp_001,SA_n30_inst3_run0,base,12200,12201,406.7,0.07331991702085361,78.56781408072189,989.633756020026,1363.1266806985864
exp_001,SA_n30_inst3_run0,base,12400,12401,413.37,0.07450029201572761,78.56781408072189,989.633756020026,1371.4012324139003
exp_001,SA_n30_inst3_run0,base,12600,12601,420.03,0.07570358301745728,77.78213593991467,989.633756020026,1150.8850525427642
exp_001,SA_n30_inst3_run0,base,12800,12801,426.7,0.0768936249660328,77.78213593991467,989.633756020026,1086.7454747789325
exp_001,SA_n30_inst3_run0,base,13000,13001,433.37,0.078075582976453,77.78213593991467,989.633756020026,1224.8621191210405
exp_001,SA_n30_inst3_run0,base,13200,13201,440.03,0.0792599999695085,77.00431458051553,989.633756020026,1187.4228792498805
exp_001,SA_n30_inst3_run0,base,13400,13401,446.7,0.08046500000637025,77.00431458051553,989.633756020026,1405.2730583319867
exp_001,SA_n30_inst3_run0,base,13600,13601,453.37,0.08166495797922835,76.23427143471037,989.633756020026,1256.7137512343957
exp_001,SA_n30_inst3_run0,base,13800,13801,460.03,0.0828795830020681,76.23427143471037,989.633756020026,1372.0365058903324
exp_001,SA_n30_inst3_run0,base,14000,14001,466.7,0.08406845800345764,76.23427143471037,989.633756020026,1437.6166031023724
exp_001,SA_n30_inst3_run0,base,14200,14201,473.37,0.08526204200461507,75.47192872036327,989.633756020026,1432.5676468882004
exp_001,SA_n30_inst3_run0,base,14400,14401,480.03,0.0864492499968037,75.47192872036327,989.633756020026,1297.3905743708826
exp_001,SA_n30_inst3_run0,base,14600,14601,486.7,0.0876335829962045,74.71720943315964,989.633756020026,1479.5160787347081
exp_001,SA_n30_inst3_run0,base,14800,14801,493.37,0.08880579198012128,74.71720943315964,989.633756020026,1176.1045989746322
exp_001,SA_n30_inst3_run0,base,15000,15001,500.03,0.08999695797683671,74.71720943315964,989.633756020026,1434.784218614042
exp_001,SA_n30_inst3_run0,base,15200,15201,506.7,0.0912006669677794,73.97003733882804,989.633756020026,1167.6794296613334
exp_001,SA_n30_inst3_run0,base,15400,15401,513.37,0.09239875001367182,73.97003733882804,989.633756020026,1549.3698901376567
exp_001,SA_n30_inst3_run0,base,15600,15601,520.03,0.0935928329708986,73.23033696543976,989.633756020026,1127.473952953085
exp_001,SA_n30_inst3_run0,base,15800,15801,526.7,0.0947745000012219,73.23033696543976,989.633756020026,1096.2309911234152
exp_001,SA_n30_inst3_run0,base,16000,16001,533.37,0.09596641699317843,73.23033696543976,989.633756020026,1401.9771697526933
exp_001,SA_n30_inst3_run0,base,16200,16201,540.03,0.09716699999989942,72.49803359578536,989.633756020026,1166.0295024595057
exp_001,SA_n30_inst3_run0,base,16400,16401,546.7,0.09836445801192895,72.49803359578536,989.633756020026,1434.4141206733575
exp_001,SA_n30_inst3_run0,base,16600,16601,553.37,0.09956437500659376,71.7730532598275,989.633756020026,1589.0096004630211
exp_001,SA_n30_inst3_run0,base,16800,16801,560.03,0.10075341700576246,71.7730532598275,989.633756020026,1271.8355801553548
exp_001,SA_n30_inst3_run0,base,17000,17001,566.7,0.10194008296821266,71.7730532598275,989.633756020026,1113.0380521594016
exp_001,SA_n30_inst3_run0,base,17200,17201,573.37,0.10312683298252523,71.05532272722922,989.633756020026,1210.7618800656714
exp_001,SA_n30_inst3_run0,base,17400,17401,580.03,0.10431445797439665,71.05532272722922,989.633756020026,1479.649467790528
exp_001,SA_n30_inst3_run0,base,17600,17601,586.7,0.10548937501152977,70.34476949995693,989.633756020026,1127.5416097784882
exp_001,SA_n30_inst3_run0,base,17800,17801,593.37,0.10666183300781995,70.34476949995693,989.633756020026,1386.6497896624298
exp_001,SA_n30_inst3_run0,base,18000,18001,600.03,0.10783633298706263,70.34476949995693,972.108757914627,1318.448143963114
exp_001,SA_n30_inst3_run0,base,18200,18201,606.7,0.10902887501288205,69.64132180495736,972.108757914627,1381.379523400704
exp_001,SA_n30_inst3_run0,base,18400,18401,613.37,0.11020687501877546,69.64132180495736,972.108757914627,1398.10554458137
exp_001,SA_n30_inst3_run0,base,18600,18601,620.03,0.11138558300444856,68.94490858690779,972.108757914627,1190.6743601302298
exp_001,SA_n30_inst3_run0,base,18800,18801,626.7,0.11258974997326732,68.94490858690779,972.108757914627,1235.00639525745
exp_001,SA_n30_inst3_run0,base,19000,19001,633.37,0.11380379198817536,68.94490858690779,972.108757914627,1219.9474633439972
exp_001,SA_n30_inst3_run0,base,19200,19201,640.03,0.11498474999098107,68.25545950103871,972.108757914627,1432.6636407674705
exp_001,SA_n30_inst3_run0,base,19400,19401,646.7,0.11619575001532212,68.25545950103871,972.108757914627,1080.2974955701861
exp_001,SA_n30_inst3_run0,base,19600,19601,653.37,0.11741891701240093,67.57290490602833,972.108757914627,1436.642800113846
exp_001,SA_n30_inst3_run0,base,19800,19801,660.03,0.11859208298847079,67.57290490602833,972.108757914627,1387.674520233876
exp_001,SA_n30_inst3_run0,base,20000,20001,666.7,0.11977291700895876,67.57290490602833,972.108757914627,1435.3073734893583
exp_001,SA_n30_inst3_run0,base,20200,20201,673.37,0.1209478749660775,66.89717585696805,972.108757914627,1288.7009708639575
exp_001,SA_n30_inst3_run0,base,20400,20401,680.03,0.1221327920211479,66.89717585696805,972.108757914627,1279.489774647526
exp_001,SA_n30_inst3_run0,base,20600,20601,686.7,0.12331204197835177,66.22820409839836,972.108757914627,1131.7947614362045
exp_001,SA_n30_inst3_run0,base,20800,20801,693.37,0.1244856669800356,66.22820409839836,972.108757914627,1220.0246972479515
exp_001,SA_n30_inst3_run0,base,21000,21001,700.03,0.12567316700005904,66.22820409839836,972.108757914627,1356.1323899703036
exp_001,SA_n30_inst3_run0,base,21200,21201,706.7,0.1268542080069892,65.56592205741438,972.108757914627,1601.8276377867437
exp_001,SA_n30_inst3_run0,base,21400,21401,713.37,0.12803487497149035,65.56592205741438,972.108757914627,1595.9318789071247
exp_001,SA_n30_inst3_run0,base,21600,21601,720.03,0.12922662496566772,64.91026283684023,972.108757914627,1110.1658557274036
exp_001,SA_n30_inst3_run0,base,21800,21801,726.7,0.1304109999909997,64.91026283684023,921.9525199788958,964.4741664368437
exp_001,SA_n30_inst3_run0,base,22000,22001,733.37,0.1315879580215551,64.91026283684023,921.9525199788958,1225.4510899501802
exp_001,SA_n30_inst3_run0,base,22200,22201,740.03,0.13278024998726323,64.26116020847184,921.9525199788958,1176.3494670319542
exp_001,SA_n30_inst3_run0,base,22400,22401,746.7,0.13401999999769032,64.26116020847184,921.9525199788958,1313.0948022553796
exp_001,SA_n30_inst3_run0,base,22600,22601,753.37,0.13520508300280198,63.618548606387115,921.9525199788958,1204.8960227318794
exp_001,SA_n30_inst3_run0,base,22800,22801,760.03,0.1363860829733312,63.618548606387115,921.9525199788958,1230.9885815689845
exp_001,SA_n30_inst3_run0,base,23000,23001,766.7,0.1375615419819951,63.618548606387115,921.9525199788958,1183.0989223002423
exp_001,SA_n30_inst3_run0,base,23200,23201,773.37,0.1387372079771012,62.98236312032324,921.9525199788958,1412.148021494423
exp_001,SA_n30_inst3_run0,base,23400,23401,780.03,0.13990945799741894,62.98236312032324,921.9525199788958,1294.849379027446
exp_001,SA_n30_inst3_run0,base,23600,23601,786.7,0.14109270798508078,62.35253948912001,921.9525199788958,1183.6231616980606
exp_001,SA_n30_inst3_run0,base,23800,23801,793.37,0.1422859170124866,62.35253948912001,921.9525199788958,1333.3905295642471
exp_001,SA_n30_inst3_run0,base,24000,24001,800.03,0.1434686669963412,62.35253948912001,921.9525199788958,1428.9855066118455
exp_001,SA_n30_inst3_run0,base,24200,24201,806.7,0.14464045799104497,61.72901409422881,921.9525199788958,1293.2331925669423
exp_001,SA_n30_inst3_run0,base,24400,24401,813.37,0.14582329196855426,61.72901409422881,921.9525199788958,1298.4794574092862
exp_001,SA_n30_inst3_run0,base,24600,24601,820.03,0.14703275001375005,61.11172395328652,921.9525199788958,1463.3112991563369
exp_001,SA_n30_inst3_run0,base,24800,24801,826.7,0.14822920801816508,61.11172395328652,921.9525199788958,1429.9196107326268
exp_001,SA_n30_inst3_run0,base,25000,25001,833.37,0.14943745802156627,61.11172395328652,921.9525199788958,1073.154277577419
exp_001,SA_n30_inst3_run0,base,25200,25201,840.03,0.15062329196371138,60.500606713753655,921.9525199788958,1410.6400217368016
exp_001,SA_n30_inst3_run0,base,25400,25401,846.7,0.15180466696619987,60.500606713753655,921.9525199788958,1457.88088310621
exp_001,SA_n30_inst3_run0,base,25600,25601,853.37,0.15297666698461398,59.89560064661612,921.9525199788958,1108.4594015347081
exp_001,SA_n30_inst3_run0,base,25800,25801,860.03,0.15415404201485217,59.89560064661612,921.9525199788958,1335.2947877312986
exp_001,SA_n30_inst3_run0,base,26000,26001,866.7,0.15532487496966496,59.89560064661612,921.9525199788958,1434.8287895676626
exp_001,SA_n30_inst3_run0,base,26200,26201,873.37,0.15650362498126924,59.29664464014996,921.9525199788958,1282.5030975325787
exp_001,SA_n30_inst3_run0,base,26400,26401,880.03,0.15767466701800004,59.29664464014996,921.9525199788958,1233.6036788392923
exp_001,SA_n30_inst3_run0,base,26600,26601,886.7,0.15886541700456291,58.70367819374846,921.9525199788958,1353.1889021390793
exp_001,SA_n30_inst3_run0,base,26800,26801,893.37,0.16005366697208956,58.70367819374846,921.9525199788958,1395.7506150985428
exp_001,SA_n30_inst3_run0,base,27000,27001,900.03,0.16122733301017433,58.70367819374846,921.9525199788958,1162.1545907685424
exp_001,SA_n30_inst3_run0,base,27200,27201,906.7,0.16299708298174664,58.116641411810974,921.9525199788958,1190.987237122285
exp_001,SA_n30_inst3_run0,base,27400,27401,913.37,0.1641990829957649,58.116641411810974,921.9525199788958,1581.8192630165404
exp_001,SA_n30_inst3_run0,base,27600,27601,920.03,0.16539329197257757,57.535474997692866,921.9525199788958,1396.4595515120782
exp_001,SA_n30_inst3_run0,base,27800,27801,926.7,0.16659283300396055,57.535474997692866,921.9525199788958,1206.369335910982
exp_001,SA_n30_inst3_run0,base,28000,28001,933.37,0.16778899997007102,57.535474997692866,921.9525199788958,1362.714499923032
exp_001,SA_n30_inst3_run0,base,28200,28201,940.03,0.16896325000561774,56.960120247715935,921.9525199788958,1365.5166930789692
exp_001,SA_n30_inst3_run0,base,28400,28401,946.7,0.17014324996853247,56.960120247715935,921.9525199788958,1347.167864861926
exp_001,SA_n30_inst3_run0,base,28600,28601,953.37,0.17131095798686147,56.390519045238776,921.9525199788958,1352.6342367073144
exp_001,SA_n30_inst3_run0,base,28800,28801,960.03,0.17248120799195021,56.390519045238776,921.9525199788958,1230.0299243386585
exp_001,SA_n30_inst3_run0,base,29000,29001,966.7,0.17366779199801385,56.390519045238776,921.9525199788958,1238.959087281286
exp_001,SA_n30_inst3_run0,base,29200,29201,973.37,0.17484083300223574,55.82661385478639,921.9525199788958,1311.976249438918
exp_001,SA_n30_inst3_run0,base,29400,29401,980.03,0.1760058329673484,55.82661385478639,921.9525199788958,1235.8654510667866
exp_001,SA_n30_inst3_run0,base,29600,29601,986.7,0.17717504198662937,55.26834771623852,921.9525199788958,1115.4676290948582
exp_001,SA_n30_inst3_run0,base,29800,29801,993.37,0.17834979196777567,55.26834771623852,921.9525199788958,1226.0102374481362
exp_001,SA_n30_inst3_run0,base,30000,30001,1000.03,0.17952583299484104,55.26834771623852,921.9525199788958,1281.9443304236152
exp_001,SA_n30_inst3_run0,base,30200,30201,1006.7,0.18073516699951142,54.71566423907614,921.9525199788958,1100.5723013266422
exp_001,SA_n30_inst3_run0,base,30400,30401,1013.37,0.18193308298941702,54.71566423907614,921.9525199788958,1287.802201037573
exp_001,SA_n30_inst3_run0,base,30600,30601,1020.03,0.1831145419855602,54.16850759668538,921.9525199788958,1334.2825665310093
exp_001,SA_n30_inst3_run0,base,30800,30801,1026.7,0.18431620800402015,54.16850759668538,921.9525199788958,1345.1130047624297
exp_001,SA_n30_inst3_run0,base,31000,31001,1033.37,0.1854881250183098,54.16850759668538,921.9525199788958,1305.8211426970374
exp_001,SA_n30_inst3_run0,base,31200,31201,1040.03,0.18666937499074265,53.62682252071853,921.9525199788958,1364.732911221795
exp_001,SA_n30_inst3_run0,base,31400,31401,1046.7,0.18784749996848404,53.62682252071853,921.9525199788958,1375.8246405542961
exp_001,SA_n30_inst3_run0,base,31600,31601,1053.37,0.1890213749720715,53.09055429551134,921.9525199788958,1347.3574193378422
exp_001,SA_n30_inst3_run0,base,31800,31801,1060.03,0.19019062496954575,53.09055429551134,921.9525199788958,1373.5081961049839
exp_001,SA_n30_inst3_run0,base,32000,32001,1066.7,0.191370333021041,53.09055429551134,921.9525199788958,1408.0497259632464
exp_001,SA_n30_inst3_run0,base,32200,32201,1073.37,0.1925597499939613,52.55964875255623,921.9525199788958,1157.527780184962
exp_001,SA_n30_inst3_run0,base,32400,32401,1080.03,0.1937305000028573,52.55964875255623,921.9525199788958,1350.9124418403317
exp_001,SA_n30_inst3_run0,base,32600,32601,1086.7,0.1949039999744855,52.03405226503067,921.9525199788958,1374.719980444644
exp_001,SA_n30_inst3_run0,base,32800,32801,1093.37,0.19607487501343712,52.03405226503067,921.9525199788958,1388.6577376994796
exp_001,SA_n30_inst3_run0,base,33000,33001,1100.03,0.19727845798479393,52.03405226503067,921.9525199788958,1389.7155479783637
exp_001,SA_n30_inst3_run0,base,33200,33201,1106.7,0.1984549579792656,51.51371174238036,921.9525199788958,1238.7307448879476
exp_001,SA_n30_inst3_run0,base,33400,33401,1113.37,0.1996234169928357,51.51371174238036,921.9525199788958,1387.6581383180262
exp_001,SA_n30_inst3_run0,base,33600,33601,1120.03,0.20080033299745992,50.998574624956554,921.9525199788958,1247.1813944731489
exp_001,SA_n30_inst3_run0,base,33800,33801,1126.7,0.20197941700462252,50.998574624956554,921.9525199788958,1260.5801741307648
exp_001,SA_n30_inst3_run0,base,34000,34001,1133.37,0.20315220800694078,50.998574624956554,921.9525199788958,1232.325166244471
exp_001,SA_n30_inst3_run0,base,34200,34201,1140.03,0.20432733302004635,50.488588878706985,921.9525199788958,1384.7610924592227
exp_001,SA_n30_inst3_run0,base,34400,34401,1146.7,0.2054940420202911,50.488588878706985,921.9525199788958,1304.3822525451183
exp_001,SA_n30_inst3_run0,base,34600,34601,1153.37,0.20665891701355577,49.98370298991991,921.9525199788958,1341.9326104258466
exp_001,SA_n30_inst3_run0,base,34800,34801,1160.03,0.20782433298882097,49.98370298991991,921.9525199788958,1288.657926090414
exp_001,SA_n30_inst3_run0,base,35000,35001,1166.7,0.20901325001614168,49.98370298991991,921.9525199788958,1187.864912670742
exp_001,SA_n30_inst3_run0,base,35200,35201,1173.37,0.2101837499649264,49.483865960020715,921.9525199788958,1232.1219721529117
exp_001,SA_n30_inst3_run0,base,35400,35401,1180.03,0.21136379201197997,49.483865960020715,921.9525199788958,1318.3016924612423
exp_001,SA_n30_inst3_run0,base,35600,35601,1186.7,0.2125447919825092,48.98902730042051,921.9525199788958,1082.0679583269425
exp_001,SA_n30_inst3_run0,base,35800,35801,1193.37,0.21371695800917223,48.98902730042051,921.9525199788958,1412.287087023087
exp_001,SA_n30_inst3_run0,base,36000,36001,1200.03,0.2149001249927096,48.98902730042051,921.9525199788958,1177.9953571899382
exp_001,SA_n30_inst3_run0,base,36200,36201,1206.7,0.21607108297757804,48.4991370274163,921.9525199788958,1236.5577176158572
exp_001,SA_n30_inst3_run0,base,36400,36401,1213.37,0.21725779201369733,48.4991370274163,921.9525199788958,1284.71184934834
exp_001,SA_n30_inst3_run0,base,36600,36601,1220.03,0.21842491696588695,48.01414565714214,921.9525199788958,1318.8659241882465
exp_001,SA_n30_inst3_run0,base,36800,36801,1226.7,0.21958479197928682,48.01414565714214,921.9525199788958,1396.9690770224452
exp_001,SA_n30_inst3_run0,base,37000,37001,1233.37,0.22075370798120275,48.01414565714214,921.9525199788958,1173.1624026782442
exp_001,SA_n30_inst3_run0,base,37200,37201,1240.03,0.22192891698796302,47.53400420057071,921.9525199788958,1129.8312030970148
exp_001,SA_n30_inst3_run0,base,37400,37401,1246.7,0.22309304197551683,47.53400420057071,921.9525199788958,1296.0698076286012
exp_001,SA_n30_inst3_run0,base,37600,37601,1253.37,0.22425958298845217,47.05866415856501,921.9525199788958,1259.560359039606
exp_001,SA_n30_inst3_run0,base,37800,37801,1260.03,0.22541945800185204,47.05866415856501,921.9525199788958,1021.0469613594133
exp_001,SA_n30_inst3_run0,base,38000,38001,1266.7,0.22657866700319573,47.05866415856501,856.1805505577366,1240.4507459024571
exp_001,SA_n30_inst3_run0,base,38200,38201,1273.37,0.227739833004307,46.58807751697936,856.1805505577366,1220.5975556089613
exp_001,SA_n30_inst3_run0,base,38400,38401,1280.03,0.22891258297022432,46.58807751697936,856.1805505577366,1224.6962719346561
exp_001,SA_n30_inst3_run0,base,38600,38601,1286.7,0.23008224996738136,46.12219674180957,856.1805505577366,1408.1545324984504
exp_001,SA_n30_inst3_run0,base,38800,38801,1293.37,0.2312484579742886,46.12219674180957,856.1805505577366,1284.5463604499264
exp_001,SA_n30_inst3_run0,base,39000,39001,1300.03,0.2324215829721652,46.12219674180957,856.1805505577366,1443.7355831318935
exp_001,SA_n30_inst3_run0,base,39200,39201,1306.7,0.23359312501270324,45.66097477439147,856.1805505577366,1316.5711391889417
exp_001,SA_n30_inst3_run0,base,39400,39401,1313.37,0.23475454200524837,45.66097477439147,856.1805505577366,1063.4565789719438
exp_001,SA_n30_inst3_run0,base,39600,39601,1320.03,0.23590816697105765,45.20436502664755,856.1805505577366,1155.4320879188645
exp_001,SA_n30_inst3_run0,base,39800,39801,1326.7,0.23707966698566452,45.20436502664755,856.1805505577366,1248.6759251650587
exp_001,SA_n30_inst3_run0,base,40000,40001,1333.37,0.23825566697632894,45.20436502664755,856.1805505577366,1280.5088322885092
exp_001,SA_n30_inst3_run0,base,40200,40201,1340.03,0.23941170796751976,44.752321376381076,856.1805505577366,1177.4448480270971
exp_001,SA_n30_inst3_run0,base,40400,40401,1346.7,0.24057720799464732,44.752321376381076,856.1805505577366,1226.1239653795456
exp_001,SA_n30_inst3_run0,base,40600,40601,1353.37,0.2417277920176275,44.30479816261727,856.1805505577366,1227.3301953548694
exp_001,SA_n30_inst3_run0,base,40800,40801,1360.03,0.2428958750097081,44.30479816261727,856.1805505577366,1201.0532298811681
exp_001,SA_n30_inst3_run0,base,41000,41001,1366.7,0.24406429199734703,44.30479816261727,856.1805505577366,1330.018634407243
exp_001,SA_n30_inst3_run0,base,41200,41201,1373.37,0.2452311249799095,43.861750180991095,856.1805505577366,1210.5322458871087
exp_001,SA_n30_inst3_run0,base,41400,41401,1380.03,0.24641370796598494,43.861750180991095,856.1805505577366,1233.3148928097012
exp_001,SA_n30_inst3_run0,base,41600,41601,1386.7,0.24759237497346476,43.42313267918119,856.1805505577366,1250.0982485978602
exp_001,SA_n30_inst3_run0,base,41800,41801,1393.37,0.24877333297627047,43.42313267918119,856.1805505577366,1142.4794499063141
exp_001,SA_n30_inst3_run0,base,42000,42001,1400.03,0.24994354200316593,43.42313267918119,856.1805505577366,1191.4103050830538
exp_001,SA_n30_inst3_run0,base,42200,42201,1406.7,0.25111620797542855,42.98890135238938,856.1805505577366,1327.87339852263
exp_001,SA_n30_inst3_run0,base,42400,42401,1413.37,0.2522957919863984,42.98890135238938,856.1805505577366,1253.252637453212
exp_001,SA_n30_inst3_run0,base,42600,42601,1420.03,0.25345008296426386,42.559012338865486,856.1805505577366,1355.359493522637
exp_001,SA_n30_inst3_run0,base,42800,42801,1426.7,0.2546100000035949,42.559012338865486,856.1805505577366,1180.0969776374811
exp_001,SA_n30_inst3_run0,base,43000,43001,1433.37,0.25577029201667756,42.559012338865486,856.1805505577366,1261.8700340063754
exp_001,SA_n30_inst3_run0,base,43200,43201,1440.03,0.25693895801668987,42.133422215476834,856.1805505577366,1278.015963873272
exp_001,SA_n30_inst3_run0,base,43400,43401,1446.7,0.2581139170215465,42.133422215476834,856.1805505577366,1381.6820631298103
exp_001,SA_n30_inst3_run0,base,43600,43601,1453.37,0.25927858299110085,41.712087993322065,856.1805505577366,1060.833681042012
exp_001,SA_n30_inst3_run0,base,43800,43801,1460.03,0.26044641697080806,41.712087993322065,856.1805505577366,1032.1421304671467
exp_001,SA_n30_inst3_run0,base,44000,44001,1466.7,0.26162170799216256,41.712087993322065,856.1805505577366,1184.005691240199
exp_001,SA_n30_inst3_run0,base,44200,44201,1473.37,0.26278345799073577,41.29496711338884,856.1805505577366,1277.2598027022552
exp_001,SA_n30_inst3_run0,base,44400,44401,1480.03,0.26395862497156486,41.29496711338884,856.1805505577366,1411.8994499751122
exp_001,SA_n30_inst3_run0,base,44600,44601,1486.7,0.265133082983084,40.882017442254956,856.1805505577366,1161.2757368619323
exp_001,SA_n30_inst3_run0,base,44800,44801,1493.37,0.2663032080163248,40.882017442254956,856.1805505577366,1289.8327507709203
exp_001,SA_n30_inst3_run0,base,45000,45001,1500.03,0.2674749579746276,40.882017442254956,856.1805505577366,1463.1936842570574
exp_001,SA_n30_inst3_run0,base,45200,45201,1506.7,0.2686463330173865,40.473197267832404,856.1805505577366,1302.2131767652456
exp_001,SA_n30_inst3_run0,base,45400,45401,1513.37,0.26981662499019876,40.473197267832404,856.1805505577366,1287.0823791191297
exp_001,SA_n30_inst3_run0,base,45600,45601,1520.03,0.2709739999845624,40.06846529515408,856.1805505577366,1115.8079712052438
exp_001,SA_n30_inst3_run0,base,45800,45801,1526.7,0.272137499996461,40.06846529515408,856.1805505577366,1185.7979442298627
exp_001,SA_n30_inst3_run0,base,46000,46001,1533.37,0.27329004200873896,40.06846529515408,856.1805505577366,1194.8516893047463
exp_001,SA_n30_inst3_run0,base,46200,46201,1540.03,0.2744545419700444,39.66778064220254,856.1805505577366,1174.2826891539862
exp_001,SA_n30_inst3_run0,base,46400,46401,1546.7,0.27562945801764727,39.66778064220254,856.1805505577366,1303.63558625765
exp_001,SA_n30_inst3_run0,base,46600,46601,1553.37,0.2768009169958532,39.27110283578051,856.1805505577366,1110.2525850322568
exp_001,SA_n30_inst3_run0,base,46800,46801,1560.03,0.27796375000616536,39.27110283578051,856.1805505577366,1190.8054799558581
exp_001,SA_n30_inst3_run0,base,47000,47001,1566.7,0.2791284999693744,39.27110283578051,856.1805505577366,1230.708261827427
exp_001,SA_n30_inst3_run0,base,47200,47201,1573.37,0.2802765420055948,38.8783918074227,856.1805505577366,1387.860026387073
exp_001,SA_n30_inst3_run0,base,47400,47401,1580.03,0.2814377499744296,38.8783918074227,856.1805505577366,1218.3613587089794
exp_001,SA_n30_inst3_run0,base,47600,47601,1586.7,0.28261220798594877,38.48960788934848,856.1805505577366,1084.5473460487028
exp_001,SA_n30_inst3_run0,base,47800,47801,1593.37,0.2837755829677917,38.48960788934848,856.1805505577366,1233.236304310825
exp_001,SA_n30_inst3_run0,base,48000,48001,1600.03,0.2849536249996163,38.48960788934848,856.1805505577366,1060.9561954345982
exp_001,SA_n30_inst3_run0,base,48200,48201,1606.7,0.2861309580039233,38.104711810454994,856.1805505577366,1269.5519992476784
exp_001,SA_n30_inst3_run0,base,48400,48401,1613.37,0.28730520798126236,38.104711810454994,856.1805505577366,1068.7105222867344
exp_001,SA_n30_inst3_run0,base,48600,48601,1620.03,0.288475124980323,37.72366469235045,856.1805505577366,957.9775890925163
exp_001,SA_n30_inst3_run0,base,48800,48801,1626.7,0.28964233299484476,37.72366469235045,856.1805505577366,1189.8043025488905
exp_001,SA_n30_inst3_run0,base,49000,49001,1633.37,0.2907997079892084,37.72366469235045,856.1805505577366,1322.1535774091706
exp_001,SA_n30_inst3_run0,base,49200,49201,1640.03,0.2919660829938948,37.34642804542694,856.1805505577366,1081.1321554997373
exp_001,SA_n30_inst3_run0,base,49400,49401,1646.7,0.29312841698993,37.34642804542694,856.1805505577366,1244.3895143989782
exp_001,SA_n30_inst3_run0,base,49600,49601,1653.37,0.29427941696485505,36.97296376497267,856.1805505577366,1232.9320922377922
exp_001,SA_n30_inst3_run0,base,49800,49801,1660.03,0.29544841701863334,36.97296376497267,856.1805505577366,1096.698064590529
exp_001,SA_n30_inst3_run0,base,50000,50001,1666.7,0.2966123329824768,36.97296376497267,856.1805505577366,1201.455709177112
exp_001,SA_n30_inst3_run0,base,50000,50001,1666.7,0.29667787498328835,0.00099,856.1805505577366,1201.455709177112
exp_001,SA_n30_inst3_run1,base,0,1,0.03,1.0830117389559746e-06,100.0,1298.428735514723,1298.428735514723
exp_001,SA_n30_inst3_run1,base,200,201,6.7,0.0012120829778723419,100.0,1149.8174437278064,1266.862339727956
exp_001,SA_n30_inst3_run1,base,400,401,13.37,0.00241854100022465,100.0,1149.8174437278064,1318.2929470696793
exp_001,SA_n30_inst3_run1,base,600,601,20.03,0.0036156660062260926,99.0,1102.8572251597393,1310.7419436911143
exp_001,SA_n30_inst3_run1,base,800,801,26.7,0.004808416008017957,99.0,1102.8572251597393,1249.0879160479067
exp_001,SA_n30_inst3_run1,base,1000,1001,33.37,0.006011874997057021,99.0,1102.8572251597393,1458.601002558831
exp_001,SA_n30_inst3_run1,base,1200,1201,40.03,0.0072022079839371145,98.01,1102.8572251597393,1346.9646934312766
exp_001,SA_n30_inst3_run1,base,1400,1401,46.7,0.00839662499492988,98.01,1102.8572251597393,1485.5865876837556
exp_001,SA_n30_inst3_run1,base,1600,1601,53.37,0.009623624966479838,97.0299,1102.8572251597393,1378.5269130849208
exp_001,SA_n30_inst3_run1,base,1800,1801,60.03,0.01085008296649903,97.0299,1102.8572251597393,1629.4669886737768
exp_001,SA_n30_inst3_run1,base,2000,2001,66.7,0.01205987500725314,97.0299,1102.8572251597393,1406.3708662094705
exp_001,SA_n30_inst3_run1,base,2200,2201,73.37,0.01325987500604242,96.059601,955.8919419124695,1174.454236666766
exp_001,SA_n30_inst3_run1,base,2400,2401,80.03,0.01445595797849819,96.059601,955.8919419124695,1490.8953910188159
exp_001,SA_n30_inst3_run1,base,2600,2601,86.7,0.015666374994907528,95.09900499,955.8919419124695,1294.6867101714272
exp_001,SA_n30_inst3_run1,base,2800,2801,93.37,0.016868499980773777,95.09900499,955.8919419124695,1347.8560809918745
exp_001,SA_n30_inst3_run1,base,3000,3001,100.03,0.01806637499248609,95.09900499,955.8919419124695,1452.099038510606
exp_001,SA_n30_inst3_run1,base,3200,3201,106.7,0.019276540959253907,94.1480149401,955.8919419124695,1373.3238062719295
exp_001,SA_n30_inst3_run1,base,3400,3401,113.37,0.020477790967561305,94.1480149401,955.8919419124695,1124.0782747138342
exp_001,SA_n30_inst3_run1,base,3600,3601,120.03,0.02167374995769933,93.206534790699,955.8919419124695,1164.828897732196
exp_001,SA_n30_inst3_run1,base,3800,3801,126.7,0.022866749961394817,93.206534790699,955.8919419124695,1427.5541268080133
exp_001,SA_n30_inst3_run1,base,4000,4001,133.37,0.02406550000887364,93.206534790699,955.8919419124695,1571.060793864481
exp_001,SA_n30_inst3_run1,base,4200,4201,140.03,0.025267332966905087,92.27446944279201,955.8919419124695,1236.5352575691873
exp_001,SA_n30_inst3_run1,base,4400,4401,146.7,0.026460832974407822,92.27446944279201,955.8919419124695,1363.0541690628106
exp_001,SA_n30_inst3_run1,base,4600,4601,153.37,0.02766504097962752,91.35172474836409,955.8919419124695,1375.926683505752
exp_001,SA_n30_inst3_run1,base,4800,4801,160.03,0.028851207986008376,91.35172474836409,955.8919419124695,1156.4814395734295
exp_001,SA_n30_inst3_run1,base,5000,5001,166.7,0.030048082990106195,91.35172474836409,955.8919419124695,1342.880854738947
exp_001,SA_n30_inst3_run1,base,5200,5201,173.37,0.031233540968969464,90.43820750088045,955.8919419124695,1317.388886710171
exp_001,SA_n30_inst3_run1,base,5400,5401,180.03,0.032425499986857176,90.43820750088045,955.8919419124695,1263.473417758356
exp_001,SA_n30_inst3_run1,base,5600,5601,186.7,0.033614540996495634,89.53382542587164,955.8919419124695,1374.9009490618112
exp_001,SA_n30_inst3_run1,base,5800,5801,193.37,0.03482604096643627,89.53382542587164,955.8919419124695,1371.9331719324246
exp_001,SA_n30_inst3_run1,base,6000,6001,200.03,0.036012457974720746,89.53382542587164,955.8919419124695,1194.8449307074716
exp_001,SA_n30_inst3_run1,base,6200,6201,206.7,0.03719666600227356,88.63848717161292,955.8919419124695,1357.9207544544058
exp_001,SA_n30_inst3_run1,base,6400,6401,213.37,0.03838854096829891,88.63848717161292,955.8919419124695,1488.7117913871678
exp_001,SA_n30_inst3_run1,base,6600,6601,220.03,0.03957104100845754,87.75210229989679,955.8919419124695,1374.2792518474403
exp_001,SA_n30_inst3_run1,base,6800,6801,226.7,0.040752624976448715,87.75210229989679,955.8919419124695,1520.29833229071
exp_001,SA_n30_inst3_run1,base,7000,7001,233.37,0.041971375001594424,87.75210229989679,955.8919419124695,1546.9817933292065
exp_001,SA_n30_inst3_run1,base,7200,7201,240.03,0.043190249998588115,86.87458127689783,955.8919419124695,1431.0853370965501
exp_001,SA_n30_inst3_run1,base,7400,7401,246.7,0.044402915984392166,86.87458127689783,955.8919419124695,1318.9487619209492
exp_001,SA_n30_inst3_run1,base,7600,7601,253.37,0.04561858298256993,86.00583546412885,955.8919419124695,1477.5522868878113
exp_001,SA_n30_inst3_run1,base,7800,7801,260.03,0.046814207977149636,86.00583546412885,955.8919419124695,1190.1864815886677
exp_001,SA_n30_inst3_run1,base,8000,8001,266.7,0.04800700000487268,86.00583546412885,955.8919419124695,1551.1040597962706
exp_001,SA_n30_inst3_run1,base,8200,8201,273.37,0.0492142079747282,85.14577710948755,955.8919419124695,1246.9828190322494
exp_001,SA_n30_inst3_run1,base,8400,8401,280.03,0.05041008297121152,85.14577710948755,955.8919419124695,1301.0284016031237
exp_001,SA_n30_inst3_run1,base,8600,8601,286.7,0.05161645798943937,84.29431933839268,955.8919419124695,1461.3899263426913
exp_001,SA_n30_inst3_run1,base,8800,8801,293.37,0.052825374994426966,84.29431933839268,954.2641101695781,1273.3538102657735
exp_001,SA_n30_inst3_run1,base,9000,9001,300.03,0.05401575000723824,84.29431933839268,954.2641101695781,1450.6194151282766
exp_001,SA_n30_inst3_run1,base,9200,9201,306.7,0.05519937496865168,83.45137614500875,954.2641101695781,1357.65998924273
exp_001,SA_n30_inst3_run1,base,9400,9401,313.37,0.05638670799089596,83.45137614500875,954.2641101695781,1455.2822715738098
exp_001,SA_n30_inst3_run1,base,9600,9601,320.03,0.05757112498395145,82.61686238355867,954.2641101695781,1187.3270224708683
exp_001,SA_n30_inst3_run1,base,9800,9801,326.7,0.05875629099318758,82.61686238355867,954.2641101695781,1202.3387854608611
exp_001,SA_n30_inst3_run1,base,10000,10001,333.37,0.05995737499324605,82.61686238355867,954.2641101695781,1461.5922057094483
exp_001,SA_n30_inst3_run1,base,10200,10201,340.03,0.06114520796108991,81.79069375972308,954.2641101695781,1262.7358904704536
exp_001,SA_n30_inst3_run1,base,10400,10401,346.7,0.062357749964576215,81.79069375972308,954.2641101695781,1435.8175016788182
exp_001,SA_n30_inst3_run1,base,10600,10601,353.37,0.06358829099917784,80.97278682212585,954.2641101695781,1369.764553725661
exp_001,SA_n30_inst3_run1,base,10800,10801,360.03,0.06478512496687472,80.97278682212585,954.2641101695781,1293.0112577386135
exp_001,SA_n30_inst3_run1,base,11000,11001,366.7,0.06599191599525511,80.97278682212585,954.2641101695781,1376.877577855349
exp_001,SA_n30_inst3_run1,base,11200,11201,373.37,0.06719283299753442,80.1630589539046,954.2641101695781,1315.8066076357798
exp_001,SA_n30_inst3_run1,base,11400,11401,380.03,0.06838587496895343,80.1630589539046,954.2641101695781,1363.2391406371903
exp_001,SA_n30_inst3_run1,base,11600,11601,386.7,0.0695817910018377,79.36142836436555,954.2641101695781,1394.354337696528
exp_001,SA_n30_inst3_run1,base,11800,11801,393.37,0.07077474996913224,79.36142836436555,954.2641101695781,1378.055309979953
exp_001,SA_n30_inst3_run1,base,12000,12001,400.03,0.07195883296662942,79.36142836436555,954.2641101695781,1290.01808660488
exp_001,SA_n30_inst3_run1,base,12200,12201,406.7,0.07314037496689707,78.56781408072189,954.2641101695781,1380.5030405261223
exp_001,SA_n30_inst3_run1,base,12400,12401,413.37,0.07432491600047797,78.56781408072189,954.2641101695781,1328.1342408358578
exp_001,SA_n30_inst3_run1,base,12600,12601,420.03,0.07551445800345391,77.78213593991467,954.2641101695781,1101.6423700764697
exp_001,SA_n30_inst3_run1,base,12800,12801,426.7,0.07671004097210243,77.78213593991467,954.2641101695781,1204.7899117213651
exp_001,SA_n30_inst3_run1,base,13000,13001,433.37,0.07790500001283363,77.78213593991467,954.2641101695781,1218.357149077233
exp_001,SA_n30_inst3_run1,base,13200,13201,440.03,0.07910270796855912,77.00431458051553,954.2641101695781,1418.9182257196976
exp_001,SA_n30_inst3_run1,base,13400,13401,446.7,0.08028225001180544,77.00431458051553,954.2641101695781,1120.4733244951517
exp_001,SA_n30_inst3_run1,base,13600,13601,453.37,0.08146729099098593,76.23427143471037,954.2641101695781,1487.564983850318
exp_001,SA_n30_inst3_run1,base,13800,13801,460.03,0.08264833298744634,76.23427143471037,954.2641101695781,1306.967304502461
exp_001,SA_n30_inst3_run1,base,14000,14001,466.7,0.08384704100899398,76.23427143471037,954.2641101695781,1339.5525932337057
exp_001,SA_n30_inst3_run1,base,14200,14201,473.37,0.0850437079789117,75.47192872036327,954.2641101695781,1601.9998765705695
exp_001,SA_n30_inst3_run1,base,14400,14401,480.03,0.08625137497438118,75.47192872036327,954.2641101695781,1332.2411285406308
exp_001,SA_n30_inst3_run1,base,14600,14601,486.7,0.0874471659772098,74.71720943315964,954.2641101695781,1537.3562041363957
exp_001,SA_n30_inst3_run1,base,14800,14801,493.37,0.08862808300182223,74.71720943315964,954.2641101695781,1426.9789935757558
exp_001,SA_n30_inst3_run1,base,15000,15001,500.03,0.08980958297615871,74.71720943315964,954.2641101695781,1321.5110460035144
exp_001,SA_n30_inst3_run1,base,15200,15201,506.7,0.09099483297904953,73.97003733882804,954.2641101695781,1369.9027250434451
exp_001,SA_n30_inst3_run1,base,15400,15401,513.37,0.09218049998162314,73.97003733882804,954.2641101695781,1181.3456427350454
exp_001,SA_n30_inst3_run1,base,15600,15601,520.03,0.09337637497810647,73.23033696543976,954.2641101695781,1298.8966157159489
exp_001,SA_n30_inst3_run1,base,15800,15801,526.7,0.09456329100066796,73.23033696543976,954.2641101695781,1397.2503279103323
exp_001,SA_n30_inst3_run1,base,16000,16001,533.37,0.09574941598111764,73.23033696543976,954.2641101695781,1260.2498258645849
exp_001,SA_n30_inst3_run1,base,16200,16201,540.03,0.09693658299511299,72.49803359578536,954.2641101695781,1389.193237415066
exp_001,SA_n30_inst3_run1,base,16400,16401,546.7,0.09812108299229294,72.49803359578536,954.2641101695781,1124.1610616847272
exp_001,SA_n30_inst3_run1,base,16600,16601,553.37,0.09932329098228365,71.7730532598275,954.2641101695781,1366.9454048560701
exp_001,SA_n30_inst3_run1,base,16800,16801,560.03,0.10051070799818262,71.7730532598275,954.2641101695781,1355.186259871626
exp_001,SA_n30_inst3_run1,base,17000,17001,566.7,0.10170779097825289,71.7730532598275,954.2641101695781,1446.0489476455202
exp_001,SA_n30_inst3_run1,base,17200,17201,573.37,0.10290854098275304,71.05532272722922,954.2641101695781,1435.8345118043294
exp_001,SA_n30_inst3_run1,base,17400,17401,580.03,0.10410879098344594,71.05532272722922,954.2641101695781,1318.6274766087606
exp_001,SA_n30_inst3_run1,base,17600,17601,586.7,0.10528608300955966,70.34476949995693,954.2641101695781,1221.9799629913887
exp_001,SA_n30_inst3_run1,base,17800,17801,593.37,0.10646616597659886,70.34476949995693,954.2641101695781,1343.0081942465713
exp_001,SA_n30_inst3_run1,base,18000,18001,600.03,0.10763620800571516,70.34476949995693,954.2641101695781,1270.6748003503722
exp_001,SA_n30_inst3_run1,base,18200,18201,606.7,0.1088168749702163,69.64132180495736,954.2641101695781,1128.6172735437467
exp_001,SA_n30_inst3_run1,base,18400,18401,613.37,0.11001754098106176,69.64132180495736,954.2641101695781,1307.8440566514064
exp_001,SA_n30_inst3_run1,base,18600,18601,620.03,0.11124470800859854,68.94490858690779,954.2641101695781,1389.4316211679093
exp_001,SA_n30_inst3_run1,base,18800,18801,626.7,0.11244516598526388,68.94490858690779,954.2641101695781,1520.906624234165
exp_001,SA_n30_inst3_run1,base,19000,19001,633.37,0.11362949997419491,68.94490858690779,930.7996520609554,1340.550746856363
exp_001,SA_n30_inst3_run1,base,19200,19201,640.03,0.11482337501365691,68.25545950103871,930.7996520609554,1468.3928297648345
exp_001,SA_n30_inst3_run1,base,19400,19401,646.7,0.11602291598683223,68.25545950103871,930.7996520609554,1336.7130744242243
exp_001,SA_n30_inst3_run1,base,19600,19601,653.37,0.11722374998498708,67.57290490602833,930.7996520609554,1566.2236067551141
exp_001,SA_n30_inst3_run1,base,19800,19801,660.03,0.11842966597760096,67.57290490602833,930.7996520609554,1344.241419600708
exp_001,SA_n30_inst3_run1,base,20000,20001,666.7,0.11964329099282622,67.57290490602833,930.7996520609554,1208.0691972790642
exp_001,SA_n30_inst3_run1,base,20200,20201,673.37,0.12083845800952986,66.89717585696805,930.7996520609554,1192.712003636469
exp_001,SA_n30_inst3_run1,base,20400,20401,680.03,0.12201837496832013,66.89717585696805,930.7996520609554,1263.8373054833364
exp_001,SA_n30_inst3_run1,base,20600,20601,686.7,0.1231981249875389,66.22820409839836,930.7996520609554,1359.822778533918
exp_001,SA_n30_inst3_run1,base,20800,20801,693.37,0.12437862501246855,66.22820409839836,930.7996520609554,1301.5193006139793
exp_001,SA_n30_inst3_run1,base,21000,21001,700.03,0.1255893330089748,66.22820409839836,930.7996520609554,1455.4448858341939
exp_001,SA_n30_inst3_run1,base,21200,21201,706.7,0.12682187499012798,65.56592205741438,930.7996520609554,1180.357879326035
exp_001,SA_n30_inst3_run1,base,21400,21401,713.37,0.12802283297060058,65.56592205741438,930.7996520609554,1339.0618890473474
exp_001,SA_n30_inst3_run1,base,21600,21601,720.03,0.1292173329857178,64.91026283684023,930.7996520609554,1135.5759935178194
exp_001,SA_n30_inst3_run1,base,21800,21801,726.7,0.1304073329665698,64.91026283684023,930.7996520609554,1227.4501060613266
exp_001,SA_n30_inst3_run1,base,22000,22001,733.37,0.13159870798699558,64.91026283684023,930.7996520609554,1345.2885901701102
exp_001,SA_n30_inst3_run1,base,22200,22201,740.03,0.1327913329587318,64.26116020847184,930.7996520609554,1290.59316055953
exp_001,SA_n30_inst3_run1,base,22400,22401,746.7,0.1339753749780357,64.26116020847184,930.7996520609554,1197.0121364100662
exp_001,SA_n30_inst3_run1,base,22600,22601,753.37,0.13517799996770918,63.618548606387115,930.7996520609554,1174.6779949562083
exp_001,SA_n30_inst3_run1,base,22800,22801,760.03,0.13639258296461776,63.618548606387115,930.7996520609554,1196.1328589735015
exp_001,SA_n30_inst3_run1,base,23000,23001,766.7,0.1375863749999553,63.618548606387115,930.7996520609554,1356.3744403499247
exp_001,SA_n30_inst3_run1,base,23200,23201,773.37,0.13874966598814353,62.98236312032324,930.7996520609554,1363.8784574503413
exp_001,SA_n30_inst3_run1,base,23400,23401,780.03,0.13992208300624043,62.98236312032324,930.7996520609554,1087.4550716307542
exp_001,SA_n30_inst3_run1,base,23600,23601,786.7,0.14109645801363513,62.35253948912001,930.7996520609554,1341.712899699617
exp_001,SA_n30_inst3_run1,base,23800,23801,793.37,0.14226829097606242,62.35253948912001,930.7996520609554,1380.2641461152152
exp_001,SA_n30_inst3_run1,base,24000,24001,800.03,0.14343925000866875,62.35253948912001,930.7996520609554,1290.9836544437578
exp_001,SA_n30_inst3_run1,base,24200,24201,806.7,0.14462183299474418,61.72901409422881,930.7996520609554,1010.6269852490393
exp_001,SA_n30_inst3_run1,base,24400,24401,813.37,0.14580987498629838,61.72901409422881,930.7996520609554,1233.2035039687141
exp_001,SA_n30_inst3_run1,base,24600,24601,820.03,0.14699112495873123,61.11172395328652,930.7996520609554,1254.6570905039487
exp_001,SA_n30_inst3_run1,base,24800,24801,826.7,0.14815383299719542,61.11172395328652,930.7996520609554,1164.7167430147194
exp_001,SA_n30_inst3_run1,base,25000,25001,833.37,0.14934370800619945,61.11172395328652,930.7996520609554,1241.949500884106
exp_001,SA_n30_inst3_run1,base,25200,25201,840.03,0.15054716600570828,60.500606713753655,930.7996520609554,1414.0553970826927
exp_001,SA_n30_inst3_run1,base,25400,25401,846.7,0.1517327909823507,60.500606713753655,930.7996520609554,1502.8087702184168
exp_001,SA_n30_inst3_run1,base,25600,25601,853.37,0.15295337501447648,59.89560064661612,930.7996520609554,1612.7007312858148
exp_001,SA_n30_inst3_run1,base,25800,25801,860.03,0.15413587499642745,59.89560064661612,930.7996520609554,1333.2049528988234
exp_001,SA_n30_inst3_run1,base,26000,26001,866.7,0.15532154100947082,59.89560064661612,930.7996520609554,1296.4145870383954
exp_001,SA_n30_inst3_run1,base,26200,26201,873.37,0.15649799996754155,59.29664464014996,930.7996520609554,1224.6301675017803
exp_001,SA_n30_inst3_run1,base,26400,26401,880.03,0.15767062496161088,59.29664464014996,930.7996520609554,1044.4423166737743
exp_001,SA_n30_inst3_run1,base,26600,26601,886.7,0.1588379159802571,58.70367819374846,930.7996520609554,1075.888044716487
exp_001,SA_n30_inst3_run1,base,26800,26801,893.37,0.16000624996377155,58.70367819374846,930.7996520609554,1368.7139198497246
exp_001,SA_n30_inst3_run1,base,27000,27001,900.03,0.1611794579657726,58.70367819374846,930.7996520609554,1113.874186189114
exp_001,SA_n30_inst3_run1,base,27200,27201,906.7,0.16234762500971556,58.116641411810974,930.7996520609554,1350.924577854045
exp_001,SA_n30_inst3_run1,base,27400,27401,913.37,0.1635175829869695,58.116641411810974,930.7996520609554,1270.6804112798877
exp_001,SA_n30_inst3_run1,base,27600,27601,920.03,0.16470137500436977,57.535474997692866,930.7996520609554,1326.854394551601
exp_001,SA_n30_inst3_run1,base,27800,27801,926.7,0.16589533298974857,57.535474997692866,930.7996520609554,1332.5326939026147
exp_001,SA_n30_inst3_run1,base,28000,28001,933.37,0.16707129101268947,57.535474997692866,930.7996520609554,1316.7638200955405
exp_001,SA_n30_inst3_run1,base,28200,28201,940.03,0.16824487497797236,56.960120247715935,930.7996520609554,1355.332612161997
exp_001,SA_n30_inst3_run1,base,28400,28401,946.7,0.1694363330025226,56.960120247715935,930.7996520609554,1366.504746838399
exp_001,SA_n30_inst3_run1,base,28600,28601,953.37,0.1706102910102345,56.390519045238776,930.7996520609554,1050.7022678430665
exp_001,SA_n30_inst3_run1,base,28800,28801,960.03,0.1717854999587871,56.390519045238776,930.7996520609554,1237.7920662205483
exp_001,SA_n30_inst3_run1,base,29000,29001,966.7,0.17296637495746836,56.390519045238776,930.7996520609554,1400.8680908437211
exp_001,SA_n30_inst3_run1,base,29200,29201,973.37,0.17414458299754187,55.82661385478639,930.7996520609554,1125.339272878417
exp_001,SA_n30_inst3_run1,base,29400,29401,980.03,0.17532241600565612,55.82661385478639,930.7996520609554,1333.0677554991917
exp_001,SA_n30_inst3_run1,base,29600,29601,986.7,0.17650170798879117,55.26834771623852,930.7996520609554,1410.8484828315025
exp_001,SA_n30_inst3_run1,base,29800,29801,993.37,0.17768008296843618,55.26834771623852,930.7996520609554,1338.2049584858034
exp_001,SA_n30_inst3_run1,base,30000,30001,1000.03,0.17884954100009054,55.26834771623852,930.7996520609554,1123.7026199372897
exp_001,SA_n30_inst3_run1,base,30200,30201,1006.7,0.18003754096571356,54.71566423907614,930.7996520609554,1178.8968112798045
exp_001,SA_n30_inst3_run1,base,30400,30401,1013.37,0.18121504096779972,54.71566423907614,930.7996520609554,1145.9137962769837
exp_001,SA_n30_inst3_run1,base,30600,30601,1020.03,0.18238412495702505,54.16850759668538,930.7996520609554,1385.407964633544
exp_001,SA_n30_inst3_run1,base,30800,30801,1026.7,0.18355245800921693,54.16850759668538,930.7996520609554,1294.5632530385062
exp_001,SA_n30_inst3_run1,base,31000,31001,1033.37,0.18473312497371808,54.16850759668538,930.7996520609554,1237.0600705542493
exp_001,SA_n30_inst3_run1,base,31200,31201,1040.03,0.18592508300207555,53.62682252071853,930.7996520609554,1356.2157118400903
exp_001,SA_n30_inst3_run1,base,31400,31401,1046.7,0.18709920800756663,53.62682252071853,930.7996520609554,1225.697210073066
exp_001,SA_n30_inst3_run1,base,31600,31601,1053.37,0.18825637496775016,53.09055429551134,930.7996520609554,1182.92095101516
exp_001,SA_n30_inst3_run1,base,31800,31801,1060.03,0.18941358296433464,53.09055429551134,930.7996520609554,1263.5690408872567
exp_001,SA_n30_inst3_run1,base,32000,32001,1066.7,0.19059116597054526,53.09055429551134,930.7996520609554,1077.0875210365684
exp_001,SA_n30_inst3_run1,base,32200,32201,1073.37,0.19176237500505522,52.55964875255623,930.7996520609554,1161.1099439815782
exp_001,SA_n30_inst3_run1,base,32400,32401,1080.03,0.19295925000915304,52.55964875255623,930.7996520609554,1198.798093916504
exp_001,SA_n30_inst3_run1,base,32600,32601,1086.7,0.19412070797989145,52.03405226503067,930.7996520609554,1071.7134336873262
exp_001,SA_n30_inst3_run1,base,32800,32801,1093.37,0.19530804100213572,52.03405226503067,930.7996520609554,1256.7886953201473
exp_001,SA_n30_inst3_run1,base,33000,33001,1100.03,0.19648208300350234,52.03405226503067,930.7996520609554,1188.302635879787
exp_001,SA_n30_inst3_run1,base,33200,33201,1106.7,0.19764954096172005,51.51371174238036,930.7996520609554,1325.4901779878971
exp_001,SA_n30_inst3_run1,base,33400,33401,1113.37,0.19883620797190815,51.51371174238036,901.9905764480517,1321.4645362882732
exp_001,SA_n30_inst3_run1,base,33600,33601,1120.03,0.20000537496525794,50.998574624956554,901.9905764480517,1214.5645347639938
exp_001,SA_n30_inst3_run1,base,33800,33801,1126.7,0.20118537498638034,50.998574624956554,901.9905764480517,1543.7158275032152
exp_001,SA_n30_inst3_run1,base,34000,34001,1133.37,0.20238812500610948,50.998574624956554,901.9905764480517,1238.9469867619102
exp_001,SA_n30_inst3_run1,base,34200,34201,1140.03,0.2035799580044113,50.488588878706985,901.9905764480517,1102.0999663263574
exp_001,SA_n30_inst3_run1,base,34400,34401,1146.7,0.20474683301290497,50.488588878706985,901.9905764480517,1101.4036157540909
exp_001,SA_n30_inst3_run1,base,34600,34601,1153.37,0.2059205409605056,49.98370298991991,901.9905764480517,1051.6037855529994
exp_001,SA_n30_inst3_run1,base,34800,34801,1160.03,0.20708866597851738,49.98370298991991,901.9905764480517,1376.7708988724896
exp_001,SA_n30_inst3_run1,base,35000,35001,1166.7,0.20826754096196964,49.98370298991991,901.9905764480517,1300.0009804181416
exp_001,SA_n30_inst3_run1,base,35200,35201,1173.37,0.20943595800781623,49.483865960020715,901.9905764480517,1180.386922770001
exp_001,SA_n30_inst3_run1,base,35400,35401,1180.03,0.2106038749916479,49.483865960020715,901.9905764480517,1110.2224516984113
exp_001,SA_n30_inst3_run1,base,35600,35601,1186.7,0.21177583298413083,48.98902730042051,901.9905764480517,1323.9823448624102
exp_001,SA_n30_inst3_run1,base,35800,35801,1193.37,0.21295083296718076,48.98902730042051,901.9905764480517,1220.7134638100404
exp_001,SA_n30_inst3_run1,base,36000,36001,1200.03,0.2141187500092201,48.98902730042051,901.9905764480517,1323.436548269722
exp_001,SA_n30_inst3_run1,base,36200,36201,1206.7,0.21529166598338634,48.4991370274163,901.9905764480517,1312.436152829001
exp_001,SA_n30_inst3_run1,base,36400,36401,1213.37,0.21647375001339242,48.4991370274163,901.9905764480517,1332.227892235539
exp_001,SA_n30_inst3_run1,base,36600,36601,1220.03,0.2176367499632761,48.01414565714214,901.9905764480517,1201.5591043977536
exp_001,SA_n30_inst3_run1,base,36800,36801,1226.7,0.2188067499664612,48.01414565714214,901.9905764480517,1289.1321021868641
exp_001,SA_n30_inst3_run1,base,37000,37001,1233.37,0.2199810830061324,48.01414565714214,901.9905764480517,1191.6142333845341
exp_001,SA_n30_inst3_run1,base,37200,37201,1240.03,0.22114350000629202,47.53400420057071,901.9905764480517,1168.0574083488632
exp_001,SA_n30_inst3_run1,base,37400,37401,1246.7,0.22230299998773262,47.53400420057071,901.9905764480517,1242.018288079317
exp_001,SA_n30_inst3_run1,base,37600,37601,1253.37,0.22346704098163173,47.05866415856501,901.9905764480517,1482.2688742739351
exp_001,SA_n30_inst3_run1,base,37800,37801,1260.03,0.22463354095816612,47.05866415856501,901.9905764480517,1219.6922203025701
exp_001,SA_n30_inst3_run1,base,38000,38001,1266.7,0.22579991596285254,47.05866415856501,901.9905764480517,1228.6408684993514
exp_001,SA_n30_inst3_run1,base,38200,38201,1273.37,0.22697570797754452,46.58807751697936,901.9905764480517,1353.3407859952536
exp_001,SA_n30_inst3_run1,base,38400,38401,1280.03,0.22817104100249708,46.58807751697936,901.9905764480517,1208.025346986254
exp_001,SA_n30_inst3_run1,base,38600,38601,1286.7,0.22935058298753574,46.12219674180957,901.9905764480517,1218.7755251191575
exp_001,SA_n30_inst3_run1,base,38800,38801,1293.37,0.23052124999230728,46.12219674180957,901.9905764480517,1177.6946319890826
exp_001,SA_n30_inst3_run1,base,39000,39001,1300.03,0.23167770798318088,46.12219674180957,901.9905764480517,1349.9685897213626
exp_001,SA_n30_inst3_run1,base,39200,39201,1306.7,0.23285141598898917,45.66097477439147,901.9905764480517,1341.2813174711373
exp_001,SA_n30_inst3_run1,base,39400,39401,1313.37,0.23402833298314363,45.66097477439147,901.9905764480517,1186.4092048042307
exp_001,SA_n30_inst3_run1,base,39600,39601,1320.03,0.23518304096069187,45.20436502664755,846.4114217538266,1079.1054815046662
exp_001,SA_n30_inst3_run1,base,39800,39801,1326.7,0.23634116596076638,45.20436502664755,846.4114217538266,1267.3041910297493
exp_001,SA_n30_inst3_run1,base,40000,40001,1333.37,0.23750925000058487,45.20436502664755,846.4114217538266,1199.9133388331077
exp_001,SA_n30_inst3_run1,base,40200,40201,1340.03,0.23866208299295977,44.752321376381076,846.4114217538266,1183.474571949819
exp_001,SA_n30_inst3_run1,base,40400,40401,1346.7,0.2398453329806216,44.752321376381076,846.4114217538266,1366.8451805710592
exp_001,SA_n30_inst3_run1,base,40600,40601,1353.37,0.24100891599664465,44.30479816261727,846.4114217538266,1261.0815919329189
exp_001,SA_n30_inst3_run1,base,40800,40801,1360.03,0.24216312495991588,44.30479816261727,846.4114217538266,1174.6471867350915
exp_001,SA_n30_inst3_run1,base,41000,41001,1366.7,0.24333229096373543,44.30479816261727,846.4114217538266,1288.5997132762375
exp_001,SA_n30_inst3_run1,base,41200,41201,1373.37,0.24449670797912404,43.861750180991095,846.4114217538266,1137.8059083820585
exp_001,SA_n30_inst3_run1,base,41400,41401,1380.03,0.2456679159658961,43.861750180991095,846.4114217538266,1094.3831445559538
exp_001,SA_n30_inst3_run1,base,41600,41601,1386.7,0.24683654098771513,43.42313267918119,846.4114217538266,1202.1881530662288
exp_001,SA_n30_inst3_run1,base,41800,41801,1393.37,0.24798824999015778,43.42313267918119,846.4114217538266,1295.2047346825525
exp_001,SA_n30_inst3_run1,base,42000,42001,1400.03,0.24915779096772894,43.42313267918119,846.4114217538266,1299.3680972510315
exp_001,SA_n30_inst3_run1,base,42200,42201,1406.7,0.25033483299193904,42.98890135238938,846.4114217538266,1245.137091559574
exp_001,SA_n30_inst3_run1,base,42400,42401,1413.37,0.25152250000974163,42.98890135238938,846.4114217538266,1245.5192119743183
exp_001,SA_n30_inst3_run1,base,42600,42601,1420.03,0.252699583012145,42.559012338865486,846.4114217538266,1170.1646323478403
exp_001,SA_n30_inst3_run1,base,42800,42801,1426.7,0.25385170796653256,42.559012338865486,846.4114217538266,1224.6613148689157
exp_001,SA_n30_inst3_run1,base,43000,43001,1433.37,0.2550081249792129,42.559012338865486,846.4114217538266,1327.9155956390643
exp_001,SA_n30_inst3_run1,base,43200,43201,1440.03,0.25615004100836813,42.133422215476834,846.4114217538266,1254.5853261216314
exp_001,SA_n30_inst3_run1,base,43400,43401,1446.7,0.25730524997925386,42.133422215476834,846.4114217538266,1145.5779248390556
exp_001,SA_n30_inst3_run1,base,43600,43601,1453.37,0.25846404099138454,41.712087993322065,846.4114217538266,1313.1817949188057
exp_001,SA_n30_inst3_run1,base,43800,43801,1460.03,0.25964012497570366,41.712087993322065,846.4114217538266,1424.519070766229
exp_001,SA_n30_inst3_run1,base,44000,44001,1466.7,0.2607954159611836,41.712087993322065,846.4114217538266,1157.2562052661158
exp_001,SA_n30_inst3_run1,base,44200,44201,1473.37,0.2619724159594625,41.29496711338884,846.4114217538266,1252.7591590134882
exp_001,SA_n30_inst3_run1,base,44400,44401,1480.03,0.2631376250064932,41.29496711338884,846.4114217538266,1197.148983816066
exp_001,SA_n30_inst3_run1,base,44600,44601,1486.7,0.2642902910010889,40.882017442254956,846.4114217538266,1141.5396489367567
exp_001,SA_n30_inst3_run1,base,44800,44801,1493.37,0.2654570830054581,40.882017442254956,846.4114217538266,1134.615941848224
exp_001,SA_n30_inst3_run1,base,45000,45001,1500.03,0.26661504100775346,40.882017442254956,846.4114217538266,1100.7337297518513
exp_001,SA_n30_inst3_run1,base,45200,45201,1506.7,0.2677780829835683,40.473197267832404,846.4114217538266,892.7742772172446
exp_001,SA_n30_inst3_run1,base,45400,45401,1513.37,0.2689534159726463,40.473197267832404,846.4114217538266,1251.3012469501243
exp_001,SA_n30_inst3_run1,base,45600,45601,1520.03,0.27010224998230115,40.06846529515408,764.3808120378989,764.3808120378989
exp_001,SA_n30_inst3_run1,base,45800,45801,1526.7,0.2712834579870105,40.06846529515408,764.3808120378989,1242.2379374156228
exp_001,SA_n30_inst3_run1,base,46000,46001,1533.37,0.27251266600796953,40.06846529515408,764.3808120378989,1142.1741375082618
exp_001,SA_n30_inst3_run1,base,46200,46201,1540.03,0.2737442500074394,39.66778064220254,764.3808120378989,1080.8614296379346
exp_001,SA_n30_inst3_run1,base,46400,46401,1546.7,0.27500604098895565,39.66778064220254,764.3808120378989,1188.794559330652
exp_001,SA_n30_inst3_run1,base,46600,46601,1553.37,0.2762588749756105,39.27110283578051,764.3808120378989,1146.610881488042
exp_001,SA_n30_inst3_run1,base,46800,46801,1560.03,0.2775111660012044,39.27110283578051,764.3808120378989,1081.6865703990304
exp_001,SA_n30_inst3_run1,base,47000,47001,1566.7,0.2787612499669194,39.27110283578051,764.3808120378989,1197.2459217457897
exp_001,SA_n30_inst3_run1,base,47200,47201,1573.37,0.280015625001397,38.8783918074227,764.3808120378989,1204.7431926994345
exp_001,SA_n30_inst3_run1,base,47400,47401,1580.03,0.28126408299431205,38.8783918074227,764.3808120378989,1059.9567581348804
exp_001,SA_n30_inst3_run1,base,47600,47601,1586.7,0.2825102909700945,38.48960788934848,764.3808120378989,1238.2444555560564
exp_001,SA_n30_inst3_run1,base,47800,47801,1593.37,0.28375549998600036,38.48960788934848,764.3808120378989,1141.5687678256336
exp_001,SA_n30_inst3_run1,base,48000,48001,1600.03,0.2849824999575503,38.48960788934848,764.3808120378989,1166.1908068579103
exp_001,SA_n30_inst3_run1,base,48200,48201,1606.7,0.2861535829724744,38.104711810454994,764.3808120378989,1044.4724223583205
exp_001,SA_n30_inst3_run1,base,48400,48401,1613.37,0.2873355830088258,38.104711810454994,764.3808120378989,1165.3379100029338
exp_001,SA_n30_inst3_run1,base,48600,48601,1620.03,0.28848862496670336,37.72366469235045,764.3808120378989,1108.2110616155321
exp_001,SA_n30_inst3_run1,base,48800,48801,1626.7,0.28965012496337295,37.72366469235045,764.3808120378989,1506.4663625084388
exp_001,SA_n30_inst3_run1,base,49000,49001,1633.37,0.29081450001103804,37.72366469235045,764.3808120378989,985.250737063716
exp_001,SA_n30_inst3_run1,base,49200,49201,1640.03,0.29197033296804875,37.34642804542694,764.3808120378989,1023.0454006007017
exp_001,SA_n30_inst3_run1,base,49400,49401,1646.7,0.29313775000628084,37.34642804542694,764.3808120378989,1107.6489741566704
exp_001,SA_n30_inst3_run1,base,49600,49601,1653.37,0.2942917500040494,36.97296376497267,764.3808120378989,1182.7413046280278
exp_001,SA_n30_inst3_run1,base,49800,49801,1660.03,0.29546233295695856,36.97296376497267,764.3808120378989,1279.2276453356606
exp_001,SA_n30_inst3_run1,base,50000,50001,1666.7,0.2966527909738943,36.97296376497267,764.3808120378989,1300.1105809419346
exp_001,SA_n30_inst3_run1,base,50000,50001,1666.7,0.2967216660035774,0.00099,764.3808120378989,1300.1105809419346
exp_001,SA_n30_inst3_run2,base,0,1,0.03,1.374981366097927e-06,100.0,1450.587521407128,1450.587521407128
exp_001,SA_n30_inst3_run2,base,200,201,6.7,0.001219124998897314,100.0,1217.9166312653615,1290.1282549468226
exp_001,SA_n30_inst3_run2,base,400,401,13.37,0.0024206669768318534,100.0,1037.7710226763943,1251.638576949319
exp_001,SA_n30_inst3_run2,base,600,601,20.03,0.003634416963905096,99.0,1037.7710226763943,1319.9518832736564
exp_001,SA_n30_inst3_run2,base,800,801,26.7,0.004832124977838248,99.0,1037.7710226763943,1376.3971274760017
exp_001,SA_n30_inst3_run2,base,1000,1001,33.37,0.006025666953064501,99.0,1037.7710226763943,1316.853335852469
exp_001,SA_n30_inst3_run2,base,1200,1201,40.03,0.007226708985399455,98.01,1037.7710226763943,1428.763109350771
exp_001,SA_n30_inst3_run2,base,1400,1401,46.7,0.008421583974268287,98.01,1037.7710226763943,1263.9402685803293
exp_001,SA_n30_inst3_run2,base,1600,1601,53.37,0.009611458983272314,97.0299,1037.7710226763943,1225.077165060162
exp_001,SA_n30_inst3_run2,base,1800,1801,60.03,0.010805708996485919,97.0299,1037.7710226763943,1236.010711987102
exp_001,SA_n30_inst3_run2,base,2000,2001,66.7,0.012008916994091123,97.0299,1037.7710226763943,1343.816156727934
exp_001,SA_n30_inst3_run2,base,2200,2201,73.37,0.013197666965425014,96.059601,1037.7710226763943,1522.0388037015764
exp_001,SA_n30_inst3_run2,base,2400,2401,80.03,0.014392749988473952,96.059601,1030.387407707947,1298.155512012905
exp_001,SA_n30_inst3_run2,base,2600,2601,86.7,0.015606458997353911,95.09900499,1030.387407707947,1556.3300133244893
exp_001,SA_n30_inst3_run2,base,2800,2801,93.37,0.01679116697050631,95.09900499,1030.387407707947,1359.762511625931
exp_001,SA_n30_inst3_run2,base,3000,3001,100.03,0.017976292001549155,95.09900499,1030.387407707947,1360.7004126206546
exp_001,SA_n30_inst3_run2,base,3200,3201,106.7,0.01916824997169897,94.1480149401,1030.387407707947,1450.8951143287325
exp_001,SA_n30_inst3_run2,base,3400,3401,113.37,0.02035791694652289,94.1480149401,1030.387407707947,1376.7703880106365
exp_001,SA_n30_inst3_run2,base,3600,3601,120.03,0.021564958966337144,93.206534790699,1030.387407707947,1427.436999102048
exp_001,SA_n30_inst3_run2,base,3800,3801,126.7,0.02280833397526294,93.206534790699,1030.387407707947,1463.1999833219015
exp_001,SA_n30_inst3_run2,base,4000,4001,133.37,0.024012374982703477,93.206534790699,1030.387407707947,1262.1070225202152
exp_001,SA_n30_inst3_run2,base,4200,4201,140.03,0.025198541989084333,92.27446944279201,1030.387407707947,1260.092960822397
exp_001,SA_n30_inst3_run2,base,4400,4401,146.7,0.02639979199739173,92.27446944279201,1030.387407707947,1513.7364771830175
exp_001,SA_n30_inst3_run2,base,4600,4601,153.37,0.027590374986175448,91.35172474836409,1030.387407707947,1378.3015764429886
exp_001,SA_n30_inst3_run2,base,4800,4801,160.03,0.028787083982024342,91.35172474836409,1030.387407707947,1339.6247925711275
exp_001,SA_n30_inst3_run2,base,5000,5001,166.7,0.03010379197075963,91.35172474836409,1014.5010579332923,1343.2808577844876
exp_001,SA_n30_inst3_run2,base,5200,5201,173.37,0.03141233394853771,90.43820750088045,1014.5010579332923,1424.4093079819359
exp_001,SA_n30_inst3_run2,base,5400,5401,180.03,0.03265749994898215,90.43820750088045,1014.5010579332923,1370.2493688961042
exp_001,SA_n30_inst3_run2,base,5600,5601,186.7,0.033875999972224236,89.53382542587164,1014.5010579332923,1318.8699266381695
exp_001,SA_n30_inst3_run2,base,5800,5801,193.37,0.035088208969682455,89.53382542587164,1014.5010579332923,1321.7897723968222
exp_001,SA_n30_inst3_run2,base,6000,6001,200.03,0.03628845897037536,89.53382542587164,1014.5010579332923,1424.1938912667429
exp_001,SA_n30_inst3_run2,base,6200,6201,206.7,0.03747508395463228,88.63848717161292,1014.5010579332923,1323.9241373779698
exp_001,SA_n30_inst3_run2,base,6400,6401,213.37,0.03866091696545482,88.63848717161292,1014.5010579332923,1456.4144848021733
exp_001,SA_n30_inst3_run2,base,6600,6601,220.03,0.03984745900379494,87.75210229989679,1014.5010579332923,1419.674091280172
exp_001,SA_n30_inst3_run2,base,6800,6801,226.7,0.041041666991077363,87.75210229989679,1014.5010579332923,1408.9458995213179
exp_001,SA_n30_inst3_run2,base,7000,7001,233.37,0.04222258395748213,87.75210229989679,1014.5010579332923,1297.9488662420595
exp_001,SA_n30_inst3_run2,base,7200,7201,240.03,0.043423374998383224,86.87458127689783,1014.5010579332923,1260.6077938293506
exp_001,SA_n30_inst3_run2,base,7400,7401,246.7,0.04462441697251052,86.87458127689783,1014.5010579332923,1158.0031842450283
exp_001,SA_n30_inst3_run2,base,7600,7601,253.37,0.04594141698908061,86.00583546412885,1014.5010579332923,1471.1592657291885
exp_001,SA_n30_inst3_run2,base,7800,7801,260.03,0.04719883395591751,86.00583546412885,1014.5010579332923,1422.704339145231
exp_001,SA_n30_inst3_run2,base,8000,8001,266.7,0.04842812498100102,86.00583546412885,1014.5010579332923,1437.0771681874312
exp_001,SA_n30_inst3_run2,base,8200,8201,273.37,0.0496238749474287,85.14577710948755,1014.5010579332923,1300.6905395338713
exp_001,SA_n30_inst3_run2,base,8400,8401,280.03,0.05082129198126495,85.14577710948755,1014.5010579332923,1459.9631251710919
exp_001,SA_n30_inst3_run2,base,8600,8601,286.7,0.05201979196863249,84.29431933839268,1014.5010579332923,1590.089785680606
exp_001,SA_n30_inst3_run2,base,8800,8801,293.37,0.05321295897010714,84.29431933839268,1014.5010579332923,1369.9650119930116
exp_001,SA_n30_inst3_run2,base,9000,9001,300.03,0.05441295896889642,84.29431933839268,1014.5010579332923,1276.6742441785916
exp_001,SA_n30_inst3_run2,base,9200,9201,306.7,0.05561358400154859,83.45137614500875,1014.5010579332923,1241.8591351220844
exp_001,SA_n30_inst3_run2,base,9400,9401,313.37,0.05680745898280293,83.45137614500875,1014.5010579332923,1259.6125945834444
exp_001,SA_n30_inst3_run2,base,9600,9601,320.03,0.05799391696928069,82.61686238355867,1014.5010579332923,1269.6448706624142
exp_001,SA_n30_inst3_run2,base,9800,9801,326.7,0.059182958968449384,82.61686238355867,1014.5010579332923,1395.0814773434533
exp_001,SA_n30_inst3_run2,base,10000,10001,333.37,0.06037341698538512,82.61686238355867,1014.5010579332923,1335.793555196261
exp_001,SA_n30_inst3_run2,base,10200,10201,340.03,0.061575291969347745,81.79069375972308,1014.5010579332923,1277.7901921975856
exp_001,SA_n30_inst3_run2,base,10400,10401,346.7,0.06282054196344689,81.79069375972308,1014.5010579332923,1231.7044547747296
exp_001,SA_n30_inst3_run2,base,10600,10601,353.37,0.0640247089904733,80.97278682212585,1014.5010579332923,1373.4735613472965
exp_001,SA_n30_inst3_run2,base,10800,10801,360.03,0.06526154198218137,80.97278682212585,1014.5010579332923,1355.0937110267605
exp_001,SA_n30_inst3_run2,base,11000,11001,366.7,0.06645441695582122,80.97278682212585,1014.5010579332923,1390.702557793426
exp_001,SA_n30_inst3_run2,base,11200,11201,373.37,0.06764216697774827,80.1630589539046,1014.5010579332923,1346.7708575577683
exp_001,SA_n30_inst3_run2,base,11400,11401,380.03,0.06883433397160843,80.1630589539046,1014.5010579332923,1537.4068566012093
exp_001,SA_n30_inst3_run2,base,11600,11601,386.7,0.07002670899964869,79.36142836436555,1014.5010579332923,1291.853019012134
exp_001,SA_n30_inst3_run2,base,11800,11801,393.37,0.07121558400103822,79.36142836436555,1014.5010579332923,1457.96890680261
exp_001,SA_n30_inst3_run2,base,12000,12001,400.03,0.07239466696046293,79.36142836436555,1014.5010579332923,1287.0346556879138
exp_001,SA_n30_inst3_run2,base,12200,12201,406.7,0.07359274994814768,78.56781408072189,1014.5010579332923,1393.3835150241482
exp_001,SA_n30_inst3_run2,base,12400,12401,413.37,0.07477374997688457,78.56781408072189,1014.5010579332923,1361.6671917190108
exp_001,SA_n30_inst3_run2,base,12600,12601,420.03,0.07595254195621237,77.78213593991467,1014.5010579332923,1252.8730531515646
exp_001,SA_n30_inst3_run2,base,12800,12801,426.7,0.07716104196151718,77.78213593991467,1014.5010579332923,1397.6495248770234
exp_001,SA_n30_inst3_run2,base,13000,13001,433.37,0.07837291696341708,77.78213593991467,1014.5010579332923,1420.3762339932518
exp_001,SA_n30_inst3_run2,base,13200,13201,440.03,0.07958112499909475,77.00431458051553,1014.5010579332923,1190.204887939418
exp_001,SA_n30_inst3_run2,base,13400,13401,446.7,0.08078829199075699,77.00431458051553,1014.5010579332923,1296.5095522661948
exp_001,SA_n30_inst3_run2,base,13600,13601,453.37,0.0819858749746345,76.23427143471037,1014.5010579332923,1304.3113040967664
exp_001,SA_n30_inst3_run2,base,13800,13801,460.03,0.08317554194945842,76.23427143471037,1014.5010579332923,1305.4879015994022
exp_001,SA_n30_inst3_run2,base,14000,14001,466.7,0.08437170897377655,76.23427143471037,1014.5010579332923,1457.515391422344
exp_001,SA_n30_inst3_run2,base,14200,14201,473.37,0.08557087497320026,75.47192872036327,1014.5010579332923,1249.8835218535871
exp_001,SA_n30_inst3_run2,base,14400,14401,480.03,0.08676183398347348,75.47192872036327,1014.5010579332923,1115.7144378818723
exp_001,SA_n30_inst3_run2,base,14600,14601,486.7,0.08796120894839987,74.71720943315964,983.5277160435347,1218.9736961538435
exp_001,SA_n30_inst3_run2,base,14800,14801,493.37,0.08917783398646861,74.71720943315964,983.5277160435347,1157.0027355764105
exp_001,SA_n30_inst3_run2,base,15000,15001,500.03,0.09036079194629565,74.71720943315964,983.5277160435347,1242.483815054235
exp_001,SA_n30_inst3_run2,base,15200,15201,506.7,0.09154999995371327,73.97003733882804,983.5277160435347,1426.922604997231
exp_001,SA_n30_inst3_run2,base,15400,15401,513.37,0.0927314999862574,73.97003733882804,983.5277160435347,1341.7566618585909
exp_001,SA_n30_inst3_run2,base,15600,15601,520.03,0.09392308397218585,73.23033696543976,983.5277160435347,1389.4415627759013
exp_001,SA_n30_inst3_run2,base,15800,15801,526.7,0.09511254198150709,73.23033696543976,956.737844734579,1302.8559692180668
exp_001,SA_n30_inst3_run2,base,16000,16001,533.37,0.0963057919871062,73.23033696543976,956.737844734579,1201.3387183099703
exp_001,SA_n30_inst3_run2,base,16200,16201,540.03,0.09753354196436703,72.49803359578536,956.737844734579,1615.7173915959274
exp_001,SA_n30_inst3_run2,base,16400,16401,546.7,0.09872170898597687,72.49803359578536,956.737844734579,1200.6670516891652
exp_001,SA_n30_inst3_run2,base,16600,16601,553.37,0.09990454197395593,71.7730532598275,956.737844734579,1293.6036490146564
exp_001,SA_n30_inst3_run2,base,16800,16801,560.03,0.10108291695360094,71.7730532598275,956.737844734579,1383.4224157114293
exp_001,SA_n30_inst3_run2,base,17000,17001,566.7,0.10228220897261053,71.7730532598275,956.737844734579,1496.748512158746
exp_001,SA_n30_inst3_run2,base,17200,17201,573.37,0.1034702499746345,71.05532272722922,956.737844734579,1465.2853405471258
exp_001,SA_n30_inst3_run2,base,17400,17401,580.03,0.1046791669796221,71.05532272722922,956.737844734579,1288.9418701918105
exp_001,SA_n30_inst3_run2,base,17600,17601,586.7,0.10587791696889326,70.34476949995693,956.737844734579,1397.3134980256855
exp_001,SA_n30_inst3_run2,base,17800,17801,593.37,0.10708816698752344,70.34476949995693,956.737844734579,1280.3250714114274
exp_001,SA_n30_inst3_run2,base,18000,18001,600.03,0.10832679196028039,70.34476949995693,956.737844734579,1346.2060852617099
exp_001,SA_n30_inst3_run2,base,18200,18201,606.7,0.10952854197239503,69.64132180495736,956.737844734579,1411.4401899106565
exp_001,SA_n30_inst3_run2,base,18400,18401,613.37,0.1107172499760054,69.64132180495736,956.737844734579,1297.1426404090487
exp_001,SA_n30_inst3_run2,base,18600,18601,620.03,0.11191962496377528,68.94490858690779,956.737844734579,1373.69670593315
exp_001,SA_n30_inst3_run2,base,18800,18801,626.7,0.11312299995915964,68.94490858690779,956.737844734579,1346.4146513372264
exp_001,SA_n30_inst3_run2,base,19000,19001,633.37,0.11433541699079797,68.94490858690779,956.737844734579,1327.784053867269
exp_001,SA_n30_inst3_run2,base,19200,19201,640.03,0.11552924994612113,68.25545950103871,956.737844734579,1432.6201816018188
exp_001,SA_n30_inst3_run2,base,19400,19401,646.7,0.11671516695059836,68.25545950103871,956.737844734579,1337.5452537677756
exp_001,SA_n30_inst3_run2,base,19600,19601,653.37,0.11790641699917614,67.57290490602833,956.737844734579,1154.4273260736322
exp_001,SA_n30_inst3_run2,base,19800,19801,660.03,0.11908845900325105,67.57290490602833,945.684043609144,1454.6011982762354
exp_001,SA_n30_inst3_run2,base,20000,20001,666.7,0.12027395894983783,67.57290490602833,945.684043609144,1422.5228954182828
exp_001,SA_n30_inst3_run2,base,20200,20201,673.37,0.12145991699071601,66.89717585696805,945.684043609144,1289.897699278114
exp_001,SA_n30_inst3_run2,base,20400,20401,680.03,0.1226366669870913,66.89717585696805,945.684043609144,1256.1319233623221
exp_001,SA_n30_inst3_run2,base,20600,20601,686.7,0.12392012495547533,66.22820409839836,945.684043609144,1208.5462647823636
exp_001,SA_n30_inst3_run2,base,20800,20801,693.37,0.12515541695756838,66.22820409839836,945.684043609144,1364.9784310586494
exp_001,SA_n30_inst3_run2,base,21000,21001,700.03,0.12638795899692923,66.22820409839836,945.684043609144,1282.2480522255246
exp_001,SA_n30_inst3_run2,base,21200,21201,706.7,0.12758495897287503,65.56592205741438,945.684043609144,1240.4362870142506
exp_001,SA_n30_inst3_run2,base,21400,21401,713.37,0.128776041965466,65.56592205741438,945.684043609144,1379.962708895403
exp_001,SA_n30_inst3_run2,base,21600,21601,720.03,0.12996283394750208,64.91026283684023,945.684043609144,1378.342429643381
exp_001,SA_n30_inst3_run2,base,21800,21801,726.7,0.13114037498598918,64.91026283684023,945.684043609144,1300.545770815519
exp_001,SA_n30_inst3_run2,base,22000,22001,733.37,0.13236304197926074,64.91026283684023,945.684043609144,1337.4950405478298
exp_001,SA_n30_inst3_run2,base,22200,22201,740.03,0.13364187499973923,64.26116020847184,945.684043609144,1480.5295487348812
exp_001,SA_n30_inst3_run2,base,22400,22401,746.7,0.13500774995191023,64.26116020847184,945.684043609144,1350.1050330544572
exp_001,SA_n30_inst3_run2,base,22600,22601,753.37,0.13624579197494313,63.618548606387115,945.684043609144,1161.935449390248
exp_001,SA_n30_inst3_run2,base,22800,22801,760.03,0.1374971669865772,63.618548606387115,945.684043609144,1267.8181701900448
exp_001,SA_n30_inst3_run2,base,23000,23001,766.7,0.13868704199558124,63.618548606387115,945.684043609144,1216.4933188083892
exp_001,SA_n30_inst3_run2,base,23200,23201,773.37,0.13989670894807205,62.98236312032324,945.684043609144,1497.5794894391165
exp_001,SA_n30_inst3_run2,base,23400,23401,780.03,0.14120124996406958,62.98236312032324,945.684043609144,1377.2296091535811
exp_001,SA_n30_inst3_run2,base,23600,23601,786.7,0.14241724996827543,62.35253948912001,945.684043609144,1353.036373026157
exp_001,SA_n30_inst3_run2,base,23800,23801,793.37,0.14363562496146187,62.35253948912001,945.684043609144,1248.4625211540178
exp_001,SA_n30_inst3_run2,base,24000,24001,800.03,0.14486608398146927,62.35253948912001,945.684043609144,1312.3367112192316
exp_001,SA_n30_inst3_run2,base,24200,24201,806.7,0.14606079197255895,61.72901409422881,945.684043609144,1375.157798905019
exp_001,SA_n30_inst3_run2,base,24400,24401,813.37,0.14723954198416322,61.72901409422881,945.684043609144,1407.2282287058003
exp_001,SA_n30_inst3_run2,base,24600,24601,820.03,0.14842520898673683,61.11172395328652,945.684043609144,1441.0778554010956
exp_001,SA_n30_inst3_run2,base,24800,24801,826.7,0.14960629196139053,61.11172395328652,945.684043609144,1443.9275345788967
exp_001,SA_n30_inst3_run2,base,25000,25001,833.37,0.15090841695200652,61.11172395328652,945.684043609144,1434.183177209795
exp_001,SA_n30_inst3_run2,base,25200,25201,840.03,0.15212137496564537,60.500606713753655,945.684043609144,1162.785987284516
exp_001,SA_n30_inst3_run2,base,25400,25401,846.7,0.15330616699066013,60.500606713753655,945.684043609144,1092.5659955512021
exp_001,SA_n30_inst3_run2,base,25600,25601,853.37,0.15452591696521267,59.89560064661612,945.684043609144,1316.40783780034
exp_001,SA_n30_inst3_run2,base,25800,25801,860.03,0.15569879196118563,59.89560064661612,945.684043609144,1223.8878626585742
exp_001,SA_n30_inst3_run2,base,26000,26001,866.7,0.1569721669657156,59.89560064661612,883.2470338970805,1323.585267105654
exp_001,SA_n30_inst3_run2,base,26200,26201,873.37,0.1581769170006737,59.29664464014996,883.2470338970805,1230.4599294781294
exp_001,SA_n30_inst3_run2,base,26400,26401,880.03,0.1593639999628067,59.29664464014996,883.2470338970805,1192.0736482387524
exp_001,SA_n30_inst3_run2,base,26600,26601,886.7,0.16059354197932407,58.70367819374846,883.2470338970805,1223.8323020691842
exp_001,SA_n30_inst3_run2,base,26800,26801,893.37,0.16188683395739645,58.70367819374846,883.2470338970805,1480.58220025472
exp_001,SA_n30_inst3_run2,base,27000,27001,900.03,0.1631047499831766,58.70367819374846,883.2470338970805,1309.8518818425005
exp_001,SA_n30_inst3_run2,base,27200,27201,906.7,0.16431316698435694,58.116641411810974,883.2470338970805,1674.6146548205397
exp_001,SA_n30_inst3_run2,base,27400,27401,913.37,0.165567708958406,58.116641411810974,883.2470338970805,1371.203688692538
exp_001,SA_n30_inst3_run2,base,27600,27601,920.03,0.1667987919645384,57.535474997692866,883.2470338970805,1334.258199452069
exp_001,SA_n30_inst3_run2,base,27800,27801,926.7,0.16811066697118804,57.535474997692866,883.2470338970805,1233.4240326436513
exp_001,SA_n30_inst3_run2,base,28000,28001,933.37,0.1694404169684276,57.535474997692866,883.2470338970805,1377.5465109249183
exp_001,SA_n30_inst3_run2,base,28200,28201,940.03,0.17065445898333564,56.960120247715935,883.2470338970805,1087.1038141066047
exp_001,SA_n30_inst3_run2,base,28400,28401,946.7,0.17184674995951355,56.960120247715935,883.2470338970805,1239.5195063482074
exp_001,SA_n30_inst3_run2,base,28600,28601,953.37,0.17306816700147465,56.390519045238776,883.2470338970805,1247.667473039033
exp_001,SA_n30_inst3_run2,base,28800,28801,960.03,0.1743538749869913,56.390519045238776,883.2470338970805,1372.6287601428048
exp_001,SA_n30_inst3_run2,base,29000,29001,966.7,0.175615124986507,56.390519045238776,883.2470338970805,1128.0033239491574
exp_001,SA_n30_inst3_run2,base,29200,29201,973.37,0.17684274999191985,55.82661385478639,883.2470338970805,1331.348053354578
exp_001,SA_n30_inst3_run2,base,29400,29401,980.03,0.1780316669610329,55.82661385478639,883.2470338970805,1212.4438264536666
exp_001,SA_n30_inst3_run2,base,29600,29601,986.7,0.17921341699548066,55.26834771623852,883.2470338970805,1262.8364964832122
exp_001,SA_n30_inst3_run2,base,29800,29801,993.37,0.18039620894705877,55.26834771623852,883.2470338970805,1346.5330189372721
exp_001,SA_n30_inst3_run2,base,30000,30001,1000.03,0.181588708946947,55.26834771623852,883.2470338970805,1225.76915552047
exp_001,SA_n30_inst3_run2,base,30200,30201,1006.7,0.18281049997312948,54.71566423907614,883.2470338970805,1345.292741950541
exp_001,SA_n30_inst3_run2,base,30400,30401,1013.37,0.1842013749992475,54.71566423907614,883.2470338970805,1244.3497476102211
exp_001,SA_n30_inst3_run2,base,30600,30601,1020.03,0.18552120897220448,54.16850759668538,883.2470338970805,1191.7816924121676
exp_001,SA_n30_inst3_run2,base,30800,30801,1026.7,0.1867458749911748,54.16850759668538,883.2470338970805,1354.2776718274613
exp_001,SA_n30_inst3_run2,base,31000,31001,1033.37,0.18796866695629433,54.16850759668538,883.2470338970805,1467.655108976724
exp_001,SA_n30_inst3_run2,base,31200,31201,1040.03,0.18915308394934982,53.62682252071853,883.2470338970805,986.2872225387084
exp_001,SA_n30_inst3_run2,base,31400,31401,1046.7,0.19047974998829886,53.62682252071853,883.2470338970805,1388.275167070341
exp_001,SA_n30_inst3_run2,base,31600,31601,1053.37,0.1917001249967143,53.09055429551134,883.2470338970805,1244.3371529484036
exp_001,SA_n30_inst3_run2,base,31800,31801,1060.03,0.19290566694689915,53.09055429551134,883.2470338970805,1267.422053771014
exp_001,SA_n30_inst3_run2,base,32000,32001,1066.7,0.19415062497137114,53.09055429551134,883.2470338970805,1214.0786947979245
exp_001,SA_n30_inst3_run2,base,32200,32201,1073.37,0.19538879196625203,52.55964875255623,883.2470338970805,1317.001279867852
exp_001,SA_n30_inst3_run2,base,32400,32401,1080.03,0.19663620897335932,52.55964875255623,883.2470338970805,1311.7906473182272
exp_001,SA_n30_inst3_run2,base,32600,32601,1086.7,0.19789058394962922,52.03405226503067,883.2470338970805,1256.8836040069953
exp_001,SA_n30_inst3_run2,base,32800,32801,1093.37,0.19912574999034405,52.03405226503067,883.2470338970805,1353.590339239077
exp_001,SA_n30_inst3_run2,base,33000,33001,1100.03,0.200334541965276,52.03405226503067,883.2470338970805,1184.6536649250309
exp_001,SA_n30_inst3_run2,base,33200,33201,1106.7,0.20159758400404826,51.51371174238036,883.2470338970805,1304.782575301859
exp_001,SA_n30_inst3_run2,base,33400,33401,1113.37,0.2027997499681078,51.51371174238036,883.2470338970805,1315.5813421761195
exp_001,SA_n30_inst3_run2,base,33600,33601,1120.03,0.20398787496378645,50.998574624956554,883.2470338970805,1388.6850891789572
exp_001,SA_n30_inst3_run2,base,33800,33801,1126.7,0.20517549995565787,50.998574624956554,883.2470338970805,1256.5157171241158
exp_001,SA_n30_inst3_run2,base,34000,34001,1133.37,0.20634524995693937,50.998574624956554,883.2470338970805,1171.6638118773267
exp_001,SA_n30_inst3_run2,base,34200,34201,1140.03,0.20760233397595584,50.488588878706985,883.2470338970805,1347.6970451036882
exp_001,SA_n30_inst3_run2,base,34400,34401,1146.7,0.20883195899659768,50.488588878706985,883.2470338970805,1386.0434808968998
exp_001,SA_n30_inst3_run2,base,34600,34601,1153.37,0.21004395897034556,49.98370298991991,883.2470338970805,1327.8242810741008
exp_001,SA_n30_inst3_run2,base,34800,34801,1160.03,0.2112917499616742,49.98370298991991,883.2470338970805,1077.1846941712483
exp_001,SA_n30_inst3_run2,base,35000,35001,1166.7,0.21248116699280217,49.98370298991991,883.2470338970805,1154.7590294903969
exp_001,SA_n30_inst3_run2,base,35200,35201,1173.37,0.21367416699649766,49.483865960020715,883.2470338970805,1371.686088198694
exp_001,SA_n30_inst3_run2,base,35400,35401,1180.03,0.21486062498297542,49.483865960020715,883.2470338970805,1310.4020402462604
exp_001,SA_n30_inst3_run2,base,35600,35601,1186.7,0.21619549999013543,48.98902730042051,883.2470338970805,1402.881267977265
exp_001,SA_n30_inst3_run2,base,35800,35801,1193.37,0.21750791696831584,48.98902730042051,883.2470338970805,1477.3767201215398
exp_001,SA_n30_inst3_run2,base,36000,36001,1200.03,0.2187722499947995,48.98902730042051,883.2470338970805,1092.214210861411
exp_001,SA_n30_inst3_run2,base,36200,36201,1206.7,0.22038841695757583,48.4991370274163,883.2470338970805,1269.0384263614244
exp_001,SA_n30_inst3_run2,base,36400,36401,1213.37,0.22196933400118724,48.4991370274163,883.2470338970805,1294.7261107055922
exp_001,SA_n30_inst3_run2,base,36600,36601,1220.03,0.22325445897877216,48.01414565714214,883.2470338970805,1192.0838983149206
exp_001,SA_n30_inst3_run2,base,36800,36801,1226.7,0.22459641698515043,48.01414565714214,883.2470338970805,1377.4446497203294
exp_001,SA_n30_inst3_run2,base,37000,37001,1233.37,0.22583345900056884,48.01414565714214,883.2470338970805,1343.5072450198895
exp_001,SA_n30_inst3_run2,base,37200,37201,1240.03,0.2270935839624144,47.53400420057071,883.2470338970805,1061.3595102500524
exp_001,SA_n30_inst3_run2,base,37400,37401,1246.7,0.2285548749496229,47.53400420057071,883.2470338970805,1103.9842166459016
exp_001,SA_n30_inst3_run2,base,37600,37601,1253.37,0.22980962495785207,47.05866415856501,883.2470338970805,1208.5369621426719
exp_001,SA_n30_inst3_run2,base,37800,37801,1260.03,0.23101662495173514,47.05866415856501,883.2470338970805,1212.18143872297
exp_001,SA_n30_inst3_run2,base,38000,38001,1266.7,0.23229408398037776,47.05866415856501,883.2470338970805,1278.9447955212258
exp_001,SA_n30_inst3_run2,base,38200,38201,1273.37,0.23381833400344476,46.58807751697936,883.2470338970805,1356.84436134833
exp_001,SA_n30_inst3_run2,base,38400,38401,1280.03,0.2350989999831654,46.58807751697936,883.2470338970805,1597.0407650129293
exp_001,SA_n30_inst3_run2,base,38600,38601,1286.7,0.23632437497144565,46.12219674180957,883.2470338970805,1398.5535989969155
exp_001,SA_n30_inst3_run2,base,38800,38801,1293.37,0.23751970898592845,46.12219674180957,883.2470338970805,1185.2379793669957
exp_001,SA_n30_inst3_run2,base,39000,39001,1300.03,0.23870799998985603,46.12219674180957,883.2470338970805,1197.8846673662033
exp_001,SA_n30_inst3_run2,base,39200,39201,1306.7,0.23989508399972692,45.66097477439147,883.2470338970805,1356.7549295172475
exp_001,SA_n30_inst3_run2,base,39400,39401,1313.37,0.24107633397215977,45.66097477439147,883.2470338970805,1154.0604934694056
exp_001,SA_n30_inst3_run2,base,39600,39601,1320.03,0.2422873749746941,45.20436502664755,883.2470338970805,1221.2990763977284
exp_001,SA_n30_inst3_run2,base,39800,39801,1326.7,0.24350899999262765,45.20436502664755,883.2470338970805,1156.0902417850148
exp_001,SA_n30_inst3_run2,base,40000,40001,1333.37,0.24498575000325218,45.20436502664755,883.2470338970805,1192.7640943409062
exp_001,SA_n30_inst3_run2,base,40200,40201,1340.03,0.2462202089955099,44.752321376381076,883.2470338970805,1154.7636555235886
exp_001,SA_n30_inst3_run2,base,40400,40401,1346.7,0.2473878749879077,44.752321376381076,883.2470338970805,1022.3114376018909
exp_001,SA_n30_inst3_run2,base,40600,40601,1353.37,0.2485959169571288,44.30479816261727,883.2470338970805,1329.4328683546526
exp_001,SA_n30_inst3_run2,base,40800,40801,1360.03,0.2498200839618221,44.30479816261727,883.2470338970805,1195.8589272139336
exp_001,SA_n30_inst3_run2,base,41000,41001,1366.7,0.2510215839720331,44.30479816261727,883.2470338970805,1097.7081461732616
exp_001,SA_n30_inst3_run2,base,41200,41201,1373.37,0.2521897089900449,43.861750180991095,883.2470338970805,1210.399344181049
exp_001,SA_n30_inst3_run2,base,41400,41401,1380.03,0.2534929999965243,43.861750180991095,883.2470338970805,1352.2805096987065
exp_001,SA_n30_inst3_run2,base,41600,41601,1386.7,0.25470412499271333,43.42313267918119,883.2470338970805,1143.2100347835517
exp_001,SA_n30_inst3_run2,base,41800,41801,1393.37,0.255883666977752,43.42313267918119,883.2470338970805,1206.863453182134
exp_001,SA_n30_inst3_run2,base,42000,42001,1400.03,0.2571471669944003,43.42313267918119,883.2470338970805,1092.1211140324265
exp_001,SA_n30_inst3_run2,base,42200,42201,1406.7,0.2583549589617178,42.98890135238938,883.2470338970805,1116.3271551821006
exp_001,SA_n30_inst3_run2,base,42400,42401,1413.37,0.2595740419928916,42.98890135238938,883.2470338970805,1061.4241784182361
exp_001,SA_n30_inst3_run2,base,42600,42601,1420.03,0.26084116694983095,42.559012338865486,883.2470338970805,1036.212211452803
exp_001,SA_n30_inst3_run2,base,42800,42801,1426.7,0.26211666699964553,42.559012338865486,883.2470338970805,1299.4415155369386
exp_001,SA_n30_inst3_run2,base,43000,43001,1433.37,0.2633236669935286,42.559012338865486,883.2470338970805,1443.4100434481377
exp_001,SA_n30_inst3_run2,base,43200,43201,1440.03,0.26452016696566716,42.133422215476834,883.2470338970805,1220.6447107499457
exp_001,SA_n30_inst3_run2,base,43400,43401,1446.7,0.26570941699901596,42.133422215476834,883.2470338970805,1049.0838975954923
exp_001,SA_n30_inst3_run2,base,43600,43601,1453.37,0.2669717089738697,41.712087993322065,883.2470338970805,1506.5088575410703
exp_001,SA_n30_inst3_run2,base,43800,43801,1460.03,0.26818470895523205,41.712087993322065,883.2470338970805,1330.0783576129427
exp_001,SA_n30_inst3_run2,base,44000,44001,1466.7,0.26936629199190065,41.712087993322065,883.2470338970805,1312.084019711615
exp_001,SA_n30_inst3_run2,base,44200,44201,1473.37,0.27053891698597,41.29496711338884,883.2470338970805,1175.9006196380947
exp_001,SA_n30_inst3_run2,base,44400,44401,1480.03,0.27172641694778576,41.29496711338884,883.2470338970805,1314.0464226885679
exp_001,SA_n30_inst3_run2,base,44600,44601,1486.7,0.2729049169574864,40.882017442254956,883.2470338970805,1251.5470109791254
exp_001,SA_n30_inst3_run2,base,44800,44801,1493.37,0.2741440839599818,40.882017442254956,883.2470338970805,1095.8920939969719
exp_001,SA_n30_inst3_run2,base,45000,45001,1500.03,0.27539395896019414,40.882017442254956,883.2470338970805,1250.6159640807973
exp_001,SA_n30_inst3_run2,base,45200,45201,1506.7,0.27657729195198044,40.473197267832404,883.2470338970805,1097.3341071156024
exp_001,SA_n30_inst3_run2,base,45400,45401,1513.37,0.277782708988525,40.473197267832404,883.2470338970805,1209.3460835428812
exp_001,SA_n30_inst3_run2,base,45600,45601,1520.03,0.27901187498355284,40.06846529515408,883.2470338970805,1179.7127044870583
exp_001,SA_n30_inst3_run2,base,45800,45801,1526.7,0.2802090419572778,40.06846529515408,883.2470338970805,1112.676402892902
exp_001,SA_n30_inst3_run2,base,46000,46001,1533.37,0.28140579198952764,40.06846529515408,883.2470338970805,1200.2174410833243
exp_001,SA_n30_inst3_run2,base,46200,46201,1540.03,0.282596624980215,39.66778064220254,883.2470338970805,1163.322066579593
exp_001,SA_n30_inst3_run2,base,46400,46401,1546.7,0.28380245895823464,39.66778064220254,883.2470338970805,1251.584816941511
exp_001,SA_n30_inst3_run2,base,46600,46601,1553.37,0.2850338749703951,39.27110283578051,883.2470338970805,1152.5918873261064
exp_001,SA_n30_inst3_run2,base,46800,46801,1560.03,0.28621741698589176,39.27110283578051,883.2470338970805,1032.5900658227065
exp_001,SA_n30_inst3_run2,base,47000,47001,1566.7,0.2873823749832809,39.27110283578051,883.2470338970805,1146.9562133400113
exp_001,SA_n30_inst3_run2,base,47200,47201,1573.37,0.28856691694818437,38.8783918074227,883.2470338970805,1337.835520450522
exp_001,SA_n30_inst3_run2,base,47400,47401,1580.03,0.2897461669635959,38.8783918074227,883.2470338970805,980.3553830529343
exp_001,SA_n30_inst3_run2,base,47600,47601,1586.7,0.29090483399340883,38.48960788934848,879.9016304729846,1185.2450679083222
exp_001,SA_n30_inst3_run2,base,47800,47801,1593.37,0.2920776669634506,38.48960788934848,879.9016304729846,1474.8293675936297
exp_001,SA_n30_inst3_run2,base,48000,48001,1600.03,0.293305083992891,38.48960788934848,878.168226106493,920.786064848789
exp_001,SA_n30_inst3_run2,base,48200,48201,1606.7,0.2946540839620866,38.104711810454994,878.168226106493,1110.5840700833235
exp_001,SA_n30_inst3_run2,base,48400,48401,1613.37,0.29594008397543803,38.104711810454994,878.168226106493,1086.1309378307437
exp_001,SA_n30_inst3_run2,base,48600,48601,1620.03,0.2971537089906633,37.72366469235045,878.168226106493,1253.062934313365
exp_001,SA_n30_inst3_run2,base,48800,48801,1626.7,0.2983366249827668,37.72366469235045,878.168226106493,1196.150998306021
exp_001,SA_n30_inst3_run2,base,49000,49001,1633.37,0.2995251249521971,37.72366469235045,878.168226106493,1140.3679611269558
exp_001,SA_n30_inst3_run2,base,49200,49201,1640.03,0.3007177919498645,37.34642804542694,878.168226106493,1241.9630771237864
exp_001,SA_n30_inst3_run2,base,49400,49401,1646.7,0.30214324995176867,37.34642804542694,842.1870003807279,1046.999208815319
exp_001,SA_n30_inst3_run2,base,49600,49601,1653.37,0.30338933400344104,36.97296376497267,842.1870003807279,1165.6100548203838
exp_001,SA_n30_inst3_run2,base,49800,49801,1660.03,0.30457595898769796,36.97296376497267,842.1870003807279,1155.5998082372448
exp_001,SA_n30_inst3_run2,base,50000,50001,1666.7,0.305746124999132,36.97296376497267,842.1870003807279,1000.4542982320326
exp_001,SA_n30_inst3_run2,base,50000,50001,1666.7,0.30582745897118,0.00099,842.1870003807279,1000.4542982320326
exp_001,SA_n30_inst4_run0,base,0,1,0.03,1.2500095181167126e-06,100.0,1577.1693996877634,1577.1693996877634
exp_001,SA_n30_inst4_run0,base,200,201,6.7,0.0012979170423932374,100.0,1195.8811912491628,1352.105610641251
exp_001,SA_n30_inst4_run0,base,400,401,13.37,0.002577750012278557,100.0,1127.5842511330104,1376.2195313050843
exp_001,SA_n30_inst4_run0,base,600,601,20.03,0.0038875419995747507,99.0,1095.8763704367632,1532.9230602363914
exp_001,SA_n30_inst4_run0,base,800,801,26.7,0.005204792018048465,99.0,1095.8763704367632,1372.2671569829677
exp_001,SA_n30_inst4_run0,base,1000,1001,33.37,0.006448625004850328,99.0,1074.4534143342585,1290.7053605781991
exp_001,SA_n30_inst4_run0,base,1200,1201,40.03,0.007663124997634441,98.01,1074.4534143342585,1489.935075129472
exp_001,SA_n30_inst4_run0,base,1400,1401,46.7,0.008866084041073918,98.01,1074.4534143342585,1256.0166086843521
exp_001,SA_n30_inst4_run0,base,1600,1601,53.37,0.010112125019077212,97.0299,1016.5769781866018,1277.4859477606526
exp_001,SA_n30_inst4_run0,base,1800,1801,60.03,0.011377042043022811,97.0299,1016.5769781866018,1534.0321804658868
exp_001,SA_n30_inst4_run0,base,2000,2001,66.7,0.012624291994143277,97.0299,1016.5769781866018,1317.2593356242028
exp_001,SA_n30_inst4_run0,base,2200,2201,73.37,0.013831750024110079,96.059601,1016.5769781866018,1422.315405451679
exp_001,SA_n30_inst4_run0,base,2400,2401,80.03,0.015043709019664675,96.059601,1016.5769781866018,1433.2818095836672
exp_001,SA_n30_inst4_run0,base,2600,2601,86.7,0.01624841702869162,95.09900499,1016.5769781866018,1382.1339669169772
exp_001,SA_n30_inst4_run0,base,2800,2801,93.37,0.017533542006276548,95.09900499,1016.5769781866018,1290.7228847132064
exp_001,SA_n30_inst4_run0,base,3000,3001,100.03,0.018779250036459416,95.09900499,1016.5769781866018,1565.0681465448044
exp_001,SA_n30_inst4_run0,base,3200,3201,106.7,0.02003633399726823,94.1480149401,1016.5769781866018,1434.4635384438247
exp_001,SA_n30_inst4_run0,base,3400,3401,113.37,0.02128587500192225,94.1480149401,1016.5769781866018,1388.622934322466
exp_001,SA_n30_inst4_run0,base,3600,3601,120.03,0.022505000000819564,93.206534790699,1016.5769781866018,1492.9934252865812
exp_001,SA_n30_inst4_run0,base,3800,3801,126.7,0.023718667041976005,93.206534790699,1016.5769781866018,1322.2442406963883
exp_001,SA_n30_inst4_run0,base,4000,4001,133.37,0.02492445899406448,93.206534790699,1016.5769781866018,1426.001513920923
exp_001,SA_n30_inst4_run0,base,4200,4201,140.03,0.02624112501507625,92.27446944279201,1016.5769781866018,1326.3631998537767
exp_001,SA_n30_inst4_run0,base,4400,4401,146.7,0.027530374994967133,92.27446944279201,1016.5769781866018,1359.305645107062
exp_001,SA_n30_inst4_run0,base,4600,4601,153.37,0.02876700001070276,91.35172474836409,1002.647498026473,1395.8479021928351
exp_001,SA_n30_inst4_run0,base,4800,4801,160.03,0.030001459002960473,91.35172474836409,1002.647498026473,1417.5221228978196
exp_001,SA_n30_inst4_run0,base,5000,5001,166.7,0.031218209012877196,91.35172474836409,1002.647498026473,1388.012849351922
exp_001,SA_n30_inst4_run0,base,5200,5201,173.37,0.032428542035631835,90.43820750088045,1002.647498026473,1330.6000794680835
exp_001,SA_n30_inst4_run0,base,5400,5401,180.03,0.033645791991148144,90.43820750088045,1002.647498026473,1276.987976740722
exp_001,SA_n30_inst4_run0,base,5600,5601,186.7,0.034860042040236294,89.53382542587164,1002.647498026473,1251.998823379544
exp_001,SA_n30_inst4_run0,base,5800,5801,193.37,0.036116500035859644,89.53382542587164,1002.647498026473,1231.4980897465352
exp_001,SA_n30_inst4_run0,base,6000,6001,200.03,0.03732183401007205,89.53382542587164,1002.647498026473,1297.0069207155475
exp_001,SA_n30_inst4_run0,base,6200,6201,206.7,0.03857725003035739,88.63848717161292,1002.647498026473,1419.165442543718
exp_001,SA_n30_inst4_run0,base,6400,6401,213.37,0.039849125023465604,88.63848717161292,1002.647498026473,1553.8919583943025
exp_001,SA_n30_inst4_run0,base,6600,6601,220.03,0.04114362504333258,87.75210229989679,1002.647498026473,1271.490255672936
exp_001,SA_n30_inst4_run0,base,6800,6801,226.7,0.0424543340341188,87.75210229989679,1002.647498026473,1216.9137169041096
exp_001,SA_n30_inst4_run0,base,7000,7001,233.37,0.04384629201376811,87.75210229989679,1002.647498026473,1350.1834364949473
exp_001,SA_n30_inst4_run0,base,7200,7201,240.03,0.04515725001692772,86.87458127689783,1002.647498026473,1304.6501364066933
exp_001,SA_n30_inst4_run0,base,7400,7401,246.7,0.04638054204406217,86.87458127689783,1002.647498026473,1262.966953545512
exp_001,SA_n30_inst4_run0,base,7600,7601,253.37,0.04758162499638274,86.00583546412885,1002.647498026473,1307.7788099759919
exp_001,SA_n30_inst4_run0,base,7800,7801,260.03,0.04950979200657457,86.00583546412885,1002.647498026473,1309.1783500828576
exp_001,SA_n30_inst4_run0,base,8000,8001,266.7,0.052817791991401464,86.00583546412885,1002.647498026473,1566.8394408768952
exp_001,SA_n30_inst4_run0,base,8200,8201,273.37,0.06258204201003537,85.14577710948755,1002.647498026473,1172.3962873766754
exp_001,SA_n30_inst4_run0,base,8400,8401,280.03,0.10273708403110504,85.14577710948755,1002.647498026473,1408.0058764867383
exp_001,SA_n30_inst4_run0,base,8600,8601,286.7,0.10459137504221871,84.29431933839268,1002.647498026473,1218.214714947869
exp_001,SA_n30_inst4_run0,base,8800,8801,293.37,0.10608150000916794,84.29431933839268,1002.647498026473,1235.1247492443397
exp_001,SA_n30_inst4_run0,base,9000,9001,300.03,0.10830250004073605,84.29431933839268,1002.647498026473,1358.325206023942
exp_001,SA_n30_inst4_run0,base,9200,9201,306.7,0.11152558401226997,83.45137614500875,1002.647498026473,1513.2421511158357
exp_001,SA_n30_inst4_run0,base,9400,9401,313.37,0.11418879200937226,83.45137614500875,1002.647498026473,1234.1679703571372
exp_001,SA_n30_inst4_run0,base,9600,9601,320.03,0.1194636250147596,82.61686238355867,1002.647498026473,1210.036571176207
exp_001,SA_n30_inst4_run0,base,9800,9801,326.7,0.12433241703547537,82.61686238355867,1002.647498026473,1194.4969408277218
exp_001,SA_n30_inst4_run0,base,10000,10001,333.37,0.12676191702485085,82.61686238355867,1002.647498026473,1474.7432856389148
exp_001,SA_n30_inst4_run0,base,10200,10201,340.03,0.12871687504230067,81.79069375972308,1002.647498026473,1288.8547772519591
exp_001,SA_n30_inst4_run0,base,10400,10401,346.7,0.13024695904459804,81.79069375972308,1002.647498026473,1282.2919237982098
exp_001,SA_n30_inst4_run0,base,10600,10601,353.37,0.13173570903018117,80.97278682212585,1002.647498026473,1343.9433131545588
exp_001,SA_n30_inst4_run0,base,10800,10801,360.03,0.1339530420373194,80.97278682212585,1002.647498026473,1258.227604640949
exp_001,SA_n30_inst4_run0,base,11000,11001,366.7,0.13635033403988928,80.97278682212585,1002.647498026473,1152.4266129022965
exp_001,SA_n30_inst4_run0,base,11200,11201,373.37,0.13788841699715704,80.1630589539046,1002.647498026473,1459.9658410701927
exp_001,SA_n30_inst4_run0,base,11400,11401,380.03,0.13942033401690423,80.1630589539046,1002.647498026473,1316.2673286557288
exp_001,SA_n30_inst4_run0,base,11600,11601,386.7,0.1409165840013884,79.36142836436555,1002.647498026473,1106.409527749434
exp_001,SA_n30_inst4_run0,base,11800,11801,393.37,0.14238500001374632,79.36142836436555,986.4476137973239,1158.9126262242967
exp_001,SA_n30_inst4_run0,base,12000,12001,400.03,0.1438695000251755,79.36142836436555,986.4476137973239,1261.912342613124
exp_001,SA_n30_inst4_run0,base,12200,12201,406.7,0.14539175003301352,78.56781408072189,986.4476137973239,1265.3247587905046
exp_001,SA_n30_inst4_run0,base,12400,12401,413.37,0.14681595901492983,78.56781408072189,986.4476137973239,1492.4223030966828
exp_001,SA_n30_inst4_run0,base,12600,12601,420.03,0.14818845904665068,77.78213593991467,986.4476137973239,1389.8579008946601
exp_001,SA_n30_inst4_run0,base,12800,12801,426.7,0.1495707090361975,77.78213593991467,941.8227541499939,1218.8543334346039
exp_001,SA_n30_inst4_run0,base,13000,13001,433.37,0.15101491700625047,77.78213593991467,941.8227541499939,1179.4391427104
exp_001,SA_n30_inst4_run0,base,13200,13201,440.03,0.1524428750271909,77.00431458051553,941.8227541499939,1281.8870462668588
exp_001,SA_n30_inst4_run0,base,13400,13401,446.7,0.15390704199671745,77.00431458051553,941.8227541499939,1352.1811849991345
exp_001,SA_n30_inst4_run0,base,13600,13601,453.37,0.15539095900021493,76.23427143471037,941.8227541499939,1531.9980822675523
exp_001,SA_n30_inst4_run0,base,13800,13801,460.03,0.15677637502085418,76.23427143471037,941.8227541499939,1343.661685942917
exp_001,SA_n30_inst4_run0,base,14000,14001,466.7,0.15814766701078042,76.23427143471037,941.8227541499939,1072.7972563662834
exp_001,SA_n30_inst4_run0,base,14200,14201,473.37,0.15955816704081371,75.47192872036327,941.8227541499939,1519.3770658961714
exp_001,SA_n30_inst4_run0,base,14400,14401,480.03,0.16112733399495482,75.47192872036327,941.8227541499939,1321.699541648384
exp_001,SA_n30_inst4_run0,base,14600,14601,486.7,0.16252933401847258,74.71720943315964,941.8227541499939,1319.0837773433539
exp_001,SA_n30_inst4_run0,base,14800,14801,493.37,0.16389941703528166,74.71720943315964,941.8227541499939,1409.1601879174607
exp_001,SA_n30_inst4_run0,base,15000,15001,500.03,0.165247792028822,74.71720943315964,941.8227541499939,1291.7346715437468
exp_001,SA_n30_inst4_run0,base,15200,15201,506.7,0.16661904199281707,73.97003733882804,941.8227541499939,1296.3122794723868
exp_001,SA_n30_inst4_run0,base,15400,15401,513.37,0.1680623340071179,73.97003733882804,941.8227541499939,1448.7236149310045
exp_001,SA_n30_inst4_run0,base,15600,15601,520.03,0.16945408401079476,73.23033696543976,941.8227541499939,1182.582092088583
exp_001,SA_n30_inst4_run0,base,15800,15801,526.7,0.17085004202090204,73.23033696543976,941.8227541499939,1303.77970983399
exp_001,SA_n30_inst4_run0,base,16000,16001,533.37,0.17225766699993983,73.23033696543976,941.8227541499939,1434.7796559145231
exp_001,SA_n30_inst4_run0,base,16200,16201,540.03,0.17361470899777487,72.49803359578536,941.8227541499939,1271.5792883763888
exp_001,SA_n30_inst4_run0,base,16400,16401,546.7,0.17495995899662375,72.49803359578536,941.8227541499939,1050.3609568180711
exp_001,SA_n30_inst4_run0,base,16600,16601,553.37,0.17635379201965407,71.7730532598275,941.8227541499939,1332.722418906225
exp_001,SA_n30_inst4_run0,base,16800,16801,560.03,0.177798459015321,71.7730532598275,941.8227541499939,1463.9669251236764
exp_001,SA_n30_inst4_run0,base,17000,17001,566.7,0.1791886250139214,71.7730532598275,941.8227541499939,1215.6564325743648
exp_001,SA_n30_inst4_run0,base,17200,17201,573.37,0.18056750000687316,71.05532272722922,941.8227541499939,1222.2744060505347
exp_001,SA_n30_inst4_run0,base,17400,17401,580.03,0.18193004204658791,71.05532272722922,941.8227541499939,1448.6172945651974
exp_001,SA_n30_inst4_run0,base,17600,17601,586.7,0.18327800004044548,70.34476949995693,941.8227541499939,1314.7438993440978
exp_001,SA_n30_inst4_run0,base,17800,17801,593.37,0.18473333399742842,70.34476949995693,941.8227541499939,1279.4900909868836
exp_001,SA_n30_inst4_run0,base,18000,18001,600.03,0.18612491700332612,70.34476949995693,941.8227541499939,1387.9804212773956
exp_001,SA_n30_inst4_run0,base,18200,18201,606.7,0.18753870902583003,69.64132180495736,941.8227541499939,1228.0639882614605
exp_001,SA_n30_inst4_run0,base,18400,18401,613.37,0.18897579202894121,69.64132180495736,941.8227541499939,1431.036893319149
exp_001,SA_n30_inst4_run0,base,18600,18601,620.03,0.19035508402157575,68.94490858690779,918.1995617704745,1456.6377324987316
exp_001,SA_n30_inst4_run0,base,18800,18801,626.7,0.1917090420029126,68.94490858690779,918.1995617704745,1364.4412686733535
exp_001,SA_n30_inst4_run0,base,19000,19001,633.37,0.1930943750194274,68.94490858690779,918.1995617704745,1212.867290003037
exp_001,SA_n30_inst4_run0,base,19200,19201,640.03,0.19438429200090468,68.25545950103871,918.1995617704745,1306.4051966694162
exp_001,SA_n30_inst4_run0,base,19400,19401,646.7,0.1956229170318693,68.25545950103871,918.1995617704745,1232.786296086941
exp_001,SA_n30_inst4_run0,base,19600,19601,653.37,0.19681966700591147,67.57290490602833,918.1995617704745,1486.9994798833127
exp_001,SA_n30_inst4_run0,base,19800,19801,660.03,0.19801870902301744,67.57290490602833,918.1995617704745,1208.3045946546806
exp_001,SA_n30_inst4_run0,base,20000,20001,666.7,0.19920625002123415,67.57290490602833,909.8180075748543,1481.418035926491
exp_001,SA_n30_inst4_run0,base,20200,20201,673.37,0.20041529199806973,66.89717585696805,909.8180075748543,1229.9853921589931
exp_001,SA_n30_inst4_run0,base,20400,20401,680.03,0.20171354204649106,66.89717585696805,909.8180075748543,1265.3677067697536
exp_001,SA_n30_inst4_run0,base,20600,20601,686.7,0.20295129204168916,66.22820409839836,909.8180075748543,1519.9748413365223
exp_001,SA_n30_inst4_run0,base,20800,20801,693.37,0.2041782500455156,66.22820409839836,909.8180075748543,1067.9890212349167
exp_001,SA_n30_inst4_run0,base,21000,21001,700.03,0.20545491704251617,66.22820409839836,909.8180075748543,1589.2144552237742
exp_001,SA_n30_inst4_run0,base,21200,21201,706.7,0.20673025003634393,65.56592205741438,909.8180075748543,1235.727268077105
exp_001,SA_n30_inst4_run0,base,21400,21401,713.37,0.20795499999076128,65.56592205741438,909.8180075748543,1481.8324857848818
exp_001,SA_n30_inst4_run0,base,21600,21601,720.03,0.20918500004336238,64.91026283684023,909.8180075748543,1309.9048867664933
exp_001,SA_n30_inst4_run0,base,21800,21801,726.7,0.21041358401998878,64.91026283684023,909.8180075748543,1249.9341358442434
exp_001,SA_n30_inst4_run0,base,22000,22001,733.37,0.21162250003544614,64.91026283684023,909.8180075748543,1345.1859406556966
exp_001,SA_n30_inst4_run0,base,22200,22201,740.03,0.21283170901006088,64.26116020847184,909.8180075748543,1256.8716416151372
exp_001,SA_n30_inst4_run0,base,22400,22401,746.7,0.2140312090050429,64.26116020847184,909.8180075748543,1481.8572176173068
exp_001,SA_n30_inst4_run0,base,22600,22601,753.37,0.21523466700455174,63.618548606387115,909.8180075748543,1280.1356626421646
exp_001,SA_n30_inst4_run0,base,22800,22801,760.03,0.21642087504733354,63.618548606387115,909.1393390802849,1265.1631789885294
exp_001,SA_n30_inst4_run0,base,23000,23001,766.7,0.21766900003422052,63.618548606387115,909.1393390802849,1312.4350407522766
exp_001,SA_n30_inst4_run0,base,23200,23201,773.37,0.2189091670443304,62.98236312032324,909.1393390802849,1190.7411674258883
exp_001,SA_n30_inst4_run0,base,23400,23401,780.03,0.22015900001861155,62.98236312032324,909.1393390802849,1319.2719224302573
exp_001,SA_n30_inst4_run0,base,23600,23601,786.7,0.22138654201989993,62.35253948912001,909.1393390802849,1256.1705489915014
exp_001,SA_n30_inst4_run0,base,23800,23801,793.37,0.22258570900885388,62.35253948912001,909.1393390802849,1475.912427851937
exp_001,SA_n30_inst4_run0,base,24000,24001,800.03,0.22377470904029906,62.35253948912001,909.1393390802849,1177.3354224058123
exp_001,SA_n30_inst4_run0,base,24200,24201,806.7,0.22495970904128626,61.72901409422881,909.1393390802849,1340.2209258459138
exp_001,SA_n30_inst4_run0,base,24400,24401,813.37,0.22616600000765175,61.72901409422881,909.1393390802849,1475.3691702407214
exp_001,SA_n30_inst4_run0,base,24600,24601,820.03,0.22740629204781726,61.11172395328652,909.1393390802849,1348.225325500879
exp_001,SA_n30_inst4_run0,base,24800,24801,826.7,0.2286198340007104,61.11172395328652,909.1393390802849,1344.587203269718
exp_001,SA_n30_inst4_run0,base,25000,25001,833.37,0.23014404199784622,61.11172395328652,909.1393390802849,1213.7154856938794
exp_001,SA_n30_inst4_run0,base,25200,25201,840.03,0.23136737500317395,60.500606713753655,909.1393390802849,1366.8260466327527
exp_001,SA_n30_inst4_run0,base,25400,25401,846.7,0.23258820903720334,60.500606713753655,909.1393390802849,1346.3114145633647
exp_001,SA_n30_inst4_run0,base,25600,25601,853.37,0.23381791700376198,59.89560064661612,909.1393390802849,1236.3556321258213
exp_001,SA_n30_inst4_run0,base,25800,25801,860.03,0.23518029204569757,59.89560064661612,909.1393390802849,1465.3305674621656
exp_001,SA_n30_inst4_run0,base,26000,26001,866.7,0.23644925002008677,59.89560064661612,909.1393390802849,1170.4779096826194
exp_001,SA_n30_inst4_run0,base,26200,26201,873.37,0.23780637502204627,59.29664464014996,909.1393390802849,1203.6705567192996
exp_001,SA_n30_inst4_run0,base,26400,26401,880.03,0.23907058400800452,59.29664464014996,909.1393390802849,1223.5322652668249
exp_001,SA_n30_inst4_run0,base,26600,26601,886.7,0.24030179204419255,58.70367819374846,909.1393390802849,1376.0297593127573
exp_001,SA_n30_inst4_run0,base,26800,26801,893.37,0.24152091704308987,58.70367819374846,909.1393390802849,1050.5504557865404
exp_001,SA_n30_inst4_run0,base,27000,27001,900.03,0.24274016701383516,58.70367819374846,909.1393390802849,1466.1936944661938
exp_001,SA_n30_inst4_run0,base,27200,27201,906.7,0.24394466704688966,58.116641411810974,909.1393390802849,1113.756292411673
exp_001,SA_n30_inst4_run0,base,27400,27401,913.37,0.24514391703996807,58.116641411810974,909.1393390802849,1397.0822416161177
exp_001,SA_n30_inst4_run0,base,27600,27601,920.03,0.2463389170006849,57.535474997692866,909.1393390802849,1165.238030916436
exp_001,SA_n30_inst4_run0,base,27800,27801,926.7,0.2475313750328496,57.535474997692866,909.1393390802849,1394.5769742287637
exp_001,SA_n30_inst4_run0,base,28000,28001,933.37,0.24872354202670977,57.535474997692866,909.1393390802849,1383.15622647917
exp_001,SA_n30_inst4_run0,base,28200,28201,940.03,0.2499377090134658,56.960120247715935,909.1393390802849,1192.6391641927426
exp_001,SA_n30_inst4_run0,base,28400,28401,946.7,0.25152512500062585,56.960120247715935,909.1393390802849,1169.0826010949625
exp_001,SA_n30_inst4_run0,base,28600,28601,953.37,0.2528047499945387,56.390519045238776,909.1393390802849,1386.6277761728388
exp_001,SA_n30_inst4_run0,base,28800,28801,960.03,0.2541049169958569,56.390519045238776,909.1393390802849,1330.365847974658
exp_001,SA_n30_inst4_run0,base,29000,29001,966.7,0.2553492500446737,56.390519045238776,909.1393390802849,1436.328651849161
exp_001,SA_n30_inst4_run0,base,29200,29201,973.37,0.25655208399984986,55.82661385478639,909.1393390802849,1168.9650628485242
exp_001,SA_n30_inst4_run0,base,29400,29401,980.03,0.25773599999956787,55.82661385478639,909.1393390802849,1195.9764975673975
exp_001,SA_n30_inst4_run0,base,29600,29601,986.7,0.2589527500094846,55.26834771623852,909.1393390802849,1408.0530650756982
exp_001,SA_n30_inst4_run0,base,29800,29801,993.37,0.2601934589911252,55.26834771623852,909.1393390802849,1401.0248213141197
exp_001,SA_n30_inst4_run0,base,30000,30001,1000.03,0.26139329199213535,55.26834771623852,909.1393390802849,1019.8202926654756
exp_001,SA_n30_inst4_run0,base,30200,30201,1006.7,0.26278495899168774,54.71566423907614,909.1393390802849,1192.155788451721
exp_001,SA_n30_inst4_run0,base,30400,30401,1013.37,0.2640932089998387,54.71566423907614,909.1393390802849,1418.161679292334
exp_001,SA_n30_inst4_run0,base,30600,30601,1020.03,0.26548079203348607,54.16850759668538,909.1393390802849,1251.9471126210105
exp_001,SA_n30_inst4_run0,base,30800,30801,1026.7,0.26680183404823765,54.16850759668538,909.1393390802849,1136.5473498063143
exp_001,SA_n30_inst4_run0,base,31000,31001,1033.37,0.2680689170374535,54.16850759668538,909.1393390802849,1292.2352680394374
exp_001,SA_n30_inst4_run0,base,31200,31201,1040.03,0.2693186250398867,53.62682252071853,909.1393390802849,1195.3624892456553
exp_001,SA_n30_inst4_run0,base,31400,31401,1046.7,0.2705643340013921,53.62682252071853,909.1393390802849,1502.8213383568022
exp_001,SA_n30_inst4_run0,base,31600,31601,1053.37,0.2717832089983858,53.09055429551134,909.1393390802849,1290.5313162431353
exp_001,SA_n30_inst4_run0,base,31800,31801,1060.03,0.2729797920328565,53.09055429551134,909.1393390802849,1327.724727256213
exp_001,SA_n30_inst4_run0,base,32000,32001,1066.7,0.27416008402360603,53.09055429551134,909.1393390802849,1307.5949413791493
exp_001,SA_n30_inst4_run0,base,32200,32201,1073.37,0.27535329200327396,52.55964875255623,909.1393390802849,1174.3107200762445
exp_001,SA_n30_inst4_run0,base,32400,32401,1080.03,0.2765925420098938,52.55964875255623,909.1393390802849,1058.901147747821
exp_001,SA_n30_inst4_run0,base,32600,32601,1086.7,0.2778479169937782,52.03405226503067,909.1393390802849,1123.5943413584137
exp_001,SA_n30_inst4_run0,base,32800,32801,1093.37,0.27903529204195365,52.03405226503067,909.1393390802849,1432.1810163529196
exp_001,SA_n30_inst4_run0,base,33000,33001,1100.03,0.2802098340471275,52.03405226503067,907.6292265128773,1140.1685807501096
exp_001,SA_n30_inst4_run0,base,33200,33201,1106.7,0.2813733750372194,51.51371174238036,907.6292265128773,1131.5788301746406
exp_001,SA_n30_inst4_run0,base,33400,33401,1113.37,0.2825311670312658,51.51371174238036,907.6292265128773,1220.9935394807108
exp_001,SA_n30_inst4_run0,base,33600,33601,1120.03,0.28370279201772064,50.998574624956554,907.6292265128773,1131.358617024757
exp_001,SA_n30_inst4_run0,base,33800,33801,1126.7,0.28504066704772413,50.998574624956554,907.6292265128773,1341.2800285531398
exp_001,SA_n30_inst4_run0,base,34000,34001,1133.37,0.2863804170046933,50.998574624956554,907.6292265128773,1487.0226963960258
exp_001,SA_n30_inst4_run0,base,34200,34201,1140.03,0.2876155420090072,50.488588878706985,907.6292265128773,1162.4938025556696
exp_001,SA_n30_inst4_run0,base,34400,34401,1146.7,0.28884704201482236,50.488588878706985,907.6292265128773,1164.4447429091008
exp_001,SA_n30_inst4_run0,base,34600,34601,1153.37,0.2900386250112206,49.98370298991991,907.6292265128773,1142.847544953594
exp_001,SA_n30_inst4_run0,base,34800,34801,1160.03,0.2912277920404449,49.98370298991991,907.6292265128773,1170.2712194954754
exp_001,SA_n30_inst4_run0,base,35000,35001,1166.7,0.29241633403580636,49.98370298991991,907.6292265128773,1165.8763439339136
exp_001,SA_n30_inst4_run0,base,35200,35201,1173.37,0.29361141700064763,49.483865960020715,907.6292265128773,1299.8950852309554
exp_001,SA_n30_inst4_run0,base,35400,35401,1180.03,0.29481404199032113,49.483865960020715,907.6292265128773,1259.2136681760626
exp_001,SA_n30_inst4_run0,base,35600,35601,1186.7,0.29600195901002735,48.98902730042051,907.6292265128773,1309.1817148326595
exp_001,SA_n30_inst4_run0,base,35800,35801,1193.37,0.297180459019728,48.98902730042051,907.6292265128773,1012.5118306893364
exp_001,SA_n30_inst4_run0,base,36000,36001,1200.03,0.29838945902884007,48.98902730042051,905.4006892482131,1281.9178423532578
exp_001,SA_n30_inst4_run0,base,36200,36201,1206.7,0.2995649170479737,48.4991370274163,905.4006892482131,1286.41315972639
exp_001,SA_n30_inst4_run0,base,36400,36401,1213.37,0.3008064170135185,48.4991370274163,905.4006892482131,1111.9718215116911
exp_001,SA_n30_inst4_run0,base,36600,36601,1220.03,0.30207433400209993,48.01414565714214,905.4006892482131,1056.6402921771485
exp_001,SA_n30_inst4_run0,base,36800,36801,1226.7,0.3033748340094462,48.01414565714214,905.4006892482131,1324.1386283524346
exp_001,SA_n30_inst4_run0,base,37000,37001,1233.37,0.3045922919991426,48.01414565714214,905.4006892482131,1149.9106818102898
exp_001,SA_n30_inst4_run0,base,37200,37201,1240.03,0.30582187499385327,47.53400420057071,905.4006892482131,1075.8385216038437
exp_001,SA_n30_inst4_run0,base,37400,37401,1246.7,0.3070110839908011,47.53400420057071,905.4006892482131,1055.562172155503
exp_001,SA_n30_inst4_run0,base,37600,37601,1253.37,0.308200667030178,47.05866415856501,905.4006892482131,1173.5811395499861
exp_001,SA_n30_inst4_run0,base,37800,37801,1260.03,0.30946454202057794,47.05866415856501,905.4006892482131,1216.317193624474
exp_001,SA_n30_inst4_run0,base,38000,38001,1266.7,0.3109367500292137,47.05866415856501,905.4006892482131,1234.0366915894642
exp_001,SA_n30_inst4_run0,base,38200,38201,1273.37,0.312223625020124,46.58807751697936,905.4006892482131,1290.718423443629
exp_001,SA_n30_inst4_run0,base,38400,38401,1280.03,0.3134311670437455,46.58807751697936,905.4006892482131,1083.82198398579
exp_001,SA_n30_inst4_run0,base,38600,38601,1286.7,0.31463929201709107,46.12219674180957,905.4006892482131,1432.5616948683735
exp_001,SA_n30_inst4_run0,base,38800,38801,1293.37,0.315840583993122,46.12219674180957,905.4006892482131,1199.755851214249
exp_001,SA_n30_inst4_run0,base,39000,39001,1300.03,0.3170242090127431,46.12219674180957,886.0867511091784,1332.986592079226
exp_001,SA_n30_inst4_run0,base,39200,39201,1306.7,0.31833466701209545,45.66097477439147,886.0867511091784,1331.282982761177
exp_001,SA_n30_inst4_run0,base,39400,39401,1313.37,0.3195622499915771,45.66097477439147,886.0867511091784,1219.815788468573
exp_001,SA_n30_inst4_run0,base,39600,39601,1320.03,0.32080945902271196,45.20436502664755,886.0867511091784,1231.2065761840463
exp_001,SA_n30_inst4_run0,base,39800,39801,1326.7,0.32208200002787635,45.20436502664755,886.0867511091784,1110.9054932972879
exp_001,SA_n30_inst4_run0,base,40000,40001,1333.37,0.3233258750406094,45.20436502664755,886.0867511091784,1291.5126129474704
exp_001,SA_n30_inst4_run0,base,40200,40201,1340.03,0.3245175839983858,44.752321376381076,886.0867511091784,1177.068560960411
exp_001,SA_n30_inst4_run0,base,40400,40401,1346.7,0.3257340840063989,44.752321376381076,886.0867511091784,1383.4097008508618
exp_001,SA_n30_inst4_run0,base,40600,40601,1353.37,0.327000625024084,44.30479816261727,886.0867511091784,1192.2357837587722
exp_001,SA_n30_inst4_run0,base,40800,40801,1360.03,0.32823716703569517,44.30479816261727,886.0867511091784,1444.8236319852635
exp_001,SA_n30_inst4_run0,base,41000,41001,1366.7,0.3294418750447221,44.30479816261727,886.0867511091784,1338.7043881584996
exp_001,SA_n30_inst4_run0,base,41200,41201,1373.37,0.33063483401201665,43.861750180991095,886.0867511091784,1176.2430955148495
exp_001,SA_n30_inst4_run0,base,41400,41401,1380.03,0.33181987499119714,43.861750180991095,886.0867511091784,1261.3808737298798
exp_001,SA_n30_inst4_run0,base,41600,41601,1386.7,0.3329916670336388,43.42313267918119,886.0867511091784,1070.0863753279557
exp_001,SA_n30_inst4_run0,base,41800,41801,1393.37,0.3342642090283334,43.42313267918119,886.0867511091784,1424.6712143324185
exp_001,SA_n30_inst4_run0,base,42000,42001,1400.03,0.3356057500350289,43.42313267918119,886.0867511091784,1184.7690847699423
exp_001,SA_n30_inst4_run0,base,42200,42201,1406.7,0.3368955420446582,42.98890135238938,886.0867511091784,1288.5968564182556
exp_001,SA_n30_inst4_run0,base,42400,42401,1413.37,0.33815883402712643,42.98890135238938,886.0867511091784,1184.9114950826224
exp_001,SA_n30_inst4_run0,base,42600,42601,1420.03,0.3393508340232074,42.559012338865486,886.0867511091784,1098.9666530667312
exp_001,SA_n30_inst4_run0,base,42800,42801,1426.7,0.3405159590183757,42.559012338865486,869.6633578537014,869.6633578537014
exp_001,SA_n30_inst4_run0,base,43000,43001,1433.37,0.3416960840113461,42.559012338865486,843.9441848044582,1160.4482974207679
exp_001,SA_n30_inst4_run0,base,43200,43201,1440.03,0.34292170900152996,42.133422215476834,843.9441848044582,1276.2624206736048
exp_001,SA_n30_inst4_run0,base,43400,43401,1446.7,0.34412958403117955,42.133422215476834,843.9441848044582,981.7527774141504
exp_001,SA_n30_inst4_run0,base,43600,43601,1453.37,0.3453259590314701,41.712087993322065,843.9441848044582,1283.1138158916622
exp_001,SA_n30_inst4_run0,base,43800,43801,1460.03,0.34652004204690456,41.712087993322065,843.9441848044582,1171.3415111267395
exp_001,SA_n30_inst4_run0,base,44000,44001,1466.7,0.34770991699770093,41.712087993322065,843.9441848044582,1301.3621371909553
exp_001,SA_n30_inst4_run0,base,44200,44201,1473.37,0.34890941699268296,41.29496711338884,843.9441848044582,924.400915028811
exp_001,SA_n30_inst4_run0,base,44400,44401,1480.03,0.3501160840387456,41.29496711338884,843.9441848044582,1245.581026384142
exp_001,SA_n30_inst4_run0,base,44600,44601,1486.7,0.3513461670372635,40.882017442254956,843.9441848044582,1117.6584579809344
exp_001,SA_n30_inst4_run0,base,44800,44801,1493.37,0.35256950004259124,40.882017442254956,843.9441848044582,1318.6088124267426
exp_001,SA_n30_inst4_run0,base,45000,45001,1500.03,0.35378254199167714,40.882017442254956,843.9441848044582,1079.238240018258
exp_001,SA_n30_inst4_run0,base,45200,45201,1506.7,0.35496041702572256,40.473197267832404,843.9441848044582,1107.0254372003085
exp_001,SA_n30_inst4_run0,base,45400,45401,1513.37,0.3561207500169985,40.473197267832404,843.9441848044582,1159.6001238627614
exp_001,SA_n30_inst4_run0,base,45600,45601,1520.03,0.3572951669921167,40.06846529515408,843.9441848044582,1138.7339706495911
exp_001,SA_n30_inst4_run0,base,45800,45801,1526.7,0.35846662503900006,40.06846529515408,843.9441848044582,1301.262626719038
exp_001,SA_n30_inst4_run0,base,46000,46001,1533.37,0.35966204199939966,40.06846529515408,843.9441848044582,890.7699946838294
exp_001,SA_n30_inst4_run0,base,46200,46201,1540.03,0.36084766703424975,39.66778064220254,843.9441848044582,1163.0581659544366
exp_001,SA_n30_inst4_run0,base,46400,46401,1546.7,0.3620371670112945,39.66778064220254,843.9441848044582,1084.6028853116932
exp_001,SA_n30_inst4_run0,base,46600,46601,1553.37,0.36322100000688806,39.27110283578051,843.9441848044582,1264.4589928115377
exp_001,SA_n30_inst4_run0,base,46800,46801,1560.03,0.3643979170010425,39.27110283578051,843.9441848044582,1197.8796207676382
exp_001,SA_n30_inst4_run0,base,47000,47001,1566.7,0.3655961250187829,39.27110283578051,812.2241857660179,1129.3742940445447
exp_001,SA_n30_inst4_run0,base,47200,47201,1573.37,0.36677349999081343,38.8783918074227,797.4495914776278,1420.8472159350026
exp_001,SA_n30_inst4_run0,base,47400,47401,1580.03,0.3679337089997716,38.8783918074227,797.4495914776278,1290.7221686922633
exp_001,SA_n30_inst4_run0,base,47600,47601,1586.7,0.36909170902799815,38.48960788934848,797.4495914776278,1037.5435670501975
exp_001,SA_n30_inst4_run0,base,47800,47801,1593.37,0.3702496670302935,38.48960788934848,797.4495914776278,1066.0679827687497
exp_001,SA_n30_inst4_run0,base,48000,48001,1600.03,0.3714110840228386,38.48960788934848,797.4495914776278,1159.7533112369658
exp_001,SA_n30_inst4_run0,base,48200,48201,1606.7,0.3725908340420574,38.104711810454994,797.4495914776278,1178.4389754651338
exp_001,SA_n30_inst4_run0,base,48400,48401,1613.37,0.37375845899805427,38.104711810454994,797.4495914776278,1178.6767703656153
exp_001,SA_n30_inst4_run0,base,48600,48601,1620.03,0.37492295901756734,37.72366469235045,797.4495914776278,1030.4764938239396
exp_001,SA_n30_inst4_run0,base,48800,48801,1626.7,0.37612316699232906,37.72366469235045,797.4495914776278,1158.3542675600913
exp_001,SA_n30_inst4_run0,base,49000,49001,1633.37,0.37734008400002494,37.72366469235045,797.4495914776278,982.834405997808
exp_001,SA_n30_inst4_run0,base,49200,49201,1640.03,0.37851900001987815,37.34642804542694,797.4495914776278,979.2634110260492
exp_001,SA_n30_inst4_run0,base,49400,49401,1646.7,0.3797015000018291,37.34642804542694,797.4495914776278,1105.0269935238236
exp_001,SA_n30_inst4_run0,base,49600,49601,1653.37,0.38088075001724064,36.97296376497267,797.4495914776278,1167.4221118340936
exp_001,SA_n30_inst4_run0,base,49800,49801,1660.03,0.3821215000352822,36.97296376497267,797.4495914776278,1283.0898203250183
exp_001,SA_n30_inst4_run0,base,50000,50001,1666.7,0.3833000000449829,36.97296376497267,797.4495914776278,1046.0576424970595
exp_001,SA_n30_inst4_run0,base,50000,50001,1666.7,0.38337137503549457,0.00099,797.4495914776278,1046.0576424970595
exp_001,SA_n30_inst4_run1,base,0,1,0.03,1.3750395737588406e-06,100.0,1552.8284346046048,1552.8284346046048
exp_001,SA_n30_inst4_run1,base,200,201,6.7,0.0012125000357627869,100.0,1272.3895889706682,1584.029169768209
exp_001,SA_n30_inst4_run1,base,400,401,13.37,0.0024144170456565917,100.0,1179.2053920141263,1209.4740906066122
exp_001,SA_n30_inst4_run1,base,600,601,20.03,0.003617792041040957,99.0,1179.2053920141263,1382.1500454938302
exp_001,SA_n30_inst4_run1,base,800,801,26.7,0.004802958050277084,99.0,1133.8700367692886,1219.8387475519496
exp_001,SA_n30_inst4_run1,base,1000,1001,33.37,0.0060343750519678,99.0,1133.8700367692886,1470.1657230593546
exp_001,SA_n30_inst4_run1,base,1200,1201,40.03,0.007277750002685934,98.01,1111.647176672969,1373.1096014561558
exp_001,SA_n30_inst4_run1,base,1400,1401,46.7,0.008513375010807067,98.01,1111.647176672969,1403.9254910055772
exp_001,SA_n30_inst4_run1,base,1600,1601,53.37,0.009741833026055247,97.0299,1111.647176672969,1442.619286288724
exp_001,SA_n30_inst4_run1,base,1800,1801,60.03,0.010950958007015288,97.0299,1111.647176672969,1289.3607598048463
exp_001,SA_n30_inst4_run1,base,2000,2001,66.7,0.012151667033322155,97.0299,1111.647176672969,1443.8930428711012
exp_001,SA_n30_inst4_run1,base,2200,2201,73.37,0.013350292050745338,96.059601,1111.647176672969,1406.900266940355
exp_001,SA_n30_inst4_run1,base,2400,2401,80.03,0.014565417019184679,96.059601,1061.0659977314642,1304.4087256943978
exp_001,SA_n30_inst4_run1,base,2600,2601,86.7,0.015775042003951967,95.09900499,1061.0659977314642,1269.2521722368028
exp_001,SA_n30_inst4_run1,base,2800,2801,93.37,0.016973292047623545,95.09900499,1055.6824790488004,1370.5679360651645
exp_001,SA_n30_inst4_run1,base,3000,3001,100.03,0.018180667015258223,95.09900499,1055.6824790488004,1373.9750373121092
exp_001,SA_n30_inst4_run1,base,3200,3201,106.7,0.019393042020965368,94.1480149401,1055.6824790488004,1407.7733181818812
exp_001,SA_n30_inst4_run1,base,3400,3401,113.37,0.02058383304392919,94.1480149401,1055.6824790488004,1398.301192614385
exp_001,SA_n30_inst4_run1,base,3600,3601,120.03,0.02178395801456645,93.206534790699,1055.6824790488004,1449.7097012415584
exp_001,SA_n30_inst4_run1,base,3800,3801,126.7,0.02304204204119742,93.206534790699,1055.6824790488004,1442.5248229470276
exp_001,SA_n30_inst4_run1,base,4000,4001,133.37,0.02433833305258304,93.206534790699,1055.6824790488004,1529.3146388129064
exp_001,SA_n30_inst4_run1,base,4200,4201,140.03,0.025580833025742322,92.27446944279201,1055.6824790488004,1287.3695455070203
exp_001,SA_n30_inst4_run1,base,4400,4401,146.7,0.02680412505287677,92.27446944279201,1055.6824790488004,1227.6090857322856
exp_001,SA_n30_inst4_run1,base,4600,4601,153.37,0.02802645805059001,91.35172474836409,1055.6824790488004,1415.904725783562
exp_001,SA_n30_inst4_run1,base,4800,4801,160.03,0.029230875021312386,91.35172474836409,1055.6824790488004,1268.724412794943
exp_001,SA_n30_inst4_run1,base,5000,5001,166.7,0.03042662504594773,91.35172474836409,1055.6824790488004,1186.9729244939376
exp_001,SA_n30_inst4_run1,base,5200,5201,173.37,0.03163104201667011,90.43820750088045,1055.6824790488004,1245.2765825143154
exp_001,SA_n30_inst4_run1,base,5400,5401,180.03,0.032848042028490454,90.43820750088045,1008.6036158511412,1455.8026460479025
exp_001,SA_n30_inst4_run1,base,5600,5601,186.7,0.034048166999127716,89.53382542587164,1008.6036158511412,1157.7343757635601
exp_001,SA_n30_inst4_run1,base,5800,5801,193.37,0.035250250017270446,89.53382542587164,1008.6036158511412,1252.7580282594397
exp_001,SA_n30_inst4_run1,base,6000,6001,200.03,0.03644987504230812,89.53382542587164,1008.6036158511412,1439.2219569153065
exp_001,SA_n30_inst4_run1,base,6200,6201,206.7,0.0376526250038296,88.63848717161292,1008.6036158511412,1216.1814059770818
exp_001,SA_n30_inst4_run1,base,6400,6401,213.37,0.038952792005147785,88.63848717161292,1008.6036158511412,1367.0429746928346
exp_001,SA_n30_inst4_run1,base,6600,6601,220.03,0.04024187504546717,87.75210229989679,1008.6036158511412,1264.8916110325686
exp_001,SA_n30_inst4_run1,base,6800,6801,226.7,0.04147379205096513,87.75210229989679,1008.6036158511412,1207.324918663125
exp_001,SA_n30_inst4_run1,base,7000,7001,233.37,0.042815833003260195,87.75210229989679,1008.6036158511412,1375.4178451368475
exp_001,SA_n30_inst4_run1,base,7200,7201,240.03,0.04408979200525209,86.87458127689783,1008.6036158511412,1257.2301261550049
exp_001,SA_n30_inst4_run1,base,7400,7401,246.7,0.04531937499996275,86.87458127689783,1008.6036158511412,1265.3553110280868
exp_001,SA_n30_inst4_run1,base,7600,7601,253.37,0.04653525003232062,86.00583546412885,1008.6036158511412,1380.8418840271725
exp_001,SA_n30_inst4_run1,base,7800,7801,260.03,0.04772708303062245,86.00583546412885,1008.6036158511412,1308.9293760732812
exp_001,SA_n30_inst4_run1,base,8000,8001,266.7,0.04893008305225521,86.00583546412885,1008.6036158511412,1257.2553547667967
exp_001,SA_n30_inst4_run1,base,8200,8201,273.37,0.05032037501223385,85.14577710948755,1008.6036158511412,1213.6556588640533
exp_001,SA_n30_inst4_run1,base,8400,8401,280.03,0.051640542049426585,85.14577710948755,1008.6036158511412,1167.951058347569
exp_001,SA_n30_inst4_run1,base,8600,8601,286.7,0.053183042036835104,84.29431933839268,1008.6036158511412,1359.447962832802
exp_001,SA_n30_inst4_run1,base,8800,8801,293.37,0.05448945803800598,84.29431933839268,1008.6036158511412,1418.9435365958345
exp_001,SA_n30_inst4_run1,base,9000,9001,300.03,0.056145917042158544,84.29431933839268,1008.6036158511412,1329.2687220210807
exp_001,SA_n30_inst4_run1,base,9200,9201,306.7,0.05749875004403293,83.45137614500875,1008.6036158511412,1621.1190808706065
exp_001,SA_n30_inst4_run1,base,9400,9401,313.37,0.0588245420367457,83.45137614500875,1008.6036158511412,1307.7876020794638
exp_001,SA_n30_inst4_run1,base,9600,9601,320.03,0.060087792051490396,82.61686238355867,1008.6036158511412,1186.9193159356505
exp_001,SA_n30_inst4_run1,base,9800,9801,326.7,0.06133716704789549,82.61686238355867,1008.6036158511412,1377.0310477778844
exp_001,SA_n30_inst4_run1,base,10000,10001,333.37,0.06254658300895244,82.61686238355867,1008.6036158511412,1129.1573042508812
exp_001,SA_n30_inst4_run1,base,10200,10201,340.03,0.0637681670486927,81.79069375972308,976.2191224466956,1251.2333279270254
exp_001,SA_n30_inst4_run1,base,10400,10401,346.7,0.06496829201932997,81.79069375972308,976.2191224466956,1292.755315723145
exp_001,SA_n30_inst4_run1,base,10600,10601,353.37,0.06617866700980812,80.97278682212585,976.2191224466956,1383.9112468813369
exp_001,SA_n30_inst4_run1,base,10800,10801,360.03,0.0673583330353722,80.97278682212585,976.2191224466956,1380.5064721108613
exp_001,SA_n30_inst4_run1,base,11000,11001,366.7,0.06854191701859236,80.97278682212585,976.2191224466956,1441.6867628978841
exp_001,SA_n30_inst4_run1,base,11200,11201,373.37,0.06972666701767594,80.1630589539046,976.2191224466956,1311.2969466755458
exp_001,SA_n30_inst4_run1,base,11400,11401,380.03,0.07091054203920066,80.1630589539046,976.2191224466956,1405.231707475959
exp_001,SA_n30_inst4_run1,base,11600,11601,386.7,0.07209525001235306,79.36142836436555,976.2191224466956,1047.7203635288029
exp_001,SA_n30_inst4_run1,base,11800,11801,393.37,0.07331975002307445,79.36142836436555,976.2191224466956,1447.6293565330259
exp_001,SA_n30_inst4_run1,base,12000,12001,400.03,0.07462141703581437,79.36142836436555,976.2191224466956,1216.7300784008075
exp_001,SA_n30_inst4_run1,base,12200,12201,406.7,0.07587575004436076,78.56781408072189,976.2191224466956,1417.3315785658938
exp_001,SA_n30_inst4_run1,base,12400,12401,413.37,0.07709229202009737,78.56781408072189,976.2191224466956,1104.8684887840182
exp_001,SA_n30_inst4_run1,base,12600,12601,420.03,0.07830504199955612,77.78213593991467,976.2191224466956,1396.83734459532
exp_001,SA_n30_inst4_run1,base,12800,12801,426.7,0.07954450004035607,77.78213593991467,976.2191224466956,1196.1390223966578
exp_001,SA_n30_inst4_run1,base,13000,13001,433.37,0.08075545803876594,77.78213593991467,976.2191224466956,1328.4409792826025
exp_001,SA_n30_inst4_run1,base,13200,13201,440.03,0.0819704580353573,77.00431458051553,976.2191224466956,1315.0750015205676
exp_001,SA_n30_inst4_run1,base,13400,13401,446.7,0.0831637920346111,77.00431458051553,976.2191224466956,1390.9553700630245
exp_001,SA_n30_inst4_run1,base,13600,13601,453.37,0.0843693750211969,76.23427143471037,976.2191224466956,1424.0006128117373
exp_001,SA_n30_inst4_run1,base,13800,13801,460.03,0.08556216704891995,76.23427143471037,976.2191224466956,1141.885231862578
exp_001,SA_n30_inst4_run1,base,14000,14001,466.7,0.08674112503649667,76.23427143471037,976.2191224466956,1303.384045932751
exp_001,SA_n30_inst4_run1,base,14200,14201,473.37,0.08793829201022163,75.47192872036327,976.2191224466956,1323.9647930305314
exp_001,SA_n30_inst4_run1,base,14400,14401,480.03,0.08916620805393904,75.47192872036327,976.2191224466956,1143.9111555106408
exp_001,SA_n30_inst4_run1,base,14600,14601,486.7,0.09043425001436844,74.71720943315964,895.4607989682157,1071.1615062974122
exp_001,SA_n30_inst4_run1,base,14800,14801,493.37,0.09165762504562736,74.71720943315964,895.4607989682157,1607.6836572109164
exp_001,SA_n30_inst4_run1,base,15000,15001,500.03,0.09287841705372557,74.71720943315964,895.4607989682157,1209.9144656127949
exp_001,SA_n30_inst4_run1,base,15200,15201,506.7,0.09411004203138873,73.97003733882804,895.4607989682157,1345.9969054644275
exp_001,SA_n30_inst4_run1,base,15400,15401,513.37,0.09536879201186821,73.97003733882804,895.4607989682157,1316.016202617882
exp_001,SA_n30_inst4_run1,base,15600,15601,520.03,0.09657733305357397,73.23033696543976,895.4607989682157,1297.344249100009
exp_001,SA_n30_inst4_run1,base,15800,15801,526.7,0.09777016704902053,73.23033696543976,895.4607989682157,1408.0005575487412
exp_001,SA_n30_inst4_run1,base,16000,16001,533.37,0.09896887501236051,73.23033696543976,895.4607989682157,1355.191535636767
exp_001,SA_n30_inst4_run1,base,16200,16201,540.03,0.10016895801527426,72.49803359578536,895.4607989682157,1458.744045490451
exp_001,SA_n30_inst4_run1,base,16400,16401,546.7,0.10135141701903194,72.49803359578536,895.4607989682157,1238.0685651518495
exp_001,SA_n30_inst4_run1,base,16600,16601,553.37,0.10254429205087945,71.7730532598275,895.4607989682157,1473.6292528645822
exp_001,SA_n30_inst4_run1,base,16800,16801,560.03,0.1037269170046784,71.7730532598275,895.4607989682157,1345.6564214373536
exp_001,SA_n30_inst4_run1,base,17000,17001,566.7,0.1049371249973774,71.7730532598275,895.4607989682157,1315.401876813384
exp_001,SA_n30_inst4_run1,base,17200,17201,573.37,0.1061890420387499,71.05532272722922,895.4607989682157,1322.571257401732
exp_001,SA_n30_inst4_run1,base,17400,17401,580.03,0.10744987503858283,71.05532272722922,895.4607989682157,1448.9993564251483
exp_001,SA_n30_inst4_run1,base,17600,17601,586.7,0.10867162502836436,70.34476949995693,895.4607989682157,1309.9798759219116
exp_001,SA_n30_inst4_run1,base,17800,17801,593.37,0.10988354199798778,70.34476949995693,895.4607989682157,1320.7608412448926
exp_001,SA_n30_inst4_run1,base,18000,18001,600.03,0.11107816704316065,70.34476949995693,895.4607989682157,1411.379140797273
exp_001,SA_n30_inst4_run1,base,18200,18201,606.7,0.11230358300963417,69.64132180495736,895.4607989682157,1370.7192420938056
exp_001,SA_n30_inst4_run1,base,18400,18401,613.37,0.11350516701349989,69.64132180495736,895.4607989682157,1294.4921371413454
exp_001,SA_n30_inst4_run1,base,18600,18601,620.03,0.11469745804788545,68.94490858690779,895.4607989682157,1266.3906633804777
exp_001,SA_n30_inst4_run1,base,18800,18801,626.7,0.11589633300900459,68.94490858690779,895.4607989682157,1228.7936073367441
exp_001,SA_n30_inst4_run1,base,19000,19001,633.37,0.11708970804465935,68.94490858690779,895.4607989682157,1369.8627511730822
exp_001,SA_n30_inst4_run1,base,19200,19201,640.03,0.11830262502189726,68.25545950103871,895.4607989682157,1358.1084773024513
exp_001,SA_n30_inst4_run1,base,19400,19401,646.7,0.11953158304095268,68.25545950103871,895.4607989682157,1367.226557513215
exp_001,SA_n30_inst4_run1,base,19600,19601,653.37,0.1207467500353232,67.57290490602833,895.4607989682157,1316.7426663897302
exp_001,SA_n30_inst4_run1,base,19800,19801,660.03,0.12197375000687316,67.57290490602833,895.4607989682157,1289.523216443962
exp_001,SA_n30_inst4_run1,base,20000,20001,666.7,0.12320770800579339,67.57290490602833,895.4607989682157,1204.0092344202963
exp_001,SA_n30_inst4_run1,base,20200,20201,673.37,0.12440900004003197,66.89717585696805,895.4607989682157,1220.3272264274835
exp_001,SA_n30_inst4_run1,base,20400,20401,680.03,0.12569054204504937,66.89717585696805,895.4607989682157,1360.5555568390655
exp_001,SA_n30_inst4_run1,base,20600,20601,686.7,0.1268857500399463,66.22820409839836,895.4607989682157,1395.9253285567527
exp_001,SA_n30_inst4_run1,base,20800,20801,693.37,0.12808237504214048,66.22820409839836,895.4607989682157,1177.308844905312
exp_001,SA_n30_inst4_run1,base,21000,21001,700.03,0.1292796250199899,66.22820409839836,895.4607989682157,1277.9360220190172
exp_001,SA_n30_inst4_run1,base,21200,21201,706.7,0.13049300003331155,65.56592205741438,895.4607989682157,1448.4350898653252
exp_001,SA_n30_inst4_run1,base,21400,21401,713.37,0.1316867500427179,65.56592205741438,895.4607989682157,1283.0952852913522
exp_001,SA_n30_inst4_run1,base,21600,21601,720.03,0.13289462501415983,64.91026283684023,895.4607989682157,1411.3603109644425
exp_001,SA_n30_inst4_run1,base,21800,21801,726.7,0.1340972920297645,64.91026283684023,895.4607989682157,1313.518695071603
exp_001,SA_n30_inst4_run1,base,22000,22001,733.37,0.1352886250242591,64.91026283684023,895.4607989682157,1321.4623082032263
exp_001,SA_n30_inst4_run1,base,22200,22201,740.03,0.13647479203063995,64.26116020847184,895.4607989682157,1531.9179036844866
exp_001,SA_n30_inst4_run1,base,22400,22401,746.7,0.1376632500323467,64.26116020847184,895.4607989682157,1164.4752190820454
exp_001,SA_n30_inst4_run1,base,22600,22601,753.37,0.13886229204945266,63.618548606387115,895.4607989682157,1181.6274936233135
exp_001,SA_n30_inst4_run1,base,22800,22801,760.03,0.1401038330513984,63.618548606387115,895.4607989682157,1316.229029236917
exp_001,SA_n30_inst4_run1,base,23000,23001,766.7,0.14131662499858066,63.618548606387115,895.4607989682157,1231.865764635834
exp_001,SA_n30_inst4_run1,base,23200,23201,773.37,0.1425243749981746,62.98236312032324,895.4607989682157,1423.9291410689418
exp_001,SA_n30_inst4_run1,base,23400,23401,780.03,0.14372000005096197,62.98236312032324,895.4607989682157,1358.432377704009
exp_001,SA_n30_inst4_run1,base,23600,23601,786.7,0.14492433302802965,62.35253948912001,895.4607989682157,1421.7223586195394
exp_001,SA_n30_inst4_run1,base,23800,23801,793.37,0.14612837502500042,62.35253948912001,895.4607989682157,1264.2285298617658
exp_001,SA_n30_inst4_run1,base,24000,24001,800.03,0.14731750002829358,62.35253948912001,895.4607989682157,1303.4311778056135
exp_001,SA_n30_inst4_run1,base,24200,24201,806.7,0.14851283305324614,61.72901409422881,895.4607989682157,1325.9772245007819
exp_001,SA_n30_inst4_run1,base,24400,24401,813.37,0.14970091701252386,61.72901409422881,895.4607989682157,1150.1512519830922
exp_001,SA_n30_inst4_run1,base,24600,24601,820.03,0.15088750002905726,61.11172395328652,895.4607989682157,1484.0483244930035
exp_001,SA_n30_inst4_run1,base,24800,24801,826.7,0.152082042011898,61.11172395328652,895.4607989682157,1374.8227687976664
exp_001,SA_n30_inst4_run1,base,25000,25001,833.37,0.15327841701218858,61.11172395328652,895.4607989682157,1298.101909146349
exp_001,SA_n30_inst4_run1,base,25200,25201,840.03,0.15446600003633648,60.500606713753655,895.4607989682157,1504.7820762996184
exp_001,SA_n30_inst4_run1,base,25400,25401,846.7,0.15568066702689976,60.500606713753655,895.4607989682157,1288.355911222083
exp_001,SA_n30_inst4_run1,base,25600,25601,853.37,0.15689012501388788,59.89560064661612,895.4607989682157,1494.7068967195132
exp_001,SA_n30_inst4_run1,base,25800,25801,860.03,0.15808795799966902,59.89560064661612,895.4607989682157,1260.3580983438653
exp_001,SA_n30_inst4_run1,base,26000,26001,866.7,0.15929379203589633,59.89560064661612,895.4607989682157,1517.5993083889564
exp_001,SA_n30_inst4_run1,base,26200,26201,873.37,0.16048566700192168,59.29664464014996,895.4607989682157,1351.2319782581524
exp_001,SA_n30_inst4_run1,base,26400,26401,880.03,0.16166066704317927,59.29664464014996,895.4607989682157,1315.7133516532108
exp_001,SA_n30_inst4_run1,base,26600,26601,886.7,0.16283716703765094,58.70367819374846,895.4607989682157,1211.7643379663996
exp_001,SA_n30_inst4_run1,base,26800,26801,893.37,0.16401904204394668,58.70367819374846,895.4607989682157,1308.8997573698682
exp_001,SA_n30_inst4_run1,base,27000,27001,900.03,0.16525025002192706,58.70367819374846,895.4607989682157,1374.407010737719
exp_001,SA_n30_inst4_run1,base,27200,27201,906.7,0.1664350830251351,58.116641411810974,895.4607989682157,1181.7253370126512
exp_001,SA_n30_inst4_run1,base,27400,27401,913.37,0.16761845804285258,58.116641411810974,895.4607989682157,1212.9897758279506
exp_001,SA_n30_inst4_run1,base,27600,27601,920.03,0.16879862500354648,57.535474997692866,895.4607989682157,1325.5686481157936
exp_001,SA_n30_inst4_run1,base,27800,27801,926.7,0.1699692080146633,57.535474997692866,895.4607989682157,1259.0449511966192
exp_001,SA_n30_inst4_run1,base,28000,28001,933.37,0.1711320000467822,57.535474997692866,895.4607989682157,1207.9398041677805
exp_001,SA_n30_inst4_run1,base,28200,28201,940.03,0.17231537500629202,56.960120247715935,895.4607989682157,1267.264145640065
exp_001,SA_n30_inst4_run1,base,28400,28401,946.7,0.17350108304526657,56.960120247715935,895.4607989682157,1285.905530834401
exp_001,SA_n30_inst4_run1,base,28600,28601,953.37,0.17469758301740512,56.390519045238776,895.4607989682157,1182.7918933870553
exp_001,SA_n30_inst4_run1,base,28800,28801,960.03,0.17595716699725017,56.390519045238776,895.4607989682157,1219.9029073025308
exp_001,SA_n30_inst4_run1,base,29000,29001,966.7,0.17719916702480987,56.390519045238776,895.4607989682157,1453.3569892914647
exp_001,SA_n30_inst4_run1,base,29200,29201,973.37,0.17845020804088563,55.82661385478639,895.4607989682157,1179.5363362593303
exp_001,SA_n30_inst4_run1,base,29400,29401,980.03,0.17969887499930337,55.82661385478639,895.4607989682157,1247.463355962676
exp_001,SA_n30_inst4_run1,base,29600,29601,986.7,0.1809457500348799,55.26834771623852,895.4607989682157,1314.705032852903
exp_001,SA_n30_inst4_run1,base,29800,29801,993.37,0.18215608299942687,55.26834771623852,895.4607989682157,1090.4033858824753
exp_001,SA_n30_inst4_run1,base,30000,30001,1000.03,0.1833655420341529,55.26834771623852,895.4607989682157,1104.8489504140234
exp_001,SA_n30_inst4_run1,base,30200,30201,1006.7,0.18459208303829655,54.71566423907614,895.4607989682157,1178.7311117150698
exp_001,SA_n30_inst4_run1,base,30400,30401,1013.37,0.18577845802064985,54.71566423907614,895.4607989682157,1244.8272523707712
exp_001,SA_n30_inst4_run1,base,30600,30601,1020.03,0.18699108302826062,54.16850759668538,895.4607989682157,1215.4542721573982
exp_001,SA_n30_inst4_run1,base,30800,30801,1026.7,0.1881782080163248,54.16850759668538,895.4607989682157,1184.285795182824
exp_001,SA_n30_inst4_run1,base,31000,31001,1033.37,0.18935808300739154,54.16850759668538,895.4607989682157,1322.4487406349974
exp_001,SA_n30_inst4_run1,base,31200,31201,1040.03,0.19054575002519414,53.62682252071853,895.4607989682157,1179.1675587726072
exp_001,SA_n30_inst4_run1,base,31400,31401,1046.7,0.19172779202926904,53.62682252071853,895.4607989682157,1113.7671159207719
exp_001,SA_n30_inst4_run1,base,31600,31601,1053.37,0.19294891704339534,53.09055429551134,895.4607989682157,1071.3536389955498
exp_001,SA_n30_inst4_run1,base,31800,31801,1060.03,0.1942233750014566,53.09055429551134,895.4607989682157,1252.977541114973
exp_001,SA_n30_inst4_run1,base,32000,32001,1066.7,0.1954414170468226,53.09055429551134,895.4607989682157,1395.597799189763
exp_001,SA_n30_inst4_run1,base,32200,32201,1073.37,0.19663954200223088,52.55964875255623,895.4607989682157,1164.702275748904
exp_001,SA_n30_inst4_run1,base,32400,32401,1080.03,0.19783666700823233,52.55964875255623,895.4607989682157,1186.2833579916924
exp_001,SA_n30_inst4_run1,base,32600,32601,1086.7,0.1990220420411788,52.03405226503067,895.4607989682157,1218.6623499683099
exp_001,SA_n30_inst4_run1,base,32800,32801,1093.37,0.20020191703224555,52.03405226503067,895.4607989682157,1154.290402206419
exp_001,SA_n30_inst4_run1,base,33000,33001,1100.03,0.2013780420529656,52.03405226503067,895.4607989682157,1239.5854548611144
exp_001,SA_n30_inst4_run1,base,33200,33201,1106.7,0.20255229203030467,51.51371174238036,895.4607989682157,1178.9641521800056
exp_001,SA_n30_inst4_run1,base,33400,33401,1113.37,0.20372108300216496,51.51371174238036,895.4607989682157,1128.5111157037275
exp_001,SA_n30_inst4_run1,base,33600,33601,1120.03,0.20488304202444851,50.998574624956554,895.4607989682157,1291.114010582855
exp_001,SA_n30_inst4_run1,base,33800,33801,1126.7,0.20608900004299358,50.998574624956554,895.4607989682157,1211.6948704125712
exp_001,SA_n30_inst4_run1,base,34000,34001,1133.37,0.2073151670047082,50.998574624956554,895.4607989682157,1345.3201482505467
exp_001,SA_n30_inst4_run1,base,34200,34201,1140.03,0.2085346250096336,50.488588878706985,895.4607989682157,1222.0069365773638
exp_001,SA_n30_inst4_run1,base,34400,34401,1146.7,0.20973695802967995,50.488588878706985,895.4607989682157,1005.4923227882
exp_001,SA_n30_inst4_run1,base,34600,34601,1153.37,0.21092045801924542,49.98370298991991,895.4607989682157,1218.7566059184078
exp_001,SA_n30_inst4_run1,base,34800,34801,1160.03,0.21211466699605808,49.98370298991991,895.4607989682157,1086.953130194014
exp_001,SA_n30_inst4_run1,base,35000,35001,1166.7,0.21328716701827943,49.98370298991991,895.4607989682157,1238.2026850376094
exp_001,SA_n30_inst4_run1,base,35200,35201,1173.37,0.21447800000896677,49.483865960020715,895.4607989682157,1302.0530530087883
exp_001,SA_n30_inst4_run1,base,35400,35401,1180.03,0.2156648330274038,49.483865960020715,895.4607989682157,1305.4923071504816
exp_001,SA_n30_inst4_run1,base,35600,35601,1186.7,0.21684525004820898,48.98902730042051,895.4607989682157,1374.0684501715607
exp_001,SA_n30_inst4_run1,base,35800,35801,1193.37,0.21807583305053413,48.98902730042051,895.4607989682157,1270.9262090880366
exp_001,SA_n30_inst4_run1,base,36000,36001,1200.03,0.21924554201541469,48.98902730042051,895.4607989682157,1188.9493538049708
exp_001,SA_n30_inst4_run1,base,36200,36201,1206.7,0.22043091704836115,48.4991370274163,895.4607989682157,1380.4643273984511
exp_001,SA_n30_inst4_run1,base,36400,36401,1213.37,0.22162566700717434,48.4991370274163,895.4607989682157,1189.1240231332827
exp_001,SA_n30_inst4_run1,base,36600,36601,1220.03,0.22284316702280194,48.01414565714214,895.4607989682157,1208.5810528086536
exp_001,SA_n30_inst4_run1,base,36800,36801,1226.7,0.22404666704824194,48.01414565714214,895.4607989682157,934.1965988913839
exp_001,SA_n30_inst4_run1,base,37000,37001,1233.37,0.22524350002640858,48.01414565714214,874.145793379551,1404.4523639443887
exp_001,SA_n30_inst4_run1,base,37200,37201,1240.03,0.22646787500707433,47.53400420057071,874.145793379551,1397.6354181881418
exp_001,SA_n30_inst4_run1,base,37400,37401,1246.7,0.22770012501860037,47.53400420057071,874.145793379551,1205.5403801576897
exp_001,SA_n30_inst4_run1,base,37600,37601,1253.37,0.22890375001588836,47.05866415856501,874.145793379551,1335.1269287566304
exp_001,SA_n30_inst4_run1,base,37800,37801,1260.03,0.23010737501317635,47.05866415856501,874.145793379551,1212.5407574253006
exp_001,SA_n30_inst4_run1,base,38000,38001,1266.7,0.23129475000314415,47.05866415856501,874.145793379551,1178.8649856439433
exp_001,SA_n30_inst4_run1,base,38200,38201,1273.37,0.23250254202866927,46.58807751697936,874.145793379551,1338.704097591988
exp_001,SA_n30_inst4_run1,base,38400,38401,1280.03,0.23369029205059633,46.58807751697936,874.145793379551,1238.493897124777
exp_001,SA_n30_inst4_run1,base,38600,38601,1286.7,0.23485362500650808,46.12219674180957,874.145793379551,1256.5113294552862
exp_001,SA_n30_inst4_run1,base,38800,38801,1293.37,0.23602466704323888,46.12219674180957,874.145793379551,1296.0242716125997
exp_001,SA_n30_inst4_run1,base,39000,39001,1300.03,0.23719304200494662,46.12219674180957,874.145793379551,1201.883043303591
exp_001,SA_n30_inst4_run1,base,39200,39201,1306.7,0.23835762502858415,45.66097477439147,874.145793379551,1347.8775136594725
exp_001,SA_n30_inst4_run1,base,39400,39401,1313.37,0.239573750004638,45.66097477439147,874.145793379551,1236.754264003556
exp_001,SA_n30_inst4_run1,base,39600,39601,1320.03,0.24078879202716053,45.20436502664755,874.145793379551,1164.2587054517203
exp_001,SA_n30_inst4_run1,base,39800,39801,1326.7,0.24199554201913998,45.20436502664755,874.145793379551,1272.2225524900853
exp_001,SA_n30_inst4_run1,base,40000,40001,1333.37,0.24318720801966265,45.20436502664755,874.145793379551,1111.9261000584113
exp_001,SA_n30_inst4_run1,base,40200,40201,1340.03,0.24439254205208272,44.752321376381076,874.145793379551,1363.2884289629449
exp_001,SA_n30_inst4_run1,base,40400,40401,1346.7,0.24560025002574548,44.752321376381076,874.145793379551,1245.0377457554205
exp_001,SA_n30_inst4_run1,base,40600,40601,1353.37,0.2467544170212932,44.30479816261727,874.145793379551,1108.6034249818695
exp_001,SA_n30_inst4_run1,base,40800,40801,1360.03,0.24792716704541817,44.30479816261727,874.145793379551,1084.5996396260098
exp_001,SA_n30_inst4_run1,base,41000,41001,1366.7,0.24909112503519282,44.30479816261727,812.0392897517258,1196.4684790329231
exp_001,SA_n30_inst4_run1,base,41200,41201,1373.37,0.2502497920067981,43.861750180991095,812.0392897517258,1167.8088178802457
exp_001,SA_n30_inst4_run1,base,41400,41401,1380.03,0.2514204170438461,43.861750180991095,812.0392897517258,1297.726623991027
exp_001,SA_n30_inst4_run1,base,41600,41601,1386.7,0.25260520802112296,43.42313267918119,812.0392897517258,1154.5523595765326
exp_001,SA_n30_inst4_run1,base,41800,41801,1393.37,0.2537626250414178,43.42313267918119,812.0392897517258,1110.6489195109443
exp_001,SA_n30_inst4_run1,base,42000,42001,1400.03,0.2549516250146553,43.42313267918119,812.0392897517258,1325.5537727941496
exp_001,SA_n30_inst4_run1,base,42200,42201,1406.7,0.25614437501644716,42.98890135238938,812.0392897517258,1211.9909628609864
exp_001,SA_n30_inst4_run1,base,42400,42401,1413.37,0.25733108300482854,42.98890135238938,812.0392897517258,1324.0606258013634
exp_001,SA_n30_inst4_run1,base,42600,42601,1420.03,0.2585022080456838,42.559012338865486,812.0392897517258,1360.0654537678076
exp_001,SA_n30_inst4_run1,base,42800,42801,1426.7,0.25966583302943036,42.559012338865486,812.0392897517258,1066.155307474
exp_001,SA_n30_inst4_run1,base,43000,43001,1433.37,0.26083766703959554,42.559012338865486,795.3126188903767,1202.6168203009622
exp_001,SA_n30_inst4_run1,base,43200,43201,1440.03,0.2620164580293931,42.133422215476834,795.3126188903767,933.4749912693414
exp_001,SA_n30_inst4_run1,base,43400,43401,1446.7,0.2631751250009984,42.133422215476834,795.3126188903767,1239.9464714760813
exp_001,SA_n30_inst4_run1,base,43600,43601,1453.37,0.26433495804667473,41.712087993322065,795.3126188903767,1260.7311621545218
exp_001,SA_n30_inst4_run1,base,43800,43801,1460.03,0.2655062500271015,41.712087993322065,795.3126188903767,1319.390987301401
exp_001,SA_n30_inst4_run1,base,44000,44001,1466.7,0.26665783300995827,41.712087993322065,795.3126188903767,1099.5034383618613
exp_001,SA_n30_inst4_run1,base,44200,44201,1473.37,0.2678258329979144,41.29496711338884,795.3126188903767,1137.1205193152473
exp_001,SA_n30_inst4_run1,base,44400,44401,1480.03,0.2689850419992581,41.29496711338884,795.3126188903767,1046.8463992386862
exp_001,SA_n30_inst4_run1,base,44600,44601,1486.7,0.2701453750487417,40.882017442254956,795.3126188903767,1483.1599549375421
exp_001,SA_n30_inst4_run1,base,44800,44801,1493.37,0.2713048750301823,40.882017442254956,795.3126188903767,1042.320300100917
exp_001,SA_n30_inst4_run1,base,45000,45001,1500.03,0.2724949170369655,40.882017442254956,795.3126188903767,1158.142670269376
exp_001,SA_n30_inst4_run1,base,45200,45201,1506.7,0.27368070802185684,40.473197267832404,795.3126188903767,957.1730992271148
exp_001,SA_n30_inst4_run1,base,45400,45401,1513.37,0.2748626670218073,40.473197267832404,795.3126188903767,1125.0388821717986
exp_001,SA_n30_inst4_run1,base,45600,45601,1520.03,0.27605862502241507,40.06846529515408,795.3126188903767,1171.0391397306819
exp_001,SA_n30_inst4_run1,base,45800,45801,1526.7,0.277276958047878,40.06846529515408,795.3126188903767,1210.397829388732
exp_001,SA_n30_inst4_run1,base,46000,46001,1533.37,0.27845629199873656,40.06846529515408,795.3126188903767,1281.2777872839595
exp_001,SA_n30_inst4_run1,base,46200,46201,1540.03,0.279628083051648,39.66778064220254,795.3126188903767,1302.3488237226113
exp_001,SA_n30_inst4_run1,base,46400,46401,1546.7,0.28080341703025624,39.66778064220254,795.3126188903767,1226.542955085886
exp_001,SA_n30_inst4_run1,base,46600,46601,1553.37,0.281994792050682,39.27110283578051,795.3126188903767,1218.2479016545642
exp_001,SA_n30_inst4_run1,base,46800,46801,1560.03,0.2831546250381507,39.27110283578051,795.3126188903767,1146.2140140308861
exp_001,SA_n30_inst4_run1,base,47000,47001,1566.7,0.2843228330020793,39.27110283578051,795.3126188903767,1212.1762904307004
exp_001,SA_n30_inst4_run1,base,47200,47201,1573.37,0.28547775000333786,38.8783918074227,795.3126188903767,1243.4802793686563
exp_001,SA_n30_inst4_run1,base,47400,47401,1580.03,0.2866596670355648,38.8783918074227,795.3126188903767,1186.8741393764262
exp_001,SA_n30_inst4_run1,base,47600,47601,1586.7,0.28787162504158914,38.48960788934848,795.3126188903767,1158.9298283912708
exp_001,SA_n30_inst4_run1,base,47800,47801,1593.37,0.28907158301444724,38.48960788934848,795.3126188903767,1403.0133899772438
exp_001,SA_n30_inst4_run1,base,48000,48001,1600.03,0.2902735830284655,38.48960788934848,795.3126188903767,1262.454872050278
exp_001,SA_n30_inst4_run1,base,48200,48201,1606.7,0.29143604199634865,38.104711810454994,795.3126188903767,1122.9530005355648
exp_001,SA_n30_inst4_run1,base,48400,48401,1613.37,0.29261425003642216,38.104711810454994,795.3126188903767,1053.5570161157914
exp_001,SA_n30_inst4_run1,base,48600,48601,1620.03,0.2938087080256082,37.72366469235045,795.3126188903767,1225.5259418404985
exp_001,SA_n30_inst4_run1,base,48800,48801,1626.7,0.2949650000082329,37.72366469235045,795.3126188903767,1187.924020989632
exp_001,SA_n30_inst4_run1,base,49000,49001,1633.37,0.29612100002123043,37.72366469235045,795.3126188903767,1121.280340670199
exp_001,SA_n30_inst4_run1,base,49200,49201,1640.03,0.2973090000450611,37.34642804542694,795.3126188903767,1127.7936785455274
exp_001,SA_n30_inst4_run1,base,49400,49401,1646.7,0.29848591703921556,37.34642804542694,795.3126188903767,1142.3393491826348
exp_001,SA_n30_inst4_run1,base,49600,49601,1653.37,0.2996549170347862,36.97296376497267,795.3126188903767,1161.2856526248195
exp_001,SA_n30_inst4_run1,base,49800,49801,1660.03,0.3008113329997286,36.97296376497267,795.3126188903767,1230.1989471380377
exp_001,SA_n30_inst4_run1,base,50000,50001,1666.7,0.30197166703874245,36.97296376497267,795.3126188903767,907.73051490008
exp_001,SA_n30_inst4_run1,base,50000,50001,1666.7,0.30204237502766773,0.00099,795.3126188903767,907.73051490008
exp_001,SA_n30_inst4_run2,base,0,1,0.03,1.1249794624745846e-06,100.0,1587.7312601578255,1587.7312601578255
exp_001,SA_n30_inst4_run2,base,200,201,6.7,0.0012205829843878746,100.0,1124.309769982266,1441.5420907431246
exp_001,SA_n30_inst4_run2,base,400,401,13.37,0.0024224580265581608,100.0,1108.8226199613032,1241.9785312117874
exp_001,SA_n30_inst4_run2,base,600,601,20.03,0.003666166972834617,99.0,1104.1668846688763,1416.9371277080381
exp_001,SA_n30_inst4_run2,base,800,801,26.7,0.004893833014648408,99.0,1104.1668846688763,1218.165653267449
exp_001,SA_n30_inst4_run2,base,1000,1001,33.37,0.006116124975960702,99.0,1087.3442702660022,1123.0321937087992
exp_001,SA_n30_inst4_run2,base,1200,1201,40.03,0.007330375025048852,98.01,1087.3442702660022,1389.7847664009819
exp_001,SA_n30_inst4_run2,base,1400,1401,46.7,0.008542374998796731,98.01,1087.3442702660022,1407.981811813974
exp_001,SA_n30_inst4_run2,base,1600,1601,53.37,0.009763000009115785,97.0299,1087.3442702660022,1376.7720472483325
exp_001,SA_n30_inst4_run2,base,1800,1801,60.03,0.010970833012834191,97.0299,1087.3442702660022,1207.4502911716652
exp_001,SA_n30_inst4_run2,base,2000,2001,66.7,0.012184749997686595,97.0299,1087.3442702660022,1158.0844030193812
exp_001,SA_n30_inst4_run2,base,2200,2201,73.37,0.013385292026214302,96.059601,1087.3442702660022,1320.8895291605545
exp_001,SA_n30_inst4_run2,base,2400,2401,80.03,0.014586833014618605,96.059601,1087.3442702660022,1263.2859673596377
exp_001,SA_n30_inst4_run2,base,2600,2601,86.7,0.015792999998666346,95.09900499,1087.3442702660022,1510.9800590706652
exp_001,SA_n30_inst4_run2,base,2800,2801,93.37,0.016992875025607646,95.09900499,1087.3442702660022,1229.8045289363245
exp_001,SA_n30_inst4_run2,base,3000,3001,100.03,0.018188500020187348,95.09900499,1087.3442702660022,1361.9024090838438
exp_001,SA_n30_inst4_run2,base,3200,3201,106.7,0.019406208011787385,94.1480149401,1087.3442702660022,1457.9826789995793
exp_001,SA_n30_inst4_run2,base,3400,3401,113.37,0.02062245801789686,94.1480149401,1087.3442702660022,1360.347296833906
exp_001,SA_n30_inst4_run2,base,3600,3601,120.03,0.021843124995939434,93.206534790699,1087.3442702660022,1165.1210825447763
exp_001,SA_n30_inst4_run2,base,3800,3801,126.7,0.023060958017595112,93.206534790699,1061.9110001759996,1429.4352193846087
exp_001,SA_n30_inst4_run2,base,4000,4001,133.37,0.024277458025608212,93.206534790699,1061.9110001759996,1303.3412651491817
exp_001,SA_n30_inst4_run2,base,4200,4201,140.03,0.025492792017757893,92.27446944279201,1061.9110001759996,1646.9430946532227
exp_001,SA_n30_inst4_run2,base,4400,4401,146.7,0.02671529201325029,92.27446944279201,1061.9110001759996,1438.6265067198676
exp_001,SA_n30_inst4_run2,base,4600,4601,153.37,0.027922249981202185,91.35172474836409,1061.9110001759996,1449.7523881890556
exp_001,SA_n30_inst4_run2,base,4800,4801,160.03,0.02912712498800829,91.35172474836409,996.6420201399393,1308.3968271947924
exp_001,SA_n30_inst4_run2,base,5000,5001,166.7,0.030348000000230968,91.35172474836409,996.6420201399393,1200.1522946565076
exp_001,SA_n30_inst4_run2,base,5200,5201,173.37,0.03154420800274238,90.43820750088045,996.6420201399393,1301.8510145628877
exp_001,SA_n30_inst4_run2,base,5400,5401,180.03,0.03275291697354987,90.43820750088045,996.6420201399393,1292.3850743433097
exp_001,SA_n30_inst4_run2,base,5600,5601,186.7,0.03395970800193027,89.53382542587164,996.6420201399393,1500.7109750059
exp_001,SA_n30_inst4_run2,base,5800,5801,193.37,0.035151957999914885,89.53382542587164,996.6420201399393,1379.7083759412553
exp_001,SA_n30_inst4_run2,base,6000,6001,200.03,0.036341333005111665,89.53382542587164,996.6420201399393,1457.771992037852
exp_001,SA_n30_inst4_run2,base,6200,6201,206.7,0.03753666701959446,88.63848717161292,996.6420201399393,1358.371612605999
exp_001,SA_n30_inst4_run2,base,6400,6401,213.37,0.03874191700015217,88.63848717161292,996.6420201399393,1417.1623606018586
exp_001,SA_n30_inst4_run2,base,6600,6601,220.03,0.03997654200065881,87.75210229989679,996.6420201399393,1454.9996419095742
exp_001,SA_n30_inst4_run2,base,6800,6801,226.7,0.04116229200735688,87.75210229989679,996.6420201399393,1198.5919840567194
exp_001,SA_n30_inst4_run2,base,7000,7001,233.37,0.04235200001858175,87.75210229989679,996.6420201399393,1446.2370634411166
exp_001,SA_n30_inst4_run2,base,7200,7201,240.03,0.043551583017688245,86.87458127689783,996.6420201399393,1321.4287613751774
exp_001,SA_n30_inst4_run2,base,7400,7401,246.7,0.04474833299173042,86.87458127689783,996.6420201399393,1195.4990008576478
exp_001,SA_n30_inst4_run2,base,7600,7601,253.37,0.04594208300113678,86.00583546412885,996.6420201399393,1495.2780683376793
exp_001,SA_n30_inst4_run2,base,7800,7801,260.03,0.04714537499239668,86.00583546412885,996.6420201399393,1515.8908908555775
exp_001,SA_n30_inst4_run2,base,8000,8001,266.7,0.048343417001888156,86.00583546412885,996.6420201399393,1408.10772997011
exp_001,SA_n30_inst4_run2,base,8200,8201,273.37,0.04952933301683515,85.14577710948755,989.0955073212274,1397.4990573675157
exp_001,SA_n30_inst4_run2,base,8400,8401,280.03,0.05073199997423217,85.14577710948755,989.0955073212274,1314.7895948208936
exp_001,SA_n30_inst4_run2,base,8600,8601,286.7,0.05190420802682638,84.29431933839268,989.0955073212274,1368.7573902940933
exp_001,SA_n30_inst4_run2,base,8800,8801,293.37,0.05310458299936727,84.29431933839268,989.0955073212274,1370.228450811922
exp_001,SA_n30_inst4_run2,base,9000,9001,300.03,0.054306000005453825,84.29431933839268,989.0955073212274,1489.1576772591482
exp_001,SA_n30_inst4_run2,base,9200,9201,306.7,0.055485457996837795,83.45137614500875,989.0955073212274,1320.364516146774
exp_001,SA_n30_inst4_run2,base,9400,9401,313.37,0.05671091697877273,83.45137614500875,989.0955073212274,1555.3956806571873
exp_001,SA_n30_inst4_run2,base,9600,9601,320.03,0.057957416982389987,82.61686238355867,989.0955073212274,1366.925261803227
exp_001,SA_n30_inst4_run2,base,9800,9801,326.7,0.05917779199080542,82.61686238355867,989.0955073212274,1430.5037200751267
exp_001,SA_n30_inst4_run2,base,10000,10001,333.37,0.06038958299905062,82.61686238355867,989.0955073212274,1234.5532589909287
exp_001,SA_n30_inst4_run2,base,10200,10201,340.03,0.061597583000548184,81.79069375972308,989.0955073212274,1468.5194237077246
exp_001,SA_n30_inst4_run2,base,10400,10401,346.7,0.06282704201294109,81.79069375972308,989.0955073212274,1325.6595510631373
exp_001,SA_n30_inst4_run2,base,10600,10601,353.37,0.06402966700261459,80.97278682212585,989.0955073212274,1306.813377440535
exp_001,SA_n30_inst4_run2,base,10800,10801,360.03,0.06523137498879805,80.97278682212585,989.0955073212274,1480.7236763549263
exp_001,SA_n30_inst4_run2,base,11000,11001,366.7,0.06642420799471438,80.97278682212585,989.0955073212274,1317.0217244087537
exp_001,SA_n30_inst4_run2,base,11200,11201,373.37,0.06761866697343066,80.1630589539046,971.3654033012672,1149.8472387524023
exp_001,SA_n30_inst4_run2,base,11400,11401,380.03,0.06880679202731699,80.1630589539046,971.3654033012672,1411.446865451854
exp_001,SA_n30_inst4_run2,base,11600,11601,386.7,0.07001504197251052,79.36142836436555,971.3654033012672,1398.1993586586623
exp_001,SA_n30_inst4_run2,base,11800,11801,393.37,0.07128487498266622,79.36142836436555,971.3654033012672,1333.052313280851
exp_001,SA_n30_inst4_run2,base,12000,12001,400.03,0.0725264169741422,79.36142836436555,971.3654033012672,1438.3981040562667
exp_001,SA_n30_inst4_run2,base,12200,12201,406.7,0.07380083302268758,78.56781408072189,971.3654033012672,1544.4458189277086
exp_001,SA_n30_inst4_run2,base,12400,12401,413.37,0.07501395797589794,78.56781408072189,967.1245823746099,1295.4754717120159
exp_001,SA_n30_inst4_run2,base,12600,12601,420.03,0.07626129197888076,77.78213593991467,967.1245823746099,1204.05932378953
exp_001,SA_n30_inst4_run2,base,12800,12801,426.7,0.07746912498259917,77.78213593991467,920.2853508197712,1248.5141665028962
exp_001,SA_n30_inst4_run2,base,13000,13001,433.37,0.07866804202785715,77.78213593991467,920.2853508197712,1422.9153201751187
exp_001,SA_n30_inst4_run2,base,13200,13201,440.03,0.07986466697184369,77.00431458051553,920.2853508197712,1324.714341095457
exp_001,SA_n30_inst4_run2,base,13400,13401,446.7,0.08106162498006597,77.00431458051553,920.2853508197712,1373.90972869867
exp_001,SA_n30_inst4_run2,base,13600,13601,453.37,0.08225204201880842,76.23427143471037,920.2853508197712,1125.2633143939938
exp_001,SA_n30_inst4_run2,base,13800,13801,460.03,0.08344579202821478,76.23427143471037,920.2853508197712,1549.8250450320588
exp_001,SA_n30_inst4_run2,base,14000,14001,466.7,0.08463466697139665,76.23427143471037,920.2853508197712,1386.3195599780383
exp_001,SA_n30_inst4_run2,base,14200,14201,473.37,0.0858924170024693,75.47192872036327,920.2853508197712,1523.7349908330734
exp_001,SA_n30_inst4_run2,base,14400,14401,480.03,0.08717620797688141,75.47192872036327,920.2853508197712,1360.1300674787287
exp_001,SA_n30_inst4_run2,base,14600,14601,486.7,0.08840349997626618,74.71720943315964,920.2853508197712,1067.9921785199442
exp_001,SA_n30_inst4_run2,base,14800,14801,493.37,0.0896055829944089,74.71720943315964,920.2853508197712,1067.3225644603976
exp_001,SA_n30_inst4_run2,base,15000,15001,500.03,0.09080895798979327,74.71720943315964,920.2853508197712,1394.9452690995172
exp_001,SA_n30_inst4_run2,base,15200,15201,506.7,0.09203875000821427,73.97003733882804,920.2853508197712,1159.394038525895
exp_001,SA_n30_inst4_run2,base,15400,15401,513.37,0.09325074998196214,73.97003733882804,920.2853508197712,1373.9842344817148
exp_001,SA_n30_inst4_run2,base,15600,15601,520.03,0.09443729202030227,73.23033696543976,920.2853508197712,1183.439319366309
exp_001,SA_n30_inst4_run2,base,15800,15801,526.7,0.09563912497833371,73.23033696543976,920.2853508197712,1322.5372998935172
exp_001,SA_n30_inst4_run2,base,16000,16001,533.37,0.09684520802693442,73.23033696543976,920.2853508197712,1359.9786956986347
exp_001,SA_n30_inst4_run2,base,16200,16201,540.03,0.09811841702321544,72.49803359578536,920.2853508197712,1403.4649688772088
exp_001,SA_n30_inst4_run2,base,16400,16401,546.7,0.0993439580197446,72.49803359578536,920.2853508197712,1371.060035419203
exp_001,SA_n30_inst4_run2,base,16600,16601,553.37,0.10055612499127164,71.7730532598275,920.2853508197712,1219.2539344432093
exp_001,SA_n30_inst4_run2,base,16800,16801,560.03,0.10188770800596103,71.7730532598275,920.2853508197712,1347.0057040094869
exp_001,SA_n30_inst4_run2,base,17000,17001,566.7,0.10314362501958385,71.7730532598275,920.2853508197712,1357.6360265976436
exp_001,SA_n30_inst4_run2,base,17200,17201,573.37,0.10435520799364895,71.05532272722922,920.2853508197712,1335.5944389409954
exp_001,SA_n30_inst4_run2,base,17400,17401,580.03,0.10555433301487938,71.05532272722922,920.2853508197712,1313.7117944778383
exp_001,SA_n30_inst4_run2,base,17600,17601,586.7,0.10675437498139217,70.34476949995693,920.2853508197712,1309.476033578656
exp_001,SA_n30_inst4_run2,base,17800,17801,593.37,0.10798220802098513,70.34476949995693,920.2853508197712,1299.1967504117017
exp_001,SA_n30_inst4_run2,base,18000,18001,600.03,0.10918054200010374,70.34476949995693,920.2853508197712,1376.5138270153284
exp_001,SA_n30_inst4_run2,base,18200,18201,606.7,0.11037783301435411,69.64132180495736,920.2853508197712,1331.542353000836
exp_001,SA_n30_inst4_run2,base,18400,18401,613.37,0.11157779197674245,69.64132180495736,920.2853508197712,1558.977363630538
exp_001,SA_n30_inst4_run2,base,18600,18601,620.03,0.11336600000504404,68.94490858690779,920.2853508197712,1336.0274262303903
exp_001,SA_n30_inst4_run2,base,18800,18801,626.7,0.11469133297214285,68.94490858690779,920.2853508197712,1403.2571206440148
exp_001,SA_n30_inst4_run2,base,19000,19001,633.37,0.11590854200767353,68.94490858690779,920.2853508197712,1471.9314657977602
exp_001,SA_n30_inst4_run2,base,19200,19201,640.03,0.11710495798615739,68.25545950103871,920.2853508197712,1147.8049392070736
exp_001,SA_n30_inst4_run2,base,19400,19401,646.7,0.1183029169915244,68.25545950103871,920.2853508197712,1268.7676481833248
exp_001,SA_n30_inst4_run2,base,19600,19601,653.37,0.11948804202256724,67.57290490602833,920.2853508197712,1272.4750429054588
exp_001,SA_n30_inst4_run2,base,19800,19801,660.03,0.12068970798281953,67.57290490602833,920.2853508197712,1263.7478917653336
exp_001,SA_n30_inst4_run2,base,20000,20001,666.7,0.12192041700473055,67.57290490602833,908.7787065364781,1205.8456687711853
exp_001,SA_n30_inst4_run2,base,20200,20201,673.37,0.12322916701668873,66.89717585696805,908.7787065364781,1436.4722818359392
exp_001,SA_n30_inst4_run2,base,20400,20401,680.03,0.12450849998276681,66.89717585696805,908.7787065364781,1274.0226562104565
exp_001,SA_n30_inst4_run2,base,20600,20601,686.7,0.12571958301123232,66.22820409839836,908.7787065364781,1506.3277406305945
exp_001,SA_n30_inst4_run2,base,20800,20801,693.37,0.12692745798267424,66.22820409839836,908.7787065364781,1334.8952476354457
exp_001,SA_n30_inst4_run2,base,21000,21001,700.03,0.12812266702530906,66.22820409839836,908.7787065364781,1326.6793486348479
exp_001,SA_n30_inst4_run2,base,21200,21201,706.7,0.12930374999996275,65.56592205741438,908.7787065364781,1225.6031495916773
exp_001,SA_n30_inst4_run2,base,21400,21401,713.37,0.13051258301129565,65.56592205741438,908.7787065364781,1222.1659779506208
exp_001,SA_n30_inst4_run2,base,21600,21601,720.03,0.1316987500176765,64.91026283684023,908.7787065364781,1236.3844703204518
exp_001,SA_n30_inst4_run2,base,21800,21801,726.7,0.13287479197606444,64.91026283684023,908.7787065364781,1298.6015953991193
exp_001,SA_n30_inst4_run2,base,22000,22001,733.37,0.13411316700512543,64.91026283684023,908.7787065364781,1386.585653543003
exp_001,SA_n30_inst4_run2,base,22200,22201,740.03,0.135351000004448,64.26116020847184,908.7787065364781,1313.081013368229
exp_001,SA_n30_inst4_run2,base,22400,22401,746.7,0.13661633298033848,64.26116020847184,908.7787065364781,1390.1590829911459
exp_001,SA_n30_inst4_run2,base,22600,22601,753.37,0.1378248329856433,63.618548606387115,908.7787065364781,1511.3495079629743
exp_001,SA_n30_inst4_run2,base,22800,22801,760.03,0.1390046249725856,63.618548606387115,908.7787065364781,1141.6564860235185
exp_001,SA_n30_inst4_run2,base,23000,23001,766.7,0.1403102080221288,63.618548606387115,908.7787065364781,1334.5074179634712
exp_001,SA_n30_inst4_run2,base,23200,23201,773.37,0.14158691698685288,62.98236312032324,908.7787065364781,1153.836490617562
exp_001,SA_n30_inst4_run2,base,23400,23401,780.03,0.1427927499753423,62.98236312032324,908.7787065364781,1452.1548329519005
exp_001,SA_n30_inst4_run2,base,23600,23601,786.7,0.14399516698904335,62.35253948912001,908.7787065364781,1259.497247328252
exp_001,SA_n30_inst4_run2,base,23800,23801,793.37,0.14519225002732128,62.35253948912001,908.7787065364781,1324.841756220588
exp_001,SA_n30_inst4_run2,base,24000,24001,800.03,0.14639891701517627,62.35253948912001,908.7787065364781,1388.33802586938
exp_001,SA_n30_inst4_run2,base,24200,24201,806.7,0.14758362498832867,61.72901409422881,908.7787065364781,1301.2600920079753
exp_001,SA_n30_inst4_run2,base,24400,24401,813.37,0.14876499999081716,61.72901409422881,908.7787065364781,1269.4799305817764
exp_001,SA_n30_inst4_run2,base,24600,24601,820.03,0.14994279202073812,61.11172395328652,908.7787065364781,1242.6276786451785
exp_001,SA_n30_inst4_run2,base,24800,24801,826.7,0.1511264580185525,61.11172395328652,908.7787065364781,1255.2999067173905
exp_001,SA_n30_inst4_run2,base,25000,25001,833.37,0.15235612500691786,61.11172395328652,908.7787065364781,1400.3058910518043
exp_001,SA_n30_inst4_run2,base,25200,25201,840.03,0.15362233301857486,60.500606713753655,908.7787065364781,1201.2939116745974
exp_001,SA_n30_inst4_run2,base,25400,25401,846.7,0.15485504199750721,60.500606713753655,908.7787065364781,1050.0639752020168
exp_001,SA_n30_inst4_run2,base,25600,25601,853.37,0.1560804999899119,59.89560064661612,908.7787065364781,1266.9810053785388
exp_001,SA_n30_inst4_run2,base,25800,25801,860.03,0.1573799999896437,59.89560064661612,908.7787065364781,1200.0952245815865
exp_001,SA_n30_inst4_run2,base,26000,26001,866.7,0.15864062501350418,59.89560064661612,908.7787065364781,1392.3019213883026
exp_001,SA_n30_inst4_run2,base,26200,26201,873.37,0.15985291701508686,59.29664464014996,908.7787065364781,1316.6806172781075
exp_001,SA_n30_inst4_run2,base,26400,26401,880.03,0.1610557499807328,59.29664464014996,908.7787065364781,1103.3659342327535
exp_001,SA_n30_inst4_run2,base,26600,26601,886.7,0.16227208299096674,58.70367819374846,908.7787065364781,1448.3110585327904
exp_001,SA_n30_inst4_run2,base,26800,26801,893.37,0.16369545797351748,58.70367819374846,908.7787065364781,1094.342567532075
exp_001,SA_n30_inst4_run2,base,27000,27001,900.03,0.16577604197664186,58.70367819374846,908.7787065364781,1284.5010473346347
exp_001,SA_n30_inst4_run2,base,27200,27201,906.7,0.1675618329900317,58.116641411810974,908.7787065364781,1177.4202833979502
exp_001,SA_n30_inst4_run2,base,27400,27401,913.37,0.1693770419806242,58.116641411810974,908.7787065364781,1376.9198623771324
exp_001,SA_n30_inst4_run2,base,27600,27601,920.03,0.17071795801166445,57.535474997692866,908.7787065364781,1240.538923236004
exp_001,SA_n30_inst4_run2,base,27800,27801,926.7,0.17202633299166337,57.535474997692866,908.7787065364781,1330.3773039634607
exp_001,SA_n30_inst4_run2,base,28000,28001,933.37,0.17333304201019928,57.535474997692866,908.7787065364781,1020.6712444616969
exp_001,SA_n30_inst4_run2,base,28200,28201,940.03,0.17458037502365187,56.960120247715935,908.7787065364781,1460.7402551924442
exp_001,SA_n30_inst4_run2,base,28400,28401,946.7,0.1758300419896841,56.960120247715935,908.7787065364781,1121.2646338116467
exp_001,SA_n30_inst4_run2,base,28600,28601,953.37,0.17703712498769164,56.390519045238776,908.7787065364781,1266.0240560205864
exp_001,SA_n30_inst4_run2,base,28800,28801,960.03,0.17843779199756682,56.390519045238776,908.7787065364781,1345.6848239791516
exp_001,SA_n30_inst4_run2,base,29000,29001,966.7,0.1796895419829525,56.390519045238776,908.7787065364781,1144.7369210888655
exp_001,SA_n30_inst4_run2,base,29200,29201,973.37,0.1808863750193268,55.82661385478639,908.7787065364781,1350.7451599942679
exp_001,SA_n30_inst4_run2,base,29400,29401,980.03,0.18205812497762963,55.82661385478639,908.7787065364781,1177.7930070727539
exp_001,SA_n30_inst4_run2,base,29600,29601,986.7,0.18324708298314363,55.26834771623852,908.7787065364781,1407.2925817868309
exp_001,SA_n30_inst4_run2,base,29800,29801,993.37,0.18442300002789125,55.26834771623852,908.7787065364781,1227.3922867953772
exp_001,SA_n30_inst4_run2,base,30000,30001,1000.03,0.18563458300195634,55.26834771623852,908.7787065364781,1373.4617692831605
exp_001,SA_n30_inst4_run2,base,30200,30201,1006.7,0.1868622080073692,54.71566423907614,908.7787065364781,1147.305144744213
exp_001,SA_n30_inst4_run2,base,30400,30401,1013.37,0.1882091669831425,54.71566423907614,908.7787065364781,1370.9603097965917
exp_001,SA_n30_inst4_run2,base,30600,30601,1020.03,0.18953654199140146,54.16850759668538,908.7787065364781,1231.5903035546187
exp_001,SA_n30_inst4_run2,base,30800,30801,1026.7,0.19079099997179583,54.16850759668538,908.7787065364781,1322.9446627379928
exp_001,SA_n30_inst4_run2,base,31000,31001,1033.37,0.19199712498812005,54.16850759668538,908.7787065364781,1269.3224011034054
exp_001,SA_n30_inst4_run2,base,31200,31201,1040.03,0.19319262501085177,53.62682252071853,908.7787065364781,1214.4537274618174
exp_001,SA_n30_inst4_run2,base,31400,31401,1046.7,0.1943907500244677,53.62682252071853,908.7787065364781,1327.861721306433
exp_001,SA_n30_inst4_run2,base,31600,31601,1053.37,0.1955827500205487,53.09055429551134,908.7787065364781,1305.370225377115
exp_001,SA_n30_inst4_run2,base,31800,31801,1060.03,0.19679479202022776,53.09055429551134,908.7787065364781,1252.1494903771422
exp_001,SA_n30_inst4_run2,base,32000,32001,1066.7,0.19800112501252443,53.09055429551134,908.7787065364781,1330.7925249979303
exp_001,SA_n30_inst4_run2,base,32200,32201,1073.37,0.19925116701051593,52.55964875255623,908.7787065364781,1385.590410697245
exp_001,SA_n30_inst4_run2,base,32400,32401,1080.03,0.20049875002587214,52.55964875255623,908.7787065364781,1230.908930286012
exp_001,SA_n30_inst4_run2,base,32600,32601,1086.7,0.2017369579989463,52.03405226503067,908.7787065364781,1189.851485783812
exp_001,SA_n30_inst4_run2,base,32800,32801,1093.37,0.20305612502852455,52.03405226503067,908.7787065364781,1118.7991661443127
exp_001,SA_n30_inst4_run2,base,33000,33001,1100.03,0.2042715420247987,52.03405226503067,908.7787065364781,1139.358034145503
exp_001,SA_n30_inst4_run2,base,33200,33201,1106.7,0.20550575002562255,51.51371174238036,908.7787065364781,1339.9328390010835
exp_001,SA_n30_inst4_run2,base,33400,33401,1113.37,0.2068219999782741,51.51371174238036,908.7787065364781,1350.7981170722362
exp_001,SA_n30_inst4_run2,base,33600,33601,1120.03,0.20815237500937656,50.998574624956554,908.7787065364781,1287.7599811752268
exp_001,SA_n30_inst4_run2,base,33800,33801,1126.7,0.2093746670288965,50.998574624956554,908.7787065364781,1096.694096056861
exp_001,SA_n30_inst4_run2,base,34000,34001,1133.37,0.2105634170002304,50.998574624956554,908.7787065364781,1196.691600149813
exp_001,SA_n30_inst4_run2,base,34200,34201,1140.03,0.21174891700502485,50.488588878706985,908.7787065364781,1333.4259954826712
exp_001,SA_n30_inst4_run2,base,34400,34401,1146.7,0.2129427919862792,50.488588878706985,908.7787065364781,1213.9246865617506
exp_001,SA_n30_inst4_run2,base,34600,34601,1153.37,0.21412933297688141,49.98370298991991,908.7787065364781,1191.0250561624791
exp_001,SA_n30_inst4_run2,base,34800,34801,1160.03,0.21535316697554663,49.98370298991991,908.7787065364781,1254.6178889866217
exp_001,SA_n30_inst4_run2,base,35000,35001,1166.7,0.21660325000993907,49.98370298991991,908.7787065364781,1404.1251873863635
exp_001,SA_n30_inst4_run2,base,35200,35201,1173.37,0.2179198749945499,49.483865960020715,908.7787065364781,1236.9308228028178
exp_001,SA_n30_inst4_run2,base,35400,35401,1180.03,0.21926758298650384,49.483865960020715,908.7787065364781,1383.2014491856237
exp_001,SA_n30_inst4_run2,base,35600,35601,1186.7,0.2204904580139555,48.98902730042051,908.7787065364781,1433.9654620799276
exp_001,SA_n30_inst4_run2,base,35800,35801,1193.37,0.22168220800813287,48.98902730042051,908.7787065364781,1235.0242698288255
exp_001,SA_n30_inst4_run2,base,36000,36001,1200.03,0.2229511250043288,48.98902730042051,908.7787065364781,1283.3159895419599
exp_001,SA_n30_inst4_run2,base,36200,36201,1206.7,0.22422974999062717,48.4991370274163,875.4215043595045,1156.6418216839768
exp_001,SA_n30_inst4_run2,base,36400,36401,1213.37,0.22544987499713898,48.4991370274163,875.4215043595045,1176.2268907636878
exp_001,SA_n30_inst4_run2,base,36600,36601,1220.03,0.22664079198148102,48.01414565714214,875.4215043595045,1216.4013865085333
exp_001,SA_n30_inst4_run2,base,36800,36801,1226.7,0.2278247500071302,48.01414565714214,875.4215043595045,1304.8505940797127
exp_001,SA_n30_inst4_run2,base,37000,37001,1233.37,0.22902450000401586,48.01414565714214,875.4215043595045,1402.9147592060228
exp_001,SA_n30_inst4_run2,base,37200,37201,1240.03,0.23021220800001174,47.53400420057071,875.4215043595045,1121.2869916148184
exp_001,SA_n30_inst4_run2,base,37400,37401,1246.7,0.23166204197332263,47.53400420057071,875.4215043595045,1172.85002163071
exp_001,SA_n30_inst4_run2,base,37600,37601,1253.37,0.2330048750154674,47.05866415856501,875.4215043595045,1346.2888062054064
exp_001,SA_n30_inst4_run2,base,37800,37801,1260.03,0.2342987079755403,47.05866415856501,875.4215043595045,1261.5641348258848
exp_001,SA_n30_inst4_run2,base,38000,38001,1266.7,0.2356284169945866,47.05866415856501,875.4215043595045,1029.273018088597
exp_001,SA_n30_inst4_run2,base,38200,38201,1273.37,0.23687099997187033,46.58807751697936,875.4215043595045,1221.0883865762096
exp_001,SA_n30_inst4_run2,base,38400,38401,1280.03,0.23807404201943427,46.58807751697936,875.4215043595045,1066.6124198593286
exp_001,SA_n30_inst4_run2,base,38600,38601,1286.7,0.2393204169929959,46.12219674180957,875.4215043595045,1187.6655457630618
exp_001,SA_n30_inst4_run2,base,38800,38801,1293.37,0.24066754197701812,46.12219674180957,875.4215043595045,1360.4252628302677
exp_001,SA_n30_inst4_run2,base,39000,39001,1300.03,0.2419393750024028,46.12219674180957,875.4215043595045,1230.0439549391845
exp_001,SA_n30_inst4_run2,base,39200,39201,1306.7,0.2431393750011921,45.66097477439147,875.4215043595045,1150.5214554229801
exp_001,SA_n30_inst4_run2,base,39400,39401,1313.37,0.2443226670147851,45.66097477439147,875.4215043595045,1389.8206257336428
exp_001,SA_n30_inst4_run2,base,39600,39601,1320.03,0.24550366698531434,45.20436502664755,875.4215043595045,1245.0913468592266
exp_001,SA_n30_inst4_run2,base,39800,39801,1326.7,0.24667262501316145,45.20436502664755,875.4215043595045,1230.3225244996545
exp_001,SA_n30_inst4_run2,base,40000,40001,1333.37,0.24806020798860118,45.20436502664755,875.4215043595045,1140.9747615464626
exp_001,SA_n30_inst4_run2,base,40200,40201,1340.03,0.2493794999900274,44.752321376381076,875.4215043595045,1262.9319355421546
exp_001,SA_n30_inst4_run2,base,40400,40401,1346.7,0.2506610000273213,44.752321376381076,875.4215043595045,1123.127978055133
exp_001,SA_n30_inst4_run2,base,40600,40601,1353.37,0.251931875012815,44.30479816261727,875.4215043595045,1219.2322066743498
exp_001,SA_n30_inst4_run2,base,40800,40801,1360.03,0.25315250002313405,44.30479816261727,875.4215043595045,1198.2501306615852
exp_001,SA_n30_inst4_run2,base,41000,41001,1366.7,0.2543481669854373,44.30479816261727,875.4215043595045,1091.654153977219
exp_001,SA_n30_inst4_run2,base,41200,41201,1373.37,0.25558545801322907,43.861750180991095,875.4215043595045,1375.520738422955
exp_001,SA_n30_inst4_run2,base,41400,41401,1380.03,0.25683583301724866,43.861750180991095,875.4215043595045,1103.5299153950634
exp_001,SA_n30_inst4_run2,base,41600,41601,1386.7,0.25805595802376047,43.42313267918119,875.4215043595045,1349.3672680808268
exp_001,SA_n30_inst4_run2,base,41800,41801,1393.37,0.2592425830080174,43.42313267918119,875.4215043595045,1397.0811231066682
exp_001,SA_n30_inst4_run2,base,42000,42001,1400.03,0.260447499982547,43.42313267918119,862.0428249104529,1151.011721740266
exp_001,SA_n30_inst4_run2,base,42200,42201,1406.7,0.261627874977421,42.98890135238938,862.0428249104529,1266.5766115735241
exp_001,SA_n30_inst4_run2,base,42400,42401,1413.37,0.26280641701305285,42.98890135238938,862.0428249104529,1189.2259866616955
exp_001,SA_n30_inst4_run2,base,42600,42601,1420.03,0.26399441697867587,42.559012338865486,862.0428249104529,1029.7317474991787
exp_001,SA_n30_inst4_run2,base,42800,42801,1426.7,0.265254832978826,42.559012338865486,862.0428249104529,1153.8398135011437
exp_001,SA_n30_inst4_run2,base,43000,43001,1433.37,0.2665177920134738,42.559012338865486,862.0428249104529,1107.6030278154503
exp_001,SA_n30_inst4_run2,base,43200,43201,1440.03,0.2677326669800095,42.133422215476834,862.0428249104529,1139.5310781005307
exp_001,SA_n30_inst4_run2,base,43400,43401,1446.7,0.2689219170133583,42.133422215476834,862.0428249104529,1179.0778999204283
exp_001,SA_n30_inst4_run2,base,43600,43601,1453.37,0.2700985830160789,41.712087993322065,862.0428249104529,1319.5274898434732
exp_001,SA_n30_inst4_run2,base,43800,43801,1460.03,0.27125933300703764,41.712087993322065,862.0428249104529,1177.1917564799053
exp_001,SA_n30_inst4_run2,base,44000,44001,1466.7,0.27242470800410956,41.712087993322065,862.0428249104529,1189.446249931937
exp_001,SA_n30_inst4_run2,base,44200,44201,1473.37,0.27368816698435694,41.29496711338884,862.0428249104529,1378.7922592779905
exp_001,SA_n30_inst4_run2,base,44400,44401,1480.03,0.2749837079900317,41.29496711338884,862.0428249104529,1166.2748068660119
exp_001,SA_n30_inst4_run2,base,44600,44601,1486.7,0.2762071249890141,40.882017442254956,862.0428249104529,1185.9946055017915
exp_001,SA_n30_inst4_run2,base,44800,44801,1493.37,0.27741562499431893,40.882017442254956,862.0428249104529,1272.4145947434736
exp_001,SA_n30_inst4_run2,base,45000,45001,1500.03,0.2786308749928139,40.882017442254956,862.0428249104529,1045.7642758192974
exp_001,SA_n30_inst4_run2,base,45200,45201,1506.7,0.2798082500230521,40.473197267832404,862.0428249104529,1008.3593728130725
exp_001,SA_n30_inst4_run2,base,45400,45401,1513.37,0.28106975002447143,40.473197267832404,779.9679144987412,1022.6665260120362
exp_001,SA_n30_inst4_run2,base,45600,45601,1520.03,0.28230145800625905,40.06846529515408,779.9679144987412,1080.039426352331
exp_001,SA_n30_inst4_run2,base,45800,45801,1526.7,0.28353195800445974,40.06846529515408,779.9679144987412,1358.4864380021015
exp_001,SA_n30_inst4_run2,base,46000,46001,1533.37,0.2847407499793917,40.06846529515408,779.9679144987412,1444.5480210154906
exp_001,SA_n30_inst4_run2,base,46200,46201,1540.03,0.2859273750218563,39.66778064220254,779.9679144987412,1238.0028292282357
exp_001,SA_n30_inst4_run2,base,46400,46401,1546.7,0.28710845799650997,39.66778064220254,779.9679144987412,1023.0508271175144
exp_001,SA_n30_inst4_run2,base,46600,46601,1553.37,0.2882787080015987,39.27110283578051,779.9679144987412,1119.4014980376633
exp_001,SA_n30_inst4_run2,base,46800,46801,1560.03,0.2894677500007674,39.27110283578051,779.9679144987412,1099.8699680317998
exp_001,SA_n30_inst4_run2,base,47000,47001,1566.7,0.2906508329906501,39.27110283578051,779.9679144987412,1080.698488818689
exp_001,SA_n30_inst4_run2,base,47200,47201,1573.37,0.2918338329764083,38.8783918074227,779.9679144987412,1200.4798697402812
exp_001,SA_n30_inst4_run2,base,47400,47401,1580.03,0.2930152079788968,38.8783918074227,779.9679144987412,1122.597566895794
exp_001,SA_n30_inst4_run2,base,47600,47601,1586.7,0.2942231670022011,38.48960788934848,779.9679144987412,1087.4062139410737
exp_001,SA_n30_inst4_run2,base,47800,47801,1593.37,0.2953938330174424,38.48960788934848,779.9679144987412,1137.6210240652972
exp_001,SA_n30_inst4_run2,base,48000,48001,1600.03,0.2965586669743061,38.48960788934848,779.9679144987412,1214.2563603634856
exp_001,SA_n30_inst4_run2,base,48200,48201,1606.7,0.29782558302395046,38.104711810454994,779.9679144987412,1378.2732681317448
exp_001,SA_n30_inst4_run2,base,48400,48401,1613.37,0.2990333330235444,38.104711810454994,779.9679144987412,1164.8738840203755
exp_001,SA_n30_inst4_run2,base,48600,48601,1620.03,0.30022954201558605,37.72366469235045,779.9679144987412,1119.8977914279737
exp_001,SA_n30_inst4_run2,base,48800,48801,1626.7,0.30140220798784867,37.72366469235045,779.9679144987412,1198.8157287851172
exp_001,SA_n30_inst4_run2,base,49000,49001,1633.37,0.30256466701393947,37.72366469235045,779.9679144987412,1126.086516303951
exp_001,SA_n30_inst4_run2,base,49200,49201,1640.03,0.3037217499804683,37.34642804542694,779.9679144987412,1018.4748573107705
exp_001,SA_n30_inst4_run2,base,49400,49401,1646.7,0.3048907080083154,37.34642804542694,779.9679144987412,952.3271559989515
exp_001,SA_n30_inst4_run2,base,49600,49601,1653.37,0.30609729199204594,36.97296376497267,779.9679144987412,1278.8872222388948
exp_001,SA_n30_inst4_run2,base,49800,49801,1660.03,0.30733620800310746,36.97296376497267,779.9679144987412,1050.7824914290281
exp_001,SA_n30_inst4_run2,base,50000,50001,1666.7,0.3085303329862654,36.97296376497267,779.9679144987412,952.958202089525
exp_001,SA_n30_inst4_run2,base,50000,50001,1666.7,0.30861745798029006,0.00099,779.9679144987412,952.958202089525
